Download Time:2026/07/17 12:42:52,Search Date:2011/01/02 - 2011/11/01 
Origin Time,Latitude[degree],Longitude[degree],Depth[km],Magnitude,Max Acc[gal],Max Vel[cm/s],Seismic Intensity,Number of stations
2011/11/01 05:59:00,42.7500,145.3320,47,4.5,40.3,1.2,2.9,46
2011/10/31 16:22:00,35.4680,140.3900,27,3.7,19.9,0.7,2.1,27
2011/10/31 10:31:00,36.0030,140.3820,56,3.5,5.3,0.2,1.2,19
2011/10/31 08:08:00,38.8300,142.4620,34,4.5,21.3,0.6,2.4,75
2011/10/30 18:03:00,36.6580,140.5230,7,3.0,18.0,0.2,1.5,8
2011/10/30 12:23:00,25.2170,122.9920,209,5.5,11.7,0.3,1.6,5
2011/10/30 03:17:00,37.1250,140.8530,8,2.7,9.9,0.2,1.0,1
2011/10/29 20:24:00,38.4370,142.1150,47,4.0,16.1,0.2,1.2,24
2011/10/29 18:22:00,36.6570,139.4900,4,3.2,16.3,0.2,1.0,17
2011/10/29 15:24:00,38.2130,142.0280,51,4.9,75.5,1.8,3.0,157
2011/10/29 11:56:00,35.3380,140.3250,24,3.6,22.5,0.7,2.2,19
2011/10/29 08:47:00,36.9950,140.5600,8,3.7,23.3,0.9,2.2,34
2011/10/29 02:12:00,35.7670,140.8730,14,4.0,22.3,0.8,2.0,36
2011/10/28 19:57:00,34.0370,135.2700,6,3.2,33.1,0.3,1.2,10
2011/10/28 11:06:00,38.8800,141.9770,47,3.9,43.6,0.7,2.1,42
2011/10/28 08:20:00,38.5570,141.6900,55,3.9,96.2,1.3,2.1,29
2011/10/28 05:45:00,37.8080,140.0030,9,3.2,27.8,0.5,1.5,14
2011/10/28 05:29:00,37.8030,140.0020,9,3.9,61.4,1.3,3.0,41
2011/10/28 05:20:00,37.5230,141.4900,46,4.1,17.8,0.3,1.6,37
2011/10/28 02:38:00,35.3870,140.4630,25,3.6,12.7,0.4,1.3,20
2011/10/27 07:50:00,38.4130,141.7900,55,3.8,50.2,0.7,1.8,34
2011/10/27 01:44:00,39.6370,142.1030,48,3.9,43.4,0.6,2.1,36
2011/10/26 21:03:00,35.3830,140.4370,24,3.2,14.2,0.2,1.0,11
2011/10/26 13:25:00,36.8600,136.9800,13,3.7,45.6,1.1,2.2,19
2011/10/26 13:19:00,36.6600,140.6150,16,3.8,73.5,1.7,3.1,81
2011/10/26 06:58:00,31.9700,130.4230,8,3.9,112.4,1.2,2.7,44
2011/10/26 04:34:00,32.1750,138.3830,45,4.9,2.8,0.1,0.6,10
2011/10/26 02:08:00,36.9620,141.1470,30,5.0,70.0,3.6,3.5,238
2011/10/25 22:37:00,33.4120,134.8050,38,4.0,15.6,0.3,1.5,17
2011/10/25 12:54:00,37.1030,141.1450,53,4.2,83.1,1.5,3.1,74
2011/10/25 06:37:00,38.6350,141.9130,49,4.1,26.2,0.5,1.6,45
2011/10/25 03:11:00,40.7470,141.3200,92,3.6,10.6,0.2,1.4,23
2011/10/25 00:45:00,36.7280,140.6200,6,3.3,30.1,0.4,1.8,16
2011/10/24 11:49:00,42.2600,142.5920,7,2.7,7.9,0.2,1.5,1
2011/10/24 03:58:00,39.6330,142.1030,48,4.2,164.9,2.8,3.3,77
2011/10/24 01:32:00,38.5430,141.7180,54,3.9,102.3,1.5,2.4,65
2011/10/23 17:25:00,37.1700,140.4520,5,3.0,6.1,0.2,1.3,4
2011/10/23 09:04:00,37.2430,140.9150,6,2.6,11.6,0.2,1.1,1
2011/10/23 06:35:00,37.0270,140.6020,7,3.5,42.2,0.5,1.8,28
2011/10/23 03:58:00,37.6670,139.9320,9,2.8,65.5,1.0,1.7,7
2011/10/22 18:28:00,24.8180,125.3730,49,3.8,18.2,0.3,1.4,2
2011/10/22 11:31:00,37.2880,141.8170,39,4.1,9.8,0.3,1.6,29
2011/10/22 08:19:00,37.0280,140.6100,9,3.6,34.5,0.5,1.8,32
2011/10/21 23:18:00,36.7030,140.6120,5,3.6,26.6,0.6,2.2,20
2011/10/21 17:03:00,43.7930,142.6520,196,6.3,36.9,1.7,2.9,313
2011/10/21 13:44:00,34.4120,134.6480,10,3.1,17.7,0.3,1.6,2
2011/10/21 12:18:00,33.5920,135.3300,24,3.1,37.0,0.2,1.1,8
2011/10/21 10:25:00,37.5920,141.9400,28,4.4,7.3,0.2,1.3,58
2011/10/21 05:06:00,33.9750,135.2700,8,3.1,83.5,0.9,1.3,6
2011/10/20 20:53:00,37.0400,140.6350,9,3.8,44.4,1.0,2.7,43
2011/10/20 09:13:00,34.1480,135.1270,7,2.8,26.2,0.3,1.1,4
2011/10/20 06:21:00,37.0430,140.6430,9,4.4,115.1,3.1,3.6,169
2011/10/20 06:13:00,37.0380,140.6400,8,4.1,56.2,2.1,3.1,111
2011/10/19 22:46:00,36.7770,141.0120,50,4.0,27.7,0.7,2.2,66
2011/10/19 16:05:00,37.0420,140.6420,8,4.1,87.5,2.2,3.3,119
2011/10/19 11:36:00,32.6920,131.2900,89,4.0,10.4,0.3,1.7,42
2011/10/19 11:18:00,38.2650,142.2120,39,4.4,12.7,0.4,1.4,53
2011/10/18 23:10:00,36.4920,137.9170,10,2.3,8.1,0.2,0.5,3
2011/10/18 18:06:00,38.6200,141.9050,48,4.1,48.8,0.8,2.3,56
2011/10/18 13:23:00,38.4080,142.2720,37,4.2,24.5,0.6,2.0,44
2011/10/18 13:10:00,37.1270,140.7080,7,3.5,17.1,0.4,1.6,18
2011/10/18 09:41:00,36.4880,137.9170,9,2.5,9.4,0.2,0.7,3
2011/10/18 06:29:00,38.1180,141.8050,54,3.8,12.2,0.3,1.6,51
2011/10/17 09:10:00,24.7330,125.4070,46,3.5,8.8,0.2,0.7,2
2011/10/16 16:55:00,37.6800,139.9230,8,2.6,15.5,0.3,0.7,3
2011/10/16 16:34:00,37.6830,139.9250,9,3.5,95.1,1.8,2.2,21
2011/10/15 17:23:00,41.9830,142.5130,65,4.2,15.5,0.4,2.1,47
2011/10/15 11:55:00,36.7280,140.6220,6,4.2,59.3,1.2,2.6,53
2011/10/15 00:10:00,38.8400,142.0220,56,3.8,30.9,0.4,1.8,22
2011/10/14 19:59:00,37.4480,141.5070,41,4.3,24.1,0.7,2.2,87
2011/10/14 18:26:00,35.7920,140.1270,63,3.8,18.8,0.8,2.5,169
2011/10/14 15:25:00,38.2950,141.8580,48,4.0,23.5,0.5,1.1,29
2011/10/13 04:54:00,38.7020,141.7930,53,3.3,27.7,0.4,1.5,9
2011/10/13 02:44:00,37.0820,140.5470,7,3.0,143.8,2.1,3.1,8
2011/10/12 17:29:00,37.5520,141.9050,33,4.0,14.5,0.3,1.8,32
2011/10/12 06:32:00,38.1080,138.0030,23,4.2,98.4,2.1,3.3,40
2011/10/12 06:09:00,32.9170,130.8450,10,2.7,8.8,0.2,1.2,4
2011/10/12 01:39:00,38.0350,141.8100,48,4.3,24.6,0.4,2.1,67
2011/10/12 01:25:00,37.2280,141.4470,47,3.8,14.9,0.3,1.7,43
2011/10/11 23:59:00,38.7650,142.3970,30,3.8,27.2,0.3,1.6,30
2011/10/11 06:06:00,36.5730,139.3380,8,2.8,21.6,0.2,0.9,6
2011/10/10 16:09:00,34.2200,135.1980,6,2.7,154.2,1.1,2.0,3
2011/10/10 11:46:00,37.5070,141.4850,47,5.6,308.2,14.1,4.4,424
2011/10/10 06:57:00,36.2180,139.8750,77,4.0,17.7,0.6,2.3,103
2011/10/10 03:00:00,35.4380,138.8820,9,3.5,48.9,0.8,2.3,43
2011/10/10 01:34:00,43.3920,146.5730,74,4.2,22.0,0.5,1.8,34
2011/10/09 16:18:00,34.5030,135.4900,12,3.9,125.4,2.4,3.2,76
2011/10/09 02:20:00,32.9150,130.8550,9,3.1,19.6,0.6,1.9,18
2011/10/09 01:08:00,35.9670,140.1520,60,4.3,28.2,0.7,2.3,135
2011/10/08 23:29:00,35.7230,137.8400,14,3.8,50.0,1.0,2.0,68
2011/10/08 20:44:00,39.1100,142.4220,34,4.4,21.1,0.4,1.5,49
2011/10/08 10:26:00,37.6150,141.6980,45,4.1,7.3,0.2,1.0,24
2011/10/08 06:11:00,33.8350,134.9880,13,4.2,77.2,1.8,2.6,85
2011/10/08 01:23:00,36.7850,140.9980,49,3.8,27.6,0.5,2.1,44
2011/10/07 21:44:00,43.1480,146.8970,66,4.8,14.1,0.5,2.1,55
2011/10/07 11:51:00,41.5650,142.0570,67,5.0,22.9,1.3,3.0,201
2011/10/07 07:01:00,37.4480,141.3020,31,4.1,27.4,0.7,2.4,53
2011/10/06 19:38:00,36.5520,137.6470,0,3.6,7.8,0.2,1.3,11
2011/10/06 19:37:00,36.5670,137.6520,1,4.7,28.5,0.7,2.3,77
2011/10/06 17:39:00,36.6730,139.4700,4,3.7,79.1,0.8,2.6,49
2011/10/06 07:57:00,36.5170,137.6500,2,3.3,10.8,0.2,1.2,13
2011/10/06 06:55:00,36.5130,137.6530,2,3.6,17.9,0.4,1.5,20
2011/10/06 06:44:00,36.5180,137.6500,3,3.4,17.4,0.4,1.2,16
2011/10/05 23:33:00,32.9130,130.8500,10,4.5,153.5,7.5,4.1,119
2011/10/05 19:13:00,36.5550,137.6480,2,3.6,9.9,0.2,1.3,30
2011/10/05 19:06:00,36.5480,137.6470,0,5.2,48.3,1.6,2.8,133
2011/10/05 19:00:00,36.5320,137.6500,1,5.4,63.5,1.3,2.7,122
2011/10/05 14:17:00,40.1830,142.0180,12,5.0,74.7,2.5,3.3,109
2011/10/05 14:16:00,40.1870,142.0200,13,4.4,16.2,0.9,2.2,18
2011/10/05 13:24:00,38.3170,140.6880,11,2.6,13.9,0.3,1.5,3
2011/10/05 12:43:00,38.3150,140.6930,12,2.9,6.6,0.2,0.8,3
2011/10/05 03:52:00,35.7670,140.8970,9,3.7,13.0,0.6,1.7,14
2011/10/05 00:37:00,36.4320,138.0350,0,2.1,7.0,0.1,0.7,1
2011/10/04 22:00:00,37.3120,141.3900,31,4.4,16.5,0.6,2.2,97
2011/10/04 20:58:00,35.4920,140.9650,24,4.5,13.3,0.7,2.1,50
2011/10/04 19:25:00,37.1180,140.8000,4,3.9,10.4,0.4,1.5,32
2011/10/04 19:19:00,34.0420,134.0820,44,4.2,74.5,1.6,2.9,107
2011/10/04 10:14:00,38.3130,141.9120,46,3.9,46.1,0.6,2.1,42
2011/10/03 07:29:00,37.1180,140.8220,5,3.7,5.4,0.4,1.3,11
2011/10/03 06:48:00,35.6470,141.0230,17,4.3,11.0,0.4,1.8,35
2011/10/03 01:52:00,36.5420,137.6470,1,3.9,29.2,0.6,2.0,41
2011/10/03 01:49:00,37.3370,141.6350,18,5.3,14.8,1.2,2.3,124
2011/10/02 22:51:00,37.1000,138.6630,10,3.2,40.9,0.3,1.6,11
2011/10/02 11:28:00,42.2770,142.6050,5,2.0,8.9,0.3,1.5,1
2011/10/02 06:24:00,37.2780,141.2500,27,4.0,56.7,1.1,2.5,24
2011/10/02 05:06:00,37.1280,140.7400,5,2.9,1.5,0.1,0.1,1
2011/10/01 13:19:00,36.7020,140.6070,5,3.6,47.4,0.8,2.3,21
2011/10/01 06:37:00,37.2600,140.3670,10,4.1,46.1,0.8,2.4,78
2011/10/01 02:20:00,35.4770,140.9770,24,4.5,27.8,0.9,2.2,83
2011/10/01 02:01:00,38.8530,142.0470,46,3.8,39.1,0.6,1.9,24
2011/10/01 01:31:00,37.3030,141.2280,37,3.7,6.8,0.1,0.8,21
2011/10/01 00:04:00,38.3220,142.1070,38,4.2,14.2,0.2,1.2,34
2011/09/30 20:45:00,36.7370,140.6330,5,3.6,23.3,0.4,1.9,37
2011/09/30 16:44:00,36.7330,140.6320,6,3.6,51.0,0.9,2.4,24
2011/09/30 15:35:00,36.8200,140.5880,9,4.0,133.3,3.4,3.3,71
2011/09/30 14:36:00,37.1270,140.7570,7,3.3,3.9,0.1,0.6,8
2011/09/30 13:34:00,37.0830,140.8070,7,2.9,2.5,0.0,0.2,3
2011/09/30 13:30:00,37.0850,140.8050,7,3.4,10.0,0.2,1.3,14
2011/09/30 03:58:00,42.2670,142.5720,8,2.4,8.2,0.2,1.5,1
2011/09/30 03:30:00,36.9530,141.0720,51,3.9,17.7,0.5,2.2,39
2011/09/30 03:26:00,26.6120,127.7550,44,4.3,18.8,0.6,1.8,6
2011/09/30 03:17:00,38.1250,141.8620,53,4.0,41.9,0.4,1.8,53
2011/09/30 01:59:00,42.2700,142.5820,8,2.5,12.1,0.3,1.6,1
2011/09/30 01:54:00,37.1230,140.8630,8,3.7,63.7,1.1,2.5,24
2011/09/29 23:16:00,35.9730,137.3050,7,2.8,58.3,0.8,1.9,9
2011/09/29 22:41:00,37.0770,140.7930,5,3.0,1.6,0.0,0.0,4
2011/09/29 21:29:00,37.1280,140.8630,7,3.3,24.5,0.3,1.5,5
2011/09/29 20:03:00,37.0850,140.8130,4,3.5,8.1,0.4,1.5,3
2011/09/29 19:07:00,37.0980,140.8030,6,3.0,7.8,0.2,0.8,4
2011/09/29 19:05:00,37.1320,140.8680,9,5.4,114.1,4.1,3.7,245
2011/09/29 10:48:00,38.8030,141.5720,71,3.8,18.0,0.2,1.2,37
2011/09/29 08:13:00,38.9170,141.9300,51,3.8,25.8,0.4,1.6,24
2011/09/29 04:18:00,37.4080,141.3030,36,4.3,22.3,0.7,2.5,108
2011/09/28 20:25:00,36.0770,139.8680,46,3.5,18.4,0.4,1.6,63
2011/09/28 16:57:00,37.4120,141.1980,30,3.8,12.7,0.2,1.4,31
2011/09/28 11:39:00,35.2230,135.9350,7,2.4,18.2,0.2,0.8,1
2011/09/28 11:17:00,40.1480,142.4280,36,4.0,13.0,0.3,1.8,56
2011/09/28 09:21:00,33.5380,132.3800,44,3.8,19.8,0.4,1.8,42
2011/09/28 04:48:00,37.0820,140.5520,7,2.7,137.4,1.4,2.3,4
2011/09/28 00:19:00,36.7650,140.5650,9,3.6,64.7,1.4,2.6,29
2011/09/27 12:56:00,36.8620,140.6600,7,4.0,83.6,2.2,3.0,64
2011/09/27 02:30:00,36.8450,140.6220,7,4.1,249.0,7.0,3.8,47
2011/09/26 22:46:00,36.6730,140.6600,5,4.2,58.6,2.2,3.2,73
2011/09/26 17:20:00,37.6830,139.9430,9,4.2,331.0,5.0,3.4,75
2011/09/26 16:49:00,42.2500,142.5930,9,4.2,122.0,4.8,4.0,17
2011/09/26 14:39:00,37.6830,139.9370,8,3.8,133.9,2.1,2.8,61
2011/09/26 07:43:00,36.5220,140.9570,15,4.2,13.8,0.3,1.9,38
2011/09/26 07:31:00,36.6950,140.6200,6,3.5,43.1,1.2,2.9,8
2011/09/26 07:30:00,36.6950,140.6220,6,3.8,27.7,0.8,2.5,31
2011/09/25 15:09:00,36.0730,139.8530,46,3.6,16.4,0.3,1.5,52
2011/09/25 13:18:00,41.8920,144.2920,45,4.8,8.2,0.8,2.3,38
2011/09/25 12:29:00,35.4280,140.9700,28,3.9,6.3,0.2,1.1,16
2011/09/25 10:58:00,37.1180,140.8480,7,3.3,10.5,0.1,0.9,4
2011/09/25 06:56:00,37.1200,140.8550,7,3.1,14.1,0.2,1.2,4
2011/09/25 03:12:00,37.1150,140.8550,6,3.2,23.8,0.5,2.1,7
2011/09/24 23:51:00,37.6780,139.9220,8,2.8,35.6,0.5,1.3,8
2011/09/24 20:17:00,35.7450,140.9130,11,3.7,16.0,0.6,1.6,21
2011/09/24 02:48:00,36.6770,140.6330,6,3.6,48.1,0.7,2.4,21
2011/09/23 22:12:00,39.3380,142.0630,48,5.0,112.5,3.0,3.4,120
2011/09/23 22:08:00,38.6380,141.9070,48,3.8,28.8,0.3,1.5,20
2011/09/23 18:47:00,36.7020,140.6500,3,3.2,10.5,0.3,1.6,12
2011/09/23 17:15:00,36.6920,140.6170,4,5.1,245.1,6.4,4.0,167
2011/09/23 14:41:00,38.8970,141.9570,50,3.8,22.3,0.4,1.8,24
2011/09/23 04:59:00,37.3230,141.4930,34,4.7,63.4,1.5,3.2,201
2011/09/22 19:43:00,36.1350,141.0050,40,3.9,29.5,0.6,1.9,30
2011/09/22 14:46:00,36.7930,141.3970,42,4.4,31.2,0.7,2.5,66
2011/09/22 08:16:00,42.8880,145.4780,45,3.7,17.8,0.5,2.0,19
2011/09/21 22:30:00,36.7370,140.5770,9,5.2,624.9,16.4,4.9,321
2011/09/21 13:14:00,36.7020,140.5820,3,3.4,266.6,3.2,2.7,16
2011/09/21 05:59:00,38.5300,141.8180,51,4.8,105.3,1.4,2.8,132
2011/09/21 04:37:00,36.9420,141.1750,54,3.7,8.5,0.2,1.1,23
2011/09/21 00:46:00,38.9270,142.5030,39,4.0,11.2,0.2,1.4,18
2011/09/20 23:59:00,35.7000,140.6070,47,3.5,9.9,0.2,1.4,24
2011/09/20 18:20:00,37.2270,141.2520,23,3.8,13.9,0.1,0.8,22
2011/09/19 18:38:00,35.9770,140.2200,40,3.5,28.8,0.6,1.6,41
2011/09/19 18:36:00,35.9780,140.2180,41,3.9,62.5,1.6,2.8,89
2011/09/19 03:32:00,37.7670,141.6080,48,5.2,38.7,1.4,2.9,200
2011/09/19 00:31:00,37.1320,140.8580,8,3.4,12.1,0.5,1.5,11
2011/09/18 22:03:00,37.2970,141.7100,46,4.4,8.8,0.3,1.8,52
2011/09/18 19:39:00,41.9350,142.4400,66,5.0,47.6,2.6,3.5,205
2011/09/18 16:04:00,39.9280,143.2230,19,5.8,23.9,2.5,3.3,224
2011/09/18 12:28:00,39.5820,140.4500,7,4.1,40.5,1.4,2.6,48
2011/09/18 02:54:00,40.2820,143.3270,7,5.1,5.6,0.3,1.5,67
2011/09/18 00:13:00,38.2970,141.9020,47,4.3,95.7,1.2,2.6,96
2011/09/17 18:04:00,36.2320,140.9350,48,4.0,26.3,0.6,2.2,47
2011/09/17 16:34:00,40.2930,143.2080,8,5.8,35.6,2.3,3.4,244
2011/09/17 07:41:00,40.2750,143.3930,15,5.8,15.8,1.2,2.8,184
2011/09/17 06:42:00,38.1720,141.7070,52,4.1,25.4,0.4,1.7,33
2011/09/17 06:36:00,40.1380,143.3870,5,5.8,8.6,0.9,2.4,149
2011/09/17 06:08:00,40.2470,143.2120,4,6.1,26.3,2.3,3.2,259
2011/09/17 05:11:00,40.2650,143.4800,5,5.7,4.8,0.4,1.7,77
2011/09/17 04:39:00,40.2420,143.1630,6,5.2,5.9,0.5,2.0,63
2011/09/17 04:26:00,40.2580,143.0850,7,6.6,43.9,3.7,3.7,420
2011/09/16 14:31:00,38.2930,141.8770,47,4.0,35.5,0.8,1.6,42
2011/09/16 14:27:00,35.5720,141.0420,33,4.5,22.2,1.1,2.4,33
2011/09/16 11:03:00,37.0330,140.6030,4,4.4,66.8,1.2,3.0,88
2011/09/16 07:39:00,38.2580,141.8800,64,4.0,47.3,0.6,2.0,51
2011/09/16 07:15:00,34.1600,135.6070,67,4.3,112.6,1.8,3.1,119
2011/09/15 23:25:00,39.7330,142.2430,43,4.1,21.9,0.6,1.9,45
2011/09/15 17:00:00,36.2550,141.4830,51,6.3,97.7,5.2,3.9,442
2011/09/15 09:11:00,34.1800,135.2000,6,2.6,21.6,0.3,1.0,4
2011/09/15 09:00:00,38.7850,142.1330,35,4.1,45.2,0.5,1.9,27
2011/09/15 04:24:00,42.2520,142.5580,10,3.0,28.0,0.8,2.7,3
2011/09/14 23:56:00,37.7380,141.7900,51,4.6,47.1,1.1,2.4,115
2011/09/14 21:52:00,35.5480,140.1350,6,3.0,6.3,0.2,0.9,8
2011/09/14 07:09:30,27.0200,127.2750,93,4.1,3.7,0.1,0.9,4
2011/09/14 07:09:00,37.1180,140.8380,7,3.3,8.0,0.2,1.4,4
2011/09/14 04:21:00,36.6800,140.6270,6,3.9,81.1,1.4,2.9,49
2011/09/14 03:07:00,37.1000,140.5980,12,3.6,41.5,1.3,2.6,33
2011/09/13 23:14:00,38.9350,142.4130,35,4.7,52.7,0.9,2.7,104
2011/09/13 10:34:00,38.8930,141.9630,50,3.9,32.7,0.5,2.0,24
2011/09/13 10:22:00,36.7130,140.6250,7,3.6,61.2,1.1,2.5,24
2011/09/13 02:42:00,36.5450,140.7950,54,4.3,209.0,4.3,3.5,133
2011/09/13 01:50:00,42.6950,142.5000,101,4.5,36.0,2.2,2.8,142
2011/09/13 01:14:00,38.3100,142.1250,38,4.1,31.4,0.4,1.6,27
2011/09/13 00:25:00,35.5630,141.0130,37,4.3,8.1,0.4,1.5,9
2011/09/11 20:33:00,33.6830,135.3320,9,3.3,45.5,0.8,1.6,4
2011/09/11 19:09:00,35.6100,140.0320,73,4.3,43.6,1.6,3.1,136
2011/09/11 03:35:00,35.7570,140.7220,16,3.9,24.1,0.5,1.6,33
2011/09/10 19:01:00,39.2770,142.2350,43,3.9,65.7,1.0,2.0,28
2011/09/10 18:47:00,42.2520,142.5920,7,3.2,22.3,0.7,2.4,3
2011/09/10 17:54:00,37.0370,140.5700,8,3.4,23.3,0.5,1.8,22
2011/09/10 17:36:00,42.2720,142.6080,6,3.0,36.1,0.8,2.7,2
2011/09/10 15:00:00,36.4280,140.6930,53,4.8,147.2,4.9,4.1,208
2011/09/10 00:51:00,42.2580,142.5880,8,3.7,62.4,1.5,3.2,4
2011/09/09 23:40:00,39.1120,142.1130,46,3.9,35.6,0.4,1.6,40
2011/09/09 23:29:00,36.8450,140.5680,4,3.9,55.5,1.2,2.5,47
2011/09/09 07:06:00,39.7980,142.2870,22,4.8,66.5,2.1,3.3,121
2011/09/09 06:52:00,42.2600,142.5920,9,2.9,37.4,1.1,2.7,3
2011/09/09 02:18:00,38.5420,141.7220,54,3.2,36.9,0.4,1.5,8
2011/09/09 02:14:00,42.2500,142.5930,9,2.8,13.9,0.4,1.9,2
2011/09/09 00:46:00,42.2550,142.6000,7,2.3,17.6,0.5,2.1,1
2011/09/08 22:38:00,37.2720,141.9230,40,5.2,28.7,1.0,2.7,196
2011/09/08 19:58:00,34.0950,133.6770,15,3.8,95.2,1.2,2.2,46
2011/09/08 18:02:00,42.2470,142.5930,5,3.0,29.6,0.8,2.5,2
2011/09/08 17:22:00,35.9930,140.2250,41,3.5,34.5,0.9,2.4,35
2011/09/08 05:48:00,36.7530,140.5870,7,3.9,77.1,1.2,2.3,50
2011/09/08 03:50:00,42.2570,142.5930,7,3.1,43.2,1.4,2.9,3
2011/09/07 23:54:00,42.2780,142.6000,4,2.5,12.2,0.3,1.8,1
2011/09/07 23:37:00,42.2700,142.5970,5,2.7,31.4,0.9,2.6,1
2011/09/07 23:17:00,42.2680,142.5700,8,2.7,13.0,0.4,1.9,2
2011/09/07 22:34:00,42.2800,142.6100,6,2.5,18.8,0.5,2.1,1
2011/09/07 22:32:00,42.2620,142.5930,6,3.0,1.1,0.1,0.2,1
2011/09/07 22:29:00,42.2600,142.5880,10,5.1,411.3,22.1,5.2,78
2011/09/07 17:28:00,36.6280,140.6070,5,2.7,84.5,0.7,1.6,3
2011/09/07 15:24:00,32.9120,130.8470,9,3.6,21.9,0.6,2.0,36
2011/09/07 14:42:00,38.6470,142.1650,42,4.6,27.4,0.5,2.0,82
2011/09/07 07:43:00,36.6330,141.7570,54,4.5,7.0,0.2,1.6,43
2011/09/07 07:33:00,42.2380,142.5870,10,2.5,14.0,0.4,1.9,1
2011/09/07 07:27:00,42.2470,142.5900,10,4.3,200.7,8.0,4.4,17
2011/09/07 02:54:00,36.6620,141.6880,36,5.2,14.1,0.9,2.3,142
2011/09/06 12:59:00,36.6400,140.5820,7,3.4,69.5,1.0,2.2,22
2011/09/06 05:03:00,35.7120,140.9100,13,3.3,25.4,0.5,1.7,4
2011/09/06 03:49:00,39.5670,140.3930,4,2.8,29.4,0.6,2.2,6
2011/09/05 21:14:00,37.4980,141.4850,46,4.3,43.2,0.9,2.3,97
2011/09/05 21:03:00,35.3850,141.1700,20,4.1,7.0,0.2,1.2,22
2011/09/05 17:04:00,36.1980,140.8880,46,4.3,29.1,0.8,2.5,84
2011/09/05 11:43:00,36.9970,140.4930,6,3.2,8.1,0.2,1.2,12
2011/09/04 23:05:00,36.7630,140.5650,59,3.6,27.7,0.6,2.0,45
2011/09/04 05:53:00,35.8720,139.6080,90,4.7,36.4,1.2,2.8,241
2011/09/04 05:17:00,37.0950,140.5730,12,3.7,79.8,1.3,2.5,39
2011/09/03 21:41:00,36.1320,140.9950,40,3.9,16.4,0.4,1.7,28
2011/09/03 16:42:00,35.7500,140.6620,48,3.6,7.5,0.5,1.4,10
2011/09/03 06:56:00,34.3280,136.0500,53,3.6,47.7,0.6,2.1,48
2011/09/02 23:15:00,36.6380,139.4820,4,3.0,58.2,0.7,2.0,14
2011/09/02 16:33:00,37.0930,140.8400,9,2.8,14.9,0.3,1.2,2
2011/09/02 13:48:00,38.8200,141.5820,74,4.3,53.3,1.1,2.6,104
2011/09/02 13:08:00,39.0880,142.4130,33,4.5,40.9,0.6,2.2,89
2011/09/02 11:06:00,36.8520,140.6900,10,3.7,67.9,1.2,2.4,36
2011/09/02 07:39:00,35.7450,140.6480,45,3.4,6.7,0.3,1.1,15
2011/09/02 02:56:00,36.9900,140.5070,5,3.6,29.7,0.5,2.1,26
2011/09/01 11:50:00,36.4100,140.8500,16,3.9,59.6,1.0,2.5,48
2011/08/31 21:42:00,35.7600,140.9100,11,3.8,14.2,0.6,1.7,21
2011/08/31 19:59:00,42.3570,139.2470,24,3.6,20.5,0.3,1.5,9
2011/08/31 18:33:00,35.5570,140.0970,72,4.6,37.7,1.3,3.0,227
2011/08/31 18:12:00,38.3220,141.8870,45,4.1,27.3,0.3,1.5,58
2011/08/31 04:04:00,35.7780,140.8820,15,3.8,7.9,0.3,1.6,19
2011/08/31 02:20:00,35.7730,140.8920,16,4.3,43.6,1.4,2.7,71
2011/08/30 22:44:00,39.1870,140.5780,155,4.9,45.1,0.7,2.7,199
2011/08/30 21:46:00,38.5370,141.7180,54,3.7,42.5,0.5,1.5,14
2011/08/30 19:41:00,37.2930,140.0050,8,2.8,16.7,0.2,1.4,6
2011/08/30 18:19:00,42.4520,142.0950,101,3.9,11.8,0.3,1.9,49
2011/08/30 16:33:00,37.0980,140.6580,13,3.6,26.7,0.4,2.0,36
2011/08/30 16:23:00,37.2170,140.8880,8,3.2,21.5,0.4,1.6,3
2011/08/30 12:33:00,38.6750,141.4850,69,3.4,24.8,0.3,1.5,20
2011/08/30 11:29:00,38.5450,142.0780,33,4.0,36.3,0.3,1.7,23
2011/08/30 10:50:00,37.2330,140.2030,130,3.9,6.9,0.2,1.2,32
2011/08/30 06:32:00,38.8880,141.9680,50,3.8,29.6,0.4,1.9,31
2011/08/30 03:22:00,36.5080,140.9320,16,4.6,43.6,1.3,2.6,102
2011/08/29 20:41:00,36.6620,140.5920,7,2.4,36.7,0.5,1.6,3
2011/08/29 17:06:00,37.1500,142.3530,14,4.5,5.9,0.2,1.5,40
2011/08/29 13:34:00,35.3800,138.9780,17,3.4,20.7,0.5,1.6,27
2011/08/29 11:02:00,41.9470,140.9900,9,3.4,74.0,1.1,2.4,7
2011/08/28 23:56:00,37.6730,139.9250,8,2.5,8.5,0.1,0.4,3
2011/08/28 18:23:00,34.0680,135.3330,5,3.8,55.0,0.9,2.0,29
2011/08/28 04:49:00,27.9830,129.4900,30,4.1,4.8,0.2,0.9,4
2011/08/28 01:14:00,27.9880,129.4850,30,4.1,5.7,0.1,0.9,4
2011/08/28 00:49:00,27.9950,129.4930,29,4.5,11.0,0.4,1.8,4
2011/08/27 23:33:00,37.0020,141.3920,28,4.4,33.7,1.1,2.4,69
2011/08/27 23:29:00,37.0070,141.3870,28,4.8,27.1,0.8,2.5,94
2011/08/27 14:09:00,37.6120,141.7270,48,4.1,16.3,0.4,1.6,39
2011/08/27 14:05:00,36.7350,140.7520,15,4.3,277.0,4.5,3.7,113
2011/08/27 13:50:00,24.6170,125.2050,32,3.5,4.1,0.1,0.6,2
2011/08/27 11:37:00,36.8630,140.6380,5,3.8,122.8,2.5,3.3,36
2011/08/27 11:35:00,36.8670,140.6370,6,4.3,234.1,7.2,4.0,113
2011/08/27 09:16:00,37.0170,141.4400,28,4.5,9.3,0.3,1.4,35
2011/08/27 05:56:00,36.8050,139.4220,3,2.0,40.0,0.4,1.5,3
2011/08/27 01:51:00,37.2150,141.4280,49,3.6,5.7,0.1,0.8,14
2011/08/26 21:26:00,36.0980,139.8680,47,3.8,22.1,0.6,1.9,83
2011/08/26 11:39:00,37.1170,140.8480,6,3.3,12.2,0.5,1.7,6
2011/08/26 08:34:00,38.9250,141.9170,51,3.9,70.6,1.0,2.4,51
2011/08/26 08:09:00,37.0070,141.1370,51,4.0,19.5,0.4,1.8,59
2011/08/26 04:25:00,36.8570,140.6520,9,3.6,41.1,0.9,2.2,31
2011/08/25 21:03:00,35.8650,140.4780,34,3.6,15.0,0.3,1.3,26
2011/08/25 20:20:00,36.4780,140.8730,30,3.5,24.4,0.3,1.6,19
2011/08/25 18:23:00,37.0000,140.6180,11,3.5,58.6,1.0,2.3,26
2011/08/25 13:07:00,39.7700,142.2020,28,4.3,59.4,1.0,2.8,82
2011/08/25 00:56:00,36.0380,139.9080,43,3.2,18.5,0.3,1.5,33
2011/08/24 05:04:00,37.0650,141.1900,51,3.9,27.0,0.5,2.0,51
2011/08/23 20:00:00,34.1700,135.1950,8,2.9,21.8,0.2,1.3,5
2011/08/23 17:27:00,36.8450,141.0080,55,4.0,32.3,0.8,2.4,74
2011/08/23 15:04:00,42.0100,142.5420,63,4.3,13.3,0.4,1.8,83
2011/08/23 11:13:00,35.8780,140.4970,35,3.7,31.6,0.6,2.2,40
2011/08/23 07:04:00,37.2120,140.9550,50,4.2,90.7,1.8,2.9,99
2011/08/23 00:26:00,37.4050,141.4820,41,4.3,33.9,1.2,2.7,102
2011/08/22 22:19:00,37.1300,140.8620,8,2.8,5.3,0.1,0.6,2
2011/08/22 21:21:00,37.1830,141.2150,31,4.1,70.9,1.3,2.9,95
2011/08/22 20:23:00,36.1070,141.9830,34,6.1,15.0,1.6,2.7,227
2011/08/22 17:36:00,36.0850,140.1550,64,4.7,26.9,0.9,2.8,253
2011/08/22 14:36:00,37.1970,140.8950,9,2.9,7.2,0.2,0.8,1
2011/08/22 11:21:00,36.3550,140.8050,13,4.3,40.1,0.9,2.3,68
2011/08/22 09:07:00,42.6700,143.2680,25,4.7,76.8,3.8,3.8,116
2011/08/22 07:05:00,37.0870,141.1270,53,4.5,83.2,2.8,3.6,97
2011/08/22 06:39:00,36.8480,140.5680,7,4.3,210.0,5.7,3.7,95
2011/08/22 04:42:00,38.8650,142.0380,47,3.9,96.1,1.3,2.5,37
2011/08/22 00:37:00,36.6300,140.9620,18,4.3,40.3,0.5,2.0,66
2011/08/21 19:50:00,39.4550,140.3670,9,3.1,11.4,0.3,1.4,13
2011/08/21 17:13:00,38.5420,141.7200,54,3.3,44.7,0.6,1.7,10
2011/08/21 13:47:00,35.8580,140.5330,33,3.6,36.4,0.7,2.0,36
2011/08/21 11:57:00,37.6500,141.7450,48,4.1,12.6,0.3,1.5,45
2011/08/21 07:58:00,38.6220,141.9550,50,4.8,160.5,3.2,3.5,142
2011/08/21 07:33:00,37.1100,140.7850,9,2.8,6.7,0.1,0.6,4
2011/08/21 04:37:00,38.6250,141.9020,49,4.4,124.7,1.9,3.1,104
2011/08/21 02:11:00,37.6420,141.7350,48,4.0,10.8,0.2,1.4,46
2011/08/21 01:26:00,35.2150,139.8100,94,3.9,12.9,0.3,1.7,78
2011/08/20 20:02:00,38.1670,141.6850,51,3.9,34.9,0.4,1.8,42
2011/08/20 15:52:00,36.9650,140.5420,6,3.8,20.9,0.5,1.9,44
2011/08/20 08:47:00,37.6320,141.7130,46,4.0,12.1,0.3,1.9,21
2011/08/20 07:04:00,44.1250,147.4230,95,4.5,5.3,0.3,1.5,30
2011/08/20 00:43:00,36.7550,141.1730,36,3.6,17.7,0.3,1.5,18
2011/08/19 18:58:00,39.6370,142.1070,48,3.8,71.1,1.2,2.4,38
2011/08/19 17:50:00,39.0920,142.1450,45,4.0,29.9,0.4,1.7,28
2011/08/19 17:36:00,37.0280,140.3270,2,2.6,3.1,0.1,0.3,1
2011/08/19 14:36:00,37.6480,141.7970,51,6.5,276.7,10.0,4.5,630
2011/08/19 13:51:00,39.0980,142.1420,45,4.5,60.4,1.0,2.6,92
2011/08/19 13:43:00,36.6580,140.5970,6,3.4,232.7,2.9,3.3,19
2011/08/19 11:29:00,43.3080,146.0620,90,4.2,29.9,0.7,2.5,36
2011/08/19 04:34:00,36.9950,140.4970,6,3.1,3.1,0.1,0.3,4
2011/08/19 01:56:00,37.1300,140.8630,7,2.8,5.3,0.1,0.5,2
2011/08/19 01:39:00,44.0200,146.1600,115,4.2,16.1,0.5,2.1,22
2011/08/19 00:39:00,36.1520,140.0830,50,4.0,73.2,1.5,2.9,136
2011/08/18 22:50:00,36.9280,141.2180,57,3.7,9.0,0.3,1.6,27
2011/08/18 16:50:00,37.6730,139.9270,8,2.4,32.5,0.3,0.8,2
2011/08/18 15:19:00,36.8470,140.6930,10,3.8,90.9,2.3,3.0,69
2011/08/18 14:34:00,38.1770,141.6820,51,3.9,33.3,0.7,2.0,50
2011/08/18 10:11:00,36.7800,140.6050,4,4.3,156.4,4.0,3.8,39
2011/08/18 09:11:00,37.1320,140.8620,7,3.0,9.6,0.1,0.9,2
2011/08/18 03:25:00,35.8380,138.1730,12,2.9,7.5,0.1,0.9,5
2011/08/18 02:55:00,32.8680,130.7420,9,2.6,7.8,0.1,0.5,3
2011/08/18 01:32:00,36.2150,139.8650,78,4.1,28.6,0.7,2.3,115
2011/08/18 00:20:00,36.6430,140.6080,5,2.6,23.7,0.3,1.5,1
2011/08/17 23:32:00,37.1250,140.8550,8,3.4,18.0,0.3,1.4,7
2011/08/17 20:44:00,36.7680,143.7630,52,6.2,16.1,0.7,2.3,315
2011/08/17 17:45:00,35.5150,140.9300,40,4.4,11.7,0.5,1.9,27
2011/08/17 16:55:00,35.5170,140.9600,41,4.5,5.9,0.4,1.7,22
2011/08/17 12:14:00,38.4680,142.1930,28,4.5,67.8,1.1,2.8,128
2011/08/17 12:05:00,38.4600,142.1870,31,5.1,140.3,2.2,3.3,200
2011/08/17 11:26:00,39.2000,142.4000,34,4.1,41.2,0.5,1.9,61
2011/08/17 10:51:00,36.1250,139.9830,69,3.7,20.1,0.4,1.9,57
2011/08/17 09:23:00,36.0350,139.7930,78,4.3,56.3,1.6,3.1,220
2011/08/17 04:35:00,40.1230,142.4450,35,5.4,47.9,1.7,3.1,193
2011/08/17 04:26:00,37.2570,141.1350,35,3.7,19.8,0.2,1.0,25
2011/08/17 01:11:00,38.4470,142.2070,30,3.8,23.1,0.3,1.6,23
2011/08/16 21:31:00,27.9820,129.2670,17,3.6,16.2,0.2,0.7,3
2011/08/16 19:16:00,36.8270,140.5720,6,4.6,414.9,11.0,4.6,149
2011/08/16 14:48:00,36.2180,140.9000,46,3.9,28.1,0.6,2.1,35
2011/08/15 22:31:00,37.1000,141.1470,53,4.1,30.8,0.6,2.3,57
2011/08/15 16:18:00,35.6920,140.9670,14,4.3,47.3,1.2,2.4,42
2011/08/15 15:26:00,36.1270,140.0800,64,4.7,60.3,2.8,3.4,214
2011/08/15 05:45:00,36.8680,140.6420,5,3.6,76.2,1.5,2.6,23
2011/08/15 00:53:00,36.6300,140.6100,6,2.6,69.8,0.6,1.7,2
2011/08/15 00:27:00,36.6850,140.6300,8,2.9,22.2,0.5,1.9,5
2011/08/14 18:55:00,37.1270,140.8580,8,4.2,32.0,0.9,2.4,53
2011/08/14 16:38:00,36.7450,140.5750,9,4.3,143.6,2.7,3.6,84
2011/08/13 23:00:00,37.0080,141.3980,26,5.0,22.3,0.9,2.6,73
2011/08/13 17:30:00,38.4680,142.2220,28,4.0,23.2,0.3,1.7,47
2011/08/13 14:15:00,38.1780,141.6880,51,3.8,11.7,0.2,0.9,24
2011/08/13 13:44:00,38.3220,141.7520,51,3.9,32.1,0.5,2.0,46
2011/08/13 13:31:00,32.9630,130.9850,10,3.5,30.7,0.6,2.3,21
2011/08/13 02:30:00,36.5250,137.7200,0,3.4,14.3,0.6,2.1,9
2011/08/12 11:07:00,38.2980,141.8700,47,4.0,28.8,0.5,1.7,48
2011/08/12 07:26:00,44.8720,141.6450,28,3.9,30.0,1.1,2.3,19
2011/08/12 04:37:00,34.4080,138.0820,27,5.2,13.7,1.3,2.5,102
2011/08/12 03:22:00,36.9680,141.1600,52,6.1,355.6,13.6,4.7,581
2011/08/11 22:31:00,38.4480,142.2300,30,5.3,126.3,2.8,3.3,228
2011/08/11 18:12:00,37.4400,141.8380,28,4.4,7.0,0.2,1.5,37
2011/08/11 17:44:00,37.1250,140.8580,7,3.1,12.2,0.4,1.5,5
2011/08/11 10:26:00,36.1650,141.3430,48,4.6,25.4,0.5,2.1,70
2011/08/10 21:11:00,32.6800,129.9680,11,2.7,5.1,0.1,0.3,2
2011/08/10 15:17:00,36.0880,140.0130,67,3.7,18.6,0.3,1.6,64
2011/08/10 13:29:00,39.1630,142.4030,34,4.4,61.3,0.8,2.4,86
2011/08/10 12:00:00,36.4570,141.0630,45,3.4,17.2,0.3,1.5,12
2011/08/10 08:13:00,34.0500,135.5200,61,4.7,244.2,4.3,3.7,170
2011/08/10 05:12:00,36.9650,138.6020,7,2.9,8.9,0.2,0.8,6
2011/08/10 04:35:00,36.1950,141.3670,48,4.5,32.0,1.0,2.3,69
2011/08/10 03:29:00,38.8920,141.9680,50,3.8,27.6,0.5,1.8,35
2011/08/10 02:45:00,38.6930,141.6970,52,4.1,68.2,1.0,2.2,80
2011/08/09 19:40:00,39.8120,139.7480,14,3.4,15.0,0.5,1.5,5
2011/08/09 11:06:00,27.9630,129.3020,16,3.6,2.4,0.1,0.3,1
2011/08/09 10:57:00,38.2920,141.9130,22,4.0,33.9,0.4,1.6,50
2011/08/09 07:31:00,41.7450,143.0330,35,4.1,54.8,1.9,2.9,20
2011/08/09 00:13:00,24.4620,123.9620,10,3.5,3.7,0.1,0.4,1
2011/08/08 21:35:00,42.7050,142.9230,89,3.8,14.9,0.5,2.0,55
2011/08/08 16:20:00,37.4600,141.4250,47,4.2,20.9,0.6,2.1,43
2011/08/08 14:24:00,37.6830,139.9380,8,2.8,25.8,0.4,1.2,4
2011/08/08 10:05:00,38.7030,142.2570,39,4.4,28.5,0.5,1.9,55
2011/08/08 09:20:00,37.0270,138.4820,12,3.0,20.6,0.6,2.0,8
2011/08/07 22:33:00,37.0750,140.8050,9,4.1,20.7,0.7,2.3,52
2011/08/07 12:33:00,36.7280,140.5950,7,4.7,253.7,3.9,3.7,167
2011/08/07 08:02:00,36.6150,140.9970,48,4.1,22.5,0.6,2.1,71
2011/08/07 04:15:00,37.1200,140.8550,7,2.9,24.0,0.3,1.5,3
2011/08/07 02:58:00,37.7520,142.2580,35,4.3,21.7,0.7,2.5,70
2011/08/06 23:45:00,37.0520,141.1470,51,4.3,29.0,0.8,2.1,68
2011/08/06 18:53:00,37.0780,140.5380,7,2.3,55.3,0.8,1.9,1
2011/08/06 16:15:00,35.3380,141.1570,28,5.2,20.9,1.5,2.5,97
2011/08/06 16:12:00,36.6870,140.6020,4,3.1,11.9,0.2,1.5,7
2011/08/06 11:54:00,37.1250,140.8550,7,3.8,27.4,0.7,2.3,22
2011/08/06 11:00:00,37.1980,141.0800,32,3.7,23.2,0.4,1.5,30
2011/08/06 01:30:00,37.1270,140.8420,6,3.2,16.8,0.2,1.1,5
2011/08/05 21:28:00,36.3350,140.0430,72,3.8,26.3,0.8,2.6,78
2011/08/05 20:16:00,37.1200,140.8470,7,4.7,103.9,2.9,3.1,115
2011/08/05 19:53:00,40.1230,142.4780,34,4.9,113.5,2.8,3.8,140
2011/08/05 17:42:00,36.9480,141.1950,55,3.8,24.6,0.3,1.6,49
2011/08/05 06:51:00,34.9250,140.0870,64,3.7,6.7,0.2,1.5,57
2011/08/05 02:45:00,35.7730,140.8770,11,4.3,95.3,3.7,3.1,80
2011/08/05 01:23:00,38.6270,141.9300,48,3.6,32.2,0.4,1.6,15
2011/08/04 16:23:00,36.7080,140.6000,9,3.1,23.9,0.3,1.2,8
2011/08/04 14:09:00,36.7080,140.5920,8,3.6,48.1,0.8,2.5,31
2011/08/04 08:51:00,39.7530,142.3650,41,4.1,21.0,0.4,2.3,61
2011/08/04 07:33:00,38.3030,141.9980,47,4.2,47.0,0.8,2.1,59
2011/08/04 00:26:00,37.6700,139.9350,9,2.8,26.6,0.4,0.9,5
2011/08/03 08:33:00,35.6950,140.8700,20,3.8,42.0,1.0,1.8,19
2011/08/03 06:22:00,42.3220,143.0550,49,3.8,33.0,0.5,2.2,35
2011/08/03 05:56:00,36.7000,140.6150,6,3.5,52.3,0.5,1.8,25
2011/08/03 05:08:00,38.6430,141.7250,49,4.0,20.4,0.4,1.8,73
2011/08/03 04:26:00,35.7780,140.1370,65,4.1,13.3,0.5,2.2,146
2011/08/02 13:39:00,37.6630,139.9280,9,3.6,102.7,1.8,2.3,35
2011/08/02 12:37:00,35.8000,140.1130,64,4.1,24.6,0.8,2.6,202
2011/08/02 10:46:00,37.6650,139.9300,9,3.5,191.6,3.4,2.8,24
2011/08/02 00:23:00,36.8250,141.3100,37,4.8,17.7,0.7,2.4,66
2011/08/01 23:58:00,34.7080,138.5470,23,6.2,301.8,12.2,4.7,499
2011/08/01 23:54:00,40.9680,142.0180,57,3.8,15.3,0.2,1.4,23
2011/08/01 22:47:00,39.1850,142.3870,29,4.5,18.6,0.3,1.7,53
2011/08/01 22:44:00,39.8150,142.2530,43,5.8,200.2,5.5,4.2,270
2011/08/01 21:48:00,34.0430,135.2750,6,2.7,21.8,0.2,0.4,2
2011/08/01 15:55:00,38.6530,142.1500,42,4.6,34.0,1.2,2.7,99
2011/08/01 13:29:00,36.7450,141.7920,52,4.8,18.3,0.6,2.2,91
2011/08/01 04:33:00,38.7220,142.3400,43,4.6,43.3,0.6,2.2,97
2011/08/01 02:36:00,41.7080,143.0120,37,5.5,99.7,4.2,3.9,217
2011/08/01 02:32:00,36.6420,141.0520,27,4.3,40.6,0.7,2.3,51
2011/08/01 00:27:00,36.9400,141.1400,51,3.9,19.8,0.7,2.0,57
2011/07/31 22:40:00,37.1730,141.1900,31,3.9,52.0,0.7,2.1,34
2011/07/31 21:40:00,38.6370,141.9100,49,4.1,53.1,0.6,1.9,50
2011/07/31 18:05:00,36.8970,141.1930,56,3.9,11.2,0.3,1.7,34
2011/07/31 14:20:00,40.9730,142.0000,57,4.0,25.3,0.6,2.1,49
2011/07/31 12:06:00,38.6580,142.0330,45,4.0,28.6,0.3,1.8,29
2011/07/31 04:05:00,36.9450,141.1370,50,3.9,14.2,0.4,1.6,40
2011/07/31 03:54:00,36.9020,141.2200,57,6.5,496.6,17.3,5.2,708
2011/07/31 01:21:00,37.0900,140.8570,10,3.4,53.5,1.0,2.2,8
2011/07/31 01:09:00,37.4480,141.8750,39,4.0,9.2,0.3,1.5,22
2011/07/31 01:07:00,38.3180,140.6980,12,3.0,16.3,0.3,1.2,7
2011/07/30 21:18:00,34.0370,135.2700,6,3.2,37.8,0.3,1.1,4
2011/07/30 14:42:00,38.5300,139.9850,5,3.7,22.7,0.4,1.7,20
2011/07/30 13:07:00,35.9150,141.0370,30,3.7,10.3,0.3,1.4,19
2011/07/30 12:16:00,37.1000,139.8520,9,3.4,61.7,0.8,1.3,30
2011/07/30 12:02:00,34.2650,135.4070,7,3.1,34.7,0.4,1.4,8
2011/07/30 10:07:00,34.0880,135.2180,7,4.0,111.3,1.4,2.3,34
2011/07/30 08:44:00,38.8970,141.9520,50,3.9,44.3,0.7,2.3,40
2011/07/30 08:18:00,38.4570,142.2750,31,4.3,13.1,0.2,1.2,37
2011/07/29 23:53:00,36.6870,142.1330,29,5.6,19.5,1.5,2.9,247
2011/07/29 21:13:00,36.8750,140.6820,9,3.8,78.9,2.2,2.6,30
2011/07/29 19:58:00,36.8300,140.5880,8,4.1,236.5,6.0,4.0,92
2011/07/29 17:08:00,38.3180,140.7020,12,2.7,14.5,0.3,1.5,3
2011/07/29 10:59:00,36.6320,141.0650,26,4.3,47.9,0.6,2.4,73
2011/07/29 07:11:00,35.7570,140.9870,13,4.2,39.3,1.1,2.1,43
2011/07/29 07:07:00,36.5180,140.9080,14,4.0,26.5,0.6,2.0,27
2011/07/29 05:46:00,36.6880,140.5950,8,3.3,89.4,1.1,2.5,20
2011/07/29 01:01:00,38.7950,142.0220,56,4.1,62.6,0.9,2.5,59
2011/07/28 18:40:00,38.3530,141.7820,50,3.9,35.0,0.4,1.7,24
2011/07/28 18:01:00,40.2950,143.5230,3,5.7,11.6,0.7,2.3,122
2011/07/28 05:23:00,35.7900,141.0150,20,4.1,11.6,0.3,1.6,40
2011/07/27 23:49:00,40.1020,142.7970,25,4.9,16.5,0.7,2.2,98
2011/07/27 21:33:00,36.6980,140.6330,7,3.2,26.1,0.6,2.2,13
2011/07/27 07:18:00,37.0150,140.5820,5,3.3,21.7,0.4,1.9,12
2011/07/27 04:07:00,36.4700,140.7380,52,3.8,45.9,0.8,2.4,45
2011/07/27 03:07:00,36.6250,140.9420,48,3.2,10.5,0.2,1.5,6
2011/07/27 01:49:00,37.3880,138.6020,18,3.7,13.9,0.9,2.0,41
2011/07/26 22:41:00,37.3800,141.5150,44,3.9,18.7,0.5,2.1,41
2011/07/26 22:36:00,38.3930,141.8300,59,4.4,99.7,1.6,2.8,110
2011/07/26 22:35:00,35.8150,140.9230,12,4.2,16.6,0.4,1.5,33
2011/07/26 20:44:00,35.8670,140.5080,17,3.3,11.2,0.2,1.3,18
2011/07/26 07:58:00,42.0420,142.5050,67,4.8,52.3,2.1,3.1,210
2011/07/26 06:33:00,39.0320,142.7450,24,4.9,17.7,0.6,2.0,95
2011/07/26 05:39:00,38.5370,141.8180,50,4.6,61.5,0.8,2.2,109
2011/07/26 05:35:00,36.2020,141.0170,36,4.3,50.3,1.0,2.8,83
2011/07/25 20:55:00,35.2430,141.2320,37,5.7,22.4,5.7,3.6,141
2011/07/25 20:35:00,26.7920,128.4250,31,3.9,24.5,0.7,2.2,3
2011/07/25 20:10:00,38.5600,142.0830,45,4.4,61.0,1.1,2.3,98
2011/07/25 20:04:00,38.5630,142.0770,45,5.2,82.2,2.1,3.1,199
2011/07/25 19:08:00,38.5420,141.8300,49,3.6,20.1,0.3,1.3,20
2011/07/25 10:04:00,37.0680,140.7530,9,3.4,21.7,0.3,1.7,20
2011/07/25 09:02:00,40.6670,141.9350,71,3.8,17.8,0.4,1.7,31
2011/07/25 04:16:00,36.0650,141.2120,37,4.0,17.6,0.4,2.0,35
2011/07/25 03:51:00,37.7080,141.6270,46,6.3,343.1,12.6,4.6,584
2011/07/25 02:19:00,36.6270,139.6130,5,3.9,46.9,1.2,3.0,43
2011/07/25 00:07:00,38.8430,142.1170,44,5.2,85.0,1.8,3.0,162
2011/07/24 23:32:00,33.9200,136.1380,42,4.8,213.3,4.2,4.0,170
2011/07/24 20:02:00,38.8870,141.9670,50,3.6,19.0,0.3,1.5,17
2011/07/24 13:17:00,37.4580,141.2700,32,3.9,16.7,0.2,1.1,25
2011/07/24 08:56:00,38.4070,141.9020,59,4.2,76.9,1.1,3.0,83
2011/07/23 23:22:00,36.1770,140.1120,51,4.0,40.8,0.7,2.5,88
2011/07/23 13:34:00,38.8730,142.0900,47,6.4,323.0,16.7,5.0,484
2011/07/23 03:00:00,37.2770,139.9380,4,2.7,18.4,0.3,1.5,2
2011/07/22 22:26:00,37.1200,140.8470,7,3.3,9.4,0.2,1.1,10
2011/07/22 18:03:00,38.8550,142.0520,46,3.8,38.4,0.5,1.7,26
2011/07/22 14:58:00,38.3120,141.8630,46,4.2,130.4,1.6,1.9,71
2011/07/22 10:36:00,36.4300,140.6150,54,4.0,49.4,0.9,2.5,93
2011/07/22 07:48:00,35.5780,141.0500,37,4.4,8.7,0.5,1.8,15
2011/07/22 06:55:00,37.1070,140.7650,5,2.7,1.9,0.0,-0.4,1
2011/07/21 18:08:00,37.0930,140.8280,9,3.3,7.7,0.2,0.9,14
2011/07/21 05:45:00,36.7100,140.5930,7,3.4,23.0,0.3,1.6,19
2011/07/21 04:18:00,27.2320,128.3150,59,5.2,132.1,6.6,4.1,12
2011/07/21 01:12:00,37.0270,138.6880,8,2.9,19.8,0.6,1.7,6
2011/07/20 22:09:00,38.4770,142.2720,27,4.4,16.2,0.4,1.6,51
2011/07/20 21:58:00,37.1280,140.7430,4,3.7,3.4,0.2,1.0,8
2011/07/20 20:30:00,37.2800,141.4720,45,4.1,29.2,0.5,2.0,37
2011/07/20 12:29:00,37.0830,140.7720,9,3.0,4.8,0.1,0.8,2
2011/07/20 11:00:00,36.8050,140.5600,7,4.0,305.8,4.6,3.8,64
2011/07/20 10:35:00,44.6180,145.3750,19,4.0,13.3,0.3,1.8,14
2011/07/19 23:09:00,39.5620,140.5500,7,3.0,22.0,0.4,1.8,13
2011/07/19 10:39:00,37.3250,141.7570,31,5.4,34.2,1.3,2.8,189
2011/07/19 06:00:00,37.3480,141.3450,49,3.9,11.9,0.3,1.5,29
2011/07/19 05:22:00,34.6750,138.6870,13,4.0,66.4,1.9,3.1,46
2011/07/19 03:41:30,37.0900,140.8570,10,3.5,5.7,0.1,1.0,6
2011/07/19 03:41:00,37.0930,140.8550,10,3.4,79.6,1.5,2.6,10
2011/07/19 03:39:00,37.0920,140.8580,10,3.5,44.6,0.9,2.1,8
2011/07/18 17:21:00,38.1500,141.7320,55,3.8,25.7,0.3,1.6,56
2011/07/17 11:36:00,40.3550,142.0850,51,3.8,40.6,0.7,2.2,28
2011/07/17 09:55:00,37.0300,140.6630,12,4.2,305.3,6.9,4.0,92
2011/07/17 01:41:00,36.5500,140.9630,18,3.8,24.3,0.4,1.9,42
2011/07/17 01:27:00,36.5500,140.9680,19,4.0,32.0,0.4,2.0,53
2011/07/16 22:23:00,38.9150,141.9380,52,4.0,32.5,0.4,1.7,35
2011/07/16 21:29:00,35.8420,137.7280,8,2.7,39.0,0.6,1.6,8
2011/07/16 20:41:00,37.3930,141.0280,13,3.7,7.9,0.2,1.3,19
2011/07/16 17:57:00,36.0720,139.8670,46,4.1,50.0,0.7,2.4,102
2011/07/16 17:56:00,36.4550,140.5950,57,3.9,36.3,0.7,2.3,50
2011/07/16 16:04:00,36.5570,140.9600,19,4.2,29.0,0.6,2.1,49
2011/07/16 14:17:00,37.0670,141.1970,52,4.3,54.2,1.1,2.8,92
2011/07/16 11:05:00,28.2870,129.4430,32,3.5,6.8,0.1,0.5,2
2011/07/16 06:11:00,36.5180,140.6230,12,3.5,87.2,1.2,2.6,24
2011/07/15 21:01:00,36.1630,140.0830,66,5.4,140.2,6.5,4.2,400
2011/07/15 17:53:00,36.2280,141.0800,46,3.9,16.8,0.5,2.1,34
2011/07/15 14:38:00,36.1900,137.9820,4,2.7,14.7,0.4,1.5,6
2011/07/15 12:25:00,35.6550,140.6950,48,3.6,10.4,0.5,1.5,15
2011/07/15 12:21:00,37.3720,141.3380,30,4.1,14.0,0.2,1.5,44
2011/07/15 10:59:00,37.0600,140.5630,3,3.3,89.3,1.7,2.9,7
2011/07/15 10:31:00,34.7600,135.8070,11,3.4,20.2,0.5,1.7,36
2011/07/15 01:47:00,38.7750,142.0170,55,4.0,63.7,0.9,2.5,57
2011/07/14 20:42:00,38.7030,142.0400,48,3.8,32.7,0.3,1.5,26
2011/07/14 18:50:00,36.0530,137.5570,9,3.0,32.5,0.9,2.5,15
2011/07/14 14:48:00,38.1200,141.7670,55,3.8,24.0,0.4,1.7,57
2011/07/14 13:10:00,36.8950,141.5180,29,5.4,16.3,0.9,2.2,87
2011/07/14 10:35:00,38.4350,141.8380,57,4.8,144.0,2.0,3.1,168
2011/07/14 04:35:00,38.5350,141.7170,54,3.8,40.6,0.5,1.8,18
2011/07/14 03:49:00,38.4220,142.1680,32,4.2,36.5,0.5,2.0,72
2011/07/14 00:44:00,36.4280,141.2500,48,4.2,9.8,0.3,1.6,61
2011/07/13 16:19:00,24.9950,123.7950,116,5.1,14.9,0.3,1.6,5
2011/07/13 13:10:00,38.8880,142.5330,41,4.4,13.4,0.3,1.6,47
2011/07/13 11:02:00,37.2220,140.9050,8,3.4,13.3,0.3,1.6,9
2011/07/13 05:47:00,37.2900,141.1730,14,5.3,31.5,2.6,3.3,102
2011/07/13 05:36:00,36.6580,140.5930,7,3.1,58.1,0.6,1.8,9
2011/07/13 05:06:00,38.9850,141.9420,52,3.8,49.1,0.5,1.6,30
2011/07/13 02:54:00,36.5330,141.0320,36,4.0,38.5,0.5,2.1,43
2011/07/13 00:37:00,38.3300,142.0070,47,5.1,86.2,3.7,3.6,187
2011/07/12 18:40:00,37.6180,142.0480,25,4.5,8.2,0.3,1.4,47
2011/07/12 18:39:00,37.6100,141.8050,26,4.4,19.2,0.6,2.4,64
2011/07/12 18:00:00,38.7600,142.0620,57,4.8,196.5,2.8,3.6,150
2011/07/12 10:35:00,37.1150,140.8480,7,3.2,14.8,0.3,1.4,2
2011/07/12 09:38:00,37.1200,140.8420,7,3.5,10.8,0.4,1.5,17
2011/07/12 09:11:00,37.0050,140.5350,5,3.3,7.2,0.2,1.3,11
2011/07/12 08:09:00,37.0930,140.8380,8,2.8,5.6,0.1,0.4,3
2011/07/12 05:13:00,39.0720,142.4050,35,4.1,16.7,0.4,1.9,41
2011/07/12 02:18:00,38.3600,141.6650,53,3.7,40.7,0.5,2.1,25
2011/07/11 17:42:00,39.9500,141.7820,14,3.4,13.8,0.3,1.4,12
2011/07/11 13:29:00,39.3420,142.0600,48,5.1,125.5,3.2,3.8,137
2011/07/11 11:02:00,36.9950,138.6850,7,2.1,47.6,0.7,1.4,3
2011/07/11 10:36:00,38.4230,142.2020,35,4.6,62.1,0.9,2.5,98
2011/07/11 09:09:00,37.0920,140.8350,8,4.4,41.5,1.3,2.6,79
2011/07/11 03:04:00,37.3430,141.3530,49,3.6,14.5,0.3,1.4,22
2011/07/11 00:54:00,36.1930,140.9870,44,3.8,18.4,0.3,1.7,28
2011/07/10 19:37:00,37.1200,141.0720,55,3.7,17.0,0.3,1.3,33
2011/07/10 19:28:00,37.0950,140.6630,7,3.2,11.5,0.2,1.3,7
2011/07/10 13:18:00,36.2380,141.1470,44,4.2,23.7,0.3,1.8,74
2011/07/10 09:57:00,38.0320,143.5070,34,7.3,75.6,7.2,3.7,774
2011/07/10 05:58:00,34.9080,138.2430,28,3.8,25.7,0.7,2.0,86
2011/07/09 22:41:00,38.8830,141.9850,49,3.9,62.5,1.0,2.5,47
2011/07/09 20:25:00,38.7020,141.7950,53,3.3,36.0,0.4,1.6,13
2011/07/09 18:43:00,37.0920,140.8370,8,3.4,21.3,0.4,1.6,15
2011/07/09 11:51:00,37.3030,141.2320,39,3.7,15.5,0.2,1.4,23
2011/07/09 11:11:00,36.5300,140.8320,18,3.8,55.3,0.9,2.2,36
2011/07/09 08:23:00,37.4370,141.4350,44,3.5,5.0,0.1,0.5,8
2011/07/09 06:44:00,37.1230,140.9230,9,3.4,35.3,0.7,2.3,8
2011/07/09 05:55:00,36.8730,141.1170,50,3.6,6.0,0.2,1.1,24
2011/07/09 05:05:00,36.8000,140.5650,7,3.1,101.4,2.0,2.6,10
2011/07/08 22:19:00,36.6120,140.6130,4,2.5,17.0,0.3,1.2,1
2011/07/08 22:10:00,39.8400,142.2450,43,4.9,99.0,1.5,3.0,109
2011/07/08 22:08:00,38.4270,142.1950,30,4.5,42.3,0.5,2.1,86
2011/07/08 13:58:00,35.8500,140.8020,25,3.5,33.2,0.7,1.5,20
2011/07/08 11:43:00,38.6070,141.8050,46,4.0,78.9,1.0,2.4,67
2011/07/08 03:35:00,37.0970,141.1280,55,5.6,265.5,10.6,4.6,450
2011/07/07 15:48:00,36.7030,140.6370,6,3.5,39.9,0.4,1.7,15
2011/07/07 15:45:00,37.6730,139.9300,9,2.9,40.8,0.6,1.1,9
2011/07/07 14:10:00,37.5820,142.0300,29,4.7,13.4,0.5,1.9,105
2011/07/07 13:02:00,38.0180,142.3020,38,4.7,14.0,0.3,1.7,86
2011/07/07 12:00:00,36.1330,139.8350,50,3.6,14.2,0.3,1.7,58
2011/07/07 00:15:00,36.3730,141.7870,76,5.9,26.5,3.1,3.2,267
2011/07/05 19:34:00,33.9950,135.2420,7,4.5,634.5,13.3,4.1,85
2011/07/05 19:18:00,33.9900,135.2330,7,5.5,1084.1,26.3,4.9,340
2011/07/05 16:51:00,36.8330,140.5700,4,4.0,106.8,1.1,2.7,39
2011/07/05 11:00:00,39.2770,142.2370,43,3.8,75.3,1.2,2.1,37
2011/07/05 06:23:00,36.1920,137.9800,5,2.6,8.2,0.3,1.0,3
2011/07/05 02:16:00,36.6130,140.5870,3,2.2,21.8,0.2,0.8,1
2011/07/05 01:06:00,40.1620,142.3770,37,4.5,18.4,0.8,2.3,87
2011/07/04 20:00:00,36.9880,140.5070,6,4.4,73.7,1.9,3.1,116
2011/07/04 19:45:00,40.1070,142.6900,28,4.5,7.3,0.4,1.7,61
2011/07/04 18:55:00,37.4000,141.3230,29,4.2,11.0,0.2,1.2,44
2011/07/04 16:52:00,37.1300,141.0400,26,3.4,29.0,0.4,1.6,16
2011/07/04 12:24:00,35.9550,141.2350,27,4.2,14.8,0.3,1.7,34
2011/07/04 11:07:00,33.9300,135.5470,46,4.1,62.3,1.0,2.3,51
2011/07/04 05:41:00,37.9120,142.5780,39,4.5,5.5,0.2,1.2,39
2011/07/04 02:29:00,36.9900,140.5080,5,3.7,14.3,0.3,1.5,39
2011/07/03 18:19:00,37.4300,141.2700,29,3.7,13.2,0.2,1.1,16
2011/07/03 16:48:00,39.1680,142.4220,33,4.4,23.8,0.3,1.4,57
2011/07/03 13:38:00,38.8680,142.4350,35,4.1,15.3,0.2,1.1,34
2011/07/03 12:15:00,38.3480,142.1330,45,3.9,9.5,0.1,0.9,17
2011/07/03 11:40:00,36.1830,140.8380,38,3.7,21.8,0.5,2.0,33
2011/07/03 02:11:00,37.6770,139.9320,9,3.9,161.4,3.3,3.0,55
2011/07/02 22:18:00,38.4400,141.9700,54,4.0,36.9,0.6,2.0,31
2011/07/02 11:52:00,36.1950,137.9730,4,2.3,5.6,0.1,0.7,2
2011/07/02 07:28:00,36.1950,137.9730,4,3.9,73.4,3.0,3.0,29
2011/07/01 20:03:00,35.8270,141.0130,17,4.4,16.8,0.6,2.3,76
2011/07/01 16:31:00,36.2150,137.9420,4,2.2,3.3,0.1,0.2,1
2011/07/01 14:22:00,33.3900,132.2280,46,3.9,15.4,0.3,1.8,84
2011/07/01 13:59:00,36.2130,137.9430,4,2.1,6.6,0.1,0.1,2
2011/07/01 13:19:00,37.5970,142.0070,24,4.5,6.7,0.2,1.5,75
2011/07/01 13:03:00,37.4050,141.4450,20,3.9,5.6,0.1,0.8,15
2011/07/01 09:37:00,38.7350,142.3650,39,4.3,17.9,0.5,2.0,61
2011/07/01 01:20:00,37.4350,141.2950,29,4.2,24.4,0.6,2.2,64
2011/06/30 23:45:00,36.2130,137.9430,5,2.4,4.2,0.1,0.2,3
2011/06/30 23:07:00,35.4600,140.4120,31,3.5,22.7,0.7,1.9,36
2011/06/30 21:42:00,38.7270,142.3820,38,4.2,14.2,0.3,1.6,51
2011/06/30 19:22:00,37.3430,141.5880,43,4.8,52.8,1.8,3.2,174
2011/06/30 14:58:00,39.1530,142.4150,31,4.0,20.4,0.4,2.0,30
2011/06/30 14:11:00,36.2020,137.9520,4,3.4,37.7,1.7,3.0,12
2011/06/30 13:54:00,36.2050,137.9450,4,3.1,14.0,0.5,1.7,10
2011/06/30 13:18:00,39.8720,141.1470,8,3.5,130.7,2.5,3.1,24
2011/06/30 10:19:00,35.7230,140.6820,48,3.5,3.6,0.1,0.6,11
2011/06/30 09:20:00,36.1980,137.9750,3,2.4,11.9,0.3,1.0,2
2011/06/30 09:17:00,39.5930,140.6350,5,2.8,17.4,0.4,1.5,9
2011/06/30 08:30:00,36.2070,137.9470,5,2.5,10.2,0.1,0.7,4
2011/06/30 08:21:00,36.1880,137.9530,4,5.1,60.4,3.8,3.5,72
2011/06/30 08:16:00,36.1880,137.9530,4,5.4,119.3,7.3,4.2,163
2011/06/30 07:14:00,35.7350,140.6180,51,4.6,39.8,1.2,2.6,82
2011/06/30 05:56:00,37.0380,138.7120,8,2.3,3.8,0.1,0.0,3
2011/06/30 04:52:00,36.5530,140.9480,19,3.8,21.4,0.4,1.8,38
2011/06/30 04:45:00,36.1930,137.9500,5,2.4,6.0,0.1,0.7,3
2011/06/30 02:09:00,38.2130,141.5970,53,4.0,26.7,0.5,2.2,64
2011/06/30 00:59:00,38.4350,141.8350,57,3.9,22.7,0.3,1.6,35
2011/06/29 23:36:00,33.4130,131.9120,64,3.8,14.4,0.4,1.6,56
2011/06/29 23:19:00,36.9550,141.0720,51,3.9,27.7,0.7,2.4,52
2011/06/29 22:18:00,36.9450,138.6130,4,2.7,7.3,0.2,0.6,5
2011/06/29 22:05:00,37.1680,140.8980,9,3.2,16.6,0.3,1.5,6
2011/06/29 20:58:00,36.1970,137.9500,5,2.3,10.5,0.1,0.5,2
2011/06/29 20:04:00,36.1920,137.9530,5,2.8,11.6,0.2,1.1,6
2011/06/29 19:32:00,36.1900,137.9520,4,3.4,21.9,0.7,2.4,19
2011/06/29 16:18:00,36.8070,141.1630,34,3.9,19.8,0.4,1.8,26
2011/06/29 14:40:00,37.6780,139.9380,8,2.8,46.0,0.7,1.3,5
2011/06/29 14:34:00,37.6750,139.9380,8,2.7,18.5,0.2,0.5,6
2011/06/29 14:29:00,37.6800,139.9400,9,2.8,66.1,0.6,1.2,2
2011/06/29 14:27:00,37.6820,139.9420,8,3.3,60.4,0.9,1.8,16
2011/06/29 12:58:00,38.8880,141.9680,50,3.8,27.2,0.4,2.0,32
2011/06/29 12:02:00,35.3020,138.7050,10,2.7,12.6,0.3,1.7,5
2011/06/29 11:04:00,37.1330,140.8520,7,3.3,19.3,0.5,1.6,4
2011/06/29 10:51:00,37.1370,140.8600,7,3.8,27.5,0.4,1.9,24
2011/06/29 02:45:00,33.0170,130.7420,11,3.1,20.4,0.3,1.5,15
2011/06/29 01:17:00,37.1320,141.0630,54,3.9,29.5,0.5,2.1,39
2011/06/28 22:22:00,38.2070,142.0000,50,4.2,13.2,0.3,1.6,68
2011/06/28 21:18:00,33.0230,130.7350,11,4.2,83.1,2.4,3.2,101
2011/06/28 19:46:00,37.1280,140.8580,7,2.9,19.1,0.3,1.4,2
2011/06/28 17:11:00,38.4400,141.8330,57,3.6,24.4,0.3,1.7,33
2011/06/28 15:50:00,38.4250,141.7850,56,4.0,70.5,0.8,2.3,59
2011/06/28 12:45:00,37.1220,140.8720,9,4.3,89.8,3.4,3.3,48
2011/06/28 03:22:00,36.4570,141.0050,54,3.8,35.7,1.0,2.4,49
2011/06/28 00:04:00,35.8170,140.9980,18,4.5,22.9,0.7,2.3,60
2011/06/27 20:48:00,37.0350,140.5730,9,3.4,20.5,0.5,1.9,21
2011/06/26 21:29:00,38.3670,141.8320,59,3.9,37.1,0.4,1.9,43
2011/06/26 18:40:00,40.2350,140.3800,13,3.7,24.6,0.7,2.5,35
2011/06/26 12:00:00,36.6280,141.0380,47,3.8,33.7,0.5,1.9,28
2011/06/26 11:42:00,36.7420,140.5830,8,3.3,36.0,0.7,2.0,16
2011/06/26 07:58:00,35.9730,140.0900,62,3.5,10.7,0.2,1.1,31
2011/06/26 06:38:00,36.9100,141.0800,51,4.1,33.6,0.5,1.8,59
2011/06/26 05:11:00,39.5950,140.6330,4,3.9,77.1,1.9,3.2,38
2011/06/25 22:04:00,42.8970,142.6370,103,4.1,11.7,0.6,1.9,69
2011/06/25 18:59:00,36.0180,140.0970,63,3.7,10.7,0.4,1.4,73
2011/06/25 17:25:00,37.0950,140.8470,9,4.1,41.4,1.4,2.5,21
2011/06/25 17:02:00,37.0920,140.8480,10,3.2,9.5,0.3,1.3,3
2011/06/25 17:01:00,37.0950,140.8450,9,4.0,26.8,0.5,2.0,43
2011/06/25 16:06:00,36.9630,140.5370,6,4.5,44.7,1.3,3.0,121
2011/06/25 15:54:00,37.0180,142.4650,15,4.7,7.1,0.3,1.7,55
2011/06/25 11:37:00,40.0400,140.5430,10,3.1,42.5,0.8,2.5,17
2011/06/25 09:44:00,39.6780,142.1270,48,4.3,41.2,1.0,2.9,79
2011/06/25 02:39:00,41.9650,142.7200,57,5.4,70.2,3.7,3.3,251
2011/06/25 02:25:00,36.9070,141.0620,51,3.9,30.0,0.6,2.3,56
2011/06/25 00:22:00,37.1030,141.1370,53,4.1,17.9,0.5,2.0,54
2011/06/24 23:47:00,37.0230,141.0930,52,4.3,30.7,0.9,2.1,81
2011/06/24 23:39:00,38.3170,140.7000,12,3.2,33.8,0.5,1.8,8
2011/06/24 18:43:00,39.6800,142.1200,48,3.9,24.2,0.6,1.9,37
2011/06/24 15:54:00,35.9870,141.1630,25,4.3,24.7,0.6,2.2,53
2011/06/24 10:00:00,36.3720,140.6270,53,3.7,39.8,0.4,2.0,38
2011/06/24 09:45:00,37.6770,139.9320,9,2.7,43.8,0.7,1.2,6
2011/06/24 09:41:00,32.6500,131.6520,16,3.4,20.5,0.3,1.5,16
2011/06/24 09:36:00,37.6750,139.9300,9,3.7,228.7,4.5,3.0,36
2011/06/24 03:48:00,34.6180,139.2470,10,3.6,21.6,0.9,2.0,14
2011/06/23 21:00:00,34.8930,136.8470,11,3.4,16.8,0.3,1.6,30
2011/06/23 20:38:00,30.2480,131.6080,50,4.7,4.6,0.2,1.2,14
2011/06/23 19:35:00,38.4670,141.6070,57,5.3,306.8,6.1,4.2,237
2011/06/23 19:15:00,39.9720,142.4230,38,4.3,14.7,0.3,1.6,60
2011/06/23 17:22:30,39.9400,142.4830,35,4.0,18.3,0.5,2.1,52
2011/06/23 17:22:00,37.0650,141.1730,50,4.5,95.4,2.4,3.2,79
2011/06/23 17:09:00,36.9980,140.5050,5,3.5,16.6,0.3,1.5,20
2011/06/23 08:47:00,37.3650,141.1420,34,3.8,29.1,0.5,1.4,26
2011/06/23 06:51:00,39.9470,142.5900,36,6.9,485.1,12.0,5.0,645
2011/06/23 03:56:00,36.8030,138.5930,1,3.2,11.9,0.3,1.7,11
2011/06/23 03:19:00,36.4280,140.5520,53,3.8,25.6,0.5,2.2,56
2011/06/22 23:29:00,40.0630,142.9130,23,5.5,28.9,1.5,2.9,210
2011/06/22 19:16:00,38.6370,141.9080,49,3.9,30.9,0.3,1.5,21
2011/06/22 12:17:00,37.7870,141.8100,32,4.1,17.0,0.3,1.3,39
2011/06/22 10:39:00,39.1780,142.1800,52,4.0,35.6,0.5,1.9,58
2011/06/22 06:52:00,38.8870,141.9720,50,3.9,24.5,0.4,1.6,23
2011/06/22 06:15:00,36.2930,141.8500,73,5.0,13.4,0.5,1.9,72
2011/06/22 05:26:00,37.2920,141.3770,46,3.4,14.6,0.3,1.3,6
2011/06/21 23:30:00,35.3800,140.4450,54,4.3,9.9,0.4,1.8,60
2011/06/21 18:51:00,42.9700,141.4230,0,3.8,13.5,0.5,2.1,15
2011/06/21 17:49:00,35.7580,141.4730,21,5.5,30.7,2.9,3.2,145
2011/06/21 17:37:00,37.6800,139.9400,8,2.8,43.3,0.7,1.4,4
2011/06/21 14:17:00,38.5800,141.7300,61,4.0,33.9,0.4,1.7,62
2011/06/21 13:40:00,38.6700,142.0220,45,4.1,102.0,1.3,2.9,67
2011/06/21 11:28:00,39.6120,140.6320,5,3.4,76.6,1.5,3.2,14
2011/06/21 07:26:00,37.0620,141.1350,51,3.8,11.8,0.2,1.4,28
2011/06/20 12:13:00,37.0550,139.5030,8,3.0,32.7,0.4,1.7,8
2011/06/20 10:46:00,35.5230,140.9430,40,4.6,29.6,1.5,3.0,46
2011/06/20 07:25:00,37.1150,140.8350,7,2.7,3.8,0.0,0.0,1
2011/06/20 06:55:00,37.1170,140.8330,8,3.3,8.4,0.2,1.2,4
2011/06/20 06:17:00,37.1130,140.8600,7,3.7,10.5,0.3,1.6,12
2011/06/20 04:50:00,36.9280,140.4770,6,3.8,15.9,0.4,1.8,35
2011/06/20 03:58:00,36.9170,141.3900,46,4.3,58.9,1.5,3.2,118
2011/06/20 03:13:00,36.7730,141.2920,30,4.7,14.9,0.8,2.2,56
2011/06/20 00:49:00,38.5230,141.9200,44,4.1,44.7,0.5,1.9,55
2011/06/19 17:46:00,39.6030,142.1070,48,3.7,20.0,0.3,1.6,30
2011/06/19 15:52:00,35.5150,141.0150,38,4.5,16.1,0.8,2.0,24
2011/06/19 15:41:00,37.3900,141.4280,34,3.9,9.6,0.2,1.0,25
2011/06/19 06:15:00,36.8150,138.6450,2,3.0,10.4,0.1,0.7,6
2011/06/19 06:14:00,36.8170,138.6430,2,3.4,13.1,0.2,1.4,11
2011/06/19 04:17:00,36.7050,140.5920,9,3.1,55.0,0.7,1.7,11
2011/06/19 04:10:00,36.9850,141.1980,28,4.3,32.8,0.7,2.4,77
2011/06/19 04:01:00,36.7080,140.6020,7,3.3,41.0,0.5,1.6,10
2011/06/19 03:26:00,38.3150,140.6980,12,2.8,19.3,0.4,1.7,3
2011/06/18 20:31:00,37.6170,141.8200,28,6.0,76.2,3.8,3.7,420
2011/06/18 18:57:00,35.6680,140.1150,71,4.2,15.8,0.6,2.2,165
2011/06/18 18:12:00,37.0020,141.1670,48,4.0,28.5,0.6,2.2,53
2011/06/18 13:39:00,37.0600,140.6270,15,4.6,145.2,5.4,3.7,142
2011/06/18 13:33:00,36.6820,140.6200,12,3.8,111.8,1.6,2.5,39
2011/06/18 10:40:00,38.3530,141.7980,57,3.8,26.8,0.4,1.5,42
2011/06/18 08:19:00,36.3450,136.7330,7,3.3,23.5,0.4,2.0,16
2011/06/18 06:27:00,40.1970,141.3630,9,2.6,24.7,0.6,1.9,3
2011/06/18 05:48:00,38.3150,140.7000,12,2.9,29.3,0.7,2.1,5
2011/06/18 05:13:00,40.1480,142.0580,60,3.7,27.5,0.3,1.6,28
2011/06/18 04:48:00,36.1550,137.4350,7,3.8,93.8,2.9,3.8,57
2011/06/17 21:09:00,32.6800,132.1330,37,4.1,19.1,0.4,1.9,36
2011/06/17 19:29:00,34.9830,132.8130,7,2.8,27.6,0.4,1.5,6
2011/06/17 12:50:00,36.6930,140.6380,5,3.3,16.1,0.2,1.3,17
2011/06/17 04:00:00,35.4170,141.2850,31,4.9,8.1,0.6,2.0,44
2011/06/16 23:38:00,36.9620,141.7100,49,4.3,8.6,0.3,1.9,38
2011/06/16 23:32:00,35.0950,132.6670,9,3.9,113.1,2.1,3.1,70
2011/06/16 15:53:00,36.7180,140.6220,5,4.2,46.2,1.0,2.5,41
2011/06/16 11:56:00,37.6650,139.9330,8,2.9,35.1,0.5,1.1,10
2011/06/16 00:56:00,36.7020,140.5780,8,3.9,96.1,1.4,2.6,38
2011/06/16 00:36:00,38.8520,142.0550,46,3.8,43.6,0.6,2.0,26
2011/06/16 00:16:00,38.3220,142.2570,39,4.2,21.0,0.3,1.7,44
2011/06/15 21:48:00,38.9130,141.9370,52,4.0,41.2,0.5,1.7,33
2011/06/15 16:42:00,36.0600,140.6730,12,3.5,23.8,0.3,1.6,11
2011/06/15 08:15:00,36.9650,140.6680,7,3.8,45.5,1.1,2.7,21
2011/06/15 02:54:00,39.5000,142.5520,28,4.6,16.6,0.4,1.9,73
2011/06/15 01:51:00,39.0430,140.8720,5,3.8,392.5,6.9,3.9,29
2011/06/14 23:56:00,39.4900,142.5280,28,5.3,70.9,1.9,3.6,211
2011/06/14 22:07:00,37.8120,143.5820,50,6.0,21.0,0.9,2.5,347
2011/06/14 21:49:00,43.1170,145.3600,73,5.1,253.1,8.5,4.2,105
2011/06/14 05:59:00,37.3350,141.3280,33,4.4,38.9,0.8,2.5,60
2011/06/13 17:51:00,36.5400,140.6770,16,3.0,28.8,0.4,1.5,4
2011/06/13 16:44:00,35.7180,140.6670,46,3.6,5.6,0.3,1.4,13
2011/06/13 15:50:00,39.9470,143.2270,16,5.1,10.2,0.8,2.4,90
2011/06/13 13:53:00,36.3470,136.7400,8,3.3,13.3,0.2,1.1,13
2011/06/13 05:48:00,28.0000,130.2570,35,4.6,3.3,0.3,1.5,2
2011/06/13 05:22:00,38.6980,141.8030,53,3.9,58.0,1.1,2.4,41
2011/06/13 03:31:00,36.4870,140.9420,17,4.4,14.9,0.5,2.0,38
2011/06/13 01:53:00,36.0880,137.5020,8,3.2,42.4,0.8,2.4,15
2011/06/12 22:33:00,36.7900,140.5400,8,3.5,49.8,0.7,2.2,19
2011/06/12 21:57:00,36.2350,141.7530,29,4.9,6.1,0.6,1.8,50
2011/06/12 17:27:00,36.8500,140.5250,7,3.6,126.0,2.3,3.2,19
2011/06/12 17:09:00,36.4120,141.0800,47,4.6,46.5,1.6,3.1,127
2011/06/12 12:11:00,37.0180,138.7030,8,2.5,10.0,0.2,0.8,4
2011/06/12 09:37:00,35.7850,140.8920,11,4.4,73.9,4.4,3.4,73
2011/06/12 06:16:00,37.0970,140.6900,9,3.2,8.6,0.2,1.3,6
2011/06/12 05:09:00,37.2150,141.2100,21,4.5,68.0,1.8,3.0,124
2011/06/12 01:54:00,37.6700,139.9350,8,3.2,44.0,0.6,1.4,12
2011/06/11 22:20:00,39.6120,140.6380,4,2.9,20.9,0.5,1.9,7
2011/06/11 15:34:00,36.9470,140.6630,5,4.2,81.1,1.6,3.0,46
2011/06/11 15:18:00,35.9150,141.0150,19,4.3,19.4,0.6,2.2,48
2011/06/11 11:08:00,38.4400,142.2250,29,4.0,26.6,0.4,1.7,40
2011/06/11 08:20:00,37.2430,141.3130,34,3.9,26.0,0.5,1.7,28
2011/06/11 07:36:00,38.3630,142.2220,36,5.0,78.0,1.4,3.1,182
2011/06/11 06:23:00,37.4120,141.3980,46,3.9,6.1,0.1,1.0,16
2011/06/11 00:40:00,36.9370,140.6830,11,3.9,52.2,0.8,2.6,32
2011/06/11 00:35:00,37.2750,141.2480,37,3.6,12.0,0.3,1.0,13
2011/06/10 22:39:00,38.6180,141.9030,48,4.4,100.9,1.6,2.9,93
2011/06/10 17:18:00,36.4780,140.9870,19,4.4,17.8,0.5,2.2,51
2011/06/10 07:26:00,37.0880,140.5850,13,3.0,31.5,0.6,2.0,7
2011/06/10 06:03:00,35.7350,140.8330,13,3.8,37.2,1.0,1.9,9
2011/06/10 03:16:00,40.1520,142.3950,37,4.7,28.8,1.2,2.7,93
2011/06/10 00:40:00,37.8950,141.6520,49,4.4,19.9,0.4,1.7,79
2011/06/09 20:20:00,28.3000,129.5600,26,3.9,11.2,0.2,1.2,3
2011/06/09 19:38:00,36.4970,140.9700,13,5.7,122.8,4.4,4.1,265
2011/06/09 19:26:00,37.2250,142.2770,22,5.2,10.5,0.4,2.0,68
2011/06/09 13:47:00,39.6100,140.6330,4,3.6,40.2,1.4,2.7,17
2011/06/09 13:33:00,36.3470,136.7400,7,3.7,32.5,0.6,1.8,29
2011/06/09 07:11:00,39.0400,142.4420,34,5.0,247.5,3.6,3.7,139
2011/06/09 03:18:00,35.9050,137.6400,7,2.9,23.4,0.7,2.3,10
2011/06/08 08:09:00,37.0980,141.1430,51,3.6,11.7,0.2,1.1,20
2011/06/08 06:53:00,37.2330,141.2180,35,3.5,10.7,0.2,0.8,9
2011/06/08 06:36:00,33.9630,132.9770,40,3.8,58.8,0.8,2.5,84
2011/06/08 03:30:00,38.6180,141.9070,48,3.8,46.5,0.6,2.1,16
2011/06/08 00:44:00,37.2000,141.3820,48,3.8,9.8,0.2,1.3,15
2011/06/07 13:02:00,40.3520,142.0800,50,3.9,17.9,0.4,1.9,25
2011/06/07 05:37:00,37.4380,141.4820,39,3.6,4.2,0.1,0.2,2
2011/06/07 05:10:00,37.7720,141.6000,48,4.6,62.7,1.4,2.8,129
2011/06/06 19:24:00,36.1030,137.4720,8,4.1,98.1,2.7,3.5,47
2011/06/06 12:00:00,38.3200,142.2150,40,4.0,32.9,0.4,1.9,33
2011/06/05 20:36:00,37.0650,140.7720,10,3.7,27.7,0.5,1.9,19
2011/06/05 20:16:00,37.0500,140.7720,11,4.4,42.9,1.0,2.4,78
2011/06/05 19:46:00,36.9200,140.7330,14,3.9,58.8,1.2,2.7,54
2011/06/05 18:10:00,37.0850,140.7970,6,3.4,5.9,0.2,1.2,5
2011/06/05 17:32:00,37.1120,140.8220,7,3.5,13.3,0.3,1.6,10
2011/06/05 17:22:00,37.1130,140.8270,7,3.3,6.5,0.2,1.1,4
2011/06/05 17:19:00,37.1150,140.8320,8,3.3,6.7,0.1,1.1,6
2011/06/05 11:17:00,37.4670,141.6700,46,3.9,11.4,0.2,1.0,12
2011/06/05 10:22:00,35.7050,140.6420,48,3.5,6.2,0.4,1.6,14
2011/06/05 10:06:00,35.0880,132.6720,10,3.3,45.0,0.7,2.2,21
2011/06/05 09:16:00,36.5200,140.9300,14,3.9,20.6,0.4,1.9,22
2011/06/05 06:14:00,35.8780,141.2800,41,4.4,12.7,0.3,1.9,27
2011/06/05 01:37:00,39.0920,142.1430,45,3.9,22.1,0.5,1.8,38
2011/06/05 01:31:00,35.0870,132.6730,10,3.3,44.5,0.6,2.0,14
2011/06/04 20:01:00,43.5170,144.5080,143,4.4,28.4,0.8,2.3,35
2011/06/04 15:29:00,38.0230,141.5120,62,3.8,18.3,0.4,1.9,40
2011/06/04 12:37:00,38.2720,141.2650,76,4.4,78.3,1.5,2.9,121
2011/06/04 12:33:00,40.2400,140.3800,13,4.1,53.4,1.8,3.3,85
2011/06/04 12:00:00,36.5050,140.9420,14,3.9,19.4,0.5,1.9,25
2011/06/04 10:41:00,37.0030,141.1930,28,4.1,22.4,0.4,1.8,37
2011/06/04 09:03:30,43.4920,144.8500,135,3.7,10.1,0.2,1.5,16
2011/06/04 09:03:00,37.2680,141.4780,36,4.3,23.0,0.4,1.9,45
2011/06/04 04:03:00,37.0120,138.7000,4,1.9,2.8,0.1,0.0,1
2011/06/04 03:56:00,37.0200,138.7050,7,3.2,41.8,1.1,2.5,11
2011/06/04 02:03:00,35.1030,132.6650,10,3.7,55.4,1.0,2.4,45
2011/06/04 01:57:00,35.0950,132.6700,11,5.2,451.5,10.9,4.4,251
2011/06/04 01:00:00,36.9900,141.2100,30,5.5,129.9,5.7,4.1,364
2011/06/03 21:44:00,37.2780,141.4680,36,4.2,17.0,0.3,1.6,56
2011/06/03 16:07:00,36.9950,141.1770,30,3.6,5.6,0.1,0.7,8
2011/06/03 15:42:00,38.3200,140.6880,12,3.4,35.8,0.9,2.3,11
2011/06/03 10:59:00,37.0420,138.7070,9,2.8,6.5,0.1,0.8,6
2011/06/03 10:33:00,35.9800,140.1570,62,4.5,33.0,1.3,2.7,188
2011/06/03 09:05:00,37.3020,143.8320,57,6.1,28.7,1.2,2.8,412
2011/06/03 04:22:00,37.0420,138.7080,9,2.2,5.0,0.1,0.3,3
2011/06/03 01:14:00,38.4320,141.8170,57,3.8,27.0,0.3,1.4,15
2011/06/02 23:41:00,37.0950,140.5900,7,3.8,54.1,1.3,2.9,35
2011/06/02 23:37:00,37.5100,142.7170,31,4.9,5.6,0.2,1.4,42
2011/06/02 21:00:00,36.4800,137.6370,1,3.8,18.6,0.4,1.6,35
2011/06/02 17:42:00,36.9630,138.5920,6,2.3,3.1,0.1,0.1,3
2011/06/02 16:02:00,37.0320,138.6950,11,2.3,9.0,0.2,0.5,2
2011/06/02 16:01:00,37.0280,138.6920,8,3.4,29.3,0.8,1.9,14
2011/06/02 14:47:00,36.8250,140.5850,7,4.2,223.4,4.2,3.7,61
2011/06/02 12:51:00,37.0420,138.7070,8,4.1,76.2,2.3,3.2,38
2011/06/02 11:36:00,37.0430,138.7120,12,2.9,11.1,0.2,0.9,7
2011/06/02 11:33:00,37.0170,138.7050,6,4.7,161.8,6.0,3.9,86
2011/06/02 11:15:00,38.1700,141.7570,55,4.0,36.3,0.6,2.5,65
2011/06/02 10:28:00,36.9570,140.7030,17,3.9,21.5,0.4,1.7,36
2011/06/02 09:29:00,38.2720,141.8770,64,3.9,13.6,0.3,1.8,40
2011/06/02 04:57:00,36.6400,139.4720,4,2.9,54.8,0.8,1.6,10
2011/06/02 03:37:00,39.7320,142.2450,44,4.3,24.4,0.6,2.3,62
2011/06/02 01:39:00,41.6680,142.2370,42,4.1,8.3,0.3,1.6,43
2011/06/01 21:18:00,37.6700,139.9370,8,2.8,75.4,1.2,1.9,8
2011/06/01 18:33:00,36.6150,140.8230,53,3.4,32.0,0.5,2.2,16
2011/06/01 17:18:00,35.5300,140.7170,28,4.5,70.8,1.3,2.7,29
2011/06/01 08:53:00,38.6370,141.9080,49,4.2,45.3,0.6,2.0,47
2011/06/01 08:20:00,36.7250,140.5920,8,3.8,114.7,1.4,2.6,34
2011/06/01 07:18:00,36.2580,137.0830,7,2.8,31.8,0.4,1.8,8
2011/06/01 06:23:00,37.1170,140.8400,7,3.4,9.0,0.2,1.4,8
2011/06/01 03:48:00,37.0130,140.7150,8,3.5,8.2,0.2,1.4,10
2011/06/01 02:15:00,38.8780,141.9970,50,4.1,50.7,0.8,2.4,56
2011/06/01 01:41:00,37.6580,141.7620,44,4.2,14.5,0.3,1.7,53
2011/06/01 01:26:00,40.2480,143.3520,12,5.1,7.8,0.7,2.1,73
2011/05/31 21:28:00,39.3420,142.0620,48,5.3,169.1,3.2,3.7,148
2011/05/31 16:50:00,36.2150,140.9950,45,4.4,37.2,0.9,2.6,71
2011/05/31 16:12:00,37.1980,141.0900,32,3.9,23.3,0.4,1.8,27
2011/05/31 08:53:00,40.2580,143.3820,10,5.0,7.5,0.3,1.8,53
2011/05/31 07:16:00,37.3870,141.2530,33,3.3,8.4,0.1,0.6,2
2011/05/31 05:39:00,36.8070,140.5570,7,3.6,78.2,1.1,2.5,27
2011/05/31 04:36:00,36.5120,140.9300,15,5.0,81.8,2.7,3.3,144
2011/05/30 15:06:00,37.0920,140.8500,9,2.8,19.3,0.4,1.3,2
2011/05/30 14:28:30,36.9570,140.7270,14,3.7,47.9,0.9,2.3,11
2011/05/30 14:28:00,35.5120,140.1220,23,3.0,7.0,0.2,1.1,13
2011/05/30 14:21:00,37.3430,141.1380,27,3.7,23.5,0.4,1.7,12
2011/05/30 06:55:00,37.6730,139.9370,8,3.6,108.5,1.8,2.4,23
2011/05/30 05:50:00,37.1300,140.8350,9,3.3,11.1,0.2,1.2,2
2011/05/29 20:56:00,39.5330,140.4020,7,2.5,8.1,0.2,1.3,2
2011/05/29 20:41:00,36.8100,140.5720,6,3.6,166.3,4.3,3.7,16
2011/05/29 20:29:00,42.1150,141.5030,88,3.8,5.0,0.3,1.6,14
2011/05/29 18:49:00,36.4200,141.0130,50,4.1,35.8,0.6,2.1,45
2011/05/29 18:40:00,38.3670,141.7700,54,4.2,24.3,0.5,2.0,51
2011/05/29 13:44:00,36.8730,140.6880,8,3.6,86.5,1.7,2.5,6
2011/05/29 13:23:00,36.9830,140.5950,10,4.2,70.7,1.2,2.6,77
2011/05/29 12:43:00,35.5050,140.1280,22,3.1,6.1,0.1,0.7,9
2011/05/29 11:55:00,36.5720,141.0630,36,3.8,27.0,0.5,2.0,12
2011/05/29 11:27:00,36.7980,140.5670,17,3.6,99.3,2.0,2.7,24
2011/05/29 10:42:00,37.1020,141.1270,51,3.4,7.4,0.2,1.1,10
2011/05/29 09:03:00,39.7530,142.3600,41,4.1,19.9,0.4,2.1,50
2011/05/29 08:51:00,33.0300,130.7420,12,3.4,14.9,0.4,1.8,20
2011/05/29 06:04:00,37.3420,141.3680,48,3.9,20.8,0.5,1.9,24
2011/05/29 05:18:00,31.6180,129.5970,7,4.3,186.9,2.7,3.0,43
2011/05/29 03:52:00,38.8800,142.2550,46,4.3,35.6,0.7,2.2,46
2011/05/29 02:59:00,40.5430,142.0470,41,3.7,10.9,0.2,1.4,16
2011/05/29 01:36:00,38.8320,140.6220,5,2.2,29.9,0.4,1.7,3
2011/05/29 00:52:00,32.8900,131.6950,14,3.3,19.4,0.2,1.2,14
2011/05/28 22:54:00,37.0330,140.6830,9,3.6,11.6,0.3,1.5,9
2011/05/28 20:55:00,38.6970,142.4030,34,3.9,28.2,0.5,1.9,9
2011/05/28 16:43:00,37.0500,140.5600,6,2.9,34.9,0.6,2.1,1
2011/05/28 16:03:00,33.0300,130.7420,11,3.1,13.7,0.3,1.7,11
2011/05/28 11:14:00,36.4580,140.6030,56,4.4,142.2,3.3,3.7,144
2011/05/28 10:57:00,35.7050,140.9470,11,4.4,76.5,3.2,2.8,44
2011/05/28 08:02:00,39.7950,142.1400,47,4.5,63.7,1.7,3.1,88
2011/05/28 07:50:00,37.1150,140.8320,7,2.9,2.3,0.1,0.3,1
2011/05/28 03:33:00,37.0400,138.7100,8,3.2,22.9,0.5,1.8,10
2011/05/27 23:39:00,36.4320,141.1200,46,4.3,21.3,0.8,2.5,45
2011/05/27 22:51:00,35.0300,139.4550,33,3.4,64.0,1.7,2.8,39
2011/05/27 22:33:00,39.6120,140.6320,5,4.6,211.5,8.1,4.1,100
2011/05/27 20:51:00,37.1180,140.8330,7,3.0,5.5,0.2,0.9,2
2011/05/27 20:25:00,36.9830,140.8300,15,3.6,61.6,1.4,2.5,9
2011/05/27 19:53:00,39.4580,140.3700,9,2.4,4.3,0.1,0.5,2
2011/05/27 17:04:00,37.0730,140.6450,15,4.2,183.5,4.1,3.5,111
2011/05/27 16:11:00,39.5080,140.2530,8,2.6,3.0,0.1,0.4,2
2011/05/27 13:44:00,37.3750,141.4620,30,3.6,6.5,0.2,1.1,2
2011/05/27 12:34:00,37.1120,140.8280,8,4.7,40.3,1.2,2.9,57
2011/05/27 08:25:00,37.1150,140.8330,7,3.3,10.9,0.3,1.5,1
2011/05/27 08:21:00,37.1130,140.8270,8,3.5,10.5,0.3,1.8,5
2011/05/27 04:50:00,37.0830,140.6320,8,3.6,43.3,0.8,2.4,6
2011/05/27 02:19:00,36.5600,141.2520,46,4.3,12.4,0.3,1.8,27
2011/05/27 00:04:00,39.0820,142.3830,34,4.2,30.5,0.5,2.1,16
2011/05/26 21:22:00,37.1100,140.8300,4,3.2,8.5,0.2,1.0,2
2011/05/26 20:12:00,36.7170,140.6320,6,4.0,100.1,1.2,2.6,29
2011/05/26 19:56:00,36.7180,140.6230,6,4.8,151.5,5.7,4.2,174
2011/05/26 19:15:00,37.1100,140.8350,7,3.7,14.5,0.6,1.7,4
2011/05/26 15:57:00,39.6330,142.0980,48,4.1,53.5,1.1,2.6,29
2011/05/26 10:37:00,37.2430,141.0370,30,3.5,32.1,0.5,1.6,5
2011/05/26 09:49:00,38.8320,140.6220,5,3.0,113.8,1.5,3.0,5
2011/05/25 23:20:00,35.4970,140.9280,24,3.9,5.2,0.2,0.9,12
2011/05/25 17:27:00,38.1370,141.6030,60,4.1,24.4,0.5,2.0,28
2011/05/25 12:47:00,37.0200,140.5030,5,3.0,17.4,0.3,1.2,1
2011/05/25 09:19:00,35.9230,140.1380,62,4.5,50.1,1.6,3.2,159
2011/05/25 08:03:00,36.8500,140.6950,9,3.8,52.9,0.9,2.2,10
2011/05/25 07:38:00,37.4380,141.5120,42,4.3,24.0,0.6,1.9,22
2011/05/25 05:36:00,37.1120,140.8300,7,5.0,52.9,4.5,3.3,73
2011/05/25 01:31:00,36.3470,136.7470,8,3.2,10.4,0.2,1.1,13
2011/05/24 20:50:00,35.6830,140.0420,69,3.8,8.3,0.2,1.4,44
2011/05/24 20:49:00,36.3980,141.1220,44,5.0,71.6,1.6,3.0,135
2011/05/24 19:46:00,39.6100,140.6330,5,2.8,20.9,0.3,2.0,3
2011/05/24 19:18:00,36.7800,141.2880,36,4.6,27.1,0.7,2.5,22
2011/05/24 18:58:00,27.3050,128.9420,42,3.7,9.6,0.3,1.7,2
2011/05/24 17:03:00,37.1080,141.1330,51,3.9,12.9,0.4,1.9,9
2011/05/24 14:43:00,42.3570,143.1230,50,4.1,42.0,1.2,2.7,40
2011/05/24 12:41:00,39.7830,143.4870,27,5.8,16.6,1.2,2.7,142
2011/05/24 10:40:00,36.7300,140.6500,6,3.3,16.8,0.4,2.2,1
2011/05/24 08:56:00,35.9980,141.2230,37,3.9,12.6,0.4,1.4,5
2011/05/24 06:55:00,38.5350,141.7130,54,3.8,27.8,0.4,1.5,5
2011/05/23 23:40:00,38.0620,142.6480,32,4.8,12.9,0.3,1.5,15
2011/05/23 23:07:00,36.7020,140.6220,7,3.1,15.2,0.2,1.3,2
2011/05/23 14:20:00,38.1880,142.1530,16,4.8,17.8,0.5,2.2,35
2011/05/23 12:26:00,38.1630,141.6820,51,3.8,23.2,0.3,1.6,14
2011/05/23 06:39:00,37.6050,141.6120,43,4.3,14.4,0.4,1.8,18
2011/05/23 01:18:00,33.0250,130.7220,12,3.5,19.4,0.3,1.6,23
2011/05/22 23:46:00,37.5830,143.4570,45,5.6,8.7,0.3,1.6,57
2011/05/22 20:06:00,37.5820,142.0580,27,4.7,9.2,0.2,1.2,9
2011/05/22 17:33:00,39.1180,143.0100,21,4.7,4.2,0.4,1.4,13
2011/05/22 07:32:00,37.0480,140.9800,53,3.9,21.8,0.4,2.0,11
2011/05/22 07:06:00,35.7280,140.6430,48,5.5,115.8,13.1,4.4,273
2011/05/22 02:45:00,43.5130,144.8470,143,4.0,35.6,0.6,2.4,31
2011/05/22 02:17:00,36.9480,139.4220,4,3.9,65.1,1.8,2.8,17
2011/05/22 00:03:00,36.5420,140.8730,51,4.1,61.9,1.1,2.7,24
2011/05/21 19:42:00,38.6980,142.2070,40,4.4,20.8,0.3,1.8,31
2011/05/21 19:24:00,37.1850,141.4720,48,4.4,29.0,0.6,2.1,35
2011/05/21 17:51:00,36.0080,140.3920,55,3.6,8.9,0.3,1.6,10
2011/05/21 15:25:00,35.3730,135.8880,15,3.4,31.3,0.4,1.9,24
2011/05/21 14:35:00,39.0930,142.4350,30,4.4,32.6,0.4,1.6,25
2011/05/21 12:40:00,37.0880,141.1550,51,4.0,25.4,0.5,2.1,11
2011/05/21 05:22:00,36.8870,140.5400,7,3.5,63.1,1.0,2.3,6
2011/05/21 05:20:00,35.8180,140.9070,29,3.5,11.3,0.5,1.5,5
2011/05/21 01:04:00,35.4870,139.1330,17,3.8,35.2,0.8,2.5,71
2011/05/20 20:42:00,38.1800,141.7000,51,3.9,41.9,0.6,1.9,15
2011/05/20 20:16:00,36.3230,141.0480,45,3.9,16.2,0.4,2.0,20
2011/05/20 17:53:00,35.9880,140.0880,64,4.6,139.2,4.5,4.2,195
2011/05/20 16:28:00,37.4520,141.4830,41,5.2,71.4,3.0,3.5,229
2011/05/20 13:48:00,36.6830,140.5580,3,3.4,282.9,4.2,3.5,4
2011/05/20 12:50:00,37.0680,141.1680,50,3.9,15.6,0.4,1.5,4
2011/05/20 09:46:00,35.8000,141.1750,36,5.8,62.9,7.3,3.9,257
2011/05/20 09:10:00,37.8080,142.0600,33,4.4,16.0,0.3,1.8,18
2011/05/20 04:41:00,37.2280,141.1370,13,3.8,24.4,0.5,1.6,2
2011/05/20 04:30:00,41.1530,140.8720,11,3.0,39.4,0.6,2.1,6
2011/05/19 23:01:00,38.6220,141.8900,47,3.8,33.3,0.4,1.7,7
2011/05/19 22:42:00,36.7000,140.6300,6,3.2,45.4,1.3,2.7,2
2011/05/19 21:12:00,35.9900,141.0970,34,4.1,22.2,0.6,2.1,12
2011/05/19 18:58:00,36.7130,141.0370,48,3.7,33.0,0.6,2.0,25
2011/05/19 18:12:00,37.1720,142.8470,42,5.5,7.1,0.4,1.7,20
2011/05/19 17:32:00,38.3280,141.7750,60,4.8,113.3,1.6,3.0,101
2011/05/19 12:41:00,40.9080,142.1250,52,3.8,7.7,0.1,1.0,8
2011/05/19 12:12:00,41.5670,142.0630,62,3.6,3.7,0.2,1.1,5
2011/05/19 05:39:00,38.4020,141.7750,58,4.1,38.5,0.4,1.9,12
2011/05/18 22:32:00,36.9300,140.7020,8,4.3,47.4,1.2,2.5,32
2011/05/18 20:48:00,36.5970,140.9730,48,4.2,47.2,1.2,2.9,63
2011/05/18 20:16:00,38.4050,142.1250,31,4.0,24.4,0.3,1.6,3
2011/05/18 19:21:00,36.7020,140.6300,5,2.8,10.8,0.3,1.3,1
2011/05/18 18:11:00,38.2080,141.6130,60,3.9,21.3,0.4,1.8,14
2011/05/18 16:24:00,37.2200,141.3930,48,4.2,88.9,2.6,3.4,61
2011/05/18 07:53:00,36.2150,141.0050,36,3.5,15.6,0.4,1.8,4
2011/05/18 04:34:00,36.8750,140.6850,9,3.9,103.4,2.9,2.9,20
2011/05/17 22:41:00,36.2680,140.4550,52,4.0,61.2,1.4,3.0,48
2011/05/17 19:40:00,35.3420,138.5220,19,2.6,13.7,0.3,1.5,3
2011/05/17 16:49:00,35.8430,140.9330,32,3.5,18.1,0.4,1.3,3
2011/05/17 13:54:00,39.2730,142.2480,42,3.9,74.8,1.2,2.2,16
2011/05/17 10:03:00,37.7600,141.0200,18,4.0,64.2,1.3,2.5,23
2011/05/17 07:38:00,37.2770,141.3880,47,3.1,7.2,0.2,0.9,1
2011/05/17 07:14:00,41.5480,142.0720,64,4.2,6.2,0.3,1.4,19
2011/05/17 06:14:00,38.1570,141.7470,55,4.2,47.2,0.9,2.4,39
2011/05/17 03:05:00,36.4780,137.6380,2,4.5,42.6,0.7,2.2,59
2011/05/17 00:53:00,37.3770,141.2970,35,4.6,121.9,2.2,2.8,87
2011/05/16 18:05:00,37.3050,141.5350,32,4.1,10.3,0.2,1.7,5
2011/05/16 17:30:00,37.2550,141.3530,49,3.9,10.3,0.3,1.5,4
2011/05/16 12:20:00,39.1100,142.1320,45,3.7,17.0,0.2,0.8,8
2011/05/16 07:23:00,36.9730,138.6080,5,2.2,2.1,0.0,-0.2,1
2011/05/16 06:58:00,35.8650,140.6220,52,3.8,7.0,0.2,1.4,7
2011/05/16 04:07:00,38.6280,141.9330,48,4.7,79.1,1.7,2.8,50
2011/05/15 22:51:00,37.4120,141.3880,28,3.7,13.9,0.2,1.0,1
2011/05/15 22:03:00,36.9780,138.6320,9,3.0,9.1,0.2,0.9,9
2011/05/15 21:32:00,39.7650,142.7300,31,4.7,15.8,0.4,1.9,42
2011/05/15 21:14:00,37.2870,142.5550,68,5.3,20.0,1.2,2.6,136
2011/05/15 19:25:00,37.0700,142.4920,6,5.1,6.3,0.3,1.5,9
2011/05/15 18:56:00,38.3320,141.7230,52,3.7,43.2,0.6,2.2,23
2011/05/15 16:56:00,37.7070,139.9280,7,3.7,179.6,3.7,3.0,17
2011/05/15 16:03:00,37.1080,140.7850,9,3.5,6.3,0.1,0.4,2
2011/05/15 14:19:00,42.6650,143.0120,106,3.5,8.8,0.3,1.5,22
2011/05/15 13:12:00,38.1480,141.7280,55,3.9,10.0,0.1,1.0,5
2011/05/15 08:51:00,37.6550,141.5820,48,5.1,68.4,2.5,3.6,132
2011/05/15 07:30:00,42.8530,146.3120,48,5.0,29.7,0.8,2.6,44
2011/05/15 01:45:00,38.8570,142.0800,42,3.9,68.7,1.1,2.4,18
2011/05/15 00:01:00,37.4100,141.3170,28,4.6,41.6,1.1,2.7,65
2011/05/14 23:49:00,37.1500,141.3630,48,3.9,21.8,0.4,1.7,10
2011/05/14 22:46:00,36.6920,140.6080,5,3.8,30.1,0.7,2.2,4
2011/05/14 19:11:00,38.6000,142.1630,35,4.1,15.8,0.2,1.2,8
2011/05/14 11:07:00,39.5180,140.4420,10,2.7,11.1,0.2,1.5,1
2011/05/14 09:25:00,37.2970,141.6100,45,4.3,10.5,0.3,1.9,15
2011/05/14 08:43:00,37.7050,139.9300,8,3.1,82.0,1.0,2.0,6
2011/05/14 08:40:00,37.3000,141.6220,44,4.4,11.6,0.3,1.5,9
2011/05/14 08:36:00,37.3270,141.6280,41,5.9,105.3,3.5,3.9,388
2011/05/14 06:49:00,35.9570,141.1030,29,4.7,42.4,1.5,2.6,96
2011/05/14 04:51:00,37.0530,141.3620,31,4.0,3.5,0.1,0.9,1
2011/05/14 01:28:00,36.7380,140.5900,6,4.3,162.6,4.0,3.9,34
2011/05/13 22:54:00,35.8000,140.9920,27,4.0,26.4,0.5,1.9,10
2011/05/13 22:51:00,35.8070,140.9970,28,4.2,24.7,0.6,2.2,21
2011/05/13 17:26:00,36.8650,141.0550,49,4.0,127.7,2.2,2.4,21
2011/05/13 17:19:00,37.0920,140.7030,6,3.5,15.2,0.4,1.6,1
2011/05/13 10:17:00,37.0900,140.8330,7,2.8,11.6,0.2,1.1,2
2011/05/13 08:35:00,36.1650,140.0970,50,3.9,31.1,0.5,2.2,42
2011/05/13 07:36:00,36.6680,140.5970,6,3.6,103.2,1.6,2.7,8
2011/05/13 05:52:00,35.6600,140.0600,70,4.1,43.3,1.7,3.0,119
2011/05/13 01:21:00,39.6630,142.1380,49,4.7,87.3,2.0,3.1,85
2011/05/13 00:48:00,37.0980,140.8280,7,2.9,9.9,0.3,1.3,1
2011/05/13 00:26:00,36.2970,141.0280,46,4.3,37.1,0.6,2.3,35
2011/05/12 21:41:00,38.3730,141.8680,65,3.8,20.5,0.3,1.7,20
2011/05/12 18:51:00,37.0020,140.7930,10,3.7,8.5,0.4,1.4,2
2011/05/12 14:57:00,37.7420,139.9230,9,3.2,39.2,0.7,1.7,7
2011/05/12 04:20:00,36.1320,138.9730,131,3.9,8.9,0.4,1.8,62
2011/05/12 03:21:00,38.5280,141.8130,50,4.6,70.9,1.1,2.7,66
2011/05/12 03:20:00,35.7170,140.5950,47,3.5,6.6,0.4,1.4,5
2011/05/12 02:46:00,34.1950,135.1750,6,3.5,142.7,1.4,2.4,7
2011/05/12 01:40:00,37.5800,141.5980,47,3.9,11.9,0.2,1.3,5
2011/05/11 21:19:00,40.4930,141.1180,11,3.0,33.7,0.6,2.4,6
2011/05/11 21:16:00,35.8150,140.9180,29,3.4,13.1,0.6,1.7,3
2011/05/11 20:52:00,36.9720,138.6380,8,3.0,33.0,0.6,1.6,9
2011/05/11 19:23:00,37.1020,140.6080,12,3.4,32.0,0.8,2.1,3
2011/05/11 13:51:00,36.6920,140.6200,4,3.4,13.3,0.3,1.6,4
2011/05/11 11:00:00,37.1380,140.7850,6,3.4,3.1,0.0,0.2,1
2011/05/11 09:50:00,38.1730,141.6800,51,3.9,12.0,0.3,1.4,9
2011/05/11 07:15:00,37.0300,140.6200,6,3.3,24.4,0.5,2.0,2
2011/05/11 05:24:00,35.6730,141.0120,23,4.7,92.8,3.2,3.4,54
2011/05/11 04:58:00,38.9130,141.9370,51,4.0,49.4,0.6,2.3,37
2011/05/11 04:22:00,35.7870,140.9820,13,4.2,14.9,0.5,2.0,14
2011/05/11 03:24:00,38.2970,141.8820,47,4.2,60.7,0.8,2.5,46
2011/05/11 02:02:00,35.6730,140.8430,28,4.1,42.5,1.0,2.4,17
2011/05/11 01:42:00,36.6380,140.6070,5,2.6,42.1,0.4,1.5,1
2011/05/11 00:22:00,36.7250,140.9280,52,3.7,17.4,0.2,1.2,4
2011/05/10 23:13:00,34.2030,135.1930,5,2.8,33.8,0.4,1.5,2
2011/05/10 23:01:00,34.1980,135.1850,5,4.2,240.5,3.8,3.4,45
2011/05/10 22:09:00,34.1970,135.1820,5,3.4,94.9,1.2,2.2,5
2011/05/10 19:14:00,36.2250,141.8620,58,5.4,20.1,0.7,2.6,27
2011/05/10 18:02:00,32.2400,131.2850,63,3.3,11.7,0.3,1.6,14
2011/05/10 10:35:00,36.7120,140.5970,9,3.1,31.9,0.4,1.7,4
2011/05/10 08:58:00,36.7500,140.5830,7,3.2,33.3,0.6,2.0,4
2011/05/10 08:52:00,36.2400,141.0530,40,3.9,18.9,0.4,1.9,11
2011/05/10 08:38:00,36.6980,140.6370,6,4.5,71.1,2.7,3.5,56
2011/05/10 05:15:00,37.7950,143.6170,45,5.6,9.3,0.3,1.7,66
2011/05/10 00:38:00,37.0250,138.6970,7,2.7,11.3,0.2,0.8,7
2011/05/09 21:08:00,36.4650,141.0780,23,4.4,15.1,0.5,2.1,9
2011/05/09 19:53:00,36.5380,140.8550,52,4.0,69.3,1.3,2.8,51
2011/05/09 11:26:00,36.9570,141.5420,43,4.3,7.9,0.2,1.5,5
2011/05/09 09:00:00,36.8050,140.5800,5,3.8,282.3,6.9,4.0,10
2011/05/09 08:44:00,37.0900,140.5970,6,2.8,24.4,0.6,2.1,1
2011/05/09 08:03:00,36.9150,140.6750,10,3.7,60.5,1.0,2.4,7
2011/05/09 06:28:00,36.3180,140.8070,53,3.3,11.1,0.3,1.6,5
2011/05/09 04:59:00,35.9800,137.3050,7,2.9,93.7,1.4,2.2,19
2011/05/09 04:22:00,38.3980,141.9850,48,3.8,23.8,0.5,1.5,17
2011/05/09 00:20:00,36.9820,140.7770,12,4.1,36.1,0.7,2.3,33
2011/05/08 20:49:00,38.2970,141.6680,52,3.9,27.6,0.3,1.6,7
2011/05/08 19:43:00,37.6500,141.5880,46,4.7,77.4,1.8,3.3,81
2011/05/08 14:01:00,36.8900,140.6720,8,3.7,83.1,1.8,2.8,5
2011/05/08 13:53:00,37.0220,141.0830,51,4.4,42.3,1.2,2.5,46
2011/05/08 13:13:00,37.4380,141.2750,28,3.4,12.7,0.1,0.9,2
2011/05/08 11:56:00,35.8480,137.6520,10,3.1,70.9,1.0,1.8,20
2011/05/08 07:11:00,37.1080,140.7730,4,4.5,31.0,0.9,2.7,56
2011/05/08 06:24:00,37.3380,141.6000,44,4.3,11.3,0.3,1.5,6
2011/05/08 05:52:00,40.2430,142.5000,34,5.7,98.9,3.2,3.8,198
2011/05/08 05:03:00,38.8130,141.6970,78,4.1,25.8,0.3,1.5,29
2011/05/07 23:31:00,35.7250,140.9150,13,3.8,12.0,0.4,1.5,3
2011/05/07 23:25:00,38.3900,141.9780,47,4.0,22.5,0.3,1.7,9
2011/05/07 22:00:00,33.8580,134.6820,38,3.6,29.9,0.5,2.3,17
2011/05/07 21:47:00,33.8550,134.6850,39,4.0,51.9,1.3,2.8,50
2011/05/07 20:24:00,36.7180,141.1100,24,4.2,25.4,0.6,2.3,30
2011/05/07 14:16:00,36.8270,138.6820,2,3.7,25.5,0.5,1.8,30
2011/05/07 13:35:00,37.7450,139.9320,8,4.6,306.7,10.4,3.9,97
2011/05/07 10:12:00,37.1070,140.8680,8,2.8,7.8,0.2,1.1,1
2011/05/06 23:15:00,36.9350,140.6530,7,3.8,112.8,2.8,3.0,4
2011/05/06 20:52:00,39.5550,140.4500,9,3.6,60.1,1.2,2.9,15
2011/05/06 18:00:00,37.7100,138.1130,18,4.2,35.2,1.3,2.8,38
2011/05/06 16:56:00,38.3420,141.7270,51,4.1,87.2,1.5,3.0,43
2011/05/06 15:43:00,38.4130,142.2030,36,4.2,22.6,0.4,1.5,9
2011/05/06 14:15:00,39.0770,142.2300,44,4.7,68.7,1.2,2.6,52
2011/05/06 08:21:00,26.0820,128.6720,35,5.6,7.4,0.9,2.2,5
2011/05/06 07:46:00,36.5650,141.8230,44,4.1,10.1,0.3,1.8,18
2011/05/06 07:37:00,37.0150,140.5050,6,4.0,31.0,0.8,2.2,22
2011/05/06 06:55:00,37.3970,141.2870,34,3.8,15.1,0.2,1.3,7
2011/05/06 03:32:00,37.7280,139.9300,8,3.4,177.1,3.0,3.2,13
2011/05/06 03:06:00,36.7170,140.6070,7,3.5,107.0,2.0,2.9,5
2011/05/06 02:04:00,37.0980,140.8080,6,5.2,87.4,4.7,3.7,109
2011/05/05 23:58:00,38.2120,144.1180,42,6.1,28.1,0.9,2.7,305
2011/05/05 23:33:00,37.1750,141.1200,33,3.9,24.2,0.5,2.0,15
2011/05/05 22:23:00,38.8830,141.9850,50,3.9,26.7,0.3,1.8,9
2011/05/05 20:02:00,36.9570,141.0670,51,3.9,24.2,0.6,2.2,19
2011/05/05 19:20:00,36.8480,140.5820,8,4.5,258.1,9.0,4.4,69
2011/05/05 14:06:00,35.6870,140.7480,45,3.7,7.1,0.4,1.5,7
2011/05/05 12:14:00,37.0120,138.6780,8,2.5,17.6,0.3,1.1,2
2011/05/05 10:39:00,37.2200,140.8900,8,3.4,26.0,0.4,1.7,2
2011/05/05 03:22:00,35.2250,138.3950,18,3.6,58.6,1.2,2.8,43
2011/05/05 01:33:00,37.0200,140.3400,1,2.7,15.2,0.3,1.3,1
2011/05/05 01:29:00,37.8400,141.8120,31,4.2,7.0,0.1,1.0,5
2011/05/05 00:09:00,36.8020,140.5450,7,4.1,345.8,10.9,4.2,26
2011/05/04 22:18:00,38.8780,141.9900,49,4.2,51.8,0.7,2.2,32
2011/05/04 20:43:00,36.3130,141.1650,47,4.2,10.0,0.3,1.9,10
2011/05/04 17:47:00,36.7980,140.5450,8,3.8,80.9,2.0,3.1,25
2011/05/04 17:44:00,37.1030,140.5930,7,2.9,78.1,1.0,2.3,2
2011/05/04 16:37:00,36.7070,140.6520,2,3.0,22.1,0.4,1.6,1
2011/05/04 16:13:00,35.9020,139.0300,15,3.2,34.0,0.5,1.8,22
2011/05/04 15:18:00,37.0330,140.5520,8,2.7,63.3,0.8,2.0,1
2011/05/04 14:41:00,40.8450,141.4130,92,4.6,59.9,1.9,3.2,99
2011/05/04 10:43:00,37.0700,141.1770,51,3.8,16.1,0.4,1.5,7
2011/05/04 08:06:00,39.5170,140.4120,9,2.6,12.4,0.2,1.4,1
2011/05/04 07:01:00,38.3880,141.9750,47,4.2,30.5,0.5,1.7,26
2011/05/04 04:15:00,37.9800,140.5600,10,3.9,25.6,0.8,2.2,17
2011/05/04 03:52:00,39.6000,140.5330,6,3.0,55.8,1.2,2.1,7
2011/05/03 23:53:00,37.0370,140.8170,10,3.5,16.4,0.3,1.5,2
2011/05/03 22:57:00,37.0120,140.5850,8,4.5,220.8,3.9,3.6,68
2011/05/03 22:36:00,38.8030,142.0420,47,4.8,104.6,1.7,2.7,75
2011/05/03 20:52:00,36.9630,138.6030,8,2.9,13.9,0.3,0.7,3
2011/05/03 20:44:00,37.5050,141.3830,49,4.3,35.5,1.0,2.0,28
2011/05/03 14:26:00,35.0000,140.2400,33,4.2,25.6,0.9,2.4,28
2011/05/03 11:13:00,36.9550,140.6200,9,3.8,252.0,3.8,3.0,21
2011/05/03 07:06:00,34.2850,135.1730,8,2.9,73.5,0.7,1.5,2
2011/05/03 06:26:00,40.0570,142.7220,31,5.1,18.2,1.4,2.8,100
2011/05/03 05:31:00,37.1670,141.3120,34,4.3,14.4,0.5,2.2,33
2011/05/03 05:15:00,41.3970,141.2570,7,3.5,36.8,0.5,1.9,7
2011/05/03 05:01:00,36.6550,141.0970,45,4.0,11.2,0.3,1.8,13
2011/05/02 22:34:00,36.6650,140.5450,10,3.1,85.2,1.1,2.1,2
2011/05/02 21:36:00,38.3130,142.2320,38,4.7,37.5,0.8,2.5,68
2011/05/02 20:29:00,38.6150,141.8920,49,4.3,51.1,0.9,2.5,22
2011/05/02 18:52:00,37.0820,141.4130,46,3.9,32.5,0.6,1.7,9
2011/05/02 16:55:00,36.5980,140.8300,28,3.9,71.0,1.4,2.9,16
2011/05/02 15:44:00,36.3480,140.8230,49,3.8,14.1,0.3,1.6,11
2011/05/02 15:09:00,42.9270,145.5100,44,4.0,17.9,0.4,2.0,20
2011/05/02 12:17:00,36.9880,140.5330,7,3.9,23.3,1.0,2.4,10
2011/05/02 11:09:00,37.6520,141.6000,48,4.7,59.5,1.6,2.6,57
2011/05/02 09:49:00,36.3250,140.9350,39,3.8,23.7,0.6,2.1,12
2011/05/02 09:38:00,36.7030,140.5950,9,3.7,98.6,1.3,2.4,11
2011/05/02 08:52:00,36.6980,140.6250,7,3.3,45.5,1.1,2.6,4
2011/05/02 08:25:00,37.7820,141.5720,48,4.1,8.7,0.2,0.9,6
2011/05/02 08:02:00,28.6620,129.5900,16,3.9,10.7,0.6,2.2,3
2011/05/02 04:59:00,37.0680,140.6700,10,3.8,29.7,0.7,2.4,7
2011/05/01 21:30:00,39.5030,140.4600,10,2.5,6.6,0.3,1.2,2
2011/05/01 21:12:00,39.5300,140.3900,6,2.5,18.6,0.4,1.9,1
2011/05/01 20:01:00,37.1000,140.8050,8,3.2,4.2,0.1,1.0,1
2011/05/01 19:22:00,35.8980,140.8470,42,4.4,30.0,1.4,2.1,20
2011/05/01 18:36:00,36.6300,140.5600,22,3.9,221.9,2.5,3.2,32
2011/05/01 18:32:00,38.6370,141.8920,47,3.9,31.2,0.4,1.8,13
2011/05/01 16:04:00,35.9100,141.0550,30,4.4,20.0,0.6,2.1,24
2011/05/01 14:06:00,37.5330,141.2830,19,4.2,35.8,0.6,2.4,37
2011/05/01 12:37:00,37.0670,140.6680,10,3.9,39.5,1.0,2.8,5
2011/05/01 12:26:00,37.1100,141.1450,56,4.2,26.6,1.0,2.6,35
2011/05/01 11:48:00,37.4230,141.2080,29,4.6,106.7,2.5,3.3,88
2011/05/01 11:22:00,37.0980,140.8400,8,2.8,13.9,0.2,1.2,1
2011/05/01 10:56:00,37.1450,141.3730,49,4.1,28.3,0.5,2.1,23
2011/05/01 10:45:00,35.9180,139.8250,77,4.2,24.4,0.8,2.7,155
2011/05/01 10:27:00,35.8950,140.8530,39,4.5,59.0,2.6,2.8,15
2011/05/01 09:02:00,37.0970,140.8470,9,3.7,41.6,1.1,2.3,7
2011/05/01 08:24:00,36.3970,140.9970,20,4.3,11.3,0.3,2.0,12
2011/05/01 08:08:00,36.3950,141.0070,20,4.2,24.4,0.5,2.4,32
2011/05/01 02:12:00,36.3880,141.0050,21,4.9,87.5,2.8,3.6,127
2011/04/30 21:57:00,37.0300,140.5930,9,3.6,29.1,0.4,1.9,14
2011/04/30 19:28:00,38.3200,140.6900,12,3.2,13.6,0.2,1.1,2
2011/04/30 17:18:00,36.3070,141.0700,48,3.9,11.4,0.2,1.6,6
2011/04/30 15:04:00,36.7670,141.2480,37,4.6,59.7,1.7,3.2,32
2011/04/30 14:47:00,37.3350,141.2950,33,4.5,84.1,2.3,3.4,76
2011/04/30 14:29:00,36.7530,141.2480,35,4.1,41.7,1.0,2.6,24
2011/04/30 14:06:00,36.7580,141.2800,37,5.3,164.0,9.5,4.3,193
2011/04/30 10:54:00,39.6730,142.1370,47,4.2,55.1,1.3,2.4,30
2011/04/30 07:19:00,38.8380,142.1130,44,5.2,74.1,1.8,2.8,90
2011/04/30 06:11:00,36.3330,141.0780,46,4.0,16.3,0.3,1.8,13
2011/04/30 05:21:00,36.7730,140.5320,10,3.7,143.6,3.9,3.4,10
2011/04/30 04:11:00,36.4750,138.6820,13,2.6,16.7,0.3,1.8,5
2011/04/30 02:04:00,35.4570,140.9150,24,4.7,52.2,2.4,2.9,50
2011/04/29 23:33:00,36.3420,140.8980,40,3.8,21.9,0.3,1.6,7
2011/04/29 21:24:00,36.6870,140.6230,7,3.0,21.0,0.5,2.1,2
2011/04/29 19:31:00,36.8150,138.6380,0,3.2,8.0,0.2,1.2,8
2011/04/29 17:29:00,36.6070,140.9030,50,3.9,24.9,0.4,1.8,17
2011/04/29 15:54:00,39.3400,142.0630,48,4.8,93.3,2.6,3.5,77
2011/04/29 14:45:00,37.0080,141.1320,50,3.7,8.0,0.2,1.0,4
2011/04/29 13:38:00,30.2380,130.9480,44,4.6,28.2,0.9,2.5,16
2011/04/29 13:00:00,35.9800,133.3300,17,3.9,5.7,0.2,1.1,11
2011/04/29 11:50:00,37.0980,140.8480,8,2.7,9.8,0.1,0.7,1
2011/04/29 09:00:00,42.1120,139.1980,18,3.9,22.1,0.7,2.3,15
2011/04/29 07:22:00,37.0400,138.7070,9,3.5,24.2,0.6,2.1,13
2011/04/29 07:21:00,37.0400,138.7050,9,2.4,6.9,0.1,0.4,1
2011/04/29 07:04:00,37.6480,141.5750,45,3.9,21.6,0.5,1.9,7
2011/04/29 03:56:00,36.5920,140.6300,8,2.4,43.6,0.6,1.5,1
2011/04/29 02:34:00,37.0980,140.8470,8,3.1,8.6,0.2,1.0,2
2011/04/29 02:18:00,39.1400,142.3930,35,4.3,42.8,0.9,2.6,31
2011/04/29 02:14:00,36.5920,140.6280,8,2.6,47.1,0.6,1.7,1
2011/04/29 01:43:00,38.6150,141.9080,49,3.7,26.6,0.3,1.5,5
2011/04/28 21:39:00,37.0880,140.8300,8,3.5,20.8,0.4,1.8,4
2011/04/28 18:28:00,37.4130,141.7800,44,5.7,119.8,4.0,4.1,347
2011/04/28 15:27:00,39.4570,140.3730,9,2.8,8.2,0.2,0.9,3
2011/04/28 10:44:00,38.5630,141.8900,48,4.8,76.1,2.1,3.0,86
2011/04/28 07:00:00,32.6930,132.1400,37,3.9,22.3,0.6,2.3,22
2011/04/28 06:45:00,38.1270,141.7770,53,4.8,128.8,1.5,2.9,101
2011/04/28 06:11:00,37.0020,140.6450,17,3.5,32.5,0.6,2.0,3
2011/04/28 00:56:00,36.7170,140.6100,6,2.8,31.8,0.6,1.8,2
2011/04/27 21:57:00,37.0670,140.6700,9,3.7,29.5,0.7,2.5,6
2011/04/27 21:27:00,37.0630,140.6600,13,3.9,83.4,2.0,2.9,23
2011/04/27 19:27:00,36.8200,138.6230,0,4.6,66.3,2.6,3.0,72
2011/04/27 16:03:00,39.9480,142.3380,41,4.2,12.1,0.4,1.6,10
2011/04/27 15:15:00,36.7150,140.6470,6,3.9,26.6,0.5,1.9,8
2011/04/27 13:23:00,37.0970,141.4250,54,3.9,39.4,0.9,2.1,15
2011/04/27 13:03:00,37.0400,141.2070,28,4.0,8.4,0.2,1.1,4
2011/04/27 12:55:00,37.0620,140.6720,10,4.1,35.5,1.1,2.8,13
2011/04/27 09:55:00,37.0370,140.6800,9,4.1,47.4,0.8,2.3,16
2011/04/27 07:56:00,36.9370,138.4570,6,3.3,33.0,1.0,2.3,9
2011/04/27 07:35:00,35.4220,140.9920,27,4.2,6.9,0.2,1.1,3
2011/04/27 02:17:00,36.2000,139.9550,52,3.6,14.6,0.2,1.4,17
2011/04/26 21:12:00,36.0850,139.9750,46,5.0,188.0,5.2,4.1,292
2011/04/26 13:01:00,37.2850,141.2470,13,5.2,44.9,1.7,3.1,98
2011/04/26 09:05:00,37.0520,140.6380,14,3.6,46.2,0.6,2.0,7
2011/04/26 08:26:00,42.0230,142.5920,61,4.6,14.1,0.7,2.3,87
2011/04/26 06:16:00,38.3480,141.8700,64,4.5,166.2,2.4,3.2,70
2011/04/26 05:24:00,37.0850,141.0930,32,3.9,18.5,0.4,1.9,16
2011/04/25 23:51:00,36.6680,139.5780,10,3.8,241.4,8.1,4.6,35
2011/04/25 21:57:00,39.5720,140.3950,5,2.7,22.8,0.4,1.9,3
2011/04/25 21:48:00,36.9420,138.4550,7,3.1,34.2,0.7,2.2,5
2011/04/25 18:00:00,36.1730,141.0250,39,5.0,134.0,4.5,4.1,153
2011/04/25 06:06:00,35.2250,141.2430,40,5.1,7.8,0.6,2.0,25
2011/04/25 02:48:00,33.0270,130.7280,12,4.1,83.1,1.7,3.0,73
2011/04/24 19:09:00,37.0580,140.6380,14,4.5,165.4,6.7,4.4,72
2011/04/24 16:55:00,39.5670,140.3880,5,1.9,9.0,0.2,1.1,1
2011/04/24 12:25:00,36.0700,139.8570,44,4.1,67.5,1.8,3.0,104
2011/04/24 05:53:00,37.0930,140.7520,5,3.7,9.0,0.2,1.2,5
2011/04/23 23:31:00,36.4230,140.5930,55,4.2,46.5,0.9,2.6,66
2011/04/23 20:51:00,32.8800,130.9100,11,3.5,52.5,1.0,2.6,24
2011/04/23 20:07:00,37.0530,140.6600,6,4.3,65.6,1.8,3.1,22
2011/04/23 19:13:00,39.1320,143.0000,35,6.1,67.7,1.8,3.2,307
2011/04/23 15:30:00,39.0180,142.4150,34,4.4,54.9,1.1,2.5,48
2011/04/23 08:15:00,36.7080,140.6400,5,4.5,99.1,3.0,3.8,31
2011/04/23 06:33:00,33.0280,130.7330,12,3.1,13.4,0.3,1.8,15
2011/04/23 04:44:00,36.9480,139.4270,4,3.4,31.4,0.8,2.1,11
2011/04/23 00:25:00,37.1680,141.1930,21,5.4,376.2,11.2,4.5,255
2011/04/22 15:35:00,35.5030,140.1400,24,4.1,29.4,0.8,2.5,60
2011/04/22 03:55:00,35.8520,137.6500,10,3.2,78.1,0.9,2.0,28
2011/04/22 03:44:00,33.0280,130.7350,12,3.8,29.3,0.8,2.4,52
2011/04/22 01:11:00,37.5100,141.4520,48,5.6,201.2,7.4,4.3,362
2011/04/22 00:06:00,35.6770,140.7350,47,4.4,12.2,0.6,2.1,23
2011/04/21 22:54:00,35.7080,140.7150,49,4.4,18.1,0.9,2.3,32
2011/04/21 22:47:00,35.6730,140.7400,45,4.3,31.3,1.7,2.6,38
2011/04/21 22:37:00,35.6750,140.6850,46,6.0,110.2,9.2,4.1,376
2011/04/21 17:18:00,38.3200,142.2320,31,5.2,115.8,2.0,3.2,146
2011/04/21 09:36:00,35.7930,140.7570,6,3.8,69.7,1.7,2.5,5
2011/04/21 07:10:00,28.1250,129.2150,31,3.8,22.4,0.4,1.4,4
2011/04/21 05:51:00,37.0670,140.6980,8,4.3,25.2,0.9,2.6,15
2011/04/21 05:32:00,36.1770,140.0520,51,3.7,24.7,0.6,2.0,26
2011/04/21 04:25:00,39.6250,140.3980,4,3.7,110.2,2.0,2.8,20
2011/04/21 04:04:00,36.8880,140.7050,10,3.8,51.4,1.6,2.7,6
2011/04/21 03:41:00,37.0700,140.6770,8,3.9,39.5,1.0,2.8,9
2011/04/21 01:33:00,38.1470,141.7400,55,4.5,61.7,1.4,3.0,70
2011/04/21 00:29:30,34.4180,134.8300,16,3.5,29.7,0.4,1.8,20
2011/04/21 00:29:00,36.6400,140.9030,50,4.2,75.0,1.7,3.3,68
2011/04/20 19:15:00,35.3600,135.9320,11,2.5,56.2,1.1,2.4,3
2011/04/20 18:27:00,39.6220,140.6200,4,3.8,162.0,3.5,3.9,23
2011/04/20 17:30:00,36.7830,141.1030,46,4.1,49.9,1.2,2.7,56
2011/04/20 09:50:00,37.0250,140.6750,7,4.8,47.7,1.9,2.8,98
2011/04/20 08:07:00,34.1200,140.2470,84,5.0,40.7,1.8,3.2,73
2011/04/20 07:34:00,37.0370,138.7100,8,2.6,7.1,0.2,0.9,5
2011/04/20 06:38:00,36.4470,140.9250,33,4.0,52.3,1.1,2.7,36
2011/04/20 05:44:00,35.3900,139.2050,0,1.8,18.6,0.3,1.1,2
2011/04/20 04:29:00,37.0450,141.1620,47,4.4,58.6,1.3,2.6,58
2011/04/20 04:02:00,35.4480,140.9180,26,4.2,14.9,0.4,1.5,13
2011/04/20 02:35:00,32.1730,131.9830,30,3.7,8.7,0.2,1.3,18
2011/04/19 23:47:00,36.8800,140.8130,8,4.5,119.2,6.2,3.7,40
2011/04/19 23:10:00,36.1680,139.8070,53,5.0,309.3,8.9,4.5,291
2011/04/19 22:59:00,39.5850,140.3880,5,2.6,20.6,0.5,2.1,3
2011/04/19 22:22:00,39.6220,140.6200,4,2.6,30.9,0.6,2.3,3
2011/04/19 21:55:00,40.0770,142.1120,48,4.3,167.0,4.1,4.1,68
2011/04/19 21:34:00,37.0730,140.6700,9,4.1,64.4,2.0,3.0,32
2011/04/19 15:53:00,37.0170,140.6500,7,4.6,120.8,3.6,3.6,73
2011/04/19 12:11:00,35.3020,138.7120,12,3.3,21.2,0.4,2.0,20
2011/04/19 11:49:00,39.5700,140.3870,5,2.3,13.5,0.2,1.5,2
2011/04/19 09:46:00,36.0880,140.0120,67,3.6,10.1,0.2,1.5,15
2011/04/19 08:47:00,36.9820,138.6020,10,3.0,13.4,0.2,1.1,7
2011/04/19 07:57:00,37.7570,139.9370,3,3.2,47.2,1.1,2.4,8
2011/04/19 07:09:00,39.5780,140.3920,6,3.0,59.8,1.3,2.7,6
2011/04/19 06:34:00,36.7130,141.4670,37,4.8,18.7,0.6,2.4,39
2011/04/19 04:41:00,37.0180,138.6930,9,2.6,8.9,0.3,1.2,2
2011/04/19 04:27:00,39.5800,140.3930,6,2.6,25.1,0.5,1.9,3
2011/04/19 04:17:00,39.6080,140.3850,5,3.0,26.9,0.4,1.4,4
2011/04/19 04:14:00,39.6020,140.3870,6,4.9,398.1,14.9,4.7,67
2011/04/19 02:37:00,35.5530,139.6670,84,4.2,21.9,1.1,2.7,144
2011/04/19 02:26:00,41.4830,142.0050,63,4.0,15.7,0.3,1.7,23
2011/04/19 00:43:00,35.4820,140.8600,24,3.8,25.2,0.6,1.7,15
2011/04/19 00:07:00,37.2280,140.9330,7,4.1,34.3,1.0,2.5,22
2011/04/18 18:58:00,33.2730,131.3970,9,2.7,10.5,0.2,1.4,9
2011/04/18 17:16:00,35.3900,136.2880,38,3.6,19.2,0.3,1.3,70
2011/04/18 17:02:00,37.1720,141.2420,29,4.4,32.6,0.6,2.2,31
2011/04/18 13:07:00,32.7730,131.3150,13,3.6,10.2,0.4,1.8,38
2011/04/18 11:08:00,37.0870,140.6580,8,4.2,66.6,2.9,3.7,60
2011/04/18 10:30:00,37.1370,140.8020,7,3.0,4.2,0.1,0.2,2
2011/04/18 09:47:00,35.3200,138.7330,14,2.9,10.9,0.2,1.5,12
2011/04/18 03:33:00,37.0120,140.7030,10,4.1,52.1,1.2,2.9,34
2011/04/18 03:20:00,36.9600,138.5530,6,2.8,6.2,0.1,1.0,5
2011/04/18 03:09:00,35.7930,140.1120,65,4.4,20.0,0.8,2.5,149
2011/04/18 01:22:00,36.9100,138.5600,0,2.7,12.8,0.2,1.3,3
2011/04/18 00:47:00,36.9970,141.2800,29,4.8,78.7,2.4,3.3,112
2011/04/17 23:46:00,37.0930,140.8330,7,4.5,27.2,1.5,2.5,19
2011/04/17 23:10:00,36.7450,140.5870,8,4.0,79.1,2.0,3.0,25
2011/04/17 21:51:00,37.0650,140.7300,8,4.6,87.9,2.4,3.2,80
2011/04/17 21:14:00,37.0380,138.7050,9,2.4,6.6,0.1,0.4,2
2011/04/17 20:56:00,36.1600,140.0720,50,3.1,8.3,0.2,1.0,4
2011/04/17 17:03:00,37.0870,140.7150,9,4.3,54.7,1.3,3.1,27
2011/04/17 15:49:00,35.8670,140.4630,35,4.6,40.1,1.1,2.5,64
2011/04/17 14:45:00,37.0200,138.6970,9,2.3,8.9,0.2,0.4,1
2011/04/17 14:38:00,37.0100,140.6800,7,4.5,62.3,0.9,2.6,61
2011/04/17 13:39:00,35.8670,140.4700,35,4.5,31.5,0.7,2.3,56
2011/04/17 13:24:00,38.4020,141.9050,59,4.3,74.4,1.4,2.9,52
2011/04/17 10:38:00,38.6500,142.3700,38,4.8,41.4,0.8,2.5,63
2011/04/17 05:21:00,36.1780,140.9700,52,4.7,58.9,1.6,3.2,114
2011/04/17 05:19:00,37.0970,140.8280,8,4.5,51.2,1.1,2.8,71
2011/04/17 05:01:00,37.0280,138.6920,9,2.7,15.1,0.3,1.3,4
2011/04/17 04:17:00,37.0330,138.6930,8,3.2,18.8,0.5,1.7,7
2011/04/17 01:13:00,37.0180,138.6970,8,2.7,18.8,0.4,1.2,4
2011/04/17 01:05:00,37.0200,138.7100,8,2.8,26.8,0.4,1.5,3
2011/04/17 00:56:00,37.0220,138.6880,8,4.9,276.6,6.9,4.1,63
2011/04/16 19:50:00,36.0530,137.5750,10,3.4,32.8,0.7,2.4,23
2011/04/16 19:47:00,37.0480,138.7450,0,2.1,5.9,0.1,0.7,1
2011/04/16 18:45:00,32.8800,129.7670,9,2.7,21.7,0.3,1.5,5
2011/04/16 18:34:00,36.9730,140.3150,86,3.5,30.1,0.5,2.1,27
2011/04/16 16:29:00,37.0270,140.6130,15,4.1,39.5,0.8,2.6,45
2011/04/16 13:20:00,37.6320,141.5770,46,4.4,57.9,1.5,2.9,58
2011/04/16 11:19:00,36.3400,139.9450,79,5.9,413.4,14.8,5.0,507
2011/04/16 10:11:00,25.2080,124.0230,137,5.8,12.5,0.6,2.0,6
2011/04/16 05:03:00,39.5250,140.4200,9,2.5,12.4,0.2,1.6,3
2011/04/15 23:34:00,39.1670,142.4220,31,5.0,55.6,0.8,2.5,99
2011/04/15 22:44:00,37.0650,141.1420,51,4.1,26.1,0.6,2.3,38
2011/04/15 21:53:00,37.4120,141.4870,19,4.7,17.0,0.5,1.9,40
2011/04/15 16:03:00,36.8230,138.6180,1,3.5,17.3,0.4,1.6,7
2011/04/15 12:10:00,37.7650,140.0150,7,3.2,10.5,0.3,1.1,5
2011/04/15 08:32:00,39.0480,142.4350,34,4.3,79.1,1.6,2.7,32
2011/04/15 07:55:00,39.6080,140.6380,4,3.0,21.3,0.4,2.0,7
2011/04/15 05:00:00,37.2070,141.2230,31,4.2,58.6,1.4,2.7,23
2011/04/15 03:15:00,36.9730,138.5970,8,3.2,25.8,0.4,1.8,12
2011/04/14 23:50:00,37.0970,140.8350,5,3.0,11.3,0.1,0.8,2
2011/04/14 21:24:00,37.0850,140.8200,6,3.9,18.2,1.1,2.4,12
2011/04/14 20:46:00,37.0230,140.5880,9,4.1,80.3,1.2,2.8,34
2011/04/14 20:24:00,37.1180,140.7720,9,4.4,77.0,2.1,3.3,88
2011/04/14 20:02:00,36.8450,140.5920,9,4.2,127.8,2.6,3.3,58
2011/04/14 19:32:00,39.7880,143.4250,32,5.0,14.3,1.0,2.5,81
2011/04/14 16:32:00,37.1630,141.4000,44,4.0,21.1,0.5,2.0,13
2011/04/14 12:09:00,36.9830,140.7720,11,5.4,143.0,12.2,4.2,259
2011/04/14 12:04:00,36.4180,139.8520,84,3.5,9.2,0.2,1.5,3
2011/04/14 10:06:00,38.5630,141.6020,54,4.1,61.4,0.7,2.3,49
2011/04/14 07:35:00,36.7780,140.5720,9,5.1,684.4,26.1,5.2,208
2011/04/14 06:43:00,36.9950,140.6030,9,4.1,120.2,2.5,3.1,49
2011/04/14 05:39:00,37.4200,141.2680,31,4.1,41.1,1.0,2.7,33
2011/04/14 04:57:00,39.6470,143.8080,0,6.3,16.5,1.7,2.7,207
2011/04/13 21:58:30,35.4820,140.8450,25,4.2,24.8,0.6,1.7,19
2011/04/13 21:58:00,37.2250,141.1980,14,4.5,26.2,0.7,2.5,61
2011/04/13 14:52:00,37.0850,140.6530,14,4.1,103.0,1.5,2.7,43
2011/04/13 10:08:00,36.9150,140.7070,5,5.7,484.1,20.2,5.2,351
2011/04/13 08:54:00,38.2730,141.8730,61,4.5,58.6,1.0,2.6,78
2011/04/13 08:36:00,35.4870,140.8780,27,5.3,57.2,2.4,3.2,114
2011/04/13 04:37:00,39.3430,142.0630,48,5.5,186.8,4.3,4.0,151
2011/04/13 04:34:00,37.0720,140.6470,15,3.8,82.0,2.1,2.9,44
2011/04/13 04:02:00,36.9450,140.6320,7,4.5,97.0,2.3,3.1,77
2011/04/13 03:47:00,37.0650,140.6680,13,4.0,132.4,2.2,2.9,59
2011/04/13 01:59:00,35.4520,140.9330,24,4.0,13.6,0.3,1.5,25
2011/04/12 23:55:00,35.5170,140.8750,24,4.4,9.4,0.5,1.7,11
2011/04/12 23:48:00,37.7400,139.9300,10,3.1,52.6,0.6,2.1,10
2011/04/12 22:07:00,36.8120,138.6200,0,3.5,16.7,0.4,1.9,28
2011/04/12 20:47:00,36.1270,140.0480,49,3.7,20.2,0.4,1.9,41
2011/04/12 20:00:00,37.0630,140.6380,15,3.8,51.2,1.8,3.0,48
2011/04/12 19:15:00,37.1500,140.8200,10,4.5,80.7,1.9,3.0,127
2011/04/12 18:14:00,36.8300,138.6050,5,3.6,26.9,0.5,1.9,27
2011/04/12 17:48:00,37.0270,140.6880,10,4.9,224.8,7.9,4.0,193
2011/04/12 17:14:00,40.2570,140.3680,12,3.5,55.4,1.0,2.7,20
2011/04/12 16:47:00,37.0470,140.7820,11,4.4,40.6,1.1,2.4,77
2011/04/12 16:15:00,36.8320,138.5680,1,4.6,111.1,2.7,3.6,95
2011/04/12 14:32:00,37.0980,140.6530,15,4.0,30.2,0.6,2.1,37
2011/04/12 14:26:00,37.0420,140.6520,14,4.8,190.0,7.8,4.5,141
2011/04/12 14:15:00,37.0530,140.6730,13,4.5,81.9,1.7,2.9,65
2011/04/12 14:12:00,36.8000,138.5880,0,3.7,11.5,0.3,1.5,29
2011/04/12 14:07:00,37.0520,140.6430,15,6.4,847.0,60.5,5.8,529
2011/04/12 13:59:00,35.4900,140.8070,25,4.1,9.5,0.2,1.2,9
2011/04/12 12:33:00,35.5250,140.9800,27,3.8,7.8,0.3,1.2,4
2011/04/12 12:20:30,37.0100,140.6800,5,3.9,17.4,0.3,1.7,17
2011/04/12 12:20:00,35.5080,140.8900,23,3.8,9.9,0.2,1.0,7
2011/04/12 11:23:00,35.4800,140.8520,25,4.2,39.3,0.9,2.5,56
2011/04/12 11:13:00,37.0220,140.6820,10,4.2,64.2,1.8,3.2,43
2011/04/12 10:33:00,37.2830,141.4150,44,4.2,63.3,1.7,2.7,36
2011/04/12 10:30:00,36.8170,138.6170,0,3.1,5.3,0.1,0.9,9
2011/04/12 10:23:00,35.4680,140.8600,24,4.2,12.1,0.6,2.0,11
2011/04/12 09:46:30,36.9820,140.7570,11,4.1,65.7,1.9,2.7,34
2011/04/12 09:21:00,37.1130,140.7750,9,3.6,13.8,0.3,1.6,11
2011/04/12 09:20:00,35.4180,140.9920,23,3.9,9.6,0.2,1.1,11
2011/04/12 09:13:00,36.8130,138.6200,0,3.3,14.5,0.4,1.5,16
2011/04/12 09:09:00,37.0280,140.6930,11,4.2,38.1,1.1,2.7,106
2011/04/12 08:48:00,37.0300,140.6920,11,4.7,102.9,2.7,3.3,155
2011/04/12 08:46:00,35.4530,140.9050,23,3.9,13.7,0.3,1.2,15
2011/04/12 08:24:00,36.8180,138.6070,0,3.9,22.7,0.6,2.2,44
2011/04/12 08:08:00,35.4820,140.8670,26,6.4,203.5,9.4,4.4,387
2011/04/12 08:03:00,36.9680,140.6980,11,4.0,33.8,0.6,2.3,33
2011/04/12 08:02:00,36.9670,140.8080,10,3.9,72.7,2.0,2.9,9
2011/04/12 07:32:00,36.8300,138.5830,0,4.7,75.5,2.5,3.3,84
2011/04/12 07:26:00,36.8180,138.6050,0,5.6,209.8,11.7,4.4,221
2011/04/12 07:03:00,37.0080,140.6120,9,4.3,48.2,2.1,2.9,116
2011/04/12 06:03:00,38.4300,141.8180,54,4.1,52.7,1.0,2.3,47
2011/04/12 05:27:00,36.9720,140.6020,10,3.9,73.7,1.3,2.8,49
2011/04/12 05:03:00,36.9400,140.6720,6,4.4,61.8,1.6,2.9,75
2011/04/12 04:43:00,37.0770,140.6100,9,3.8,31.1,1.0,2.8,22
2011/04/12 03:27:00,37.0700,140.6470,7,4.3,27.9,0.8,2.5,49
2011/04/12 03:15:00,37.1370,140.7930,6,4.3,30.9,0.5,2.0,23
2011/04/12 02:21:00,37.0020,140.6080,9,4.3,82.5,2.3,3.1,75
2011/04/12 02:18:00,36.9870,140.6330,19,4.1,50.1,1.6,2.9,98
2011/04/12 01:49:00,37.0650,140.6050,8,4.3,49.1,1.9,3.0,45
2011/04/12 01:22:00,36.9600,138.5780,7,2.7,5.3,0.1,0.6,6
2011/04/12 01:19:00,37.0980,140.6620,15,4.0,39.6,0.8,2.0,41
2011/04/12 00:57:00,37.0620,140.6530,11,5.0,60.5,3.1,3.7,158
2011/04/12 00:55:00,37.0030,140.7230,11,4.1,25.6,0.6,2.2,53
2011/04/12 00:43:00,36.9430,140.6500,11,4.5,302.8,6.4,3.9,130
2011/04/12 00:21:00,36.8400,140.5130,7,4.8,97.1,3.9,3.8,140
2011/04/11 23:05:00,37.0070,138.6650,10,2.2,13.9,0.3,0.9,2
2011/04/11 22:46:00,36.8280,138.5820,0,3.8,22.6,0.6,2.0,41
2011/04/11 22:05:00,37.0180,140.6900,11,4.7,323.1,10.6,3.8,182
2011/04/11 20:42:00,36.9650,140.6330,11,5.9,385.6,12.3,4.6,455
2011/04/11 18:57:00,36.8030,139.3080,6,3.0,67.8,0.9,2.0,7
2011/04/11 18:36:00,36.9000,140.6800,8,4.8,190.2,5.3,4.0,164
2011/04/11 18:35:00,37.0480,140.6650,7,3.5,7.7,0.2,1.2,3
2011/04/11 18:05:00,36.9880,140.7300,12,5.1,257.8,10.8,4.4,299
2011/04/11 18:03:00,37.0180,140.6780,9,4.1,24.8,0.7,2.3,15
2011/04/11 17:59:00,36.9920,140.7300,12,4.8,190.0,11.1,4.3,136
2011/04/11 17:58:00,37.0230,140.6070,10,4.9,212.9,4.5,3.6,214
2011/04/11 17:26:00,37.0620,140.6220,5,5.4,164.3,7.6,4.4,258
2011/04/11 17:19:00,37.0050,140.7200,11,4.5,69.1,3.1,3.3,100
2011/04/11 17:17:00,36.8900,140.7150,9,5.7,61.8,1.8,2.7,49
2011/04/11 17:16:00,36.9450,140.6720,6,7.0,745.8,56.6,5.8,731
2011/04/11 16:44:00,37.2720,139.8620,7,3.3,78.8,1.2,2.4,13
2011/04/11 16:43:00,37.0850,140.7680,6,3.0,1.8,0.0,0.0,1
2011/04/11 16:29:00,38.7800,142.0630,41,3.7,26.4,0.3,1.5,18
2011/04/11 16:06:00,37.4920,141.4930,40,4.0,10.7,0.4,1.6,9
2011/04/11 15:00:00,36.8200,138.5980,0,3.5,14.8,0.2,1.2,9
2011/04/11 14:59:00,36.8200,138.6000,0,3.7,44.1,1.0,2.7,30
2011/04/11 14:11:00,40.0570,141.9530,24,3.8,8.3,0.2,1.2,22
2011/04/11 13:51:00,37.4680,141.3230,29,5.0,135.3,5.3,4.1,186
2011/04/11 13:05:00,36.8320,140.5150,6,3.6,22.0,0.8,2.4,16
2011/04/11 11:00:00,36.7000,140.6550,4,4.0,24.6,0.7,2.6,19
2011/04/11 10:26:00,37.3070,141.1000,29,3.9,55.2,0.8,2.5,23
2011/04/11 10:17:00,36.9680,138.5880,6,2.8,6.6,0.1,0.9,5
2011/04/11 09:34:00,36.7030,140.6380,4,3.1,11.9,0.2,1.3,6
2011/04/11 09:06:00,36.7200,140.5980,7,3.3,41.8,0.5,1.7,3
2011/04/11 09:00:00,36.8270,140.5020,5,4.0,33.7,0.9,2.4,28
2011/04/11 06:36:00,36.7400,141.1530,53,5.1,161.0,6.1,4.3,246
2011/04/11 05:20:00,38.3720,141.7630,57,4.0,16.8,0.2,1.0,19
2011/04/11 05:19:00,36.4330,141.0820,46,4.3,46.8,1.6,3.2,61
2011/04/11 02:45:00,37.2970,141.4420,36,4.5,59.0,2.2,3.2,123
2011/04/11 01:21:00,38.2580,141.7850,56,4.1,56.5,1.0,2.5,54
2011/04/11 00:50:00,37.7280,139.9670,9,3.3,25.5,0.4,1.4,8
2011/04/11 00:07:00,38.3280,141.8650,64,4.5,68.0,1.1,2.7,101
2011/04/10 20:22:00,37.0830,140.7670,7,3.8,27.5,0.6,1.8,13
2011/04/10 17:52:00,37.0870,140.7830,8,3.8,14.6,0.5,2.0,13
2011/04/10 06:23:00,35.8030,140.0980,67,4.4,19.9,1.2,2.5,153
2011/04/09 21:58:00,30.0150,131.8380,62,5.8,14.5,0.8,2.4,84
2011/04/09 21:47:00,36.0030,139.6400,43,4.1,58.0,0.8,2.2,102
2011/04/09 18:42:00,38.2470,141.8130,58,5.4,286.0,5.3,4.1,253
2011/04/09 18:01:00,36.9400,140.6070,17,4.3,79.3,1.3,2.8,76
2011/04/09 17:02:00,36.2280,140.0900,54,4.3,134.0,2.6,3.6,148
2011/04/09 16:28:00,36.6480,140.9900,48,3.8,49.6,0.9,2.6,26
2011/04/09 12:33:00,36.4650,140.9350,33,4.0,139.0,2.5,3.3,61
2011/04/09 11:59:00,38.4300,141.7970,57,4.3,34.3,0.9,2.4,45
2011/04/09 06:30:00,36.8000,139.3070,6,3.4,37.8,0.7,1.9,13
2011/04/09 03:57:00,36.1850,140.0130,52,4.1,58.4,1.4,2.7,122
2011/04/09 03:53:00,36.9420,140.5350,5,3.9,40.8,1.0,2.5,29
2011/04/09 03:42:00,43.5380,147.5330,34,5.2,17.7,0.5,2.3,56
2011/04/09 00:39:00,36.8830,141.0670,50,4.2,64.6,1.3,3.0,85
2011/04/08 18:40:00,35.9220,138.0270,9,3.6,52.3,1.0,2.8,39
2011/04/08 11:57:00,36.7730,141.1670,44,4.7,56.0,1.2,3.0,145
2011/04/08 08:39:00,38.9120,141.9100,55,4.1,77.8,1.1,2.6,37
2011/04/08 05:47:00,37.1070,141.1020,53,4.3,96.0,1.5,3.0,74
2011/04/08 04:46:00,36.0520,139.9320,44,3.8,44.3,0.8,2.2,49
2011/04/07 23:49:00,38.1420,141.8170,59,4.6,52.7,1.2,2.9,96
2011/04/07 23:32:00,38.2030,141.9200,66,7.1,1495.8,67.9,6.2,923
2011/04/07 19:52:00,35.7400,140.6080,48,3.9,14.2,0.7,2.3,26
2011/04/07 11:40:00,36.5400,140.8900,51,4.9,205.1,5.4,4.0,167
2011/04/07 07:18:00,36.6400,139.4420,4,2.4,107.3,1.0,1.7,1
2011/04/07 01:25:00,38.3870,142.1430,39,4.5,22.4,0.6,2.0,67
2011/04/06 22:55:00,37.6330,141.5720,46,5.3,145.1,4.3,3.6,309
2011/04/06 21:56:00,36.7330,140.6020,7,4.9,421.2,7.1,3.9,195
2011/04/06 20:49:00,37.0480,140.3150,12,3.8,38.3,0.8,2.6,28
2011/04/06 19:09:00,35.8870,140.7130,18,4.1,56.9,1.3,2.8,59
2011/04/06 15:17:00,36.8900,139.4100,4,2.9,56.4,0.7,2.0,9
2011/04/06 09:04:00,37.0420,138.7520,6,2.2,11.3,0.4,1.4,3
2011/04/06 07:02:00,38.4000,142.3100,27,5.0,29.7,0.7,2.6,174
2011/04/06 06:24:00,36.3080,140.9420,41,4.4,66.9,1.4,3.0,89
2011/04/05 23:41:00,35.7030,140.9850,10,4.6,89.6,3.3,3.1,63
2011/04/05 18:08:00,36.8070,140.5650,7,4.4,365.3,9.6,4.2,114
2011/04/05 13:32:00,36.1300,140.0280,49,3.8,63.7,1.0,2.7,117
2011/04/05 13:25:00,38.8980,142.5450,42,4.6,30.4,0.5,2.2,69
2011/04/05 10:29:00,39.6720,142.1400,48,4.7,98.1,2.0,3.1,82
2011/04/05 05:44:00,36.3020,140.9150,41,4.3,122.6,3.0,3.6,131
2011/04/05 04:30:00,35.8070,140.1230,67,3.9,9.9,0.5,1.6,94
2011/04/05 04:14:00,38.8070,142.0000,41,3.8,48.3,0.6,2.1,37
2011/04/04 20:46:00,36.1350,140.0120,49,4.1,82.0,1.5,2.9,159
2011/04/04 18:29:00,37.2170,141.2950,35,4.0,20.0,0.3,1.4,38
2011/04/04 17:42:00,37.8100,142.5430,38,4.8,10.6,0.3,1.9,115
2011/04/04 10:19:00,36.9820,138.6180,6,2.7,8.7,0.3,1.2,5
2011/04/03 23:55:00,37.8630,142.1600,36,4.5,6.8,0.3,1.5,89
2011/04/03 23:53:00,37.8680,142.1300,40,4.9,18.5,0.8,2.3,119
2011/04/03 23:20:00,36.7000,140.6380,6,3.7,40.5,1.0,2.4,27
2011/04/03 21:57:00,37.2630,141.4020,48,4.6,115.9,3.3,3.2,128
2011/04/03 16:38:00,37.6250,141.6500,47,5.4,170.2,5.8,4.2,304
2011/04/03 15:23:00,36.9980,140.4920,5,3.5,26.2,0.5,2.0,24
2011/04/03 13:36:00,37.0950,140.8380,8,3.5,22.7,0.6,1.9,16
2011/04/03 11:49:00,36.1950,139.9730,53,4.2,58.8,1.5,3.1,149
2011/04/03 10:54:00,37.0930,140.8080,6,4.1,13.3,0.4,1.9,39
2011/04/03 09:23:00,39.5700,140.5330,7,3.4,33.9,0.8,2.5,17
2011/04/03 05:43:00,36.9220,138.5580,3,2.8,28.2,0.5,2.1,6
2011/04/03 01:43:00,37.0350,140.7750,6,4.3,24.1,0.6,2.1,58
2011/04/02 23:38:00,37.0950,140.8330,6,4.8,31.6,1.7,3.0,133
2011/04/02 22:29:00,36.6420,139.4150,4,2.9,68.0,0.9,2.5,8
2011/04/02 20:24:00,32.8650,130.7400,9,2.9,7.2,0.2,1.2,6
2011/04/02 19:22:00,36.8200,140.5680,6,4.4,227.3,5.1,3.9,130
2011/04/02 16:56:00,36.2070,139.9620,54,5.0,417.2,13.7,4.9,287
2011/04/02 14:33:00,39.0930,142.3850,36,4.7,87.4,1.2,2.6,82
2011/04/02 14:08:00,36.4220,141.0970,45,4.6,65.7,1.6,3.2,127
2011/04/02 13:08:00,38.7720,142.0950,42,5.2,186.0,4.0,3.9,198
2011/04/02 12:48:00,40.2550,140.3650,12,3.9,61.0,1.8,2.7,33
2011/04/02 11:55:00,37.0000,138.5770,8,2.7,6.8,0.2,0.9,4
2011/04/02 11:45:00,40.2500,140.3770,13,3.2,22.4,0.3,1.7,17
2011/04/02 11:36:00,36.6420,139.4170,4,2.2,35.3,0.4,1.6,1
2011/04/02 11:18:00,36.6400,139.4220,4,2.3,68.9,0.6,1.9,1
2011/04/02 08:06:00,38.1980,140.7950,14,3.0,10.4,0.2,1.3,5
2011/04/02 05:00:00,38.8750,141.9950,49,4.9,111.1,3.2,3.5,130
2011/04/02 04:19:00,36.6400,139.4200,3,3.1,120.9,1.2,2.4,8
2011/04/01 20:58:00,39.3350,142.1650,45,6.0,161.7,6.3,4.2,340
2011/04/01 20:24:00,40.2580,140.3580,12,3.5,61.7,1.7,2.4,20
2011/04/01 19:49:00,40.2570,140.3630,12,5.0,343.9,13.5,4.9,184
2011/04/01 10:48:00,36.9900,138.5920,9,2.4,17.5,0.4,1.0,4
2011/04/01 08:22:00,35.9130,140.1480,60,3.3,8.9,0.2,1.5,26
2011/04/01 07:17:00,38.3020,141.7380,51,4.3,67.4,1.5,2.7,95
2011/04/01 02:21:00,36.9580,141.2170,34,4.4,47.4,1.3,2.6,81
2011/03/31 16:15:00,38.8720,142.0830,47,6.1,239.7,10.7,4.1,400
2011/03/30 22:19:00,36.7000,141.0000,50,5.0,381.5,6.1,4.3,281
2011/03/29 19:54:00,37.4000,142.4000,0,6.4,47.6,4.5,3.6,460
2011/03/28 07:24:00,38.3920,142.3150,31,6.5,193.3,9.9,4.4,519
2011/03/27 05:36:00,37.1000,140.9000,10,4.2,86.1,1.2,2.7,45
2011/03/26 23:11:00,36.7000,140.7000,10,4.4,79.4,2.8,3.5,107
2011/03/26 22:33:00,37.1000,140.8000,10,3.9,13.7,0.4,1.7,26
2011/03/26 19:18:00,38.6000,141.9000,50,5.1,144.2,4.4,3.9,232
2011/03/25 20:36:00,38.7000,142.3000,40,6.2,223.8,6.3,4.3,430
2011/03/24 17:21:00,39.0770,142.3570,34,6.2,198.6,6.3,4.2,433
2011/03/24 08:56:00,36.1770,140.0420,52,4.8,309.6,10.8,4.8,280
2011/03/24 05:33:00,36.3000,141.0000,40,4.7,146.2,3.8,3.9,183
2011/03/23 18:55:00,37.1100,140.7600,9,4.7,136.3,4.4,3.8,151
2011/03/23 07:36:00,37.0630,140.7700,7,5.8,279.1,10.6,4.8,417
2011/03/23 07:34:00,37.0970,140.7950,7,5.5,274.7,9.4,4.7,201
2011/03/23 07:12:00,37.0830,140.7870,8,6.0,254.5,12.6,4.5,395
2011/03/23 00:49:00,39.2000,142.4000,20,5.2,86.2,2.1,3.1,205
2011/03/22 18:44:00,39.8000,143.8000,10,6.2,10.9,1.1,2.6,149
2011/03/22 18:19:00,37.4000,141.9000,10,6.3,189.0,9.9,4.4,529
2011/03/22 16:19:00,37.1000,143.9000,10,6.3,34.5,1.7,2.9,457
2011/03/22 12:38:00,35.3000,141.2000,10,5.7,26.2,3.5,3.5,203
2011/03/21 04:54:00,37.3000,141.2000,30,4.7,143.4,3.3,3.5,187
2011/03/20 21:03:00,39.3000,142.1000,50,5.8,237.2,5.6,4.0,263
2011/03/20 10:30:00,36.9000,141.3000,20,5.7,102.2,6.2,4.2,346
2011/03/19 18:56:00,36.7830,140.5700,5,6.1,1084.4,67.9,6.0,519
2011/03/19 08:49:00,36.8000,140.7000,10,5.3,318.6,15.0,4.8,195
2011/03/19 08:33:00,39.2000,142.5000,20,5.6,82.6,3.5,3.7,243
2011/03/18 17:01:00,35.9000,141.3000,10,5.4,39.7,3.3,3.3,207
2011/03/17 21:55:00,36.7000,141.3000,30,5.8,109.9,4.4,3.9,471
2011/03/17 21:32:00,35.7000,141.1000,40,5.8,202.9,14.8,4.3,263
2011/03/17 13:14:00,40.1000,142.5000,20,5.8,73.9,4.5,3.8,317
2011/03/16 23:46:00,38.5000,141.8000,50,5.2,109.9,2.4,3.4,202
2011/03/16 22:39:00,36.0000,140.5000,60,5.3,57.7,3.1,3.4,328
2011/03/16 13:14:00,37.5000,141.7000,20,5.6,172.8,7.1,4.4,336
2011/03/16 12:52:00,35.8370,140.9050,10,6.1,215.5,8.7,4.4,432
2011/03/16 03:33:00,36.0000,137.3000,0,4.0,176.7,3.5,3.5,112
2011/03/15 22:40:00,35.4000,138.7000,0,4.0,128.3,3.3,3.8,158
2011/03/15 22:31:00,35.3080,138.7130,14,6.4,1075.6,82.1,6.3,588
2011/03/14 15:52:00,36.9000,141.2000,40,5.2,178.7,4.9,3.9,316
2011/03/14 15:38:00,37.0000,138.6000,10,4.0,12.4,0.4,1.6,14
2011/03/14 15:18:00,37.4000,141.4000,30,5.3,146.0,3.6,3.8,275
2011/03/14 15:13:00,37.7000,142.7000,10,6.3,60.1,2.7,3.4,371
2011/03/14 10:02:00,36.4580,141.1250,32,6.2,290.2,12.0,4.6,449
2011/03/13 23:28:00,37.0000,138.6000,30,3.9,25.7,0.6,1.9,13
2011/03/13 12:31:00,36.8000,138.6000,10,4.2,17.4,0.5,2.2,29
2011/03/13 10:26:00,35.8000,141.9000,10,6.4,94.3,4.6,3.8,314
2011/03/13 08:25:00,38.0120,141.9480,15,6.2,123.7,7.6,4.0,427
2011/03/13 03:09:00,37.4000,141.3000,30,4.5,105.5,3.2,3.3,126
2011/03/12 23:43:00,39.5000,142.7000,30,6.1,138.3,4.6,3.9,315
2011/03/12 23:35:00,36.9670,138.5670,5,3.7,18.9,0.8,2.3,14
2011/03/12 22:15:00,37.1970,141.4250,40,6.2,355.3,10.6,4.7,544
2011/03/12 19:53:00,39.0000,142.5000,0,5.8,224.7,6.6,4.1,340
2011/03/12 19:08:00,36.9000,138.5000,10,4.1,10.6,0.4,1.7,16
2011/03/12 15:19:00,39.2000,142.5000,10,5.4,296.6,5.4,4.1,254
2011/03/12 14:55:00,37.0000,138.6000,10,4.0,72.4,1.2,2.7,42
2011/03/12 10:42:00,37.0000,138.6000,10,3.6,48.2,1.5,2.5,16
2011/03/12 10:14:00,37.3000,141.4000,20,4.5,138.5,2.8,3.6,163
2011/03/12 08:32:00,37.0000,138.5000,10,3.9,44.3,1.1,2.7,31
2011/03/12 08:11:00,37.2000,141.0000,0,4.8,80.0,3.2,3.6,51
2011/03/12 07:18:00,37.0000,138.6000,10,3.9,79.0,1.3,2.4,27
2011/03/12 07:14:00,36.9000,138.6000,0,4.1,50.9,1.6,2.8,59
2011/03/12 07:01:00,36.9000,138.6000,10,4.0,65.7,1.1,2.4,37
2011/03/12 06:34:30,37.4000,141.4000,20,4.8,61.3,2.9,3.6,195
2011/03/12 06:30:00,36.9000,138.5000,10,3.0,46.9,0.9,2.3,6
2011/03/12 06:11:00,36.9000,138.5000,20,3.5,25.5,1.0,2.4,18
2011/03/12 05:42:00,36.9720,138.5900,4,5.3,94.1,3.1,3.7,86
2011/03/12 04:47:00,40.4000,139.1000,10,6.4,139.6,7.1,4.3,273
2011/03/12 04:45:00,37.5000,141.7000,30,5.2,91.6,3.7,3.8,226
2011/03/12 04:44:00,37.0000,138.6000,10,4.4,51.5,1.9,2.6,53
2011/03/12 04:32:00,36.9480,138.5720,1,5.9,415.0,11.9,4.7,363
2011/03/12 03:59:00,36.9850,138.5970,8,6.7,803.5,36.4,5.4,556
2011/03/11 20:37:00,39.1680,142.6180,24,6.7,363.0,12.0,4.8,586
2011/03/11 17:41:00,37.4250,141.3170,27,6.1,771.6,25.0,4.9,495
2011/03/11 16:30:00,37.3560,141.2810,27,6.0,308.4,12.1,4.7,214
2011/03/11 16:29:00,39.0300,142.2800,36,6.5,366.9,19.2,4.9,322
2011/03/11 15:26:00,37.8370,144.8930,34,7.5,126.1,7.5,4.1,867
2011/03/11 15:15:00,36.1080,141.2650,43,7.7,957.2,52.8,6.0,755
2011/03/11 15:13:00,37.2030,141.6600,27,6.1,232.4,9.4,4.5,240
2011/03/11 15:09:00,39.8380,142.7800,32,7.4,407.2,21.7,5.0,417
2011/03/11 15:08:00,35.1800,139.0250,6,4.6,467.2,14.2,4.5,97
2011/03/11 15:06:00,39.0420,142.3970,27,6.4,274.4,6.6,4.4,251
2011/03/11 14:58:00,37.6750,141.9100,23,6.4,106.4,9.2,4.3,281
2011/03/11 14:54:00,37.5000,141.3300,36,5.8,838.8,49.6,5.8,184
2011/03/11 14:51:00,36.7330,142.0280,11,6.8,139.9,12.7,4.6,397
2011/03/11 14:46:00,38.1030,142.8600,24,9.0,2933.2,112.2,6.6,1227
2011/03/11 03:14:00,38.8030,140.8600,5,3.4,11.4,0.2,1.4,22
2011/03/11 01:54:00,38.0620,143.6030,18,5.4,2.3,0.3,1.3,54
2011/03/10 20:21:00,38.5180,143.3070,23,5.2,2.2,0.2,1.0,48
2011/03/10 17:08:00,38.5670,143.5350,34,5.9,4.9,0.5,1.8,109
2011/03/10 08:36:00,38.3900,143.4070,35,5.2,5.1,0.3,1.4,86
2011/03/10 06:24:00,38.1720,143.0430,9,6.8,39.0,3.4,3.2,523
2011/03/10 03:45:00,38.4780,143.4320,36,6.3,8.0,1.2,2.4,172
2011/03/10 03:16:00,38.2700,142.8780,29,6.4,30.9,3.5,3.2,453
2011/03/09 20:27:00,38.5450,143.1520,8,5.3,5.2,0.3,1.4,71
2011/03/09 17:02:00,38.5980,143.1680,7,5.2,4.5,0.4,1.8,88
2011/03/09 13:45:00,38.4370,142.9400,22,5.3,7.3,0.5,1.8,94
2011/03/09 13:37:00,38.6050,143.2480,11,6.1,9.3,1.0,2.4,206
2011/03/09 13:32:00,38.6220,143.2770,22,5.1,2.3,0.2,1.1,51
2011/03/09 13:05:00,38.6020,143.1300,9,5.6,5.4,0.6,1.7,98
2011/03/09 13:03:00,32.8630,130.7400,8,2.6,4.4,0.1,0.4,6
2011/03/09 13:01:00,32.8630,130.7380,9,3.2,14.6,0.3,1.4,15
2011/03/09 12:59:00,32.8620,130.7400,8,2.8,9.8,0.2,0.8,9
2011/03/09 12:08:00,38.3570,143.3150,27,5.8,3.2,0.4,1.6,91
2011/03/09 11:58:00,38.2980,143.1550,21,6.0,6.2,0.8,2.1,132
2011/03/09 11:57:00,38.3220,143.3970,12,6.2,6.4,1.4,2.2,160
2011/03/09 11:45:00,38.3280,143.2780,8,7.3,104.3,14.2,4.4,742
2011/03/07 19:13:00,29.0880,129.4570,27,5.1,9.4,0.7,2.3,4
2011/03/07 18:49:00,29.0880,129.4550,29,4.5,2.0,0.1,0.9,2
2011/03/07 05:10:00,36.5230,140.5700,58,3.9,68.7,0.8,2.4,87
2011/03/05 06:51:00,34.0480,135.2820,8,2.7,31.4,0.2,0.7,7
2011/03/04 02:50:00,31.9720,130.9750,9,2.9,10.0,0.2,1.2,9
2011/03/02 08:27:00,24.7550,125.2180,25,4.9,90.1,3.1,3.1,4
2011/03/01 23:12:00,37.1600,141.4650,47,4.0,12.3,0.2,1.4,40
2011/03/01 16:50:00,36.1550,137.4430,5,3.4,33.6,1.0,2.6,24
2011/02/28 11:32:00,36.1630,137.4780,5,3.6,87.6,2.7,3.7,45
2011/02/28 09:04:00,32.1200,131.8530,34,4.6,56.5,1.5,2.8,76
2011/02/28 04:03:00,36.1450,137.4520,5,3.9,208.0,6.8,4.3,56
2011/02/27 21:47:00,36.1470,137.4480,6,4.0,253.9,8.4,4.4,54
2011/02/27 11:22:00,36.1470,137.4350,5,3.1,24.4,0.5,2.0,20
2011/02/27 11:05:00,39.3400,142.0600,48,3.4,24.8,0.3,1.1,19
2011/02/27 09:48:00,36.1630,137.4650,5,3.7,316.2,8.9,4.6,44
2011/02/27 05:44:00,36.1470,137.4400,5,3.5,138.0,4.6,4.0,39
2011/02/27 05:38:00,36.1550,137.4530,4,5.5,373.4,11.5,5.1,298
2011/02/27 04:07:00,36.1550,137.4500,4,2.8,18.0,0.3,1.4,12
2011/02/27 02:59:00,36.1550,137.4520,4,3.2,19.5,0.5,2.0,19
2011/02/27 02:23:00,36.1600,137.4750,5,3.2,81.5,2.3,3.5,17
2011/02/27 02:19:00,36.1570,137.4570,4,5.0,1538.7,40.7,5.8,180
2011/02/27 00:38:00,37.3030,141.8430,43,5.2,16.2,0.8,2.2,206
2011/02/26 23:40:00,38.1700,143.5350,34,5.2,2.8,0.3,1.4,50
2011/02/26 18:57:00,37.1670,141.4450,48,4.1,26.1,0.4,1.8,68
2011/02/26 16:34:00,37.1600,141.4520,48,3.9,15.5,0.3,1.5,60
2011/02/26 04:12:00,34.4350,140.3730,56,5.0,66.9,3.5,3.6,100
2011/02/22 21:01:00,32.8600,130.7380,8,3.0,6.8,0.1,0.9,9
2011/02/22 13:56:00,26.3550,128.9500,33,5.2,6.7,0.3,1.6,6
2011/02/22 12:50:00,42.9980,145.8900,48,4.2,33.0,0.6,2.1,36
2011/02/21 20:34:00,37.9850,141.0230,78,3.9,13.1,0.4,2.0,92
2011/02/21 15:46:00,33.8770,135.3630,53,4.8,185.2,4.1,3.9,222
2011/02/20 08:17:00,37.1630,141.3330,48,3.8,9.8,0.3,1.5,40
2011/02/19 22:05:00,33.4900,135.4700,32,4.0,76.5,1.3,2.7,36
2011/02/18 08:26:00,36.3780,141.4220,51,4.3,9.9,0.3,1.8,61
2011/02/17 08:45:00,25.9670,128.4180,46,5.3,9.9,0.8,2.3,5
2011/02/16 18:14:00,39.8850,142.3020,83,4.0,9.8,0.2,1.6,67
2011/02/16 15:17:00,35.7170,140.6970,48,3.4,3.4,0.1,0.7,21
2011/02/16 10:30:00,35.7170,140.6900,46,4.1,8.2,0.4,1.5,37
2011/02/15 23:12:00,25.9580,128.4430,41,5.4,11.7,1.2,2.4,5
2011/02/14 08:38:00,25.0030,125.6020,53,3.9,5.0,0.1,0.8,2
2011/02/13 15:16:00,34.8370,139.2350,8,3.0,23.3,0.7,2.3,9
2011/02/13 12:14:00,36.6770,140.5850,69,4.0,43.7,0.7,2.2,121
2011/02/13 06:25:00,39.1530,140.9530,8,3.8,98.1,1.6,3.0,55
2011/02/11 18:59:00,35.5830,140.0870,70,3.7,10.6,0.3,1.8,80
2011/02/10 22:03:00,37.1580,141.4080,48,5.4,77.8,5.5,3.9,332
2011/02/10 13:20:00,36.6620,141.2630,47,4.3,19.1,0.5,2.1,73
2011/02/10 12:11:00,37.0630,141.1270,49,4.1,44.5,0.9,2.1,85
2011/02/10 00:16:00,38.2930,140.5470,10,3.2,24.7,0.5,2.0,19
2011/02/09 22:52:00,36.1880,135.9530,16,3.3,11.8,0.2,1.3,9
2011/02/09 11:01:00,34.8080,139.2650,8,2.5,8.7,0.2,1.5,4
2011/02/07 04:40:00,31.2080,130.4070,137,4.4,23.9,0.7,2.5,85
2011/02/07 00:36:00,34.8920,133.0250,9,3.6,79.7,0.8,2.3,58
2011/02/06 07:25:00,35.9200,137.7830,11,3.7,130.3,2.0,2.7,72
2011/02/05 22:16:00,33.4220,130.7670,7,3.3,69.3,1.1,2.7,19
2011/02/05 10:56:00,34.8550,140.6180,64,5.2,123.6,6.9,4.0,228
2011/02/05 06:59:00,32.2320,130.3980,5,3.0,14.6,0.3,1.3,11
2011/02/04 20:16:00,29.2070,130.3070,72,5.0,4.5,0.3,1.7,10
2011/02/04 18:11:00,31.0800,131.5150,31,4.7,27.2,1.5,3.0,49
2011/01/31 17:22:00,34.8430,139.2380,10,4.2,90.6,2.8,3.5,33
2011/01/31 08:03:00,35.5430,138.9430,25,3.5,25.2,0.4,1.9,68
2011/01/28 22:49:00,34.7300,135.2670,6,3.6,42.3,1.1,2.5,34
2011/01/28 16:41:00,36.5580,140.5680,55,3.8,42.2,0.8,2.6,90
2011/01/25 14:24:00,35.1830,141.4070,39,5.3,5.4,1.1,2.1,44
2011/01/22 14:49:00,42.3200,142.9950,53,4.4,19.7,0.5,2.2,105
2011/01/20 22:20:00,37.0420,139.9220,14,3.7,41.9,0.7,2.3,93
2011/01/20 20:36:00,29.5520,129.5820,150,4.9,14.4,0.4,1.7,23
2011/01/18 10:27:00,41.4150,140.1030,8,2.6,56.2,0.8,1.5,2
2011/01/17 16:14:00,36.5150,140.9780,58,4.2,86.3,1.7,2.7,90
2011/01/16 20:33:00,34.0080,133.7750,44,4.5,148.4,2.6,3.5,164
2011/01/16 12:35:00,43.8620,147.9670,62,5.1,6.4,0.2,1.5,16
2011/01/13 06:32:00,27.0750,140.1730,516,6.3,3.5,0.2,1.3,77
2011/01/12 18:07:00,35.8950,137.7750,8,2.5,18.6,0.3,1.2,5
2011/01/12 05:20:00,37.0580,141.2000,50,3.4,9.4,0.2,0.9,18
2011/01/12 01:01:00,37.1600,141.4080,48,4.2,47.8,1.3,2.7,114
2011/01/11 14:11:00,42.6020,142.1420,133,4.1,8.2,0.3,1.6,80
2011/01/11 03:12:00,34.0380,135.2680,6,3.5,38.4,0.4,1.3,22
2011/01/09 21:42:00,42.3400,144.5220,31,4.7,8.2,0.3,1.7,57
2011/01/09 11:21:00,35.8720,140.2480,43,3.5,32.0,0.7,2.4,56
2011/01/07 18:05:00,32.5700,130.6050,16,3.9,87.3,2.3,2.8,90
2011/01/04 03:51:00,34.1420,135.1350,6,2.8,41.1,0.7,1.8,4
2011/01/03 13:45:00,38.5730,139.2620,12,4.7,66.8,2.4,3.3,124
2011/01/03 13:19:00,34.9400,135.6770,15,3.4,26.1,0.5,1.6,43
2011/01/03 08:22:00,33.6720,130.4170,13,3.8,17.3,0.4,1.7,34
2011/01/03 04:10:00,36.7770,141.3770,49,4.3,20.5,0.5,2.1,94
2011/01/02 09:42:00,35.5620,138.7830,17,3.9,49.6,1.0,2.3,85
