Download Time:2026/07/17 12:44:56,Search Date:2011/11/02 - 2013/06/01 
Origin Time,Latitude[degree],Longitude[degree],Depth[km],Magnitude,Max Acc[gal],Max Vel[cm/s],Seismic Intensity,Number of stations
2013/06/01 16:57:00,40.3250,142.3250,37,3.9,12.6,0.2,1.3,26
2013/06/01 16:54:00,43.3280,143.9620,8,4.1,31.8,0.8,2.4,36
2013/06/01 12:03:00,43.3300,143.9700,9,3.9,13.6,0.3,1.6,26
2013/06/01 04:54:00,36.5570,140.8050,53,3.6,44.3,0.6,2.3,36
2013/05/31 14:53:00,36.8300,140.6250,8,3.6,61.9,1.5,2.4,25
2013/05/30 23:04:00,33.2980,131.4200,3,2.8,6.0,0.3,1.4,2
2013/05/30 01:07:00,36.4320,140.6870,52,3.6,39.7,0.4,1.8,37
2013/05/29 21:54:00,36.9450,141.1420,50,3.9,12.9,0.5,1.7,39
2013/05/29 12:22:00,42.9200,145.4830,46,3.7,12.1,0.3,1.5,12
2013/05/29 11:35:00,40.3350,141.9270,12,4.1,28.8,0.8,2.3,40
2013/05/29 01:56:00,39.5920,140.5250,6,3.2,71.0,1.2,2.4,15
2013/05/28 09:52:00,34.1120,135.1630,7,3.5,181.0,2.2,2.9,12
2013/05/27 18:16:00,39.1630,141.7350,102,4.4,48.9,1.0,2.6,109
2013/05/26 22:16:00,39.5920,140.5230,7,3.8,135.1,2.9,3.1,40
2013/05/26 09:48:00,38.5050,141.8120,50,3.4,30.0,0.3,1.4,15
2013/05/26 06:17:00,24.7250,125.1620,27,4.9,52.3,2.1,3.0,4
2013/05/25 21:47:00,41.4080,140.0950,8,2.8,114.6,1.7,2.3,4
2013/05/25 15:58:00,36.3070,140.9520,41,4.0,29.7,0.5,2.0,52
2013/05/25 11:11:00,37.7380,141.1150,65,4.3,65.9,2.0,3.4,140
2013/05/25 08:04:00,39.9830,142.0130,91,3.7,11.2,0.2,1.3,41
2013/05/24 17:33:00,37.6730,141.6430,44,4.9,72.1,1.7,3.2,183
2013/05/24 14:47:00,54.8730,153.2800,609,8.4,8.9,2.6,2.8,471
2013/05/24 09:25:00,35.9670,140.9220,31,3.7,24.0,0.3,1.3,22
2013/05/23 19:47:00,38.6450,142.1600,41,4.5,21.6,0.3,1.6,72
2013/05/22 20:06:00,38.4620,142.1300,50,3.7,83.3,1.2,2.4,43
2013/05/22 20:00:00,37.7700,139.9800,8,4.2,91.7,2.3,3.1,54
2013/05/21 23:51:00,45.1670,142.9070,277,5.0,6.3,0.4,1.8,68
2013/05/21 20:25:00,36.9100,139.3970,4,4.7,386.6,10.0,4.5,111
2013/05/21 17:25:00,23.4230,123.7500,48,5.8,9.6,0.7,2.1,5
2013/05/21 03:48:00,37.1850,141.4950,29,4.4,12.1,0.4,1.9,43
2013/05/20 23:38:00,34.9470,135.9200,11,3.6,52.4,0.7,2.0,42
2013/05/19 12:57:00,37.8070,142.0330,36,4.1,17.2,0.3,1.5,36
2013/05/19 10:33:00,36.7250,140.6600,10,3.5,18.5,0.3,1.6,17
2013/05/19 00:51:00,39.6320,142.1000,48,4.0,65.8,1.7,2.6,49
2013/05/18 22:49:00,39.7570,141.8380,59,3.8,27.1,0.5,2.0,45
2013/05/18 18:09:00,37.7630,141.9570,36,4.3,27.9,0.4,1.9,74
2013/05/18 14:48:00,37.7080,141.6280,46,6.0,212.6,8.2,4.3,476
2013/05/18 02:15:00,36.6830,140.6320,7,3.0,9.4,0.3,1.5,4
2013/05/18 01:00:00,38.4050,141.7730,57,3.5,14.2,0.2,1.0,14
2013/05/17 04:20:00,42.6720,143.4170,74,4.3,50.6,1.5,3.1,77
2013/05/16 16:39:00,37.0620,141.1380,50,4.1,20.1,0.6,1.9,51
2013/05/16 16:12:00,36.8270,141.1970,31,4.3,61.1,0.9,2.5,92
2013/05/16 08:46:00,40.3420,141.9250,12,5.0,120.1,3.9,3.8,157
2013/05/16 07:11:00,36.8630,139.5000,5,3.1,15.7,0.4,1.5,11
2013/05/15 18:35:00,36.8730,140.5570,7,4.4,49.5,1.2,2.8,116
2013/05/15 11:44:00,36.8720,140.5570,7,3.7,32.1,0.5,2.0,34
2013/05/15 06:21:00,36.3480,140.0300,61,3.7,18.1,0.5,1.8,62
2013/05/15 00:49:00,36.9100,139.3950,4,3.6,225.5,4.8,3.5,32
2013/05/14 08:01:00,38.4220,142.1500,30,4.3,50.8,1.1,2.9,76
2013/05/14 06:55:00,37.4580,141.3350,32,3.8,9.8,0.3,1.5,22
2013/05/14 06:35:00,34.1770,135.1730,7,3.0,25.0,0.4,1.4,4
2013/05/13 22:59:00,36.8570,140.5600,6,4.5,54.9,1.3,2.7,113
2013/05/13 22:07:00,38.2170,141.8620,64,3.6,19.8,0.2,1.2,30
2013/05/13 07:56:00,35.8200,137.5550,8,2.7,46.4,0.5,1.4,11
2013/05/13 07:42:00,43.6950,147.7150,7,5.1,8.3,0.2,1.6,40
2013/05/12 14:54:00,36.5250,140.6950,55,3.7,57.1,0.6,2.2,40
2013/05/11 00:43:00,36.5150,139.3670,7,3.2,20.9,0.2,1.2,8
2013/05/10 20:04:00,39.8930,140.8930,5,2.9,13.1,0.3,1.6,9
2013/05/10 01:56:00,33.8330,133.5630,5,3.8,44.7,0.7,1.9,37
2013/05/09 13:29:00,26.2830,126.8880,69,3.9,5.9,0.2,0.9,1
2013/05/09 02:09:00,36.9730,139.4550,8,3.5,66.9,0.9,2.4,28
2013/05/08 20:18:00,35.7250,140.7220,51,4.3,12.9,0.6,2.0,50
2013/05/07 10:04:00,37.4880,141.8370,50,4.5,34.3,1.1,2.5,114
2013/05/06 13:32:00,38.4620,142.1200,41,3.9,20.0,0.2,1.3,27
2013/05/06 09:06:00,38.5830,141.9270,40,3.9,24.1,0.3,1.5,31
2013/05/06 02:39:00,36.2620,141.0120,39,3.8,13.4,0.2,1.3,29
2013/05/05 20:22:00,36.8520,140.8800,20,3.9,19.4,0.4,1.7,48
2013/05/05 07:17:00,36.2320,140.4620,94,3.9,26.8,0.8,2.7,88
2013/05/04 18:12:00,27.4150,128.6400,43,3.4,7.6,0.2,1.0,2
2013/05/02 22:04:00,36.5220,139.3580,6,4.1,143.4,2.5,2.7,97
2013/05/02 21:03:00,40.3520,142.0830,50,3.8,20.5,0.4,1.8,28
2013/05/02 09:55:00,37.4020,141.4580,41,4.2,37.0,1.0,2.3,78
2013/05/02 07:36:00,37.4020,141.3720,33,3.9,16.2,0.3,1.5,35
2013/05/02 05:43:00,36.4550,140.5580,56,3.7,49.5,0.8,2.0,60
2013/05/01 12:59:00,34.4130,134.8450,13,3.1,27.2,0.4,1.5,4
2013/05/01 04:40:00,36.5280,139.3620,6,3.4,28.6,0.4,2.0,42
2013/04/30 22:09:00,36.5250,139.3620,5,4.2,107.2,1.3,2.9,127
2013/04/30 10:07:00,35.0630,137.2870,41,3.4,10.0,0.2,1.0,55
2013/04/30 09:49:00,37.5120,141.3920,51,4.0,18.7,0.6,1.4,27
2013/04/29 22:01:00,35.8080,141.1250,34,5.6,46.7,3.0,3.2,245
2013/04/29 21:18:00,33.5970,133.6720,4,2.9,34.9,0.5,1.9,7
2013/04/29 05:24:00,38.2180,141.7800,56,3.8,17.8,0.2,1.4,45
2013/04/27 08:06:00,34.4700,134.8320,17,3.5,11.4,0.5,1.7,21
2013/04/27 04:05:00,31.1500,131.4920,28,3.9,6.3,0.3,1.7,7
2013/04/27 00:05:00,35.5600,135.9580,4,2.6,29.3,0.6,2.1,1
2013/04/25 16:26:00,37.1070,140.4800,6,3.3,21.4,0.3,1.5,13
2013/04/25 16:16:00,37.1100,140.4820,6,4.2,96.1,1.8,3.0,81
2013/04/25 08:47:00,32.6380,131.6520,61,4.1,34.0,0.9,2.7,65
2013/04/24 15:31:00,36.7080,140.6080,8,3.3,45.0,0.7,2.2,15
2013/04/24 06:55:00,36.7770,140.5630,8,3.1,29.8,0.4,1.6,22
2013/04/23 13:56:00,43.1530,146.1080,67,4.1,10.0,0.3,1.5,17
2013/04/23 12:00:00,36.6980,141.1250,34,3.7,16.1,0.4,1.9,17
2013/04/23 02:50:00,41.8680,142.1530,74,4.3,25.5,0.7,2.2,98
2013/04/22 12:46:00,36.7920,139.4370,4,2.5,44.3,0.5,1.9,4
2013/04/21 19:27:00,37.3930,140.0570,12,4.3,131.3,7.1,4.3,113
2013/04/21 12:22:00,29.9020,139.4070,447,6.4,18.8,1.7,2.8,261
2013/04/21 10:28:00,36.6130,141.0520,46,3.6,23.8,0.4,1.9,45
2013/04/20 19:06:00,33.0030,130.7600,10,3.3,25.1,0.5,2.0,23
2013/04/20 00:48:00,35.2270,137.5570,49,3.9,52.2,1.0,2.8,121
2013/04/19 23:11:00,35.6950,140.9000,15,4.6,223.9,7.8,3.8,100
2013/04/19 12:06:00,45.3000,150.9570,125,7.0,71.0,3.2,3.6,468
2013/04/19 11:06:00,37.5970,141.8220,28,4.1,10.3,0.2,1.3,30
2013/04/19 10:24:00,36.5120,140.5000,27,3.5,32.7,0.5,1.9,29
2013/04/19 09:28:00,38.8670,141.6400,61,3.5,19.2,0.3,1.5,31
2013/04/19 09:03:00,43.1870,142.5070,10,2.9,25.6,0.5,1.6,6
2013/04/19 04:59:00,36.0470,139.8020,77,3.6,13.1,0.3,1.8,48
2013/04/17 23:17:00,34.0120,139.3920,9,3.8,13.2,0.4,1.8,5
2013/04/17 23:13:00,38.8880,141.9700,50,4.1,36.3,0.7,2.2,48
2013/04/17 22:32:00,42.8680,145.5220,45,3.7,17.6,0.4,1.6,23
2013/04/17 22:12:00,34.0150,139.3820,9,3.5,7.4,0.4,1.6,2
2013/04/17 21:03:00,38.4600,141.6180,58,5.9,563.8,12.1,4.9,396
2013/04/17 20:33:00,34.0500,139.3830,14,3.2,14.3,0.3,1.7,1
2013/04/17 18:13:00,34.0580,139.3670,14,3.6,5.5,0.2,1.1,6
2013/04/17 18:06:00,34.0650,139.4170,11,3.5,34.4,1.2,2.6,3
2013/04/17 18:05:30,34.0600,139.3570,13,3.4,2.0,0.1,0.0,2
2013/04/17 18:01:00,34.0750,139.3780,14,3.9,14.6,1.3,1.7,4
2013/04/17 17:59:00,34.0600,139.4200,8,4.3,0.4,0.2,0.0,3
2013/04/17 17:57:00,34.0470,139.3520,9,6.2,347.3,42.5,5.3,156
2013/04/17 17:55:00,34.0500,139.3920,13,4.5,20.0,0.7,2.2,7
2013/04/17 14:32:00,34.0630,139.3830,15,3.4,19.7,0.5,1.8,3
2013/04/17 14:29:00,34.0570,139.3870,12,2.9,8.3,0.2,1.3,1
2013/04/17 12:23:00,34.0670,139.3900,10,4.0,3.9,0.2,1.2,6
2013/04/17 12:22:00,34.0530,139.3820,13,4.6,47.6,1.5,2.9,12
2013/04/17 12:12:00,34.0670,139.3900,15,3.8,21.1,0.8,2.1,8
2013/04/17 11:16:00,34.0780,139.3730,12,4.6,57.5,1.5,2.9,10
2013/04/17 11:14:00,34.0750,139.3800,15,4.6,46.1,2.1,3.0,9
2013/04/17 10:16:00,34.0780,139.3730,12,3.3,10.7,0.4,1.5,1
2013/04/17 10:15:00,34.0700,139.3800,16,4.4,39.8,1.2,2.7,11
2013/04/17 10:00:00,38.1770,141.6750,51,3.9,25.7,0.6,2.3,51
2013/04/16 14:47:00,38.1700,141.6770,50,3.9,21.8,0.4,1.8,33
2013/04/16 11:03:00,38.8180,142.0080,39,3.6,14.3,0.1,0.8,14
2013/04/14 22:25:00,37.5320,141.4050,51,5.3,140.9,7.4,4.2,311
2013/04/14 16:26:00,35.7370,137.1170,8,3.3,41.0,0.5,1.5,39
2013/04/14 10:22:00,36.0000,139.4930,97,4.6,39.1,1.3,3.0,275
2013/04/13 15:17:00,34.4170,134.8380,14,3.5,34.2,0.5,1.9,19
2013/04/13 06:31:00,34.4280,134.8370,15,3.4,23.5,0.4,1.8,13
2013/04/13 06:17:00,34.4170,134.8320,14,3.2,40.6,0.6,2.1,9
2013/04/13 05:41:00,34.4100,134.8480,14,3.9,68.7,1.0,2.8,38
2013/04/13 05:33:00,34.4180,134.8280,15,6.3,586.1,27.3,5.3,520
2013/04/11 12:05:00,41.5720,142.0570,65,4.3,12.1,0.6,2.1,53
2013/04/10 13:38:00,37.5300,142.0130,34,4.7,36.2,0.9,2.4,89
2013/04/08 22:39:00,35.8070,138.7480,10,3.5,66.2,0.6,1.8,44
2013/04/07 23:09:00,35.5750,141.0500,37,4.9,15.0,1.1,2.2,38
2013/04/07 11:00:00,35.5600,135.9600,4,3.0,37.1,1.0,2.3,4
2013/04/06 23:44:00,38.8550,142.0500,46,3.6,71.9,1.0,2.4,35
2013/04/06 05:01:00,36.7480,141.2930,49,5.2,46.2,1.7,3.1,269
2013/04/06 04:25:00,43.3230,145.9980,94,4.8,80.0,2.9,3.5,70
2013/04/05 12:56:00,41.4920,140.1830,8,2.5,40.0,0.7,2.1,1
2013/04/04 18:09:00,35.0270,139.1400,9,3.4,32.0,0.5,2.2,28
2013/04/04 13:42:00,35.7670,140.9170,12,5.1,95.7,4.8,3.7,183
2013/04/04 10:56:00,37.0630,141.1920,50,3.9,26.6,0.4,1.8,30
2013/04/04 09:23:00,40.1080,140.0230,18,2.7,13.1,0.3,1.4,5
2013/04/04 01:58:00,36.7330,136.7850,13,4.2,119.4,3.2,3.7,73
2013/04/04 00:15:00,35.2950,138.7070,12,2.3,2.7,0.1,0.2,1
2013/04/02 11:09:00,39.4980,143.6000,27,5.7,12.7,1.1,2.7,110
2013/04/02 05:04:00,39.4650,143.5180,29,5.3,6.2,0.3,1.6,73
2013/04/02 04:09:00,38.9200,141.9300,51,4.2,92.4,1.4,2.8,60
2013/04/02 03:53:00,39.5050,143.5180,29,6.2,31.8,2.2,3.2,256
2013/04/01 14:43:00,35.7950,140.9670,14,3.8,10.1,0.4,1.5,14
2013/03/31 16:46:00,38.8800,142.0780,46,5.3,116.6,3.2,3.4,192
2013/03/31 03:57:00,36.5800,141.1170,34,3.9,26.5,0.4,1.8,30
2013/03/30 13:22:00,39.1020,142.2070,43,4.0,71.3,0.9,2.1,43
2013/03/29 00:48:00,35.7080,140.9180,13,4.2,57.6,2.3,2.7,43
2013/03/28 19:16:00,32.7980,132.0330,42,4.1,37.6,0.8,2.3,63
2013/03/27 06:22:00,33.7020,133.9830,37,3.7,30.9,0.5,1.9,33
2013/03/26 20:55:00,35.8650,140.9250,17,4.6,34.6,1.3,2.4,112
2013/03/26 20:48:00,35.8650,140.9230,15,4.6,70.3,2.8,3.0,115
2013/03/26 19:15:00,36.9320,138.5830,4,2.5,7.5,0.2,1.1,1
2013/03/26 02:51:00,34.4230,135.8750,10,2.6,13.6,0.2,1.3,5
2013/03/24 15:06:00,36.9180,139.3930,4,3.0,53.1,1.2,2.3,8
2013/03/23 01:34:00,34.0920,135.1830,6,3.1,34.7,0.6,1.9,4
2013/03/22 07:20:00,37.6420,141.6120,48,4.2,21.1,0.4,1.6,60
2013/03/22 06:22:00,34.4270,135.8770,10,2.9,23.4,0.3,1.4,7
2013/03/21 19:41:00,32.3850,130.6700,9,3.0,32.6,0.4,1.4,8
2013/03/21 17:18:00,37.1580,141.3500,49,3.9,19.5,0.5,1.7,38
2013/03/21 14:34:00,36.7430,140.4380,72,4.7,88.9,2.7,3.2,197
2013/03/21 04:24:00,35.4330,137.5620,13,3.4,27.4,0.5,1.7,54
2013/03/20 03:47:00,37.3000,141.1300,27,3.5,17.5,0.3,1.3,11
2013/03/18 15:28:00,39.3680,141.4000,13,3.5,20.5,0.4,1.8,32
2013/03/18 06:53:00,36.4500,140.5800,56,4.4,138.0,3.2,3.6,189
2013/03/18 00:21:00,34.1100,135.4580,63,3.9,84.2,1.2,2.6,59
2013/03/17 13:33:00,38.4400,141.8970,55,3.9,30.3,0.5,2.2,54
2013/03/17 12:31:00,34.3300,133.1000,17,3.7,54.4,0.9,2.2,59
2013/03/17 02:24:00,36.1900,141.7730,47,4.8,4.9,0.2,1.3,56
2013/03/17 00:19:00,40.0450,140.5350,10,3.3,23.7,0.4,1.7,20
2013/03/16 15:06:00,34.1630,133.0820,15,2.9,35.2,0.5,1.5,5
2013/03/16 08:11:00,39.7020,142.1300,48,4.3,47.3,1.0,2.5,72
2013/03/14 05:02:00,35.5780,140.1320,68,4.7,20.9,0.8,2.3,209
2013/03/13 21:50:00,36.0420,139.9320,44,3.5,10.7,0.2,1.3,44
2013/03/13 14:32:00,38.9230,140.8680,8,3.1,60.5,0.7,2.0,9
2013/03/13 10:53:00,32.4250,132.1620,27,3.7,7.6,0.2,0.9,13
2013/03/13 06:32:00,39.3370,142.0820,48,5.0,126.5,2.6,3.6,141
2013/03/13 00:28:00,36.8230,138.3820,8,2.9,20.9,0.3,1.5,5
2013/03/12 23:39:00,33.9020,134.4670,10,3.2,24.7,0.3,1.6,11
2013/03/12 02:30:00,36.7930,140.5720,9,3.4,49.3,0.8,2.2,17
2013/03/11 18:59:00,31.5600,131.8800,23,4.5,7.0,0.3,1.6,22
2013/03/11 18:34:00,31.5750,131.8580,25,5.2,31.0,1.8,3.1,79
2013/03/11 17:10:00,35.7920,141.0230,15,4.2,12.1,0.4,1.8,50
2013/03/11 14:35:00,31.1500,130.3980,154,4.7,22.5,0.6,2.5,73
2013/03/11 11:33:00,36.8280,139.4170,4,2.3,22.9,0.3,1.5,3
2013/03/10 14:11:00,36.7830,140.6170,3,3.1,25.4,0.4,1.7,4
2013/03/10 08:45:00,36.8150,139.4150,4,2.7,38.1,0.7,2.1,6
2013/03/10 05:11:00,42.6230,144.9850,49,5.1,31.6,0.9,2.5,101
2013/03/09 21:16:00,43.1300,144.7700,101,5.0,85.0,2.8,3.2,130
2013/03/09 04:35:00,34.5520,139.2680,11,2.9,9.3,0.3,1.4,6
2013/03/08 23:14:00,40.6400,142.2330,45,3.7,26.9,0.6,2.2,38
2013/03/08 19:53:00,35.9570,139.5680,45,3.6,10.8,0.3,1.7,67
2013/03/08 07:19:00,35.7000,139.6270,32,3.5,10.7,0.4,1.6,45
2013/03/07 18:17:00,38.6150,141.9000,48,3.7,64.4,1.0,2.3,38
2013/03/07 07:04:00,36.7020,141.1020,27,4.2,21.8,0.5,2.0,55
2013/03/06 05:32:00,27.3020,128.4480,48,5.0,113.0,2.7,3.4,11
2013/03/05 19:44:00,32.0600,130.9170,8,3.1,16.9,0.3,1.6,12
2013/03/05 15:42:00,36.8020,138.5920,1,3.3,9.8,0.2,1.3,19
2013/03/05 05:42:00,38.2450,141.6800,51,3.8,71.1,1.0,2.5,55
2013/03/03 20:24:00,35.8680,140.8770,35,3.3,17.4,0.4,1.2,11
2013/03/03 20:14:00,35.8680,140.8770,36,3.9,32.5,0.9,2.0,33
2013/03/03 15:00:00,35.0170,132.8670,6,2.7,48.7,0.8,1.8,8
2013/03/03 09:02:00,36.9180,139.3920,4,3.2,90.0,1.5,2.4,17
2013/03/03 01:25:00,36.8870,139.4170,3,3.0,151.1,3.7,3.5,9
2013/03/02 07:45:00,36.8680,139.4570,3,3.3,200.3,3.7,3.6,16
2013/03/02 01:35:00,34.4130,140.0620,35,4.7,90.6,2.5,3.4,119
2013/03/01 21:22:00,40.3380,142.2200,43,4.1,17.0,0.4,1.9,46
2013/03/01 15:08:00,37.0250,139.3330,7,3.1,95.7,1.1,1.9,12
2013/03/01 14:20:00,36.5400,140.8730,50,3.8,54.3,0.9,2.2,35
2013/03/01 08:53:00,36.0930,139.8630,47,3.6,11.2,0.3,1.5,53
2013/03/01 08:26:00,36.8780,139.4100,3,3.3,107.6,2.9,3.4,8
2013/02/28 05:33:00,36.8730,139.4730,4,3.0,17.2,0.3,1.6,9
2013/02/27 19:24:00,41.4730,142.0180,66,4.1,20.2,0.4,1.8,27
2013/02/27 12:45:00,33.0230,130.7200,12,3.5,28.7,0.8,2.2,25
2013/02/27 03:41:00,35.0170,132.8670,7,2.8,34.9,0.8,1.9,9
2013/02/26 21:46:00,38.7120,142.2200,41,4.9,95.5,1.3,2.9,133
2013/02/26 08:19:00,36.8880,139.4080,4,3.3,94.1,1.3,2.6,21
2013/02/26 08:12:00,36.8300,139.4150,4,2.9,26.7,0.7,2.3,6
2013/02/26 05:12:00,39.6350,142.1070,48,4.0,28.3,0.6,2.3,54
2013/02/26 01:19:00,38.2520,141.7830,57,4.4,51.0,0.7,2.5,106
2013/02/26 01:00:00,29.0550,131.5000,85,5.1,5.7,0.3,1.5,18
2013/02/25 23:36:00,36.8680,139.4100,3,3.1,134.6,2.1,2.9,15
2013/02/25 23:32:00,36.8720,139.4030,3,3.8,61.0,1.6,2.9,23
2013/02/25 23:11:00,36.9050,139.3970,3,3.4,146.1,2.9,3.2,23
2013/02/25 22:00:00,36.8220,139.4200,4,3.4,173.6,5.2,3.5,19
2013/02/25 21:25:00,36.8870,139.4080,4,3.3,125.2,3.5,3.3,16
2013/02/25 19:10:00,36.8230,139.4170,4,2.1,32.3,0.5,1.7,2
2013/02/25 18:55:00,36.9220,139.3930,4,4.2,154.4,1.6,3.0,31
2013/02/25 18:38:00,36.8220,139.4200,4,3.1,117.7,2.6,3.0,13
2013/02/25 18:37:00,36.8220,139.4180,4,2.7,29.1,0.7,2.1,2
2013/02/25 18:19:00,36.8230,139.4150,4,2.8,67.4,1.3,2.5,8
2013/02/25 18:12:00,36.8730,139.4050,3,3.2,23.2,0.6,1.8,11
2013/02/25 18:07:00,36.8220,139.4150,4,2.8,68.1,1.9,2.7,6
2013/02/25 17:41:00,36.9180,139.3980,4,3.1,52.0,1.0,2.4,16
2013/02/25 17:33:00,36.8730,139.4070,3,4.0,66.6,1.7,3.0,31
2013/02/25 17:16:00,36.8900,139.4120,4,2.4,34.1,0.4,1.8,3
2013/02/25 17:06:00,36.9150,139.4080,5,2.5,30.5,0.4,1.5,4
2013/02/25 16:34:00,36.8750,139.4270,5,4.7,441.7,16.9,4.9,92
2013/02/25 16:31:00,36.8930,139.4070,3,4.0,220.2,8.6,4.1,39
2013/02/25 16:29:00,36.8920,139.4080,3,3.1,17.5,0.3,1.5,8
2013/02/25 16:27:00,36.8930,139.4000,4,3.1,38.6,0.5,2.0,6
2013/02/25 16:26:00,36.8600,139.4180,3,3.1,36.3,0.6,1.8,2
2013/02/25 16:23:00,36.8730,139.4120,3,6.3,1300.3,52.2,6.0,354
2013/02/25 15:26:00,36.8770,139.4070,3,3.6,227.4,6.1,3.8,28
2013/02/24 13:55:00,36.9670,140.6930,21,4.5,109.5,1.8,2.9,142
2013/02/24 13:38:00,35.6650,140.9820,16,3.9,23.7,0.6,1.6,19
2013/02/24 11:36:00,35.4330,139.4700,21,3.4,22.5,1.0,2.4,25
2013/02/23 20:32:00,31.8820,131.0820,9,3.6,72.2,2.1,3.0,15
2013/02/23 16:41:00,38.8920,141.9670,49,3.7,21.8,0.3,1.2,19
2013/02/23 09:46:00,38.2150,142.2800,36,4.2,20.6,0.6,2.3,40
2013/02/22 04:59:00,30.0680,131.3120,27,4.3,5.9,0.2,1.2,3
2013/02/22 00:34:00,38.3050,141.9130,64,4.7,124.8,2.2,3.3,159
2013/02/19 21:27:00,35.3450,141.1980,37,5.6,21.1,2.8,3.2,149
2013/02/19 02:10:00,35.6370,140.1200,70,3.8,6.9,0.2,1.4,75
2013/02/19 01:02:00,24.8050,125.3750,49,4.5,18.3,0.5,1.7,2
2013/02/18 20:10:00,38.6900,142.4080,35,4.4,14.8,0.3,1.7,58
2013/02/18 20:06:00,38.8370,142.1200,44,4.2,51.7,0.7,2.4,61
2013/02/17 08:35:00,32.8320,132.6420,30,3.8,26.8,0.3,1.5,19
2013/02/17 07:17:00,43.3350,146.8330,44,5.3,36.1,1.2,3.0,65
2013/02/16 13:51:00,37.0700,141.2000,51,3.9,36.6,0.7,2.2,50
2013/02/16 10:33:00,37.3430,141.5750,45,4.7,56.3,1.2,2.9,157
2013/02/16 10:30:00,38.2530,141.8470,58,4.3,50.3,0.7,2.3,83
2013/02/15 20:12:00,35.7800,138.0370,11,3.2,9.9,0.1,0.7,25
2013/02/15 18:18:00,35.7770,138.0380,11,4.2,84.1,1.1,2.6,154
2013/02/15 01:43:00,36.6700,140.3870,104,3.9,20.1,0.5,2.1,63
2013/02/14 16:41:00,42.2670,142.5700,9,2.6,10.2,0.3,1.6,1
2013/02/14 09:54:00,38.5350,141.7150,53,3.7,38.5,0.6,2.0,18
2013/02/13 13:45:00,34.6600,138.2380,31,3.1,27.2,0.9,1.7,9
2013/02/13 12:57:00,30.2380,131.6070,48,5.1,9.4,0.5,2.0,30
2013/02/13 11:21:00,38.4280,141.8950,56,4.7,410.6,8.7,4.1,134
2013/02/13 11:03:00,34.4000,139.1870,8,3.0,44.2,1.0,2.7,1
2013/02/13 10:33:00,36.1980,139.9750,52,3.8,31.7,0.7,2.0,67
2013/02/13 02:59:00,33.6550,134.1770,16,3.4,65.4,0.5,1.8,14
2013/02/12 15:08:00,44.0530,145.0880,5,3.0,56.9,1.3,2.8,4
2013/02/11 12:45:00,38.6500,142.1500,41,4.5,29.1,0.9,2.6,90
2013/02/10 03:18:00,36.6970,140.5950,9,2.9,65.4,0.8,2.0,6
2013/02/10 00:28:00,33.0670,131.1180,11,3.6,26.6,0.6,2.2,31
2013/02/09 13:43:00,36.8430,141.3580,33,5.2,83.2,4.3,3.7,220
2013/02/09 04:50:00,36.8550,141.3420,31,4.2,23.8,0.4,1.8,39
2013/02/06 18:31:00,35.8280,140.0780,39,3.8,25.9,1.0,2.5,56
2013/02/06 14:04:00,35.7530,140.7420,12,4.0,43.5,0.8,1.8,37
2013/02/06 13:42:00,35.2270,137.3470,48,4.1,31.5,0.9,2.4,135
2013/02/05 23:18:00,33.6400,131.8930,72,3.6,7.7,0.2,1.4,34
2013/02/05 22:34:00,38.6620,142.1480,41,3.9,27.7,0.3,1.9,47
2013/02/05 22:31:00,38.6600,142.1550,42,4.6,38.8,0.9,2.5,98
2013/02/05 13:41:00,43.0820,145.8400,56,3.6,18.7,0.6,2.3,15
2013/02/04 18:18:00,40.3780,142.2880,40,4.1,22.9,0.6,2.3,37
2013/02/02 23:17:00,42.7020,143.2270,102,6.5,733.3,33.7,5.4,663
2013/02/02 15:41:00,34.8080,139.2320,10,3.4,38.6,1.3,2.7,20
2013/02/02 13:53:00,36.9350,141.4050,33,4.3,7.1,0.3,1.3,26
2013/02/02 12:42:00,36.0220,140.0870,62,3.7,13.1,0.4,1.8,59
2013/02/02 05:52:00,36.1920,140.9820,44,3.9,22.6,0.5,2.3,50
2013/02/02 03:23:00,42.7850,142.8600,121,4.0,19.1,0.3,1.5,75
2013/02/02 00:06:00,38.8850,141.9720,50,3.9,34.9,0.4,1.7,25
2013/02/01 23:06:00,35.6200,140.0350,71,4.4,39.8,1.7,3.1,160
2013/02/01 19:55:00,38.4800,142.2520,42,4.2,27.7,0.7,2.3,43
2013/02/01 19:45:00,35.6500,137.1250,8,3.5,49.7,0.5,1.3,32
2013/02/01 16:31:00,34.8080,139.2420,12,2.5,11.6,0.4,1.7,4
2013/02/01 14:49:00,37.7330,138.8130,8,2.9,19.4,0.6,1.7,4
2013/02/01 10:27:00,38.7050,142.2050,40,4.2,67.5,0.8,2.3,67
2013/02/01 01:04:00,36.0550,139.8920,45,4.3,72.5,2.3,3.5,194
2013/02/01 00:36:00,36.7070,140.6330,6,2.6,13.0,0.2,1.0,4
2013/01/31 23:53:00,36.7020,140.6030,8,4.7,321.9,7.2,4.1,161
2013/01/31 19:57:00,36.5520,141.1070,46,4.0,44.4,1.4,3.0,65
2013/01/31 10:31:00,38.8520,141.8620,64,3.7,33.9,0.4,2.0,52
2013/01/30 13:07:00,38.1800,141.6930,50,3.7,38.3,0.6,2.0,47
2013/01/29 22:17:00,42.5370,144.1070,70,4.5,56.6,2.4,3.2,73
2013/01/29 11:21:00,38.1780,141.6900,50,3.8,18.7,0.3,1.5,20
2013/01/29 04:30:00,37.3950,141.2450,28,3.7,44.3,0.7,1.8,18
2013/01/29 03:55:00,34.1870,135.3550,6,3.2,11.3,0.2,0.8,5
2013/01/28 05:57:00,27.2900,128.4400,48,4.9,35.5,1.6,2.9,11
2013/01/28 03:42:00,36.5700,140.5600,74,4.8,307.4,10.4,4.3,269
2013/01/28 00:25:00,34.1330,135.1430,9,3.2,50.3,0.6,1.8,6
2013/01/26 17:47:00,36.4670,140.7370,52,3.4,27.5,0.4,1.6,20
2013/01/26 09:14:00,36.3070,139.7870,112,4.0,14.0,0.3,1.9,119
2013/01/25 22:33:00,37.0230,140.5800,10,3.4,45.3,0.5,1.7,18
2013/01/24 11:32:00,38.2800,141.9250,45,3.7,38.9,0.5,1.4,22
2013/01/24 06:34:00,43.0400,145.8150,65,5.2,119.2,4.1,4.0,137
2013/01/24 06:31:00,37.7820,141.6250,47,4.8,36.4,1.4,2.8,125
2013/01/24 02:23:00,38.6330,142.1030,35,3.8,15.9,0.2,0.9,19
2013/01/23 02:22:00,37.1150,141.1300,30,3.6,19.2,0.3,1.5,14
2013/01/22 04:47:00,35.8730,140.9370,16,5.1,69.7,3.1,3.2,190
2013/01/21 11:29:00,36.8670,140.5600,8,3.9,95.8,1.8,2.9,44
2013/01/21 03:33:00,38.2870,141.7730,49,3.8,35.6,0.4,1.5,42
2013/01/20 19:34:00,41.5000,140.1870,8,2.5,28.1,0.7,2.1,1
2013/01/19 22:19:00,36.7050,141.2380,34,4.1,31.8,0.5,1.9,39
2013/01/18 13:04:00,37.0850,140.6700,8,3.9,15.5,0.5,1.8,42
2013/01/17 18:37:00,36.8720,140.5270,7,3.5,39.0,0.7,1.9,26
2013/01/17 14:13:00,42.0800,142.7530,48,4.9,23.4,1.0,2.6,142
2013/01/17 12:46:00,36.1080,140.4720,34,3.3,14.9,0.3,1.5,21
2013/01/17 08:32:00,42.2720,144.7770,28,4.7,15.2,0.7,2.4,48
2013/01/16 06:33:00,39.2350,142.3530,45,4.0,33.5,0.4,1.6,45
2013/01/16 05:49:00,35.9070,139.1750,15,3.3,56.5,0.9,1.9,24
2013/01/14 15:54:00,37.1830,141.5370,47,4.9,34.6,1.8,3.0,193
2013/01/13 22:14:00,36.8870,140.6550,8,3.8,108.4,2.3,3.3,25
2013/01/13 12:17:00,39.1430,142.3120,48,4.8,129.7,4.3,3.3,129
2013/01/13 02:54:00,36.6500,140.5900,7,3.1,109.0,1.0,2.5,7
2013/01/12 07:54:00,37.3180,141.1150,29,3.5,14.0,0.3,0.9,16
2013/01/11 16:58:00,35.8580,140.8950,32,3.6,10.0,0.3,1.2,12
2013/01/11 15:14:00,40.0430,140.5350,9,3.5,24.9,0.5,2.0,29
2013/01/11 06:22:00,28.4430,129.3620,57,3.8,11.3,0.2,1.3,4
2013/01/10 21:48:00,37.5130,141.4720,48,5.0,98.5,3.7,3.4,224
2013/01/10 10:44:00,37.1780,140.9500,10,3.4,15.0,0.3,1.6,6
2013/01/10 07:51:00,35.8400,137.5670,6,3.3,86.8,1.2,2.2,23
2013/01/08 20:19:00,34.4550,132.4200,25,3.6,32.1,0.5,2.0,49
2013/01/08 16:51:00,40.1180,142.4380,34,5.4,42.4,1.5,2.9,197
2013/01/08 10:01:00,38.5530,141.0720,17,3.2,38.6,0.6,1.7,14
2013/01/07 22:54:00,37.8620,142.4520,41,4.9,16.9,0.6,2.3,109
2013/01/07 15:49:00,24.4520,122.8220,72,5.4,13.1,0.8,2.3,3
2013/01/06 17:11:00,37.5030,142.0570,31,4.6,8.3,0.5,1.8,89
2013/01/06 07:04:00,43.7920,146.9780,82,4.3,8.6,0.3,1.7,18
2013/01/06 01:47:00,38.9180,141.9320,51,3.9,52.6,0.9,2.4,43
2013/01/05 13:11:00,28.7680,128.6070,15,5.1,11.2,0.8,2.5,2
2013/01/05 09:50:00,34.0450,135.2930,6,3.9,51.4,0.7,1.8,45
2013/01/04 22:53:00,36.8980,141.2930,75,4.4,63.8,2.5,3.4,152
2013/01/04 13:42:00,35.7480,140.6870,50,4.5,9.9,0.7,1.8,54
2013/01/04 06:15:00,37.0170,138.6730,8,2.2,8.3,0.2,0.8,2
2013/01/04 05:13:00,35.2720,138.6920,12,2.5,7.2,0.1,0.9,3
2013/01/03 22:56:00,40.3570,142.0920,51,3.8,29.2,0.5,1.9,25
2013/01/03 20:14:00,44.8330,141.8400,24,4.8,92.9,3.3,3.6,62
2013/01/03 04:56:00,37.1030,140.6050,10,3.8,40.3,1.0,2.6,44
2013/01/02 21:15:00,37.0180,138.6770,8,2.4,13.9,0.3,1.2,3
2013/01/02 21:00:00,42.2170,143.0080,55,4.3,17.7,0.6,2.0,84
2013/01/02 03:55:00,40.1350,141.7930,6,3.0,4.6,0.2,0.9,2
2013/01/01 12:32:00,40.4400,141.7220,105,4.0,43.9,1.3,2.7,82
2012/12/31 07:17:00,38.3230,141.9170,50,3.7,20.2,0.3,1.6,26
2012/12/31 02:59:00,38.8550,142.0500,46,3.9,58.9,0.8,2.2,29
2012/12/30 08:05:00,36.9620,141.3920,35,5.1,43.7,1.6,3.2,147
2012/12/30 05:54:00,40.1330,141.7920,6,2.9,6.1,0.1,0.5,3
2012/12/29 23:59:00,38.7170,142.1950,41,5.5,182.2,2.6,3.5,218
2012/12/29 16:19:00,37.0670,141.1820,51,5.0,116.9,3.8,3.7,238
2012/12/29 14:18:00,33.0880,132.3870,41,3.4,10.3,0.2,1.1,20
2012/12/29 12:05:00,38.2420,141.8530,62,3.9,21.0,0.2,1.1,28
2012/12/29 05:28:00,36.6280,139.4280,9,3.1,26.1,0.2,1.2,11
2012/12/28 16:30:00,36.4530,140.6030,56,4.0,60.3,1.0,2.8,90
2012/12/27 06:17:00,35.8570,140.9050,34,3.6,18.4,0.4,1.7,20
2012/12/26 20:44:00,36.8130,138.6970,5,3.8,27.9,0.5,1.9,34
2012/12/26 04:59:00,40.0770,142.0150,65,4.1,51.6,0.7,2.5,66
2012/12/24 20:26:00,36.8450,138.5700,3,3.3,10.2,0.3,1.6,10
2012/12/22 15:32:00,38.4500,142.0070,43,3.9,4.9,0.1,0.8,14
2012/12/22 15:15:00,33.5180,132.3000,47,4.5,45.7,2.7,3.1,164
2012/12/22 14:20:00,32.6920,129.9070,14,2.3,47.7,0.6,2.0,2
2012/12/22 11:36:00,35.2770,140.1920,35,3.7,14.0,0.3,1.8,45
2012/12/21 21:52:00,38.5030,141.9320,55,3.9,34.3,0.5,1.9,57
2012/12/21 18:52:00,36.8180,138.6930,5,3.7,35.2,0.8,2.0,35
2012/12/21 17:07:00,38.6420,141.8130,48,5.2,334.7,5.8,4.2,226
2012/12/21 10:32:00,37.3530,141.3030,32,3.4,18.3,0.3,1.7,9
2012/12/21 00:31:00,37.1120,141.1050,53,4.1,122.3,2.0,3.1,77
2012/12/20 05:16:00,36.1680,140.3270,74,4.2,23.5,0.8,2.5,128
2012/12/20 04:26:00,37.4600,141.4030,26,4.3,25.9,0.5,2.1,68
2012/12/20 01:08:00,40.6700,139.1550,29,4.3,12.9,0.3,1.7,37
2012/12/19 08:57:00,33.9670,134.4700,39,3.5,18.8,0.3,1.3,18
2012/12/19 06:47:00,39.7620,142.2930,33,3.8,27.6,0.4,2.2,58
2012/12/19 05:31:00,35.6970,140.6280,50,3.6,8.3,0.2,1.4,22
2012/12/19 03:36:00,36.6950,142.1030,35,5.1,9.7,0.6,2.1,90
2012/12/18 19:25:00,38.3030,141.8930,46,4.5,97.0,1.6,2.9,91
2012/12/18 06:11:00,40.1330,141.7930,6,3.5,23.7,0.5,1.7,13
2012/12/18 03:46:00,36.8500,141.3450,29,4.9,28.5,1.6,2.8,88
2012/12/17 18:48:00,36.8950,139.4350,3,3.7,727.4,15.7,4.9,34
2012/12/17 17:01:00,35.8100,140.8870,10,3.6,19.4,0.5,1.8,11
2012/12/17 15:30:00,45.0500,141.8250,29,3.7,62.9,1.9,2.7,21
2012/12/17 10:31:00,37.5780,140.2880,8,3.7,65.9,1.4,2.4,37
2012/12/16 06:02:00,28.3780,129.4900,35,3.8,14.4,0.3,1.2,3
2012/12/15 14:46:00,36.8220,141.2080,32,5.0,91.5,3.0,3.6,186
2012/12/15 13:27:00,37.2970,141.3480,59,5.3,144.3,5.3,4.3,277
2012/12/15 05:37:00,38.6470,142.4570,40,4.8,29.4,0.5,2.1,78
2012/12/15 03:46:00,38.1230,141.5080,63,3.9,13.2,0.2,1.3,38
2012/12/13 20:56:00,35.7170,140.2100,68,4.2,9.7,0.5,1.8,116
2012/12/13 01:03:00,36.6280,140.9570,49,4.0,71.1,1.2,2.7,40
2012/12/12 18:23:00,36.7020,140.6200,6,3.6,35.0,0.7,2.1,20
2012/12/12 16:41:00,37.6180,138.5780,16,3.4,11.7,0.3,1.5,10
2012/12/12 09:19:00,36.9830,141.4270,32,4.7,43.4,1.3,2.9,144
2012/12/11 23:36:00,35.4550,140.9450,24,3.7,5.7,0.1,0.6,16
2012/12/08 10:33:00,38.7870,140.7150,3,2.4,8.3,0.1,1.1,2
2012/12/08 07:59:00,37.8130,143.7080,44,5.2,3.7,0.3,1.4,73
2012/12/08 04:24:00,40.8280,142.9600,5,4.6,7.2,0.4,1.7,55
2012/12/07 19:40:00,36.7000,141.2320,32,4.2,9.3,0.3,1.7,26
2012/12/07 18:23:00,36.7050,141.2430,33,4.0,15.2,0.4,1.8,22
2012/12/07 17:31:00,37.9180,143.8550,30,6.6,39.5,1.5,3.0,434
2012/12/07 17:18:00,38.0180,143.8670,49,7.3,342.6,15.8,5.0,961
2012/12/07 10:03:00,36.7030,141.2450,33,3.9,20.4,0.5,1.8,17
2012/12/07 05:32:00,35.6480,140.1670,67,4.6,25.9,1.0,2.6,181
2012/12/06 19:17:00,36.4300,140.6920,52,4.3,103.3,1.8,3.1,134
2012/12/06 16:31:00,35.1270,138.6530,16,2.2,11.2,0.2,1.5,3
2012/12/06 16:18:00,37.0800,141.2250,37,4.0,14.1,0.4,1.8,52
2012/12/05 14:00:00,39.5650,140.4980,8,2.8,38.9,0.8,1.5,9
2012/12/05 08:02:00,37.2470,138.9430,11,4.1,150.4,3.7,3.0,48
2012/12/05 06:52:00,41.9150,142.3250,69,4.4,11.5,0.5,1.8,44
2012/12/04 05:31:00,39.5650,140.4900,9,4.1,373.4,9.1,3.5,55
2012/12/04 02:48:00,43.1380,145.9430,47,4.3,19.3,0.5,2.3,30
2012/12/03 23:29:00,28.1320,129.5530,31,4.2,15.1,0.4,2.0,4
2012/12/03 17:46:00,34.0450,135.6270,59,3.7,19.3,0.3,1.5,45
2012/12/03 14:17:00,36.5870,141.1850,29,4.3,43.0,0.7,2.5,51
2012/12/03 13:57:00,36.3420,140.7270,91,4.3,51.9,1.0,2.7,127
2012/12/03 13:14:00,38.6170,141.8980,48,4.0,44.4,0.5,1.9,31
2012/12/02 16:29:00,33.3370,131.8170,70,3.9,13.2,0.3,1.6,66
2012/11/30 02:10:00,36.5600,140.8380,13,3.6,60.2,1.0,2.4,23
2012/11/28 21:58:00,35.7670,137.5600,10,3.2,44.7,0.4,1.4,27
2012/11/28 19:23:00,41.6230,142.9970,29,3.9,11.5,0.3,1.6,11
2012/11/28 00:11:00,36.7400,141.0420,42,3.8,22.8,0.6,2.2,69
2012/11/27 18:55:00,38.3080,141.8850,62,4.0,16.2,0.3,1.2,36
2012/11/27 07:24:00,24.8120,125.3750,48,4.3,28.7,0.6,2.1,2
2012/11/27 03:20:00,39.3400,142.0770,48,3.9,54.2,0.5,1.8,34
2012/11/25 02:40:00,35.5620,141.0820,37,3.8,12.6,0.4,1.5,8
2012/11/24 17:59:00,35.6370,140.0170,72,4.8,88.7,3.8,3.6,294
2012/11/24 11:48:00,34.8570,137.8850,33,3.6,17.4,0.3,1.6,63
2012/11/24 10:30:00,38.2150,141.7880,56,4.8,93.7,1.4,2.9,164
2012/11/24 05:21:00,38.2080,141.7880,57,5.2,207.9,5.0,3.9,212
2012/11/24 00:51:00,36.0670,139.8770,45,4.4,40.6,1.4,3.0,158
2012/11/23 21:16:00,39.1470,142.3050,47,4.0,67.6,0.7,2.1,43
2012/11/23 08:26:00,39.1450,142.3020,47,4.7,123.2,3.4,3.2,113
2012/11/22 23:19:00,35.1950,140.0770,85,4.2,37.1,1.1,2.6,114
2012/11/22 19:10:00,39.5670,141.9800,34,3.8,32.9,0.4,1.9,47
2012/11/22 02:42:00,38.5280,141.8130,50,5.0,112.0,1.6,3.1,150
2012/11/21 09:02:00,39.6350,142.1100,49,4.1,86.9,1.8,2.5,50
2012/11/20 21:23:00,38.5330,141.7180,53,3.7,39.1,0.5,1.6,14
2012/11/20 01:22:00,37.6150,138.5780,17,3.5,7.0,0.2,1.2,8
2012/11/19 15:46:00,33.0980,131.2280,5,3.3,9.1,0.2,1.3,10
2012/11/19 10:37:00,42.7730,143.9420,103,4.1,29.6,0.8,2.4,54
2012/11/19 10:07:00,43.0630,145.8200,64,4.1,30.3,0.6,2.3,26
2012/11/17 17:13:00,35.2670,135.4900,7,3.9,154.1,2.2,2.8,55
2012/11/17 14:40:00,36.4280,140.6530,53,3.7,27.3,0.4,1.8,35
2012/11/17 07:00:00,35.9920,137.2420,7,3.1,24.4,0.3,1.7,26
2012/11/16 21:41:00,38.8880,141.9680,50,3.9,28.3,0.4,1.8,27
2012/11/16 17:26:00,35.3570,141.2280,30,5.5,12.0,1.8,2.8,112
2012/11/16 15:58:00,37.1600,136.5580,10,3.6,57.0,1.5,2.8,4
2012/11/16 14:20:00,40.0400,140.5280,8,3.5,75.8,1.4,3.1,25
2012/11/15 21:05:00,37.0930,141.0420,69,3.7,14.8,0.3,1.4,34
2012/11/15 09:15:00,33.0400,131.1620,9,3.2,12.0,0.4,1.9,14
2012/11/15 02:19:00,36.4200,141.0030,17,4.5,14.5,0.4,2.0,51
2012/11/14 18:20:00,31.8800,131.0780,9,3.2,24.0,0.7,2.0,12
2012/11/13 21:59:00,38.6970,141.7970,53,3.1,31.5,0.4,1.5,8
2012/11/12 19:15:00,25.1900,124.9130,5,4.8,9.6,0.2,1.1,2
2012/11/11 14:16:00,37.5830,141.6380,77,4.5,79.5,2.3,3.1,115
2012/11/11 13:59:00,35.7350,140.8570,12,3.7,25.3,0.4,1.5,14
2012/11/10 21:35:00,36.8880,141.3770,32,4.4,22.1,0.5,2.1,51
2012/11/10 07:35:00,38.8650,141.5720,76,4.3,87.5,1.3,3.0,117
2012/11/09 22:22:00,37.3420,141.3500,49,4.1,37.9,0.6,2.2,80
2012/11/09 13:06:00,36.8700,141.3530,35,4.2,9.0,0.3,1.5,32
2012/11/09 12:52:00,36.8770,141.3780,33,5.5,63.8,2.8,3.3,245
2012/11/08 20:07:00,38.6150,141.9050,48,3.6,47.5,0.6,1.7,16
2012/11/08 14:58:00,39.8750,142.1620,47,3.9,19.1,0.3,1.8,33
2012/11/08 08:54:00,37.0050,140.6980,11,4.2,60.9,1.4,2.9,103
2012/11/08 05:15:00,38.8630,141.6370,61,3.4,20.2,0.3,1.3,28
2012/11/07 09:54:00,36.9330,141.3770,40,4.3,7.9,0.3,1.4,43
2012/11/07 00:01:00,35.7580,140.9880,13,4.3,30.0,1.3,2.5,37
2012/11/06 09:07:00,32.9000,129.9870,12,2.6,22.2,0.6,1.7,5
2012/11/06 08:46:00,36.0030,139.9530,43,3.3,18.5,0.5,1.6,41
2012/11/06 06:59:00,36.6430,141.1250,48,4.1,26.1,0.5,2.3,91
2012/11/05 13:30:00,37.8470,143.6530,47,5.7,10.2,0.4,1.8,214
2012/11/05 05:51:00,32.8980,129.9900,13,2.4,4.2,0.1,0.6,4
2012/11/05 05:50:00,36.3300,140.9520,38,4.3,62.5,1.1,2.8,92
2012/11/04 03:50:00,35.6430,139.4300,31,3.3,11.7,0.3,1.5,33
2012/11/03 07:34:00,37.6170,141.7480,29,5.0,87.5,2.4,3.3,233
2012/11/01 22:13:00,36.7070,140.5920,10,2.9,28.5,0.3,1.4,5
2012/11/01 16:53:00,35.6950,140.9480,14,4.0,44.9,0.9,2.1,23
2012/10/31 15:50:00,36.0400,139.9250,44,4.4,76.1,2.0,3.3,172
2012/10/31 13:28:00,38.9200,141.9280,51,3.9,68.2,1.0,2.2,48
2012/10/30 19:13:00,36.1570,141.2550,38,4.0,10.9,0.3,1.7,27
2012/10/30 11:15:00,35.6420,140.1620,66,4.0,9.5,0.3,1.8,79
2012/10/30 08:54:00,31.9720,131.6570,36,3.7,7.5,0.4,1.9,8
2012/10/29 09:12:00,36.8900,139.4080,4,2.6,46.6,0.7,2.0,5
2012/10/28 18:44:00,36.5380,140.8750,50,4.3,53.4,0.9,2.5,72
2012/10/28 11:31:00,35.3070,136.9000,9,2.7,14.9,0.1,0.9,7
2012/10/28 01:26:00,39.7570,141.8450,58,3.9,31.4,0.7,2.5,60
2012/10/28 00:47:00,37.2430,140.9020,6,3.3,22.2,0.6,2.1,8
2012/10/27 13:12:00,37.0200,141.1300,51,4.1,25.0,0.8,2.2,46
2012/10/27 06:59:00,42.1530,140.7280,10,2.8,5.3,0.1,0.7,1
2012/10/27 04:44:00,33.5080,133.4720,34,4.5,83.2,1.6,2.9,174
2012/10/26 22:35:00,38.5420,141.7220,53,3.1,37.0,0.4,1.5,6
2012/10/26 19:52:00,42.7020,143.2120,104,3.7,19.8,0.7,2.1,59
2012/10/26 19:36:00,38.7220,142.1830,42,4.7,130.5,1.8,2.9,119
2012/10/26 01:54:00,31.9350,131.9020,27,4.4,12.0,0.6,2.2,33
2012/10/26 01:49:00,32.0630,130.9180,7,2.8,9.6,0.3,1.3,8
2012/10/25 20:13:00,37.0770,140.9350,27,3.7,29.7,0.7,2.3,22
2012/10/25 19:32:00,38.2880,141.8580,48,5.6,211.4,4.4,3.9,378
2012/10/25 18:26:00,43.1630,145.5820,52,4.1,41.0,0.8,2.2,23
2012/10/25 12:52:00,37.0500,140.5480,6,3.2,36.9,0.7,2.0,9
2012/10/25 09:51:00,36.6430,140.8930,26,3.5,25.2,0.3,1.6,17
2012/10/24 19:35:00,38.3950,141.0750,15,3.4,16.5,0.5,1.3,8
2012/10/24 16:56:00,36.5420,140.8470,51,4.0,59.7,0.9,2.9,76
2012/10/24 16:05:00,36.5330,140.8470,51,4.5,441.6,8.7,4.1,150
2012/10/24 02:16:00,38.4130,141.7830,55,3.7,26.8,0.4,1.4,18
2012/10/24 01:30:00,36.6530,140.6080,5,3.1,29.0,0.4,1.6,6
2012/10/23 03:09:00,37.0220,138.7080,7,2.5,11.5,0.2,0.7,5
2012/10/23 01:56:00,34.1480,135.1380,6,3.4,28.2,0.4,1.6,8
2012/10/22 18:27:00,38.0280,141.8270,50,4.5,25.2,0.6,2.4,95
2012/10/22 10:43:00,39.2000,142.4050,33,4.8,50.5,1.0,2.7,118
2012/10/20 18:02:00,36.6250,140.6070,4,3.6,75.3,0.8,2.2,19
2012/10/20 17:58:00,36.6230,140.6100,3,3.7,165.1,2.4,3.2,30
2012/10/20 07:54:00,37.3570,138.8000,11,2.4,11.4,0.3,1.4,2
2012/10/19 20:59:00,35.7730,140.1130,42,3.9,10.0,0.4,1.6,77
2012/10/19 18:13:00,39.3400,142.0620,48,4.4,106.6,1.4,2.6,69
2012/10/19 13:10:00,36.4530,140.5980,55,3.6,49.5,1.0,2.6,73
2012/10/19 10:58:00,38.4750,142.2370,40,3.9,21.8,0.2,1.4,33
2012/10/19 06:14:00,38.8530,142.0500,46,3.9,51.4,0.7,1.9,24
2012/10/18 15:49:00,39.5720,140.3670,5,2.8,69.9,1.4,2.4,5
2012/10/18 12:55:00,36.6300,139.4300,9,3.3,54.6,0.7,2.5,27
2012/10/18 11:12:00,37.0230,138.7100,7,2.5,7.7,0.1,0.6,5
2012/10/18 09:04:00,37.0250,138.7070,7,1.9,0.7,0.0,-1.2,1
2012/10/18 09:02:00,37.0270,138.7080,6,2.1,10.1,0.1,0.6,2
2012/10/18 07:27:00,37.0320,138.7080,7,2.4,5.9,0.1,0.6,3
2012/10/18 06:22:00,37.0320,138.7100,8,1.8,3.9,0.1,-0.2,1
2012/10/18 05:38:00,37.0280,138.7070,7,2.1,4.4,0.1,0.0,3
2012/10/18 01:16:00,37.0280,138.7000,8,3.3,20.7,0.4,1.7,15
2012/10/18 00:25:00,37.0250,138.7070,7,2.6,42.0,0.6,1.9,5
2012/10/18 00:01:00,37.0270,138.7080,7,4.2,55.4,1.4,2.7,33
2012/10/17 22:48:00,37.0250,138.7020,8,2.0,2.3,0.0,-0.2,2
2012/10/17 09:44:00,36.7200,140.6250,7,4.5,225.9,4.6,3.8,104
2012/10/17 02:37:00,37.0270,138.7030,8,2.1,4.3,0.1,0.3,2
2012/10/16 22:39:00,31.2030,130.3300,166,5.0,17.0,0.5,2.0,70
2012/10/16 06:47:00,36.7180,141.8700,45,4.5,8.4,0.4,1.7,66
2012/10/14 21:14:00,42.6820,142.6500,31,4.2,45.2,1.5,3.0,72
2012/10/14 20:11:00,38.2830,144.2580,46,5.4,3.9,0.2,1.2,98
2012/10/14 15:34:00,35.2100,132.7970,9,3.9,138.5,2.9,3.3,75
2012/10/14 13:37:00,36.7620,140.7880,17,3.9,41.5,1.1,2.6,58
2012/10/14 00:14:00,32.7670,132.2920,36,4.1,23.5,0.5,2.1,38
2012/10/13 23:02:00,35.8520,140.5400,38,3.5,15.4,0.3,1.5,20
2012/10/13 11:21:00,35.2630,135.6580,13,3.8,68.7,0.9,2.0,50
2012/10/12 23:35:00,35.8430,140.5580,38,3.6,29.0,0.6,1.5,25
2012/10/12 23:21:00,35.1930,140.1970,11,3.1,27.5,0.3,1.2,10
2012/10/12 22:30:00,36.2280,140.8970,47,3.5,10.3,0.2,1.5,16
2012/10/12 13:57:00,35.8480,140.5480,37,5.1,123.1,3.7,3.5,202
2012/10/12 05:45:00,39.8420,142.0900,33,3.8,51.8,0.6,2.0,48
2012/10/12 05:07:00,38.2480,142.1070,41,4.0,9.2,0.1,0.9,12
2012/10/11 16:06:00,36.1270,140.0780,64,3.9,22.8,0.6,1.7,77
2012/10/10 23:40:00,38.1670,141.6770,51,3.5,17.0,0.2,0.6,13
2012/10/10 05:49:00,32.6870,132.4870,33,4.5,62.5,2.2,3.4,44
2012/10/09 19:17:00,37.1350,141.2070,35,3.9,7.8,0.2,1.2,29
2012/10/09 05:55:00,35.7720,140.1050,43,3.7,31.3,1.2,2.5,58
2012/10/08 20:04:00,36.1100,140.0980,62,3.9,29.5,0.6,2.2,100
2012/10/08 19:49:00,38.8870,141.9720,50,3.9,28.7,0.9,2.0,33
2012/10/08 14:47:00,34.6630,137.0750,12,3.3,14.9,0.3,1.4,15
2012/10/08 02:32:00,37.5070,141.3850,51,4.0,17.7,0.5,1.6,33
2012/10/07 22:53:00,39.9870,140.6070,3,3.6,16.9,0.4,1.9,28
2012/10/07 21:22:00,36.8670,140.5550,6,3.5,27.0,0.5,2.1,18
2012/10/07 20:00:00,36.7700,140.5750,7,3.6,75.2,1.6,2.7,29
2012/10/07 08:43:00,36.7650,140.7870,16,4.1,84.3,1.5,2.8,88
2012/10/07 08:39:00,45.1680,141.7370,7,3.4,25.0,1.4,2.8,7
2012/10/06 01:19:00,39.9880,140.6070,3,4.9,182.6,3.5,3.9,141
2012/10/05 21:36:00,45.0320,141.9450,12,2.3,3.3,0.1,0.5,2
2012/10/05 17:13:00,26.2900,125.1520,152,5.2,4.6,0.2,1.0,4
2012/10/03 23:53:00,36.6950,140.5870,9,3.3,84.3,1.0,2.1,18
2012/10/03 20:04:00,39.3700,142.0030,60,4.1,26.6,0.6,2.4,61
2012/10/03 18:40:00,38.0520,141.9120,51,5.0,62.3,2.2,2.9,179
2012/10/03 01:53:00,39.5080,140.4230,10,2.5,4.2,0.1,0.5,4
2012/10/02 10:10:00,36.0920,140.9820,39,4.2,110.3,2.5,2.9,125
2012/10/02 07:55:00,39.7780,143.5330,20,5.0,4.9,0.5,1.9,47
2012/10/02 07:22:00,39.8320,143.5200,22,6.3,33.7,2.4,3.3,301
2012/10/02 06:27:00,36.3670,140.9520,46,4.3,86.6,1.8,3.3,142
2012/10/02 05:50:30,37.2030,141.4400,47,4.4,22.1,0.6,2.2,73
2012/10/02 05:50:00,37.1680,138.8270,8,2.7,32.9,0.5,1.5,5
2012/10/02 05:20:00,36.8670,141.3900,30,4.5,6.5,0.5,1.5,28
2012/10/02 03:40:00,36.9180,141.3950,30,5.6,35.4,1.8,2.8,163
2012/10/02 01:12:00,37.8050,140.0270,8,4.2,86.9,1.5,2.7,72
2012/10/01 14:17:00,35.9750,141.4800,48,4.7,13.3,0.4,1.9,61
2012/10/01 07:39:00,38.4100,141.8850,19,4.6,57.9,1.2,2.8,148
2012/10/01 06:40:00,38.6220,141.7430,50,3.7,26.8,0.2,1.4,49
2012/10/01 05:31:00,35.7800,140.9020,11,3.4,26.6,0.5,1.5,10
2012/09/30 22:39:30,37.0130,140.6070,8,3.8,44.7,0.7,2.3,57
2012/09/30 22:39:00,37.0170,140.6070,8,4.0,48.2,0.8,2.6,65
2012/09/30 14:41:00,36.7750,140.5620,8,3.6,70.2,1.3,2.2,28
2012/09/30 10:39:00,38.9870,142.3920,33,4.3,58.3,0.8,2.3,75
2012/09/29 19:49:00,34.9780,139.9520,71,3.6,25.6,0.8,2.3,30
2012/09/29 19:09:00,38.5430,141.7220,53,3.2,35.4,0.4,1.5,6
2012/09/29 06:56:00,40.0420,140.5350,9,3.6,55.5,0.8,2.2,27
2012/09/28 19:42:00,43.6050,144.3780,3,2.0,32.7,0.5,1.9,1
2012/09/28 14:46:00,36.8450,140.6350,9,3.8,58.0,1.2,2.6,77
2012/09/28 02:38:00,38.4220,142.2130,36,4.5,63.7,0.9,2.4,76
2012/09/26 09:08:00,36.6230,140.6130,10,3.6,55.8,0.5,2.0,27
2012/09/25 11:55:00,36.6680,141.1200,46,4.1,41.0,1.3,2.9,89
2012/09/25 01:12:00,36.1280,139.8430,49,3.5,17.8,0.3,1.7,65
2012/09/24 07:39:00,41.4780,142.0120,64,3.8,13.4,0.2,1.4,19
2012/09/23 03:24:00,38.5750,142.0000,40,4.0,33.1,0.3,1.6,47
2012/09/22 15:22:00,36.6930,140.6270,7,3.7,25.8,0.4,1.9,35
2012/09/20 14:03:00,34.2330,135.2330,4,3.0,42.7,0.4,1.3,4
2012/09/20 12:24:00,37.0750,141.1820,50,3.8,19.5,0.3,1.5,29
2012/09/20 09:26:00,28.2650,129.4580,32,3.4,11.5,0.2,1.0,1
2012/09/19 23:30:00,38.5350,141.7180,54,3.7,51.7,0.6,1.6,14
2012/09/18 04:09:00,39.8170,142.2580,43,5.0,54.9,1.5,3.1,123
2012/09/17 17:50:00,36.9750,138.5930,9,2.7,7.6,0.2,0.4,6
2012/09/17 17:22:00,39.1020,142.2070,43,3.9,55.6,0.7,2.0,33
2012/09/17 05:31:00,39.5330,140.4170,9,2.7,14.6,0.3,1.5,6
2012/09/16 01:17:00,37.0520,138.6170,11,3.4,14.4,0.3,1.4,18
2012/09/16 01:09:00,35.7550,140.9950,14,4.4,61.3,2.1,2.5,38
2012/09/14 11:20:00,38.4720,142.0470,43,3.9,18.7,0.2,1.0,16
2012/09/14 08:18:00,39.0720,142.3770,32,4.0,14.5,0.4,1.9,29
2012/09/14 02:45:00,35.8550,140.5270,35,3.8,15.3,0.4,2.0,44
2012/09/14 02:22:00,35.8600,140.5400,37,5.1,125.1,4.6,3.6,228
2012/09/14 02:01:00,32.5950,129.8400,11,3.3,79.3,1.0,2.8,10
2012/09/13 06:35:00,35.0350,137.7970,25,3.2,41.2,0.7,2.3,37
2012/09/13 00:38:00,36.1450,141.0000,40,4.2,40.9,1.2,2.6,52
2012/09/11 20:12:00,37.6200,141.9000,30,4.7,13.0,0.4,2.0,85
2012/09/11 10:39:00,38.3680,142.0720,34,4.1,52.2,0.6,2.1,29
2012/09/11 08:17:00,36.7750,141.2630,33,4.4,14.1,0.6,2.1,40
2012/09/10 21:21:00,38.3620,141.6670,54,3.9,50.2,0.6,2.0,35
2012/09/10 20:54:00,43.5280,146.5470,47,3.9,12.6,0.4,1.8,16
2012/09/09 16:58:00,38.6180,141.9050,48,3.9,46.9,0.5,1.9,26
2012/09/09 15:54:00,38.0250,141.6820,48,3.9,23.9,0.3,1.5,47
2012/09/09 03:38:00,34.8570,137.8200,28,3.4,15.3,0.2,1.2,40
2012/09/09 01:48:00,28.2750,129.3980,28,3.9,18.2,0.2,1.2,4
2012/09/08 10:41:00,33.8120,132.3100,50,4.5,77.7,2.1,3.0,197
2012/09/07 15:17:00,36.6600,141.1320,30,4.3,43.0,0.6,2.2,46
2012/09/06 05:33:00,35.4080,139.2500,17,3.6,17.2,0.6,1.9,42
2012/09/06 03:20:00,36.7000,140.6050,10,3.8,151.7,2.1,2.9,41
2012/09/05 01:54:00,37.4550,141.5250,42,3.7,4.6,0.1,0.8,11
2012/09/05 01:26:00,36.6980,140.6430,6,3.3,45.0,0.5,1.7,13
2012/09/04 23:56:00,38.3000,141.8600,48,4.2,28.3,0.5,1.4,46
2012/09/04 12:41:00,36.6930,140.6370,8,3.5,56.7,0.6,1.5,19
2012/09/04 09:06:00,38.5430,141.7230,53,3.1,30.8,0.4,1.5,6
2012/09/04 05:36:00,37.6070,141.4680,79,3.9,18.6,0.4,1.8,49
2012/09/03 07:17:00,36.6380,140.9280,50,3.8,28.0,0.6,2.0,22
2012/09/02 13:33:00,36.5180,140.6950,54,3.9,63.6,0.9,2.5,55
2012/09/02 02:45:00,37.8020,139.9980,9,4.1,96.4,1.3,2.7,44
2012/09/01 00:31:00,37.1830,141.3800,29,4.6,19.6,0.7,2.3,61
2012/08/31 23:26:00,36.8970,140.6630,7,4.4,92.2,1.6,3.0,119
2012/08/31 20:14:00,24.7680,125.1980,39,3.3,21.8,0.4,1.0,2
2012/08/30 18:56:00,34.2680,135.4120,7,2.8,18.3,0.2,1.0,4
2012/08/30 04:17:00,36.1200,139.8500,49,4.1,72.2,1.8,3.3,165
2012/08/30 04:05:00,38.4070,141.9130,60,5.6,691.6,24.6,5.2,343
2012/08/30 02:43:00,39.1800,142.4120,31,4.1,51.1,0.7,1.8,67
2012/08/29 22:50:00,39.5920,140.5300,6,2.7,27.9,0.4,1.6,5
2012/08/29 19:19:00,36.6420,141.0600,45,3.7,27.2,0.4,1.6,23
2012/08/29 08:17:00,38.9170,141.9280,51,3.8,40.3,0.5,2.0,45
2012/08/29 02:50:00,38.9730,140.9000,7,4.0,336.1,7.2,4.0,65
2012/08/28 22:55:00,36.3950,141.8730,27,5.0,10.0,0.6,1.8,91
2012/08/28 20:44:00,36.9480,141.3500,40,4.2,11.8,0.3,1.5,53
2012/08/26 22:13:00,35.8830,137.2680,7,3.4,29.9,0.7,2.3,37
2012/08/26 03:37:00,36.9670,141.0820,90,5.2,149.3,4.1,3.9,336
2012/08/26 01:20:00,40.4730,141.5380,116,3.6,5.9,0.1,0.7,11
2012/08/25 23:16:00,42.3270,143.1100,49,6.1,539.4,21.6,5.2,401
2012/08/25 20:14:00,40.0130,141.9420,7,3.7,89.9,2.0,3.0,29
2012/08/25 09:52:00,37.8030,140.0000,8,3.5,36.2,0.6,1.7,19
2012/08/25 07:43:00,36.4230,141.0820,45,3.9,16.4,0.4,2.0,37
2012/08/24 20:01:00,34.4480,139.3180,14,3.3,19.0,0.7,2.3,6
2012/08/24 10:22:00,36.1430,139.8230,51,3.4,18.6,0.3,1.4,45
2012/08/24 02:10:00,37.6450,141.7250,48,4.2,12.1,0.4,1.7,44
2012/08/23 20:04:00,43.3830,147.0480,51,4.2,10.1,0.4,1.8,22
2012/08/23 00:16:00,36.8600,141.0600,51,3.8,29.7,0.5,1.6,32
2012/08/22 17:49:00,38.8650,141.6400,62,3.3,16.8,0.2,1.4,17
2012/08/22 10:33:00,42.3470,143.0520,53,5.2,177.0,4.5,3.8,189
2012/08/21 02:22:00,33.2670,132.1470,46,3.8,8.7,0.2,1.2,36
2012/08/21 01:43:00,36.9050,141.4480,46,5.1,35.8,2.2,3.1,215
2012/08/20 23:09:00,38.8550,142.0530,46,3.8,44.7,0.6,1.9,20
2012/08/20 21:02:00,35.9370,140.8200,26,3.6,38.4,0.7,1.7,18
2012/08/20 20:42:00,35.9170,140.4420,57,5.2,29.7,1.7,3.0,262
2012/08/20 12:18:00,35.7380,137.1180,8,3.0,36.7,0.5,1.3,20
2012/08/19 20:40:00,38.1700,141.6850,51,3.7,18.3,0.3,1.5,38
2012/08/18 15:27:00,37.1080,140.4680,4,3.0,12.0,0.2,0.9,1
2012/08/18 12:38:00,39.1620,142.3580,33,4.2,22.5,0.2,1.3,45
2012/08/17 20:37:00,36.6550,140.9870,89,4.3,87.4,1.4,3.1,128
2012/08/17 16:24:00,41.1950,142.0380,58,4.9,52.5,1.4,3.0,137
2012/08/17 15:15:00,37.3530,141.8650,41,4.6,34.3,1.4,2.9,66
2012/08/17 13:13:00,36.4980,137.9220,10,3.2,23.7,0.6,1.6,11
2012/08/17 08:46:00,32.0630,129.9980,10,4.9,140.9,2.9,3.6,108
2012/08/17 01:53:00,36.7720,140.5720,9,3.6,93.0,1.7,2.6,33
2012/08/16 19:38:00,31.6280,130.7670,1,2.9,6.6,0.3,1.2,2
2012/08/16 18:59:00,39.8700,140.4070,140,4.1,8.1,0.1,0.9,37
2012/08/16 03:42:00,32.8520,130.7870,13,2.8,6.9,0.2,1.0,10
2012/08/15 08:56:00,37.9750,141.8400,50,4.2,18.2,0.3,1.6,64
2012/08/15 01:32:00,36.0120,137.5420,7,3.0,53.1,0.8,2.6,14
2012/08/15 01:15:00,37.0520,140.7720,9,3.6,10.6,0.3,1.3,18
2012/08/15 01:09:00,32.8500,130.7850,13,3.4,36.5,1.1,2.6,28
2012/08/14 12:01:00,49.1830,145.8820,654,7.3,39.8,2.3,3.4,454
2012/08/14 07:54:00,36.7450,141.0870,29,3.7,19.9,0.3,1.6,20
2012/08/13 14:11:00,38.4430,142.1750,31,3.7,34.9,0.4,1.7,22
2012/08/13 13:48:00,35.9200,139.8170,77,3.9,16.3,0.4,1.8,143
2012/08/12 22:06:00,36.1500,137.5600,2,3.7,41.9,1.2,2.8,27
2012/08/12 21:26:00,42.8770,144.9320,50,3.7,10.0,0.3,1.5,23
2012/08/12 20:11:00,37.8080,140.0000,9,3.6,45.8,0.6,2.0,26
2012/08/12 18:56:00,37.0820,140.5470,4,3.8,232.9,4.7,3.5,38
2012/08/12 02:02:00,36.6620,139.4970,4,3.1,8.3,0.1,0.7,11
2012/08/11 23:58:00,37.4600,141.3030,30,4.0,15.7,0.8,1.8,37
2012/08/11 21:33:00,33.8730,135.2420,6,2.9,34.5,0.5,1.5,4
2012/08/11 19:30:00,37.1300,141.1820,60,4.4,36.0,1.0,2.4,98
2012/08/11 01:32:00,34.9800,139.2680,12,3.6,60.1,0.9,2.3,31
2012/08/10 07:18:00,36.7580,140.5900,7,3.2,33.9,0.4,1.5,12
2012/08/10 05:38:00,36.7800,141.2700,37,4.3,20.4,0.4,1.9,53
2012/08/10 05:36:00,37.0620,141.1970,50,3.7,16.9,0.2,1.3,15
2012/08/08 16:11:00,25.9170,124.9900,123,5.5,10.3,0.3,1.7,10
2012/08/08 10:19:00,41.9570,142.3350,70,4.1,11.8,0.5,1.8,54
2012/08/08 08:54:00,36.8880,141.3780,33,4.4,11.4,0.4,1.8,57
2012/08/08 01:11:00,39.1180,142.4270,33,4.7,36.6,0.8,2.4,102
2012/08/07 18:13:00,41.9670,140.1400,2,2.3,2.0,0.0,-0.3,2
2012/08/07 13:18:00,37.5570,141.8580,35,4.5,33.7,1.0,2.7,97
2012/08/07 06:11:00,35.6550,140.8720,14,3.9,36.7,0.7,1.9,19
2012/08/07 03:26:00,24.3500,122.9870,49,4.4,3.0,0.1,0.2,1
2012/08/07 02:23:00,38.3130,142.1270,37,4.3,45.3,0.7,1.8,34
2012/08/06 22:13:00,38.1770,141.6880,51,4.0,22.6,0.3,1.5,36
2012/08/06 14:30:00,29.4780,130.7000,64,4.7,1.9,0.1,1.0,1
2012/08/06 12:28:00,29.4700,130.6900,56,5.3,4.0,0.4,1.6,8
2012/08/06 11:34:00,35.6520,140.7170,45,3.7,6.3,0.3,1.3,15
2012/08/06 07:28:00,39.7700,142.2780,22,4.0,16.0,0.5,2.0,50
2012/08/06 00:50:00,35.6630,140.8480,12,3.7,13.3,0.4,1.5,16
2012/08/05 14:32:00,32.3900,130.6330,1,2.3,2.1,0.1,-0.7,1
2012/08/05 09:55:00,34.1080,135.1600,5,3.1,63.7,1.0,1.9,5
2012/08/05 06:45:00,36.2280,141.1380,47,3.8,9.1,0.3,1.6,26
2012/08/05 05:44:00,36.0450,139.8770,43,3.4,11.6,0.3,1.4,40
2012/08/04 22:08:00,36.8520,140.5730,7,3.7,61.2,1.0,2.7,34
2012/08/04 15:41:00,39.5700,140.3670,5,2.9,91.3,2.2,2.6,8
2012/08/04 13:27:00,38.4270,141.9680,62,3.8,31.8,0.3,1.9,42
2012/08/04 09:21:00,36.7430,140.6030,6,3.7,77.5,2.1,3.2,19
2012/08/03 22:19:00,36.0250,139.8980,43,4.6,92.7,2.3,3.6,243
2012/08/03 19:21:00,39.3380,142.0850,48,4.8,91.7,2.0,3.4,107
2012/08/03 19:00:00,39.3580,143.6720,44,5.0,3.5,0.3,1.6,25
2012/08/02 10:34:00,36.6530,140.5980,7,3.6,145.0,1.6,2.8,23
2012/08/02 09:52:00,39.6350,142.1080,48,3.8,37.3,0.7,2.6,53
2012/08/02 07:35:00,40.0250,141.9430,9,3.1,29.6,0.7,2.1,6
2012/08/01 23:37:00,38.8850,141.9770,50,4.0,41.8,0.7,2.2,46
2012/08/01 13:28:00,37.1370,141.0620,55,3.9,28.0,0.4,1.9,32
2012/08/01 13:03:00,36.4230,140.6670,53,3.5,24.3,0.4,1.7,23
2012/08/01 01:34:00,32.0630,130.9270,9,3.2,18.1,0.4,1.7,12
2012/07/31 06:16:00,35.7630,139.8900,84,3.9,10.7,0.2,1.5,100
2012/07/31 02:17:00,38.0400,141.6830,49,4.1,26.1,0.5,1.8,62
2012/07/30 07:05:00,39.0970,142.4720,34,5.5,191.2,4.3,3.7,223
2012/07/30 02:33:00,32.6200,131.8250,47,3.8,22.8,0.6,2.4,42
2012/07/29 14:25:00,35.7280,140.6000,47,3.4,6.0,0.2,1.4,11
2012/07/29 02:26:00,37.1920,141.3720,48,3.9,13.9,0.3,1.7,37
2012/07/27 23:40:00,35.9730,140.0970,63,3.8,14.6,0.3,2.0,114
2012/07/26 19:30:00,36.1070,140.1100,63,4.1,85.8,1.7,2.9,136
2012/07/26 15:00:00,37.5300,140.0670,10,4.1,75.9,2.9,3.5,76
2012/07/26 07:45:00,37.7730,140.0070,8,3.6,19.0,0.5,1.7,24
2012/07/26 02:20:00,30.9950,130.4520,131,4.7,20.1,0.8,2.6,77
2012/07/25 10:31:00,36.7870,140.4900,105,4.0,28.5,0.4,1.7,60
2012/07/24 21:52:00,39.2070,142.4070,34,4.2,21.8,0.4,1.7,55
2012/07/24 21:08:00,40.3500,142.1900,45,3.7,9.1,0.2,1.2,17
2012/07/23 11:15:00,38.2320,141.8230,64,3.9,26.8,0.3,1.6,37
2012/07/23 10:05:00,37.2120,141.5250,47,4.0,7.2,0.2,1.2,21
2012/07/23 06:57:00,38.3200,141.8200,57,4.0,41.9,0.5,2.1,56
2012/07/23 05:51:00,38.3220,141.8170,58,3.8,35.3,0.4,1.5,43
2012/07/22 20:49:00,36.5770,141.1630,30,3.9,48.7,0.7,2.1,26
2012/07/22 19:12:00,36.1870,140.0100,52,3.7,45.7,0.5,1.9,66
2012/07/22 18:38:00,37.1920,140.8920,8,3.2,22.5,0.5,1.6,12
2012/07/22 17:20:00,38.6180,141.9050,48,4.3,54.8,1.1,2.5,78
2012/07/22 13:42:00,42.4880,143.0250,61,5.1,95.7,4.0,3.7,218
2012/07/22 11:08:00,36.8780,141.3600,31,4.3,12.7,0.5,2.0,37
2012/07/21 12:01:00,37.7550,141.9320,37,4.9,25.0,1.0,2.5,185
2012/07/20 16:14:00,35.5420,140.1270,3,3.0,8.2,0.3,1.4,8
2012/07/20 13:42:00,35.5380,140.1270,1,2.9,6.8,0.2,1.1,8
2012/07/20 12:59:00,38.3020,141.8730,47,4.1,30.7,0.4,1.6,58
2012/07/20 01:11:00,37.5820,141.8530,29,4.5,8.6,0.3,1.3,64
2012/07/19 19:39:00,37.0520,141.1620,29,3.9,8.4,0.2,1.3,30
2012/07/18 20:14:00,37.1900,141.3750,48,3.9,10.5,0.2,1.4,26
2012/07/18 04:57:00,44.8450,142.1550,0,2.7,9.0,0.3,1.5,6
2012/07/18 04:50:00,44.8350,142.1500,0,4.1,77.7,2.8,3.1,21
2012/07/18 04:39:00,44.8320,142.1470,0,4.1,183.7,6.6,3.9,20
2012/07/16 15:02:00,39.0220,142.4070,32,3.8,13.0,0.2,1.6,31
2012/07/16 06:49:00,44.8350,142.1480,0,4.3,223.3,10.5,4.2,28
2012/07/16 04:31:00,36.1520,139.8170,52,4.8,195.7,7.1,3.9,317
2012/07/15 23:34:00,43.1580,146.4130,62,5.0,38.2,1.2,2.8,79
2012/07/15 23:08:00,44.8300,142.1570,0,4.2,118.4,4.5,3.8,24
2012/07/15 02:22:00,28.6530,129.5850,15,3.8,7.3,0.4,1.8,1
2012/07/14 23:49:00,39.1320,142.4000,34,4.1,14.6,0.4,1.7,28
2012/07/14 13:04:00,36.8270,138.3670,8,3.7,72.2,2.0,3.2,30
2012/07/13 23:42:00,38.4300,142.2050,34,4.2,39.7,0.5,1.9,51
2012/07/13 14:14:00,38.7980,142.4570,44,4.5,38.8,0.9,2.3,57
2012/07/12 20:17:00,41.5580,143.1980,55,4.6,18.6,0.5,2.1,134
2012/07/12 13:54:00,36.0820,139.8850,46,4.2,56.4,1.7,3.2,177
2012/07/12 08:16:00,34.2030,135.2170,5,3.0,126.2,1.2,2.3,6
2012/07/11 19:54:00,35.7980,141.0230,17,4.4,17.4,0.5,2.1,65
2012/07/11 11:43:00,36.7170,140.6350,6,3.5,46.4,1.1,2.5,14
2012/07/10 15:21:00,36.8270,138.3870,8,3.2,28.6,0.5,1.7,11
2012/07/10 15:15:00,36.8230,138.3900,9,3.1,21.8,0.3,1.7,13
2012/07/10 13:33:00,36.8270,138.3920,9,3.9,91.5,1.4,2.5,40
2012/07/10 13:06:00,36.8350,138.3950,9,3.1,40.6,0.5,1.6,11
2012/07/10 13:03:00,36.8220,138.3900,8,3.5,62.0,1.1,2.2,26
2012/07/10 12:57:00,36.8230,138.3850,8,3.3,51.1,1.1,2.8,15
2012/07/10 12:52:00,36.8250,138.3970,7,3.6,78.6,1.6,2.6,38
2012/07/10 12:50:00,36.8130,138.4030,9,3.9,37.2,0.6,1.7,9
2012/07/10 12:49:00,36.8300,138.3880,9,5.2,238.6,12.5,4.4,189
2012/07/10 04:25:00,29.3270,130.2270,51,5.3,10.6,0.8,2.4,10
2012/07/10 03:47:00,40.3480,142.0800,50,3.9,19.5,0.4,2.1,37
2012/07/10 01:56:00,38.5350,141.7150,54,3.7,33.9,0.5,1.8,14
2012/07/09 17:30:00,42.0650,142.4800,67,3.8,7.7,0.2,1.5,34
2012/07/09 13:01:00,38.6570,142.1500,42,4.5,20.5,0.6,2.0,80
2012/07/08 11:30:00,37.6780,139.9330,8,2.5,37.4,0.5,0.9,7
2012/07/07 20:47:00,38.8550,142.0520,46,3.9,31.5,0.5,1.9,23
2012/07/06 08:24:00,37.0970,140.4920,12,4.1,21.0,0.4,1.8,56
2012/07/06 08:04:00,29.2630,130.5500,68,4.4,1.3,0.1,0.7,1
2012/07/06 06:05:00,38.1770,141.7000,51,3.7,29.7,0.6,1.8,49
2012/07/06 02:53:00,37.0470,140.5700,9,3.9,36.5,1.0,2.8,70
2012/07/06 02:04:00,37.0420,140.5720,9,4.5,67.6,2.2,3.4,128
2012/07/04 22:29:00,40.9750,142.0120,57,4.0,24.6,0.4,2.0,44
2012/07/04 15:03:00,36.6420,140.9320,49,4.0,65.4,1.7,2.7,55
2012/07/04 11:37:00,43.7130,146.4320,79,4.0,9.2,0.5,1.8,22
2012/07/04 11:25:00,36.6950,140.7900,46,3.6,56.3,0.6,2.2,32
2012/07/04 02:38:00,32.7780,130.5030,10,3.7,15.8,0.3,1.6,29
2012/07/03 22:20:00,35.3850,138.9630,18,3.2,15.5,0.4,1.6,19
2012/07/03 21:18:00,37.1170,139.4720,8,3.0,103.0,1.2,2.1,13
2012/07/03 13:53:30,39.5750,140.5480,7,2.9,8.8,0.2,1.3,6
2012/07/03 13:53:00,41.4630,141.9400,55,4.1,11.9,0.4,1.9,43
2012/07/03 13:22:00,38.0270,141.8720,46,4.4,15.6,0.4,1.8,67
2012/07/03 13:05:00,39.5750,140.5380,6,2.6,15.2,0.2,1.2,6
2012/07/03 11:32:00,37.0980,140.4920,11,4.2,165.9,2.0,3.0,92
2012/07/03 11:31:00,35.0000,139.8700,88,5.2,195.6,13.4,4.6,261
2012/07/03 09:46:00,37.3450,141.9980,36,4.6,10.4,0.3,1.8,56
2012/07/02 15:23:00,37.4770,141.5930,46,4.4,21.7,0.7,1.8,43
2012/07/02 11:06:00,40.0250,141.9570,9,4.5,135.8,5.0,3.8,72
2012/07/02 05:51:00,40.0230,141.9500,8,3.1,14.0,0.3,1.5,1
2012/07/01 13:09:00,36.9600,140.5420,8,3.7,25.8,0.5,2.1,34
2012/07/01 06:24:00,39.4880,140.4180,9,2.8,5.3,0.2,1.2,5
2012/07/01 03:11:00,35.8130,140.9250,31,3.8,22.3,0.6,1.6,25
2012/06/30 16:11:00,38.2000,141.8700,64,4.8,89.4,1.5,2.8,152
2012/06/30 15:34:00,36.2880,141.0350,45,4.2,25.0,0.7,2.1,70
2012/06/30 14:50:00,35.3880,140.3730,26,3.8,21.2,0.8,2.1,45
2012/06/30 08:10:00,38.3650,141.8620,64,4.0,23.7,0.3,1.4,44
2012/06/30 06:05:00,36.1330,140.9530,37,3.5,13.1,0.3,1.7,21
2012/06/29 16:02:00,36.1350,140.9520,37,3.8,24.6,0.5,2.3,38
2012/06/29 11:05:00,37.1070,140.6100,10,3.6,38.8,0.9,2.2,29
2012/06/29 07:01:00,36.3850,141.0230,20,4.2,17.4,0.4,2.0,61
2012/06/29 02:44:00,35.2530,140.2070,0,4.5,109.1,4.8,3.6,22
2012/06/28 15:17:00,36.0780,140.4530,33,4.0,109.2,2.0,3.1,83
2012/06/28 14:52:00,37.1670,141.1970,63,5.2,134.7,6.5,4.1,319
2012/06/28 13:55:00,36.6700,141.0780,18,4.5,23.0,0.8,2.3,94
2012/06/28 10:54:00,36.8820,141.0730,31,3.8,26.6,0.6,2.0,52
2012/06/26 22:42:00,38.9170,141.9280,51,3.9,45.0,0.6,1.7,42
2012/06/26 08:23:00,37.5480,138.9600,19,4.0,69.4,1.7,3.3,78
2012/06/25 10:38:00,36.7900,141.0250,49,3.8,23.8,0.4,1.8,47
2012/06/24 13:30:00,37.0520,141.1480,52,4.2,20.0,0.7,1.9,54
2012/06/24 10:29:00,38.8430,142.1150,44,4.8,66.8,1.3,2.7,117
2012/06/23 23:41:00,35.4920,138.9680,19,3.5,26.0,0.6,2.0,39
2012/06/23 18:04:00,35.0900,134.8700,7,3.2,66.9,1.3,2.0,22
2012/06/22 21:44:00,38.1700,141.6800,51,3.6,30.5,0.3,1.4,34
2012/06/22 16:58:00,39.4000,143.6670,37,5.2,4.4,0.4,1.7,53
2012/06/22 05:32:00,39.3780,143.7570,22,5.3,5.4,0.4,1.8,71
2012/06/21 13:19:00,38.3320,140.7130,12,3.3,29.3,0.5,1.8,12
2012/06/21 08:56:00,36.8570,141.1630,49,4.4,27.5,1.0,2.5,85
2012/06/21 01:47:00,35.7380,140.8880,12,4.1,27.1,1.2,2.3,33
2012/06/20 20:20:00,34.8320,140.1070,65,3.9,24.0,1.0,2.3,37
2012/06/20 10:51:00,36.5300,140.7930,52,3.5,31.5,0.4,1.7,22
2012/06/20 07:29:00,37.6570,141.7180,40,4.8,25.6,0.8,2.3,141
2012/06/20 02:32:00,33.7700,132.2470,52,3.7,6.1,0.2,1.0,57
2012/06/19 13:04:00,35.8930,141.0150,22,4.0,8.3,0.2,1.5,24
2012/06/19 09:21:00,35.8970,141.0100,19,3.9,19.1,0.4,1.5,23
2012/06/19 05:29:00,36.5820,140.5870,19,3.8,122.6,2.0,3.1,45
2012/06/18 16:47:00,36.5280,140.7900,52,3.6,21.3,0.5,1.7,25
2012/06/18 15:09:00,36.9280,141.0630,51,3.7,30.3,0.4,2.0,59
2012/06/18 14:45:00,38.8150,142.4630,42,3.9,13.0,0.3,1.6,23
2012/06/18 05:32:00,38.8730,142.0900,47,6.2,364.3,7.0,4.4,450
2012/06/17 19:51:00,36.0580,139.9070,44,3.2,8.4,0.1,1.0,31
2012/06/17 16:13:00,36.1780,140.0100,51,4.5,154.3,4.0,3.8,222
2012/06/16 23:58:00,37.2050,140.8930,8,3.1,16.9,0.3,1.6,5
2012/06/15 16:32:00,38.1920,141.8530,63,4.6,84.5,1.2,2.5,120
2012/06/15 14:09:00,37.0430,141.3300,49,4.3,21.2,0.5,2.2,98
2012/06/15 10:20:00,36.6580,140.6000,5,2.7,20.9,0.3,1.5,5
2012/06/15 06:55:00,36.6500,140.5980,7,3.3,83.8,0.8,2.0,14
2012/06/15 02:16:00,36.6470,140.6020,6,3.1,47.7,0.4,1.5,9
2012/06/13 19:51:00,36.6870,139.3230,9,3.3,25.3,0.3,1.4,12
2012/06/13 18:49:00,35.6830,140.7230,47,3.8,12.2,0.4,1.6,29
2012/06/13 06:56:00,27.0150,128.2050,15,4.0,8.7,0.2,1.1,4
2012/06/12 16:40:00,36.5320,140.8450,51,3.8,54.5,0.9,2.5,34
2012/06/11 20:20:00,38.3100,141.9070,46,3.8,32.6,0.4,1.9,35
2012/06/11 03:31:00,38.8830,141.9820,49,3.6,25.3,0.3,1.5,16
2012/06/11 02:11:00,30.9580,130.8050,60,4.4,28.9,1.1,2.7,40
2012/06/10 17:38:00,38.6430,142.1680,41,4.5,15.3,0.3,1.8,67
2012/06/10 13:21:00,36.2200,141.0150,38,3.9,21.8,0.4,1.9,38
2012/06/10 06:00:00,24.4170,122.2670,70,6.0,9.3,0.3,1.8,4
2012/06/09 21:59:00,36.4880,136.3100,17,3.0,6.6,0.1,0.6,6
2012/06/09 19:20:00,36.3720,140.6350,52,3.9,29.6,0.5,2.0,46
2012/06/09 19:07:00,37.4730,141.5070,41,3.9,20.1,0.4,1.8,40
2012/06/09 11:35:00,35.8820,137.2680,8,3.2,23.7,0.5,1.8,24
2012/06/09 11:06:00,36.5850,140.7750,17,3.4,91.1,1.1,2.5,15
2012/06/09 10:23:00,35.8600,140.9100,13,3.8,8.8,0.4,1.1,18
2012/06/09 04:08:00,37.6300,141.7400,45,3.8,15.9,0.4,1.7,21
2012/06/09 04:07:00,35.0230,138.3680,26,4.0,73.4,1.4,2.8,120
2012/06/09 02:34:00,38.8880,141.9670,50,3.9,23.7,0.4,1.5,21
2012/06/08 14:22:00,37.5220,142.0270,33,4.9,17.8,0.9,2.2,135
2012/06/08 14:15:00,31.0450,130.9920,62,3.8,18.3,0.4,1.8,11
2012/06/08 13:54:00,36.0780,140.4550,32,3.4,24.3,0.4,1.8,20
2012/06/08 13:10:00,36.7630,141.2750,37,4.3,21.4,0.6,2.1,45
2012/06/08 08:33:00,37.6750,141.7470,48,4.2,7.8,0.2,1.4,40
2012/06/08 06:13:00,35.4230,139.9970,42,3.5,5.3,0.2,1.4,36
2012/06/07 09:59:00,36.1330,140.9450,36,3.9,23.0,0.4,1.8,37
2012/06/06 18:30:00,37.0920,140.6320,8,2.9,28.7,0.5,1.7,3
2012/06/06 12:37:00,38.5480,142.0730,42,3.8,82.2,1.0,2.3,37
2012/06/06 10:24:00,34.1020,135.1450,4,2.8,171.7,1.9,2.4,2
2012/06/06 05:37:00,36.8680,141.3470,30,4.3,9.7,0.3,1.9,37
2012/06/06 04:31:00,34.9920,141.3700,37,6.3,39.2,4.4,3.4,302
2012/06/05 19:41:00,35.6950,140.9470,10,3.8,14.5,0.6,1.6,13
2012/06/05 19:32:00,35.7070,140.9320,11,4.2,25.2,0.7,1.9,26
2012/06/05 17:51:00,38.4250,142.2070,37,3.8,19.2,0.2,1.5,29
2012/06/05 09:02:00,36.7480,141.0620,29,3.6,10.3,0.3,1.5,9
2012/06/05 04:38:00,36.7080,141.0730,28,3.6,43.4,0.7,2.0,22
2012/06/04 15:51:00,32.0600,130.9230,9,4.4,157.5,4.7,3.5,68
2012/06/04 14:09:00,32.0600,130.9200,8,3.8,42.0,1.5,2.7,37
2012/06/03 13:07:00,40.0730,142.1220,48,4.2,47.4,1.5,3.0,77
2012/06/03 03:46:00,38.6180,141.9030,48,3.6,62.7,0.9,2.2,36
2012/06/02 19:29:00,38.2980,141.8700,62,4.0,29.5,0.4,1.7,53
2012/06/02 18:48:00,36.8880,141.3300,32,4.1,11.8,0.3,1.5,28
2012/06/02 06:00:00,36.6920,140.6620,6,2.4,18.4,0.3,1.7,1
2012/06/02 03:37:00,27.9170,129.2120,12,3.9,6.9,0.1,0.9,2
2012/06/01 17:48:00,36.0270,139.8750,44,5.1,231.4,7.8,4.0,363
2012/05/31 14:49:00,37.5150,141.4480,48,4.6,67.1,1.7,2.8,150
2012/05/31 07:27:00,40.2080,139.8350,19,3.9,15.4,0.5,1.8,38
2012/05/31 01:30:00,38.8550,142.0520,46,3.8,35.9,0.5,1.8,21
2012/05/30 00:53:00,42.3520,143.1220,51,4.0,26.5,0.7,2.1,55
2012/05/29 19:06:00,36.6880,140.6580,5,2.9,19.3,0.3,1.9,2
2012/05/29 06:37:00,44.0650,141.8120,13,2.2,9.3,0.3,1.5,3
2012/05/29 01:36:00,35.8050,140.0870,64,5.2,60.9,4.9,3.7,336
2012/05/28 15:32:00,37.4230,137.0000,13,4.0,91.9,1.4,2.9,30
2012/05/27 20:20:00,24.6900,123.2180,15,5.1,5.8,0.2,1.2,2
2012/05/27 01:45:00,33.3200,131.4820,10,2.8,6.8,0.1,0.7,4
2012/05/26 21:35:00,36.2320,140.0850,54,3.7,32.1,0.5,2.1,71
2012/05/26 17:36:00,35.6900,140.9400,20,3.7,14.5,0.4,1.6,13
2012/05/26 13:03:00,39.0850,142.3420,32,3.9,42.5,0.6,1.7,25
2012/05/25 16:27:00,35.6850,139.9120,37,3.4,10.1,0.3,1.3,35
2012/05/25 12:59:00,37.5830,141.7350,47,4.4,22.1,0.6,2.1,79
2012/05/25 04:43:00,33.5220,131.9450,63,4.0,15.6,0.4,2.1,104
2012/05/24 15:43:00,36.9980,140.7950,12,3.8,19.9,0.5,1.6,25
2012/05/24 13:51:00,38.4730,141.6030,57,3.9,69.0,0.9,2.1,43
2012/05/24 10:15:00,35.7300,140.6400,48,3.2,7.0,0.3,1.1,9
2012/05/24 10:09:00,35.7280,140.6280,46,3.6,9.3,0.5,1.8,20
2012/05/24 00:02:00,41.3430,142.1230,60,6.1,185.1,13.1,4.7,440
2012/05/23 03:45:00,31.1480,131.3530,30,4.0,10.2,0.2,1.5,12
2012/05/22 16:18:00,39.6130,143.5670,32,5.0,4.3,0.4,1.8,51
2012/05/21 19:17:00,39.3630,143.7070,32,5.1,3.6,0.3,1.5,40
2012/05/21 12:19:00,27.1800,127.4700,91,5.1,24.3,1.0,2.6,9
2012/05/21 09:46:00,39.4650,143.7650,34,5.1,3.8,0.4,1.7,54
2012/05/20 22:01:00,36.0170,140.0820,62,3.8,13.4,0.3,1.6,70
2012/05/20 17:41:00,39.4030,143.4980,28,5.1,5.0,0.5,1.9,65
2012/05/20 17:20:00,39.6130,143.6080,28,5.5,7.4,0.6,2.1,136
2012/05/20 16:27:00,39.3670,143.6930,0,5.7,5.0,0.5,1.9,59
2012/05/20 16:20:00,39.5370,143.6200,7,6.5,20.2,1.5,2.8,282
2012/05/20 04:05:00,39.6980,143.6800,33,6.0,14.3,1.2,2.7,164
2012/05/19 06:23:00,39.6370,143.6270,27,5.2,5.4,0.3,1.5,70
2012/05/18 23:36:00,35.8930,138.1270,10,3.3,24.8,0.4,2.0,31
2012/05/18 20:21:00,35.8630,140.6180,51,4.4,6.7,0.6,1.7,48
2012/05/18 17:19:00,36.1350,139.8400,51,4.8,229.5,6.5,4.1,299
2012/05/18 10:23:00,38.8630,141.5950,75,3.8,32.1,0.4,1.7,41
2012/05/17 00:59:00,40.7170,140.4530,15,3.6,53.9,1.3,2.5,31
2012/05/16 01:00:00,38.2730,141.8880,64,4.8,84.9,3.4,3.5,204
2012/05/15 10:12:00,44.0680,141.8100,14,2.1,13.7,0.3,1.5,3
2012/05/15 09:09:00,39.6320,142.1080,49,4.0,64.7,1.2,2.5,51
2012/05/15 06:21:00,24.5770,125.1230,33,4.2,12.6,0.4,1.1,2
2012/05/15 04:19:00,36.7500,141.2450,37,4.1,15.8,0.4,2.0,43
2012/05/14 12:36:00,31.7080,131.8680,27,4.8,26.5,1.7,3.0,69
2012/05/14 08:17:00,35.3650,140.3220,20,3.7,59.9,1.7,2.5,38
2012/05/14 05:21:00,36.5380,137.7870,2,3.0,46.9,0.7,2.2,6
2012/05/13 15:54:00,39.6030,140.4920,7,2.7,31.8,0.5,1.5,6
2012/05/13 12:05:00,37.3800,141.2220,64,4.1,19.4,0.3,1.6,57
2012/05/13 07:08:00,38.7130,141.9880,54,4.0,42.5,0.6,2.1,61
2012/05/12 23:59:00,35.7470,140.9300,12,3.6,18.4,0.6,1.5,10
2012/05/12 20:32:00,37.1770,140.9070,9,3.7,20.8,0.5,1.9,33
2012/05/12 15:03:00,38.4220,141.8520,58,3.8,36.6,0.5,1.8,55
2012/05/12 02:59:00,37.1800,141.3750,49,4.0,21.8,0.5,1.8,51
2012/05/12 01:36:00,38.5350,141.7170,54,3.8,34.1,0.5,1.9,18
2012/05/11 23:18:00,35.7450,140.9270,12,3.7,23.2,0.8,1.7,14
2012/05/11 09:14:00,38.9880,142.2820,48,3.9,20.1,0.3,1.7,29
2012/05/10 18:43:00,35.7300,140.9750,9,4.3,32.3,1.4,2.3,40
2012/05/10 17:34:00,36.9030,141.4020,32,4.5,12.4,0.4,1.8,49
2012/05/10 17:31:00,37.7930,140.0000,9,3.4,22.9,0.5,1.6,21
2012/05/10 15:41:00,39.7470,142.2530,22,4.6,54.9,1.0,2.9,103
2012/05/10 15:01:00,42.8530,144.5470,51,4.3,37.7,0.9,2.5,60
2012/05/10 09:28:00,39.7680,142.2430,23,5.1,142.8,3.5,3.9,167
2012/05/10 07:02:00,36.8550,140.5630,6,4.0,83.6,1.7,2.9,47
2012/05/10 00:20:00,35.0000,135.5800,9,3.4,25.0,0.5,1.9,26
2012/05/09 18:58:00,38.8350,139.9020,16,3.2,10.0,0.2,1.3,9
2012/05/09 17:03:00,37.1220,140.2880,11,3.1,29.4,0.7,1.8,11
2012/05/09 06:47:00,39.3420,142.0600,48,4.6,104.8,1.4,2.8,84
2012/05/08 14:43:00,37.0670,141.1880,51,4.1,26.8,1.0,2.3,56
2012/05/08 03:59:00,36.8680,141.3600,29,4.7,30.2,1.3,2.7,108
2012/05/08 02:00:00,35.7070,140.9350,15,3.8,17.2,0.6,1.5,13
2012/05/06 15:07:00,38.3730,141.8570,64,4.1,23.7,0.5,1.8,69
2012/05/06 05:12:00,38.1670,141.7350,51,5.2,88.2,1.5,2.9,185
2012/05/05 22:11:00,36.6100,140.8300,53,3.1,18.5,0.2,1.5,6
2012/05/05 18:57:00,35.1880,137.1730,45,4.3,51.6,1.6,2.7,226
2012/05/05 17:12:00,35.5250,140.9520,41,4.4,6.4,0.4,1.7,28
2012/05/05 06:15:00,36.0800,137.4530,8,3.1,63.6,0.8,2.6,18
2012/05/05 03:04:00,36.9680,140.5370,8,3.9,34.0,0.6,2.2,66
2012/05/04 15:55:00,36.9150,141.0680,51,3.6,35.1,0.5,2.0,50
2012/05/04 14:34:00,43.2920,145.5430,84,4.5,38.1,1.5,2.8,52
2012/05/04 12:01:00,35.6280,140.1470,68,3.8,13.2,0.6,1.9,82
2012/05/04 11:54:00,35.6150,140.1450,70,4.3,26.6,1.2,2.8,138
2012/05/04 11:20:00,35.7520,140.9270,9,3.4,45.2,1.1,2.0,3
2012/05/03 16:15:00,38.9170,141.9280,51,4.0,40.9,0.7,2.1,36
2012/05/02 23:33:00,36.9720,141.1070,33,4.0,13.8,0.3,1.6,38
2012/05/02 20:19:00,32.9250,130.9680,9,3.4,23.7,0.6,2.0,17
2012/05/02 07:07:00,38.6380,141.9130,48,3.6,36.1,0.4,2.0,28
2012/05/01 07:16:00,36.4720,140.5370,58,3.6,31.7,0.3,1.4,47
2012/05/01 04:54:00,35.7070,140.6320,48,3.7,11.3,0.4,1.8,40
2012/04/30 11:40:00,36.6950,140.5780,9,3.7,73.7,0.8,2.2,26
2012/04/30 11:33:00,36.6950,140.5830,9,3.4,140.3,1.7,2.8,18
2012/04/30 10:25:00,39.7400,142.2330,23,3.8,31.1,0.3,1.7,47
2012/04/30 09:20:00,37.0630,141.3950,23,4.3,19.4,0.7,2.5,52
2012/04/30 00:05:00,39.7400,142.2220,21,4.2,19.9,0.3,1.6,55
2012/04/30 00:02:00,39.7420,142.2550,23,5.6,197.7,3.3,3.8,222
2012/04/29 21:17:00,36.8580,141.1470,48,4.5,48.7,1.9,3.2,147
2012/04/29 19:28:00,35.7150,140.6000,48,5.8,125.3,13.9,4.3,330
2012/04/29 17:13:00,35.5430,140.0950,9,2.8,9.2,0.2,1.3,3
2012/04/29 17:12:00,35.5430,140.1000,8,3.4,22.4,0.6,2.3,18
2012/04/28 23:46:00,38.7220,142.3780,46,3.8,14.6,0.2,1.4,29
2012/04/28 04:08:00,40.1570,141.1800,9,3.1,12.2,0.2,1.3,13
2012/04/28 00:12:00,40.1550,141.1800,9,2.9,6.3,0.1,1.2,8
2012/04/27 21:06:00,36.3650,140.6000,51,3.9,40.6,0.5,1.9,40
2012/04/27 19:53:00,39.0470,142.4070,34,4.1,28.9,0.3,1.5,35
2012/04/27 14:37:00,39.9430,143.2030,17,4.9,12.1,0.6,2.1,79
2012/04/27 03:41:00,41.4780,141.9800,65,5.0,31.3,1.4,2.9,176
2012/04/26 07:11:00,37.4080,141.7280,42,4.3,8.4,0.2,1.5,52
2012/04/26 05:45:00,37.5900,141.2970,63,4.5,54.3,2.0,3.4,162
2012/04/25 13:08:00,35.7420,140.6470,46,3.7,9.0,0.3,1.4,14
2012/04/25 07:43:00,35.7280,140.6880,48,3.8,5.3,0.3,1.2,25
2012/04/25 05:31:00,35.7330,140.6720,45,3.6,6.8,0.2,1.2,12
2012/04/25 05:22:00,35.7220,140.6780,43,5.5,47.2,5.3,3.4,321
2012/04/24 21:34:00,39.1030,142.2080,44,3.9,66.9,0.9,2.1,37
2012/04/24 21:13:00,35.2100,137.7470,19,3.6,75.5,1.3,2.8,50
2012/04/24 20:17:00,29.7300,130.1630,58,3.9,2.8,0.0,0.0,1
2012/04/24 12:28:00,37.8000,139.9930,8,4.4,103.7,3.4,3.4,72
2012/04/24 11:29:00,36.6550,139.5120,6,3.0,17.2,0.3,1.0,8
2012/04/23 14:00:00,35.5000,140.9250,23,4.0,10.8,0.3,1.0,18
2012/04/22 22:13:00,43.7770,142.6680,193,4.6,5.8,0.2,1.2,49
2012/04/22 20:00:00,37.0580,140.7020,8,3.7,19.8,0.4,2.1,33
2012/04/22 18:45:00,37.0850,141.3870,33,4.3,12.5,0.4,2.0,27
2012/04/22 15:46:00,37.0930,140.8280,9,3.2,5.5,0.1,0.7,9
2012/04/22 12:52:00,37.0820,141.3730,34,3.8,8.2,0.3,1.7,11
2012/04/22 07:00:00,35.7770,140.9020,12,3.8,23.0,0.8,1.8,19
2012/04/21 23:29:00,42.5130,142.3030,104,4.5,20.0,1.4,2.6,143
2012/04/21 20:06:00,38.8670,141.6350,62,3.3,15.4,0.2,1.2,18
2012/04/21 18:24:00,37.0470,140.6580,9,3.5,19.6,0.4,2.0,17
2012/04/21 12:13:00,27.4680,128.6250,43,4.0,17.4,0.3,1.8,3
2012/04/21 02:29:00,37.0720,141.3870,34,3.9,7.3,0.2,1.4,19
2012/04/20 07:53:00,37.7730,139.9820,7,3.8,69.7,1.7,2.7,36
2012/04/20 06:54:00,37.0720,141.3850,32,3.9,6.8,0.2,1.2,7
2012/04/19 23:35:00,37.2330,139.0670,1,3.1,12.5,0.2,1.1,10
2012/04/19 17:41:00,38.4100,141.9730,58,3.8,69.4,1.0,2.6,45
2012/04/19 12:33:00,36.9430,141.3900,34,5.1,27.9,1.7,2.9,161
2012/04/19 06:20:00,43.0500,141.3180,10,2.9,16.5,0.3,1.1,10
2012/04/19 03:03:00,43.4120,142.5570,6,2.9,22.4,0.5,2.1,6
2012/04/18 16:06:00,37.7280,139.9980,8,3.6,19.4,0.3,1.7,23
2012/04/18 16:03:00,37.7270,140.0020,8,3.3,12.4,0.3,1.2,10
2012/04/18 12:39:00,36.7000,140.6280,6,3.0,24.4,0.3,1.4,10
2012/04/18 07:13:00,36.0600,139.9120,44,3.6,39.1,0.7,1.9,45
2012/04/18 02:20:00,36.7480,141.3000,30,4.3,13.1,0.3,1.6,31
2012/04/17 23:29:00,38.7850,142.4330,40,4.4,20.7,0.6,2.2,70
2012/04/17 21:29:00,36.9950,141.3430,27,4.5,11.2,0.3,1.7,61
2012/04/17 13:24:00,38.4170,142.3020,34,4.4,24.5,0.4,1.7,57
2012/04/16 01:59:00,37.7600,139.9770,8,3.1,30.9,0.5,1.8,5
2012/04/15 19:36:00,37.0020,141.3650,24,4.7,10.1,0.5,1.8,44
2012/04/15 13:45:00,34.0250,134.4600,7,3.2,26.1,0.5,1.8,8
2012/04/15 05:41:00,36.7450,141.2770,29,4.0,9.3,0.3,1.6,28
2012/04/15 00:07:00,37.1900,141.3130,23,4.4,9.1,0.7,2.1,37
2012/04/15 00:04:00,36.9980,141.3420,24,4.4,10.2,0.3,1.5,23
2012/04/14 21:40:00,30.0320,130.4220,42,4.4,65.6,1.2,2.6,11
2012/04/14 20:08:00,39.7750,142.2950,21,4.2,23.3,0.7,2.4,59
2012/04/14 19:51:00,37.1730,141.3020,22,4.7,16.8,1.5,2.6,68
2012/04/14 19:48:00,37.1820,141.3270,22,4.6,11.2,1.1,2.4,65
2012/04/14 18:26:00,36.7620,141.3120,21,4.9,6.0,0.2,1.3,12
2012/04/14 18:25:00,36.7720,141.3420,24,5.0,15.3,1.1,2.5,73
2012/04/14 17:46:00,36.8920,141.3380,74,4.2,51.0,0.9,2.5,120
2012/04/14 10:11:00,39.0850,142.4170,43,4.1,19.1,0.4,1.6,40
2012/04/14 07:54:00,35.7800,140.8480,8,3.6,18.2,0.5,1.5,10
2012/04/14 04:00:00,36.4630,140.7400,52,3.8,73.6,1.1,2.8,54
2012/04/14 03:25:00,38.4470,142.1880,30,4.1,18.6,0.3,1.6,34
2012/04/14 01:51:00,37.0150,141.3450,29,4.4,8.7,0.3,1.6,37
2012/04/14 00:26:00,36.9150,141.3370,30,4.2,11.4,0.3,1.5,49
2012/04/13 23:53:00,37.0100,141.5030,37,4.2,8.7,0.2,1.5,23
2012/04/13 21:30:00,36.6700,140.7880,17,4.1,58.9,1.1,2.6,54
2012/04/13 21:12:00,36.9570,141.3730,31,5.2,31.6,1.1,2.7,178
2012/04/13 19:33:00,36.9800,141.3520,29,4.1,8.4,0.3,1.5,26
2012/04/13 19:15:00,36.9820,141.3400,28,4.4,8.1,0.3,1.6,39
2012/04/13 19:10:00,36.9470,141.4220,32,6.0,125.0,5.2,3.9,392
2012/04/13 02:15:00,36.8020,141.3230,29,4.1,5.4,0.2,1.2,8
2012/04/12 23:51:00,37.4520,141.7330,27,5.9,60.7,4.5,3.8,368
2012/04/12 22:57:00,37.6730,139.9250,8,2.9,26.8,0.5,1.2,8
2012/04/12 22:07:00,35.8830,137.2900,10,3.6,170.7,2.9,2.9,57
2012/04/12 20:20:00,36.8280,141.3420,29,5.6,70.3,3.3,3.5,230
2012/04/12 10:55:00,39.7550,142.2620,22,3.8,16.0,0.5,2.0,39
2012/04/12 05:29:00,39.6700,142.1300,48,4.5,62.0,1.6,2.8,83
2012/04/11 03:41:00,34.0220,133.6770,9,3.5,30.9,0.4,1.5,32
2012/04/10 11:57:00,38.8380,142.1220,44,4.3,49.8,0.6,2.1,42
2012/04/10 10:26:00,39.7780,142.3000,22,3.9,10.6,0.3,1.8,33
2012/04/09 06:43:00,23.9550,122.3320,24,5.8,1.8,0.2,0.9,1
2012/04/08 14:44:00,37.4920,141.5050,44,4.0,9.6,0.3,1.5,40
2012/04/08 07:15:00,36.4130,140.7630,59,3.8,39.6,0.7,2.1,48
2012/04/08 06:44:00,39.7080,142.2230,23,3.9,21.2,0.3,1.7,28
2012/04/07 17:31:00,35.8080,141.0900,16,4.3,10.3,0.3,1.5,28
2012/04/06 03:29:00,35.6970,140.9770,13,3.8,36.0,0.7,1.8,11
2012/04/05 01:06:00,35.7300,140.6830,44,3.4,5.6,0.2,1.1,13
2012/04/03 20:52:00,40.2250,142.5300,28,4.7,21.5,0.7,2.4,95
2012/04/03 18:10:00,32.2320,132.0750,20,4.1,25.9,0.4,1.9,18
2012/04/03 12:12:00,35.8650,139.5930,90,4.1,14.3,0.5,2.1,124
2012/04/03 09:56:00,37.0250,140.6000,10,3.8,59.7,0.9,2.5,62
2012/04/03 08:33:00,37.5050,141.5900,48,4.1,19.9,0.3,1.5,28
2012/04/03 02:48:00,38.8850,141.9720,50,4.1,47.2,1.4,2.6,50
2012/04/02 21:53:00,38.9680,141.7230,66,4.0,26.5,0.5,2.1,65
2012/04/02 16:39:00,33.7830,132.1820,56,4.1,24.0,0.6,2.0,103
2012/04/01 23:04:00,37.0770,141.1320,53,5.9,228.4,12.4,4.7,456
2012/04/01 19:00:00,36.8230,140.5670,6,3.5,104.9,1.9,3.0,18
2012/04/01 07:30:00,39.7580,141.8370,59,4.2,64.6,1.7,3.1,76
2012/04/01 02:13:00,36.7080,140.6370,6,3.8,70.4,1.1,2.4,39
2012/04/01 00:20:00,32.9200,130.8570,8,2.6,11.5,0.2,1.3,6
2012/03/30 18:41:00,39.7780,142.2850,21,4.5,33.1,1.1,2.8,94
2012/03/30 13:38:00,37.5150,141.4720,46,5.1,96.4,3.7,3.8,233
2012/03/30 12:37:00,38.8600,142.0430,46,3.7,57.6,0.8,2.2,32
2012/03/30 05:38:00,38.3120,141.9200,50,4.6,49.6,1.0,2.6,119
2012/03/30 02:24:00,39.1230,142.3570,37,4.0,28.6,0.3,1.6,43
2012/03/29 04:01:00,38.0130,141.8620,45,4.0,29.6,0.5,1.9,50
2012/03/28 10:53:00,39.7380,142.2770,23,4.1,36.0,0.5,2.0,71
2012/03/28 06:53:00,36.8430,140.5300,8,3.3,23.1,0.5,1.7,17
2012/03/27 20:00:00,39.8050,142.3330,21,6.6,266.2,14.4,4.8,474
2012/03/27 19:22:00,35.6900,140.9620,12,4.6,24.6,1.6,2.5,71
2012/03/27 14:58:00,32.0900,131.7080,32,3.8,6.9,0.4,1.6,14
2012/03/27 13:22:00,35.7080,140.8880,14,3.6,26.7,0.6,1.7,5
2012/03/26 11:33:00,40.2420,142.5570,28,4.7,37.1,1.6,2.9,101
2012/03/26 11:27:00,36.7050,140.6050,7,3.3,63.2,0.7,1.9,12
2012/03/26 03:46:00,37.8150,141.7430,56,4.1,9.9,0.2,1.2,19
2012/03/25 22:22:00,37.6750,141.7680,49,5.2,99.7,3.5,3.7,255
2012/03/25 21:25:00,36.6130,139.4070,4,2.5,22.1,0.4,1.7,1
2012/03/25 21:22:00,38.3050,141.8830,46,4.1,38.1,0.5,1.9,64
2012/03/25 13:52:00,33.4870,132.3270,45,3.9,21.6,0.4,1.8,70
2012/03/25 07:15:00,36.8350,140.5780,7,3.3,106.6,1.3,2.8,7
2012/03/25 06:54:00,42.6580,145.0030,29,4.6,27.5,0.9,2.5,58
2012/03/25 03:24:30,37.4650,141.4470,39,3.7,11.3,0.1,0.6,9
2012/03/25 03:24:00,35.8970,139.5900,89,3.6,12.5,0.2,1.3,58
2012/03/24 14:14:00,35.7050,140.9330,14,3.9,43.9,1.0,2.3,21
2012/03/24 06:14:00,34.4080,134.6520,10,3.4,27.2,0.5,1.9,10
2012/03/24 00:52:00,36.6870,140.6380,8,3.4,31.8,0.8,2.3,19
2012/03/23 23:53:00,37.4000,141.3670,34,4.0,32.9,0.6,2.3,57
2012/03/23 22:55:00,35.7430,140.9380,11,3.9,39.6,1.1,2.1,26
2012/03/23 21:44:00,35.2470,135.2400,13,3.5,72.2,0.9,2.1,30
2012/03/23 13:46:00,42.1470,139.1700,18,3.8,17.6,0.5,2.0,16
2012/03/22 03:25:00,38.6170,141.9050,48,4.0,37.7,0.9,2.3,56
2012/03/22 03:05:00,37.6500,142.1120,29,4.6,11.8,0.3,1.7,87
2012/03/22 00:12:00,36.2570,140.0630,55,3.4,20.9,0.4,1.8,39
2012/03/21 05:43:00,35.7470,140.9320,13,3.8,45.0,1.3,2.2,18
2012/03/20 16:41:00,36.6550,140.5950,7,3.4,63.4,0.9,2.2,17
2012/03/20 07:06:00,36.8530,141.1370,34,3.9,21.5,0.6,2.1,32
2012/03/19 19:23:00,43.4230,146.1100,95,4.6,17.4,0.7,2.0,60
2012/03/19 11:56:00,41.5020,142.0370,63,5.0,30.5,1.2,3.0,174
2012/03/19 06:03:00,35.7670,140.8570,9,3.3,21.0,0.6,1.6,5
2012/03/18 22:16:00,35.8300,140.9800,14,4.2,12.1,0.3,1.8,39
2012/03/18 14:55:00,39.2770,142.2380,43,3.7,67.6,0.9,1.8,22
2012/03/18 09:36:00,39.1030,142.3300,45,5.0,164.3,4.0,4.0,159
2012/03/18 08:50:00,36.7750,140.5750,7,3.7,104.5,1.8,2.8,31
2012/03/18 07:28:00,35.7430,140.9080,11,3.2,20.7,0.5,1.7,2
2012/03/18 06:42:00,35.7620,140.8920,12,4.1,53.8,2.0,2.9,43
2012/03/17 22:47:00,38.1180,141.4970,63,4.4,69.7,1.2,2.8,142
2012/03/17 20:24:00,36.8330,140.5780,7,4.2,372.4,8.3,4.1,109
2012/03/17 14:12:00,35.7770,140.9470,13,4.0,27.6,1.0,2.0,21
2012/03/17 11:55:00,35.9020,139.5770,90,4.0,11.1,0.4,1.8,84
2012/03/17 08:38:00,35.7070,140.9580,12,3.7,28.1,0.8,1.9,7
2012/03/17 08:18:00,35.7000,140.9530,11,4.4,23.8,1.7,2.4,44
2012/03/16 10:38:00,35.7070,140.8980,11,3.6,49.7,1.0,2.0,12
2012/03/16 10:27:00,35.7900,140.9300,20,3.6,15.4,0.4,1.4,9
2012/03/16 06:50:00,34.1630,135.1730,7,2.7,15.7,0.2,0.5,4
2012/03/16 04:20:00,35.8800,139.5900,94,5.3,76.7,2.1,3.4,330
2012/03/15 23:21:00,38.0620,141.8370,47,4.3,20.6,0.8,2.4,65
2012/03/15 06:38:00,35.6420,141.7730,57,5.0,6.7,0.6,1.9,41
2012/03/15 01:57:00,36.7030,140.5950,8,3.7,74.4,1.3,2.7,35
2012/03/15 01:52:00,35.7630,140.9300,17,4.1,37.4,1.3,2.2,25
2012/03/14 22:29:00,35.7870,140.8950,13,4.3,43.5,1.7,2.4,58
2012/03/14 22:28:00,38.6370,141.9100,48,3.9,32.1,0.4,1.9,28
2012/03/14 21:05:00,35.7470,140.9320,15,6.1,393.3,31.9,5.1,412
2012/03/14 19:57:00,40.7130,144.9630,46,5.5,9.5,0.6,2.1,159
2012/03/14 19:49:00,40.6800,144.9670,69,6.0,25.6,1.2,2.9,317
2012/03/14 18:09:00,40.7750,145.2270,64,6.9,92.9,3.3,3.7,599
2012/03/13 07:46:00,37.3880,141.2800,33,3.9,14.2,0.3,1.9,25
2012/03/12 22:38:00,36.6980,140.5950,8,3.7,78.0,1.4,2.2,28
2012/03/12 21:32:00,44.7870,147.9600,120,5.5,8.5,0.3,1.8,70
2012/03/12 07:58:00,32.9200,130.8550,8,3.9,75.8,3.1,3.2,42
2012/03/11 17:33:00,42.5370,143.2650,63,4.4,74.8,1.8,3.0,123
2012/03/11 09:00:00,35.7670,140.9830,14,3.7,15.4,0.4,1.4,11
2012/03/11 01:00:00,36.6050,141.0780,49,3.9,19.8,0.4,1.9,42
2012/03/11 00:40:00,37.2520,141.4470,46,4.1,45.2,1.1,2.3,50
2012/03/10 21:19:00,36.7200,140.6200,6,3.4,24.3,0.4,1.9,14
2012/03/10 20:43:00,37.6720,139.9250,8,3.0,25.3,0.4,1.3,7
2012/03/10 19:08:00,31.6200,131.0720,67,3.6,10.5,0.3,1.5,24
2012/03/10 10:33:00,38.3050,141.8900,46,4.1,40.3,0.6,2.2,70
2012/03/10 07:37:00,36.7020,140.6100,8,3.3,26.0,0.4,1.8,10
2012/03/10 05:49:00,36.6980,140.6500,5,3.0,9.1,0.3,1.3,4
2012/03/10 03:38:00,36.7580,140.6150,5,3.5,57.9,1.7,2.8,11
2012/03/10 03:19:00,36.7030,140.6400,5,3.2,19.1,0.3,1.5,5
2012/03/10 03:15:00,36.6980,140.6370,6,3.7,56.0,1.4,2.6,29
2012/03/10 02:25:00,36.7170,140.6120,7,5.4,826.3,23.9,5.0,311
2012/03/09 19:48:00,36.6730,140.6150,7,3.6,58.9,0.7,2.2,23
2012/03/09 09:37:00,37.2700,141.3380,57,3.9,15.7,0.4,1.9,27
2012/03/09 01:41:00,38.6850,142.4750,39,4.3,17.8,0.4,1.9,47
2012/03/09 01:18:00,33.0330,130.7530,12,3.1,48.8,0.6,1.8,14
2012/03/08 22:16:00,36.5020,137.9230,11,2.5,19.7,0.4,1.2,5
2012/03/08 12:23:00,38.5280,141.8180,50,4.8,88.5,1.5,3.0,116
2012/03/08 03:51:00,36.0670,139.8650,44,4.2,112.6,2.8,3.3,159
2012/03/08 00:19:00,37.0220,138.6970,6,2.7,20.1,0.3,1.5,5
2012/03/07 15:18:00,25.5300,127.2800,47,5.2,4.7,0.4,1.5,4
2012/03/07 14:34:00,39.2380,142.4070,34,4.3,16.9,0.2,1.4,45
2012/03/07 10:12:00,37.0850,141.1380,52,3.8,24.4,0.4,1.9,44
2012/03/07 04:26:00,40.6180,142.0150,45,3.9,11.7,0.3,1.7,44
2012/03/06 18:50:00,37.7730,141.7750,50,4.5,14.7,0.5,1.8,86
2012/03/06 16:05:00,36.2400,140.1080,54,3.7,27.7,0.4,1.7,48
2012/03/05 15:26:00,40.1520,142.4570,32,4.0,10.4,0.4,1.7,56
2012/03/05 15:24:00,40.1500,142.5120,33,5.1,34.6,1.3,2.7,136
2012/03/04 14:15:00,36.6850,140.6370,7,3.2,38.0,1.0,2.7,8
2012/03/03 22:26:00,38.9170,141.9320,52,3.9,65.4,0.8,2.2,65
2012/03/03 22:03:00,40.1470,141.6980,59,3.8,25.8,0.6,2.0,45
2012/03/03 21:33:00,35.5980,139.0400,25,2.9,14.4,0.4,1.8,19
2012/03/03 15:06:00,42.2370,142.9150,54,3.9,12.5,0.2,1.3,39
2012/03/03 06:16:00,38.6170,141.9100,48,3.7,35.1,0.5,1.7,18
2012/03/02 19:11:00,35.2420,141.3670,34,5.2,6.1,1.1,2.3,43
2012/03/01 23:50:00,37.0100,141.1370,51,4.1,28.0,0.9,2.3,47
2012/03/01 23:48:00,32.7300,130.7350,11,3.4,22.8,0.5,1.9,18
2012/03/01 12:25:00,36.8370,141.2020,38,4.3,23.4,0.4,1.7,63
2012/03/01 11:12:00,35.2630,141.2070,37,4.7,10.7,0.5,1.6,26
2012/03/01 07:32:00,36.4380,140.6250,56,5.3,252.5,8.4,4.4,370
2012/02/29 23:32:00,35.3350,141.2780,39,5.9,24.1,3.3,3.4,215
2012/02/29 19:33:00,31.7530,132.0000,25,4.1,6.2,0.3,1.5,21
2012/02/29 18:00:00,37.2880,141.6770,44,5.4,100.8,3.2,3.3,305
2012/02/29 01:22:00,31.7550,131.9920,28,4.5,15.2,0.6,2.2,45
2012/02/28 23:30:00,43.2000,145.7350,92,4.1,16.5,0.5,2.0,30
2012/02/28 23:14:00,38.3650,141.8800,65,4.0,34.9,0.5,1.9,51
2012/02/28 14:31:00,36.7180,140.6180,6,3.1,23.0,0.5,1.8,6
2012/02/28 14:20:00,36.5350,140.9670,23,5.1,147.8,4.7,4.0,216
2012/02/28 13:33:00,34.1530,135.2400,4,2.5,14.5,0.2,0.6,2
2012/02/28 04:32:00,25.5000,127.2580,48,5.6,8.0,0.5,1.7,5
2012/02/28 01:30:00,38.5350,141.8200,50,4.5,67.6,0.7,2.5,92
2012/02/28 01:29:00,25.5050,127.2750,45,4.8,3.1,0.2,1.1,2
2012/02/27 20:32:00,39.8800,142.1630,48,4.0,20.1,0.5,1.9,50
2012/02/27 10:11:00,23.8350,123.3600,30,5.5,11.3,0.5,1.9,3
2012/02/26 23:19:00,37.4930,141.8770,38,4.2,7.7,0.2,1.4,35
2012/02/26 22:01:00,35.4800,138.9850,22,3.7,38.1,0.6,2.2,36
2012/02/26 16:05:00,42.6480,144.4670,56,4.1,16.2,0.6,1.9,54
2012/02/26 04:12:00,36.2830,137.0430,9,3.6,37.9,0.7,2.0,29
2012/02/25 23:26:00,36.4570,140.6070,54,3.7,13.8,0.4,1.8,30
2012/02/25 06:02:00,36.9630,138.5500,6,3.0,5.6,0.2,1.0,7
2012/02/25 04:53:00,35.8300,137.5850,6,2.4,28.7,0.4,1.1,5
2012/02/24 13:10:00,35.9870,140.0770,63,4.2,22.0,0.7,2.3,150
2012/02/24 04:28:00,39.0080,142.3100,58,4.8,151.4,2.3,3.1,135
2012/02/24 00:26:00,42.0370,142.4480,68,4.1,8.4,0.3,1.6,60
2012/02/22 17:28:00,40.1350,142.1370,56,3.9,19.7,0.4,2.0,59
2012/02/22 02:26:00,36.7100,140.5950,7,3.3,31.1,0.6,2.1,13
2012/02/21 23:44:00,37.9100,138.1550,15,3.4,17.7,0.3,1.7,4
2012/02/21 23:36:00,37.9100,138.1520,15,3.9,28.9,0.6,2.1,15
2012/02/21 10:22:00,35.2700,135.8200,13,3.4,124.0,1.2,1.6,25
2012/02/21 09:34:00,35.8650,140.4900,36,3.6,21.8,0.4,1.9,35
2012/02/21 07:37:00,36.7970,140.5630,7,3.9,295.4,4.6,3.5,37
2012/02/21 04:16:00,38.8370,142.3400,40,4.2,12.7,0.2,1.3,32
2012/02/20 22:43:00,37.1250,141.2120,29,3.7,14.9,0.3,1.5,13
2012/02/20 21:40:00,36.8420,140.6350,8,3.5,39.5,0.6,2.1,28
2012/02/20 13:28:00,36.6850,140.6380,7,3.4,52.7,1.5,2.9,18
2012/02/20 06:55:00,39.4780,140.4150,10,2.6,4.0,0.1,0.6,5
2012/02/19 22:12:00,36.7400,140.6070,7,3.8,100.9,1.8,2.7,47
2012/02/19 21:52:00,37.1550,141.1300,36,3.8,18.5,0.3,1.6,33
2012/02/19 14:54:00,36.7500,140.5880,7,5.2,285.1,7.7,4.5,272
2012/02/19 06:43:00,38.0370,141.8400,47,4.4,11.0,0.5,1.8,84
2012/02/18 23:20:00,36.4700,140.9720,17,4.8,45.6,1.2,2.6,137
2012/02/18 16:07:00,38.6920,141.7030,54,3.9,18.6,0.4,1.6,46
2012/02/18 14:13:00,35.5830,140.0870,2,4.2,84.3,2.3,3.1,71
2012/02/18 13:56:00,35.5850,140.0850,2,3.8,51.9,1.3,2.6,45
2012/02/18 10:59:00,41.8830,142.4970,63,4.2,7.2,0.4,1.8,64
2012/02/18 06:18:00,36.4880,140.7000,14,3.2,43.8,0.6,1.7,12
2012/02/17 21:48:00,34.0620,135.0820,10,3.0,41.4,0.4,1.5,6
2012/02/17 06:00:00,34.9200,138.0420,13,3.7,29.3,0.6,2.1,59
2012/02/17 02:42:00,37.0530,141.1980,50,3.6,16.5,0.2,1.3,15
2012/02/17 00:30:00,37.0620,140.5600,7,3.2,52.2,0.9,2.5,7
2012/02/16 14:09:00,38.5450,142.0750,42,4.3,50.4,0.8,2.3,102
2012/02/16 13:50:00,41.9270,139.2970,20,4.2,42.1,1.5,3.1,32
2012/02/16 02:32:00,36.1570,141.0050,34,4.3,104.5,2.0,2.8,96
2012/02/15 15:28:00,37.7800,141.6320,47,4.8,45.0,1.8,3.0,139
2012/02/15 13:36:00,42.1220,140.4420,8,3.6,71.6,2.1,3.2,15
2012/02/15 11:59:00,42.1180,140.4430,13,3.2,38.3,0.8,2.6,10
2012/02/15 07:34:00,36.2450,141.6380,54,4.9,6.3,0.4,1.5,59
2012/02/15 04:15:00,35.6350,141.0350,22,4.2,18.7,0.7,1.9,39
2012/02/14 21:41:00,36.6550,140.9800,49,3.9,38.5,0.8,2.3,67
2012/02/14 21:40:00,36.5000,137.9200,9,3.6,83.4,1.9,2.8,27
2012/02/14 19:48:00,39.3700,144.3370,58,4.8,8.2,0.5,1.9,90
2012/02/14 15:22:00,36.2170,141.5970,54,6.0,37.7,3.2,3.2,319
2012/02/14 12:29:00,36.2250,141.6850,52,5.0,9.2,0.5,1.8,52
2012/02/14 12:28:00,36.2200,141.6330,59,5.6,17.5,1.6,2.6,239
2012/02/12 17:26:00,36.3170,140.9680,38,3.9,26.3,0.5,1.9,25
2012/02/12 13:41:00,38.5530,144.1700,45,5.0,8.2,0.2,1.2,104
2012/02/12 10:51:00,35.4800,138.9480,19,3.6,25.4,0.6,1.9,35
2012/02/12 04:56:00,38.7250,142.1870,42,4.6,48.1,0.8,2.4,120
2012/02/11 20:27:00,41.2530,141.7120,20,3.8,7.6,0.2,1.5,17
2012/02/11 10:27:00,36.0870,139.7880,46,4.7,62.0,2.3,3.0,249
2012/02/11 07:07:00,36.0750,139.8800,47,3.4,25.1,0.4,1.7,42
2012/02/10 14:10:00,36.8420,140.5850,8,3.8,101.1,1.7,3.0,32
2012/02/10 13:56:00,40.0500,140.5520,10,3.8,100.6,1.5,2.5,43
2012/02/10 06:52:00,38.3820,140.8000,107,4.4,27.4,0.7,2.0,98
2012/02/10 01:58:00,36.8270,141.2370,36,3.7,12.2,0.3,1.5,15
2012/02/09 19:22:00,35.4800,140.4320,26,3.4,16.9,0.4,1.5,17
2012/02/09 16:09:00,37.1420,141.3750,50,4.1,12.2,0.3,1.6,41
2012/02/09 16:00:00,38.2300,141.8730,50,4.1,21.1,0.5,2.1,64
2012/02/09 15:14:00,35.0150,139.1220,9,3.7,93.5,1.4,2.9,35
2012/02/09 12:55:00,31.5050,131.8270,22,4.6,14.4,1.1,2.7,41
2012/02/08 21:01:00,37.8650,138.1700,14,5.7,388.7,24.2,4.9,249
2012/02/08 20:36:00,36.6500,141.0320,47,3.9,29.2,0.7,2.6,47
2012/02/08 09:57:00,37.7420,139.9870,7,3.4,25.8,0.4,1.8,16
2012/02/08 06:41:00,36.5600,140.6780,12,4.0,197.5,3.4,3.6,50
2012/02/07 22:37:00,35.8070,140.1420,65,4.3,21.5,0.9,2.6,144
2012/02/07 22:30:00,45.4730,142.3580,314,4.9,6.7,0.3,1.7,46
2012/02/07 08:10:00,35.6080,139.4300,28,3.4,14.6,0.5,1.9,45
2012/02/07 07:38:00,37.6470,141.8720,32,4.2,10.9,0.2,1.5,35
2012/02/07 04:19:00,35.7380,140.8350,13,3.7,37.0,0.4,1.5,22
2012/02/07 01:05:00,39.2720,141.1400,128,3.7,18.6,0.3,1.6,61
2012/02/06 14:31:00,36.4270,141.0000,40,4.0,35.8,0.4,1.7,30
2012/02/06 12:22:00,42.9380,144.6800,38,3.9,14.0,0.4,1.7,41
2012/02/06 07:05:00,36.4620,141.0200,17,5.0,27.3,1.1,2.7,103
2012/02/05 21:44:00,38.6370,141.9120,48,3.9,22.5,0.3,1.6,17
2012/02/05 09:37:00,35.6580,140.6850,46,3.6,12.3,0.5,1.7,10
2012/02/05 08:59:00,36.1280,140.9120,38,4.5,74.4,1.6,3.0,133
2012/02/05 08:00:00,38.3570,142.2200,43,4.0,38.7,0.5,1.8,26
2012/02/05 04:45:00,37.4380,141.2970,34,3.6,12.4,0.2,1.3,12
2012/02/05 03:02:00,40.1580,142.4730,34,4.1,6.6,0.3,1.5,51
2012/02/04 19:21:00,36.2480,140.1100,65,3.9,28.9,0.9,2.6,85
2012/02/04 17:01:00,36.6680,140.6030,7,3.1,42.3,0.4,1.5,9
2012/02/04 11:54:00,24.6220,122.6280,117,4.9,7.1,0.3,1.5,3
2012/02/04 08:41:00,38.8850,141.9780,50,3.9,25.6,0.4,1.6,23
2012/02/04 08:32:00,39.6320,142.1070,48,3.9,86.8,2.0,2.2,48
2012/02/04 06:51:00,39.6330,142.1050,48,3.8,29.0,0.6,2.3,59
2012/02/03 18:59:00,38.4330,142.1680,45,4.5,49.9,0.6,2.2,99
2012/02/03 15:02:00,37.0650,140.4430,6,3.0,3.6,0.1,0.3,3
2012/02/03 05:16:00,32.9230,130.8470,11,3.2,10.0,0.2,1.6,16
2012/02/02 21:25:00,38.4300,141.8300,57,3.8,15.1,0.2,1.4,37
2012/02/02 02:01:00,36.5230,140.5700,58,3.9,71.6,0.8,2.3,57
2012/02/01 22:48:00,39.2320,139.8100,22,3.5,18.2,0.3,1.2,24
2012/02/01 16:44:00,24.6780,125.1600,30,4.2,31.1,0.6,2.0,2
2012/02/01 06:30:00,42.2550,142.5830,7,2.1,11.0,0.2,1.5,1
2012/02/01 05:23:00,37.4650,141.5600,40,3.9,9.4,0.2,1.2,12
2012/02/01 04:35:00,37.1670,141.6230,43,4.4,12.0,0.3,1.5,32
2012/01/31 13:35:00,38.9620,142.3980,33,4.2,15.5,0.2,1.4,30
2012/01/30 17:10:00,36.8150,141.1470,34,3.8,15.3,0.4,1.9,26
2012/01/30 16:13:00,37.2380,140.9180,7,3.5,12.9,0.2,1.4,10
2012/01/30 10:30:00,38.4650,141.9550,45,3.8,27.1,0.4,1.7,23
2012/01/30 03:18:00,32.6130,132.0030,39,4.9,94.1,3.3,3.7,144
2012/01/29 20:15:00,28.5080,128.9350,8,4.2,6.7,0.3,1.5,4
2012/01/29 18:38:00,35.5380,138.9780,20,3.1,23.3,0.3,1.7,23
2012/01/29 17:41:00,35.5380,138.9850,22,3.4,31.5,0.5,1.6,32
2012/01/29 16:46:00,35.5370,138.9830,21,4.7,443.1,6.3,4.2,230
2012/01/29 01:42:00,38.9120,141.3870,82,3.6,10.8,0.1,1.0,36
2012/01/28 21:44:00,40.1630,142.3880,37,4.9,27.6,2.2,3.2,128
2012/01/28 16:14:00,24.1750,124.2870,40,4.7,13.0,0.4,1.9,3
2012/01/28 14:21:00,36.7700,141.2520,37,4.7,104.7,4.0,3.9,122
2012/01/28 14:03:00,35.7370,137.1170,8,3.2,34.6,0.4,1.5,27
2012/01/28 09:22:00,40.1520,142.4270,36,5.7,45.3,2.4,3.3,234
2012/01/28 08:04:00,35.4970,138.9800,18,4.2,78.8,1.8,3.0,105
2012/01/28 07:46:00,35.4770,138.9800,21,4.2,61.7,1.6,3.0,92
2012/01/28 07:45:00,35.4870,138.9720,20,3.8,52.1,0.9,2.4,24
2012/01/28 07:43:00,35.4880,138.9770,18,5.4,226.9,7.2,4.3,366
2012/01/28 07:39:00,35.4920,138.9780,18,4.9,227.9,8.1,4.3,266
2012/01/28 04:07:00,32.9250,130.8430,11,2.4,6.8,0.2,1.1,4
2012/01/28 03:56:00,32.9250,130.8450,11,3.0,9.1,0.2,1.0,15
2012/01/27 19:50:00,36.6780,140.6230,13,3.8,46.2,0.7,2.1,38
2012/01/27 14:27:00,35.7680,140.9820,15,4.2,27.5,1.0,2.3,40
2012/01/27 13:19:00,35.7750,140.9820,14,5.0,77.4,3.9,3.5,155
2012/01/27 10:08:00,38.0200,143.7970,43,4.9,7.8,0.4,1.9,64
2012/01/26 21:22:00,37.0530,141.1430,52,4.2,20.0,0.7,2.0,53
2012/01/26 05:43:00,38.1750,141.6920,51,5.2,92.5,2.2,3.1,187
2012/01/26 05:21:00,36.7780,141.2920,30,4.6,27.0,1.3,2.7,56
2012/01/25 02:35:00,36.7250,141.2250,38,4.4,14.3,0.5,2.0,43
2012/01/24 17:07:00,37.0700,141.1870,51,4.0,26.6,0.7,2.3,59
2012/01/24 13:26:00,36.6880,140.6300,7,2.9,16.3,0.3,1.7,4
2012/01/24 09:26:00,40.1450,142.4520,35,4.2,13.8,0.4,2.1,71
2012/01/24 03:19:00,36.5730,141.0600,53,3.8,22.6,0.4,1.7,25
2012/01/23 20:45:00,37.0580,141.1900,52,5.1,191.8,7.9,4.3,305
2012/01/23 07:52:00,38.6720,141.8830,56,4.2,222.8,3.5,3.4,69
2012/01/22 13:44:00,31.9080,131.0020,9,3.3,40.7,0.5,2.1,16
2012/01/22 12:11:00,35.5450,140.9430,41,3.8,6.4,0.4,1.5,6
2012/01/22 12:09:00,35.5330,140.9050,38,4.5,7.4,0.4,1.8,25
2012/01/22 10:20:00,36.2450,140.0380,59,4.1,56.3,1.3,3.1,116
2012/01/21 07:23:00,37.0020,140.7720,10,3.4,8.0,0.2,0.7,12
2012/01/21 06:20:00,37.4680,141.3280,27,3.7,8.5,0.2,1.4,14
2012/01/21 03:52:00,41.4870,141.9980,64,3.8,6.4,0.2,1.3,11
2012/01/20 17:36:00,31.9730,131.6020,37,3.9,14.4,0.3,1.5,25
2012/01/20 17:29:00,38.3570,142.1150,36,4.1,21.0,0.3,1.7,56
2012/01/20 08:14:00,38.3370,142.2250,33,4.2,26.8,0.4,1.8,35
2012/01/19 22:09:00,35.7730,140.9800,14,4.5,44.6,1.5,2.6,48
2012/01/19 21:23:00,35.7650,140.9530,12,3.9,15.8,0.5,1.5,21
2012/01/19 20:50:00,36.2420,141.0600,37,3.9,15.0,0.4,1.9,32
2012/01/19 16:42:00,39.1770,142.4220,33,4.4,26.0,0.6,2.2,77
2012/01/19 10:11:00,39.0520,142.0270,48,3.9,21.8,0.4,1.6,35
2012/01/19 09:10:00,38.3330,141.7980,50,4.2,62.1,0.8,2.2,45
2012/01/19 08:37:00,36.7770,140.5670,9,3.1,52.4,0.6,1.5,12
2012/01/19 04:32:00,39.1130,142.4570,30,4.3,16.6,0.3,1.7,80
2012/01/18 22:29:00,37.1780,140.7180,6,4.1,32.4,0.9,2.3,56
2012/01/18 18:55:00,37.0830,140.5580,7,3.0,86.0,0.7,2.2,5
2012/01/18 17:55:00,38.6180,141.9080,48,4.3,154.6,2.2,3.1,102
2012/01/18 12:10:00,37.1820,140.7150,7,4.2,29.5,0.6,2.5,50
2012/01/18 10:24:00,35.7800,140.1130,63,3.8,11.0,0.4,1.8,81
2012/01/17 12:30:00,36.0650,139.8600,46,4.7,68.2,1.7,3.0,222
2012/01/17 05:56:00,33.9250,135.0270,9,3.2,28.2,0.3,0.9,5
2012/01/17 03:25:00,36.6750,140.6450,9,3.6,46.4,0.7,2.1,27
2012/01/16 16:40:00,42.1400,140.5700,14,2.9,21.9,0.4,1.7,5
2012/01/16 15:29:00,35.7500,140.6770,47,3.8,7.1,0.4,1.6,43
2012/01/16 10:38:00,38.4030,141.9100,59,4.0,22.5,0.4,1.9,39
2012/01/16 06:13:00,39.6070,140.5750,6,2.3,36.2,0.5,1.4,4
2012/01/15 19:36:00,38.8550,142.0520,46,3.8,72.3,1.1,2.5,33
2012/01/15 09:43:00,35.7320,139.9330,49,3.6,13.9,0.4,1.7,48
2012/01/15 07:12:00,35.3600,137.2570,51,3.6,18.8,0.3,1.2,77
2012/01/15 00:45:00,36.4270,140.6580,53,3.8,33.0,0.5,1.9,44
2012/01/14 18:58:00,40.1430,142.4720,34,4.7,47.1,1.2,3.0,112
2012/01/14 03:54:00,38.7000,141.7980,53,3.4,46.8,0.6,2.0,13
2012/01/14 01:50:00,36.7220,140.6100,7,3.4,46.7,0.5,1.7,16
2012/01/13 21:50:00,36.6370,140.5930,7,3.8,127.9,1.9,2.8,32
2012/01/13 02:40:00,37.6800,141.7530,48,4.0,8.2,0.2,1.1,27
2012/01/12 20:11:00,37.0630,140.7730,7,3.3,8.9,0.2,1.1,11
2012/01/12 18:37:00,36.3920,140.9650,54,3.8,23.8,0.5,1.9,44
2012/01/12 18:17:00,37.5950,141.6150,43,3.9,14.4,0.3,1.4,26
2012/01/12 16:45:00,36.9420,141.2430,34,4.0,26.0,0.6,1.8,39
2012/01/12 14:37:00,38.3770,142.6220,28,5.5,78.3,1.2,2.8,191
2012/01/12 12:20:00,36.9670,141.3030,33,5.9,102.6,7.5,4.0,409
2012/01/12 10:40:00,36.4380,141.1920,52,4.7,100.2,2.2,3.0,152
2012/01/12 00:47:00,36.3500,140.9780,39,3.7,36.3,0.5,2.0,25
2012/01/11 15:00:00,44.0600,141.6980,0,4.0,56.4,1.7,2.9,12
2012/01/11 14:29:00,36.8870,140.6800,8,3.7,54.9,1.3,2.7,27
2012/01/11 10:16:00,39.5250,143.4250,40,4.7,3.6,0.3,1.7,34
2012/01/11 08:23:00,38.3970,141.8230,59,3.8,32.5,0.4,1.7,43
2012/01/11 06:22:00,37.3000,141.5520,51,3.9,10.9,0.3,1.6,31
2012/01/10 22:15:00,36.8480,141.2120,37,4.2,31.7,0.6,2.2,59
2012/01/10 22:05:00,37.3180,141.3000,33,3.8,13.1,0.2,1.5,27
2012/01/09 17:50:00,36.7080,141.4280,50,4.7,16.8,0.7,2.4,92
2012/01/09 16:10:00,36.6880,141.5230,38,4.6,12.1,0.7,2.1,73
2012/01/09 13:41:00,35.6530,140.8530,15,3.6,9.4,0.2,1.1,16
2012/01/09 07:13:00,39.3400,142.0630,48,5.1,155.7,2.4,3.3,128
2012/01/09 01:52:00,35.4880,140.3800,25,3.6,36.4,0.9,2.3,30
2012/01/09 01:23:00,36.6370,140.8970,50,3.7,42.0,0.6,2.3,39
2012/01/09 00:37:00,33.9980,135.5020,56,4.7,124.3,1.9,2.9,160
2012/01/08 13:41:00,38.6270,141.9280,48,4.1,38.3,0.8,1.9,59
2012/01/08 08:52:00,35.6620,140.8570,15,3.9,14.3,0.4,1.4,22
2012/01/08 06:00:00,36.7600,141.2570,37,4.2,11.5,0.5,2.0,36
2012/01/07 21:30:00,38.1700,141.6800,51,3.9,50.2,0.5,1.9,51
2012/01/07 21:26:00,36.4550,141.0020,54,3.3,17.8,0.3,1.5,10
2012/01/07 19:43:00,37.2300,141.4220,56,4.7,52.6,2.8,3.3,159
2012/01/07 17:17:00,37.4830,142.0050,32,4.4,8.8,0.3,1.5,46
2012/01/07 10:12:00,36.5420,140.8630,51,3.9,45.4,0.7,2.0,42
2012/01/06 19:44:00,36.6870,141.0700,24,4.0,18.5,0.5,2.2,51
2012/01/06 10:16:00,38.7530,142.0350,36,3.6,13.2,0.1,0.6,15
2012/01/06 05:55:00,35.8880,140.8520,40,4.5,67.9,2.8,2.9,55
2012/01/06 03:23:00,37.6730,139.9350,9,2.5,12.6,0.2,0.5,4
2012/01/06 01:47:00,38.7150,142.3520,36,4.9,27.4,0.9,2.5,97
2012/01/05 22:13:00,37.0680,140.5570,6,4.2,163.8,4.3,3.7,66
2012/01/05 22:03:00,37.0680,140.5520,7,2.5,52.2,0.7,2.0,2
2012/01/05 21:37:00,37.0700,140.5550,6,3.9,182.2,4.7,3.7,51
2012/01/05 17:48:00,36.1350,140.9720,46,3.6,10.0,0.3,1.7,19
2012/01/05 11:22:00,37.0680,140.5520,6,2.7,99.3,1.4,2.5,3
2012/01/04 21:48:00,36.5730,141.1470,33,4.2,26.2,0.5,2.0,33
2012/01/03 03:28:00,36.3770,141.8980,60,5.0,16.0,0.8,2.2,110
2012/01/03 03:08:00,34.9600,134.7320,13,3.6,63.7,0.6,2.1,27
2012/01/02 06:40:00,37.0700,140.5520,6,2.5,18.8,0.4,1.6,1
2012/01/01 19:47:00,34.8870,132.8780,11,3.3,19.7,0.2,1.1,24
2012/01/01 16:32:00,35.7150,140.9770,11,3.8,38.0,0.9,1.9,20
2012/01/01 14:28:00,31.4270,138.5650,397,7.0,145.8,15.6,4.4,704
2012/01/01 00:29:00,36.9620,138.6000,7,4.2,143.0,2.9,2.8,70
2011/12/31 19:29:00,38.6370,141.9080,48,3.8,23.7,0.3,1.5,18
2011/12/31 08:11:00,36.8550,140.5730,8,4.5,273.2,4.8,3.8,137
2011/12/31 04:11:00,38.9180,141.9350,50,3.8,24.8,0.3,1.6,51
2011/12/31 02:52:00,38.4250,142.1720,30,3.9,18.4,0.3,1.5,37
2011/12/30 18:35:00,38.7130,141.7070,69,4.1,90.5,1.5,2.8,102
2011/12/30 01:56:00,37.0700,140.5530,6,2.8,94.1,1.3,2.5,3
2011/12/29 09:30:00,36.8350,140.6080,10,3.6,106.3,2.3,2.9,26
2011/12/29 03:06:00,36.8670,140.6570,8,3.6,64.7,1.3,2.5,23
2011/12/29 02:02:00,36.9720,138.6230,8,2.9,16.7,0.3,0.9,7
2011/12/28 18:18:00,43.5330,147.1120,51,4.2,8.7,0.3,1.7,21
2011/12/28 10:04:00,34.1550,135.1870,6,2.6,12.9,0.2,0.9,2
2011/12/28 03:56:00,33.8350,134.9830,13,3.4,19.3,0.3,1.1,19
2011/12/28 02:42:00,38.6950,141.9680,53,3.9,24.8,0.6,1.7,26
2011/12/27 16:33:00,38.2830,142.1300,36,4.3,49.9,0.7,2.4,68
2011/12/27 14:35:00,37.1080,140.8280,8,3.2,15.6,0.3,1.5,7
2011/12/27 07:50:00,32.5270,130.7630,8,2.8,11.8,0.2,1.3,5
2011/12/27 07:37:00,39.5330,140.4120,8,3.2,26.0,0.6,2.4,11
2011/12/27 07:36:00,36.9830,138.5880,9,3.0,8.4,0.2,0.8,9
2011/12/27 07:28:00,38.5330,141.7170,54,3.7,39.2,0.5,1.9,15
2011/12/27 02:56:00,38.0100,141.6270,89,4.0,44.4,0.5,2.1,77
2011/12/26 16:16:00,36.4350,141.1300,45,3.9,19.5,0.3,1.7,35
2011/12/26 13:20:00,37.0070,140.5480,10,3.5,62.2,0.8,2.2,29
2011/12/26 02:41:00,35.8980,140.8370,41,4.5,23.4,1.0,2.0,37
2011/12/25 23:07:00,37.2930,141.1580,35,4.0,24.7,0.6,1.9,39
2011/12/25 12:36:00,36.7720,141.0220,49,4.1,45.0,0.8,2.5,97
2011/12/25 11:59:00,42.9320,144.0070,95,3.3,8.3,0.2,1.5,17
2011/12/25 05:49:00,43.5100,144.4870,150,4.0,16.5,0.4,1.6,28
2011/12/25 04:54:00,37.0000,140.5430,6,3.6,17.9,0.3,1.8,18
2011/12/25 00:11:00,38.4250,142.1570,32,3.8,22.8,0.3,1.7,34
2011/12/24 18:57:00,39.9620,140.4030,6,3.2,137.0,2.8,3.8,11
2011/12/24 15:14:00,37.0130,140.5820,9,4.0,138.8,2.2,3.0,71
2011/12/24 11:21:00,37.8030,140.0000,8,3.8,45.2,1.4,2.5,37
2011/12/24 01:51:00,34.7250,137.0900,12,3.3,23.1,0.3,1.6,20
2011/12/23 23:44:00,36.1520,139.8270,54,4.2,38.6,0.8,2.4,142
2011/12/23 01:13:00,36.7850,140.5450,9,3.8,95.4,2.1,2.9,32
2011/12/22 18:40:00,36.6420,140.9320,49,3.8,34.1,0.6,2.0,21
2011/12/22 17:41:00,35.6450,140.1080,64,3.7,11.9,0.4,1.9,93
2011/12/22 05:10:00,36.9770,141.1600,30,4.6,44.3,1.6,3.0,180
2011/12/22 05:03:00,35.1470,140.1970,15,3.2,11.3,0.4,1.7,9
2011/12/21 21:40:00,37.3620,141.2770,36,3.7,6.0,0.1,0.8,17
2011/12/21 15:04:00,35.8280,139.3430,116,4.0,19.5,0.9,2.1,93
2011/12/21 11:06:00,39.6320,142.1100,49,4.7,126.7,3.5,3.1,111
2011/12/21 06:23:00,37.7520,139.9830,8,3.5,35.2,0.8,2.1,17
2011/12/21 03:27:00,37.6850,139.9320,9,3.1,101.4,1.7,2.0,12
2011/12/20 21:26:00,28.6900,128.6230,137,4.2,7.5,0.2,1.3,5
2011/12/20 18:10:00,36.6900,140.6320,5,3.2,33.5,0.5,1.9,5
2011/12/20 15:26:00,40.0550,142.6980,29,5.0,17.9,1.3,2.7,123
2011/12/20 10:35:00,39.5730,140.5400,6,2.8,8.2,0.1,1.1,5
2011/12/20 09:13:00,32.5630,130.0480,14,3.2,11.8,0.2,1.2,11
2011/12/20 06:29:00,35.1530,135.6930,10,3.1,34.7,0.4,0.7,16
2011/12/20 02:38:00,36.7180,140.5920,8,3.4,78.5,1.0,1.5,17
2011/12/20 02:24:00,36.6950,140.6220,5,4.4,96.8,1.7,3.0,82
2011/12/20 02:23:00,36.7030,140.6220,5,3.7,37.6,0.7,2.1,16
2011/12/20 00:33:00,37.0670,140.4420,7,3.1,8.5,0.1,0.3,4
2011/12/19 23:40:00,36.7380,140.6270,4,3.9,23.5,0.8,2.5,43
2011/12/19 16:01:00,35.5580,141.0450,36,4.6,24.3,1.4,2.6,46
2011/12/19 13:13:00,43.6070,147.9150,53,4.7,10.6,0.3,1.6,28
2011/12/19 12:55:00,38.3670,142.0300,32,4.2,31.0,0.6,2.0,50
2011/12/19 08:58:00,35.3520,135.7830,8,3.6,42.7,0.9,2.4,45
2011/12/19 05:36:00,37.5220,137.2080,9,4.1,152.5,2.9,3.1,7
2011/12/19 02:20:00,36.8420,140.5850,7,4.2,68.9,1.4,2.8,83
2011/12/18 18:02:00,35.5700,141.0220,38,4.8,19.3,1.3,2.4,46
2011/12/18 15:08:00,38.6520,142.1530,42,4.5,22.9,0.6,2.1,80
2011/12/17 22:21:00,36.6870,140.6300,7,3.0,17.2,0.2,1.4,10
2011/12/17 17:55:00,37.0250,140.3270,5,2.6,2.6,0.1,0.2,3
2011/12/17 17:50:00,37.4750,137.3600,13,4.3,178.1,3.8,3.3,57
2011/12/17 11:20:00,36.6370,140.5930,7,2.9,89.0,1.0,2.1,6
2011/12/16 22:05:00,36.6050,141.0000,47,3.4,21.7,0.3,1.6,20
2011/12/16 18:46:00,39.1050,142.2030,43,3.7,43.2,0.6,2.0,30
2011/12/16 15:12:00,36.3430,140.0500,73,4.3,29.1,1.1,2.8,146
2011/12/15 12:59:00,36.6130,140.8800,20,3.8,35.8,0.7,2.2,27
2011/12/15 08:59:00,37.4270,141.2820,28,3.3,16.1,0.2,1.0,6
2011/12/15 07:45:00,35.9350,140.9180,26,4.2,39.6,0.8,2.5,62
2011/12/14 23:19:00,35.4800,136.7450,9,3.0,29.3,0.4,1.5,20
2011/12/14 17:37:00,38.8870,142.1100,42,3.6,34.3,0.4,1.7,12
2011/12/14 16:31:00,28.6500,129.5920,14,4.1,12.0,0.7,2.3,4
2011/12/14 13:01:00,35.3550,137.2430,49,5.1,136.0,4.3,3.7,366
2011/12/13 20:31:00,37.0750,140.7680,8,3.1,4.3,0.1,0.6,5
2011/12/13 04:04:00,39.7570,141.8420,58,3.8,21.8,0.5,2.0,45
2011/12/13 02:19:00,38.5430,141.7180,54,3.3,37.5,0.4,1.5,10
2011/12/12 21:33:00,37.0370,140.5770,8,3.2,55.1,0.6,2.1,8
2011/12/12 14:13:00,35.9300,140.8270,18,4.6,126.5,3.1,3.1,146
2011/12/12 10:39:00,28.1280,129.5270,26,4.0,31.6,0.3,1.5,4
2011/12/12 04:51:00,36.2100,140.9320,38,4.6,125.0,2.9,3.4,101
2011/12/11 20:16:00,36.4630,140.5880,62,3.9,52.5,1.2,2.8,105
2011/12/11 16:06:00,38.3700,141.8950,65,3.9,23.0,0.3,1.4,53
2011/12/11 13:09:00,28.1300,129.5320,28,3.9,32.1,0.4,1.5,4
2011/12/11 12:30:00,28.1120,129.5330,24,4.4,83.3,1.8,2.3,4
2011/12/11 10:22:00,28.1300,129.5430,29,5.5,119.2,3.4,3.4,8
2011/12/11 00:50:00,36.6930,140.6130,6,3.4,47.0,0.5,1.9,20
2011/12/10 23:15:00,40.0250,142.4250,38,3.9,21.5,0.5,2.3,50
2011/12/10 15:08:00,38.6250,141.8120,45,4.7,288.2,4.0,3.7,166
2011/12/10 13:19:00,35.6600,140.0930,67,4.1,13.4,0.6,2.0,118
2011/12/10 04:43:00,46.7600,144.8900,431,5.7,14.2,0.8,2.5,119
2011/12/10 00:23:00,36.6400,140.9370,50,4.1,93.2,2.5,3.2,73
2011/12/09 15:54:00,36.1180,137.3020,12,3.0,19.6,0.2,1.2,14
2011/12/09 12:57:00,38.8170,142.0070,55,4.0,53.2,0.9,2.3,45
2011/12/09 07:17:00,38.4130,141.8480,55,3.8,21.7,0.3,1.3,23
2011/12/09 00:34:00,40.1470,142.4780,34,4.2,15.2,0.4,2.1,69
2011/12/08 07:11:00,36.3000,141.0670,49,4.7,21.7,0.5,2.1,98
2011/12/08 05:43:00,34.5430,140.2650,62,4.5,28.2,2.2,3.0,100
2011/12/08 01:12:00,37.5770,137.3330,10,3.9,28.6,1.3,2.8,27
2011/12/07 11:46:00,35.6000,140.9830,17,4.4,6.3,0.2,1.2,23
2011/12/07 01:00:00,36.6870,140.6720,6,3.0,42.1,0.4,1.6,5
2011/12/06 12:38:00,37.6750,139.9320,8,3.2,64.3,1.1,2.0,18
2011/12/06 12:16:00,37.6080,142.0980,31,4.2,4.9,0.1,0.9,26
2011/12/06 11:56:00,37.6770,139.9300,9,2.4,16.9,0.3,0.5,3
2011/12/06 10:26:00,38.0250,141.8600,46,4.4,26.4,0.4,2.0,87
2011/12/06 08:25:00,38.1770,141.7670,56,3.8,20.3,0.2,1.4,30
2011/12/06 06:50:00,43.3980,146.9080,39,4.5,11.4,0.3,1.9,14
2011/12/05 17:26:00,39.9600,140.4030,6,3.1,69.5,0.9,2.5,6
2011/12/05 12:55:00,36.4800,140.4620,77,3.9,29.1,0.5,1.9,63
2011/12/05 10:01:00,36.2450,141.9720,48,5.2,15.4,0.5,2.2,91
2011/12/05 06:40:00,35.4380,139.2150,20,3.4,26.2,0.5,1.9,41
2011/12/05 04:20:00,38.1780,141.7670,56,4.4,58.8,1.3,2.9,121
2011/12/05 01:02:00,33.2880,132.1570,50,4.0,20.9,0.8,2.1,89
2011/12/04 04:11:00,36.7620,140.5680,9,3.9,93.0,1.7,3.0,58
2011/12/03 15:42:00,37.3430,141.5670,44,4.3,26.2,0.6,2.3,89
2011/12/03 13:16:00,38.8830,141.9780,50,4.4,86.1,2.2,3.3,101
2011/12/03 06:40:00,35.3420,140.3380,20,3.1,13.2,0.4,1.2,10
2011/12/03 06:03:00,35.3550,140.3000,20,4.2,39.8,1.2,2.5,60
2011/12/03 05:55:00,35.3520,140.3220,22,5.2,226.5,11.0,4.4,212
2011/12/02 17:58:00,38.6200,141.9050,48,3.8,66.6,0.8,2.2,40
2011/12/02 17:16:00,35.8550,141.1470,22,4.2,10.8,0.2,1.3,37
2011/12/02 13:02:00,39.2770,142.2400,43,3.8,57.1,0.9,1.7,25
2011/12/02 09:50:00,38.1850,141.7750,56,4.6,51.1,1.1,2.6,144
2011/12/02 01:27:00,35.7370,140.8680,11,3.8,31.3,0.5,1.5,18
2011/12/02 00:41:00,36.5580,137.7500,1,3.2,21.7,0.7,1.8,7
2011/12/01 22:24:00,36.5620,137.7400,1,4.6,77.0,3.8,3.3,44
2011/12/01 20:20:00,44.4650,146.2620,147,4.7,7.2,0.3,1.5,35
2011/11/30 21:55:00,38.4220,141.9970,63,4.0,66.9,1.0,2.7,62
2011/11/29 11:12:00,37.0020,141.2080,53,3.7,11.3,0.1,0.9,26
2011/11/29 08:08:00,40.3770,142.2680,41,3.9,16.9,0.3,1.8,22
2011/11/29 08:02:00,37.0070,140.5420,7,3.5,7.6,0.2,1.3,28
2011/11/29 03:53:00,38.6270,141.9280,48,4.4,69.4,1.9,2.7,87
2011/11/28 23:33:00,36.4320,140.6230,54,4.3,83.9,1.7,3.1,167
2011/11/28 12:51:00,36.6580,140.5220,7,3.1,58.3,0.7,1.6,8
2011/11/28 12:49:00,36.7000,140.7150,46,3.5,80.6,0.7,2.2,28
2011/11/28 07:25:00,38.6400,141.9070,48,3.8,26.1,0.3,1.6,19
2011/11/28 00:18:00,37.0370,140.5970,3,3.6,25.9,0.6,2.2,30
2011/11/27 13:06:00,36.2400,140.9920,43,4.0,25.5,0.4,2.1,46
2011/11/27 10:07:00,37.6220,141.5970,46,4.2,23.5,0.5,2.0,85
2011/11/26 23:34:00,40.1030,142.1370,46,3.8,22.6,0.5,2.4,31
2011/11/26 22:58:00,37.8100,140.0220,9,3.5,54.7,0.8,1.7,21
2011/11/26 20:44:00,37.1200,141.3020,58,3.5,7.4,0.1,0.5,11
2011/11/26 20:09:00,37.1080,141.1030,53,4.0,77.7,1.4,2.8,52
2011/11/26 10:43:00,38.8450,142.1120,44,4.5,63.3,0.8,2.5,67
2011/11/26 09:16:00,37.6870,139.9770,9,3.7,45.3,0.7,1.8,48
2011/11/26 09:05:00,37.7380,138.2820,24,4.3,52.6,1.8,3.0,81
2011/11/26 03:55:00,35.3750,140.4830,27,3.4,9.8,0.3,1.3,11
2011/11/25 22:16:00,38.7030,141.7900,53,3.2,31.0,0.4,1.5,9
2011/11/25 21:38:00,36.4870,140.6920,15,3.7,152.9,2.2,3.0,29
2011/11/25 11:28:00,37.0320,140.6770,11,3.6,17.8,0.3,1.7,28
2011/11/25 05:14:00,35.3150,138.7080,12,2.7,10.7,0.2,1.5,8
2011/11/25 04:52:00,34.8680,132.8950,13,4.3,70.3,1.7,3.1,132
2011/11/25 04:35:00,34.8700,132.8930,12,4.7,192.0,5.8,4.1,172
2011/11/25 02:43:00,37.6780,139.9250,9,2.3,9.5,0.2,0.4,3
2011/11/25 02:39:00,37.6770,139.9230,9,3.1,64.9,0.9,1.8,9
2011/11/25 00:21:00,37.2020,140.9000,8,3.3,12.2,0.3,1.5,8
2011/11/24 21:47:00,35.9650,139.5480,43,3.4,16.0,0.2,1.6,39
2011/11/24 19:25:00,41.7500,142.8870,43,6.2,185.2,9.6,4.4,342
2011/11/24 16:59:00,37.4400,141.5000,45,3.6,6.1,0.1,0.7,9
2011/11/24 05:48:00,32.9250,130.8430,11,2.6,5.6,0.1,0.8,5
2011/11/24 04:24:00,37.3300,141.6120,45,6.1,104.8,3.7,3.6,425
2011/11/24 01:05:00,34.8700,132.8930,11,3.1,16.0,0.5,2.1,14
2011/11/23 15:22:00,35.2500,139.7570,95,3.7,22.0,0.6,2.2,74
2011/11/22 11:35:00,38.4780,142.0600,44,4.2,17.8,0.3,1.5,37
2011/11/22 06:33:00,34.8750,132.8900,11,3.2,37.6,0.4,2.0,24
2011/11/22 02:38:00,35.9300,136.3400,8,3.6,68.2,0.9,1.9,33
2011/11/21 19:16:00,34.8720,132.8930,12,5.4,364.2,18.8,5.0,301
2011/11/21 18:48:00,37.8080,142.1550,37,4.4,8.1,0.3,1.8,59
2011/11/21 06:30:00,36.6970,140.6170,7,3.0,18.2,0.4,1.8,8
2011/11/20 23:11:00,38.2700,142.0850,38,3.9,31.3,0.4,1.9,17
2011/11/20 11:42:00,36.6770,140.6300,6,3.3,28.5,0.7,2.3,16
2011/11/20 11:13:00,39.7120,142.1250,48,4.2,31.3,0.7,2.7,59
2011/11/20 10:26:00,36.7200,140.6220,4,4.8,164.8,6.6,3.7,148
2011/11/20 10:23:00,36.7100,140.5870,9,5.3,582.8,13.4,4.8,276
2011/11/20 10:09:00,36.7080,140.5920,8,3.1,15.2,0.3,1.3,6
2011/11/20 08:47:00,38.4380,142.2020,37,4.1,34.5,0.5,1.8,33
2011/11/20 06:00:00,37.6770,139.9230,9,3.1,74.7,0.9,1.9,15
2011/11/20 04:27:00,35.5250,140.9430,43,4.8,12.6,0.9,2.1,74
2011/11/20 02:37:00,37.7680,141.7730,48,4.6,51.6,1.7,2.9,112
2011/11/19 22:38:00,36.6800,140.8370,30,3.6,15.1,0.3,1.7,24
2011/11/19 22:06:00,39.0770,142.1900,44,4.3,42.2,0.7,2.4,53
2011/11/19 21:03:00,32.8700,130.7420,9,2.7,10.4,0.2,0.7,5
2011/11/19 19:07:00,37.0070,140.5400,6,4.2,29.7,0.7,2.2,80
2011/11/19 14:46:00,35.5100,140.5120,28,3.1,16.0,0.2,0.9,8
2011/11/19 07:53:00,36.3470,138.0030,3,2.9,30.3,0.5,1.7,7
2011/11/19 06:29:00,36.8700,141.2670,55,3.9,10.1,0.2,1.2,32
2011/11/18 23:41:00,35.7120,140.9280,15,4.0,34.0,0.7,1.8,28
2011/11/18 16:48:00,36.4950,137.9180,9,2.3,15.2,0.2,1.1,3
2011/11/18 04:50:00,35.9320,136.3350,8,2.9,17.2,0.2,0.9,4
2011/11/18 03:58:00,35.9330,136.3370,7,4.8,153.7,3.4,3.2,237
2011/11/17 19:09:00,35.9330,136.3370,8,3.7,44.6,0.7,2.1,38
2011/11/17 18:42:00,35.8180,141.8980,20,5.1,13.3,0.7,2.3,29
2011/11/17 17:34:00,38.8070,142.0350,47,4.7,92.0,1.6,2.7,104
2011/11/16 15:25:00,41.9700,140.1970,3,2.9,7.8,0.1,0.6,7
2011/11/14 15:53:00,35.0830,132.4920,11,3.3,50.7,0.7,2.2,23
2011/11/14 09:25:00,32.9050,130.8470,9,3.1,16.8,0.4,1.8,8
2011/11/14 04:40:00,35.0820,139.9720,71,4.1,24.2,0.6,2.2,48
2011/11/13 22:31:00,38.8450,142.0570,46,3.6,27.1,0.3,1.5,14
2011/11/13 20:26:00,34.0450,135.2730,6,2.9,25.7,0.2,0.6,3
2011/11/13 18:05:00,37.1880,141.3700,49,4.0,24.4,0.6,2.2,51
2011/11/13 16:42:00,39.5520,140.3980,4,2.0,8.4,0.2,1.1,1
2011/11/13 04:12:00,37.6830,139.9250,9,2.5,13.4,0.2,0.6,4
2011/11/13 02:07:00,37.6880,139.9250,9,2.6,35.3,0.5,1.0,5
2011/11/13 00:32:00,37.6850,139.9270,9,2.8,38.7,0.7,1.4,5
2011/11/13 00:29:00,37.6870,139.9270,8,3.3,92.4,1.4,2.3,18
2011/11/12 17:14:00,31.9730,130.4250,9,3.4,35.0,0.5,1.8,18
2011/11/12 02:24:00,38.8550,142.0500,46,4.0,45.0,0.7,2.0,22
2011/11/12 02:09:00,29.7150,129.9830,91,4.0,7.4,0.1,0.6,3
2011/11/12 00:23:00,36.8020,140.5630,6,3.4,62.7,1.2,2.6,27
2011/11/11 16:52:00,38.9170,141.9330,51,3.9,50.1,0.7,2.2,39
2011/11/10 18:56:00,35.1920,136.7480,14,3.9,64.2,1.0,2.5,121
2011/11/10 09:04:00,37.1180,140.8400,7,3.3,8.0,0.2,1.3,5
2011/11/10 07:43:00,39.5800,140.4420,7,4.1,98.3,2.3,3.2,58
2011/11/10 05:38:00,38.1500,141.7100,53,3.8,28.6,0.2,0.9,37
2011/11/10 01:05:00,38.3230,142.1170,38,4.1,46.4,0.7,2.4,74
2011/11/09 14:24:00,36.2470,140.8550,38,4.2,73.2,1.3,2.7,61
2011/11/09 12:05:00,37.0430,140.6550,10,3.7,36.9,0.6,1.8,34
2011/11/09 10:19:00,36.6930,140.6080,6,3.3,53.9,0.5,1.8,15
2011/11/09 06:16:00,39.0620,141.7880,60,3.7,42.3,0.5,2.1,32
2011/11/08 22:52:00,38.3130,142.1920,37,4.0,16.9,0.2,1.5,31
2011/11/08 11:59:00,27.2970,125.7380,217,7.0,72.1,4.5,3.6,81
2011/11/08 10:56:00,37.0200,141.1800,23,4.1,17.4,0.5,1.9,39
2011/11/08 10:37:00,26.6300,127.7720,44,3.9,10.2,0.4,1.5,5
2011/11/08 09:54:00,36.1520,137.5850,3,3.0,41.9,0.7,1.9,9
2011/11/08 08:17:00,36.1520,137.5850,2,2.8,21.0,0.5,2.0,12
2011/11/08 04:05:00,37.0620,140.5770,7,2.9,27.2,0.7,2.2,5
2011/11/08 03:30:00,37.0620,140.5750,6,3.8,91.3,2.5,3.1,46
2011/11/07 23:42:00,36.8980,139.3800,3,4.5,123.8,3.0,3.4,52
2011/11/07 19:06:00,34.2100,135.3120,7,3.3,22.1,0.3,1.1,9
2011/11/07 18:51:00,38.3170,140.6920,12,2.7,22.6,0.5,1.8,3
2011/11/06 17:40:00,39.1520,142.3930,32,4.1,23.8,0.2,1.6,46
2011/11/06 13:57:00,35.6080,136.6370,14,2.9,45.9,0.5,1.7,8
2011/11/06 11:53:00,42.7050,143.0970,81,3.6,34.6,0.6,2.3,42
2011/11/06 08:43:00,38.3230,141.8700,47,4.1,36.3,0.5,2.1,58
2011/11/06 00:26:00,35.0770,140.2450,14,3.4,8.4,0.4,1.6,10
2011/11/05 18:56:00,36.3250,140.9780,41,3.9,34.5,0.5,2.2,38
2011/11/05 13:18:00,33.7350,134.9220,41,3.8,11.3,0.3,1.7,27
2011/11/05 00:45:00,36.7820,140.5500,8,4.2,553.0,13.9,4.5,70
2011/11/05 00:30:00,35.7130,140.6180,46,3.5,6.4,0.4,1.6,14
2011/11/04 23:56:00,35.7150,140.6300,49,3.9,14.0,0.6,2.1,36
2011/11/04 21:48:00,37.2580,141.1330,34,3.9,30.6,0.4,1.3,36
2011/11/04 11:59:00,36.0070,141.3280,32,4.9,23.9,0.9,2.3,82
2011/11/03 19:34:00,35.9200,140.1420,62,4.9,96.7,4.4,3.8,269
2011/11/02 17:16:00,34.9580,139.0820,4,2.7,49.5,1.0,2.6,8
2011/11/02 16:37:00,34.9570,139.0880,4,3.4,95.0,2.8,3.4,17
2011/11/02 10:43:00,39.0050,141.7750,63,4.3,37.5,0.9,2.5,113
2011/11/02 07:55:00,36.4280,140.6350,54,3.6,18.9,0.4,1.7,21
2011/11/02 00:26:00,38.5370,141.7150,54,3.7,38.7,0.5,1.9,15
