Download Time:2026/07/17 12:45:55,Search Date:2013/06/02 - 2016/01/01 
Origin Time,Latitude[degree],Longitude[degree],Depth[km],Magnitude,Max Acc[gal],Max Vel[cm/s],Seismic Intensity,Number of stations
2016/01/01 03:53:00,39.6300,142.1050,48,3.9,35.1,0.7,1.9,47
2016/01/01 00:47:00,35.1120,134.2350,15,4.0,69.9,1.4,2.7,74
2015/12/29 02:12:00,32.5070,129.8570,13,3.4,17.4,0.3,1.6,18
2015/12/28 20:07:00,33.6430,130.2820,12,3.9,27.4,0.5,1.9,42
2015/12/26 23:20:00,35.5080,139.8500,23,3.4,15.6,0.6,2.0,35
2015/12/26 22:12:00,35.5130,139.8480,26,3.1,14.6,0.3,1.4,25
2015/12/26 01:42:00,39.6730,141.4720,14,4.4,289.4,3.8,3.0,123
2015/12/25 17:02:00,37.0550,140.6970,17,3.5,26.6,0.5,1.7,15
2015/12/25 15:02:00,39.9950,140.5750,3,3.6,16.8,0.3,2.0,31
2015/12/25 11:20:00,33.5580,134.4750,34,4.2,63.6,1.0,2.6,55
2015/12/23 10:00:00,33.3120,131.3770,9,2.9,22.9,0.7,2.1,6
2015/12/23 09:33:00,36.3530,140.9370,47,3.9,14.4,0.4,1.9,39
2015/12/22 21:18:00,36.1780,140.0050,51,3.7,36.1,0.4,1.7,66
2015/12/22 20:12:00,40.0700,141.8280,7,3.5,6.4,0.2,1.1,19
2015/12/22 07:40:00,36.7620,140.5950,6,3.4,43.2,0.9,2.2,14
2015/12/22 07:18:00,36.7630,140.5850,9,3.9,118.3,3.3,3.4,57
2015/12/22 01:59:00,38.1880,141.8350,60,4.2,39.1,0.9,2.3,103
2015/12/22 00:44:00,37.8330,141.3130,66,3.8,11.8,0.3,1.6,40
2015/12/21 17:00:00,36.8570,141.2400,28,4.2,57.3,1.3,2.8,35
2015/12/21 12:07:00,32.4480,132.0230,22,3.9,37.4,0.6,1.9,18
2015/12/20 22:37:00,43.4880,144.0680,0,2.5,28.6,0.4,1.6,3
2015/12/20 12:45:00,28.3000,129.4330,27,3.4,12.5,0.2,1.1,2
2015/12/19 20:48:00,34.6520,134.2580,12,3.8,71.0,1.1,2.0,53
2015/12/19 03:41:00,38.7970,141.5920,71,4.1,26.2,0.8,2.4,77
2015/12/18 23:13:00,36.7070,138.1580,8,2.5,16.2,0.3,1.1,3
2015/12/18 06:31:00,47.3170,147.3650,501,5.3,2.5,0.2,1.0,16
2015/12/18 03:11:00,42.8520,146.5570,44,4.5,9.1,0.3,1.9,20
2015/12/17 18:11:00,31.6550,131.0470,2,2.7,21.1,0.6,2.1,5
2015/12/17 13:11:00,31.6570,131.0530,3,2.8,53.2,1.2,2.6,7
2015/12/17 10:44:00,36.4300,140.6570,53,3.4,16.8,0.3,1.3,22
2015/12/17 03:20:00,31.6550,131.0500,1,2.8,62.1,1.2,2.6,7
2015/12/16 15:37:00,35.4480,133.9070,8,2.4,3.7,0.1,0.0,1
2015/12/16 07:41:00,38.9180,141.9330,51,3.8,32.8,0.5,2.0,43
2015/12/16 00:53:00,35.5250,138.9600,19,3.8,42.9,0.7,2.2,80
2015/12/16 00:13:00,35.5250,138.9600,19,3.2,100.0,1.1,2.2,27
2015/12/14 15:04:00,35.4450,133.9100,7,2.2,2.6,0.1,0.0,1
2015/12/14 15:01:00,35.4450,133.9100,8,4.2,38.6,1.4,2.4,32
2015/12/14 13:44:00,35.4470,133.9080,7,2.8,6.3,0.2,0.8,1
2015/12/14 12:51:00,35.4480,133.9080,8,2.2,4.3,0.1,0.2,1
2015/12/14 10:26:00,36.6770,140.6500,11,3.6,53.0,0.5,1.7,34
2015/12/13 18:32:00,34.1450,135.0820,9,3.9,43.8,1.3,2.7,35
2015/12/13 07:03:00,31.1730,129.1130,6,4.3,4.5,0.2,1.1,9
2015/12/13 06:05:00,38.8900,141.9720,49,4.0,29.9,1.0,2.2,46
2015/12/11 21:33:00,36.6080,139.5330,7,3.7,63.6,0.9,2.6,34
2015/12/11 03:11:00,39.6880,142.2300,47,4.0,17.6,0.4,2.1,69
2015/12/10 15:08:00,32.8770,130.9380,9,2.5,2.4,0.1,0.4,1
2015/12/10 01:30:00,35.3730,140.6820,36,3.3,5.9,0.2,0.6,10
2015/12/09 05:05:00,37.2730,141.0820,25,3.5,22.0,0.4,1.4,20
2015/12/08 18:28:00,30.9600,130.3920,126,4.4,7.5,0.2,1.6,35
2015/12/08 15:07:00,38.6900,142.2650,39,4.1,16.2,0.4,1.9,44
2015/12/08 14:58:00,38.6880,142.2620,38,4.1,17.9,0.6,2.2,28
2015/12/08 14:32:00,32.9730,130.9100,4,2.8,4.8,0.1,0.3,2
2015/12/08 14:26:00,32.9730,130.9100,4,3.0,5.7,0.1,0.6,4
2015/12/08 12:37:00,39.0570,140.8680,7,3.6,73.6,1.5,2.6,23
2015/12/08 01:22:00,36.1780,140.6430,53,4.4,57.9,1.6,3.0,104
2015/12/07 11:39:00,39.0550,140.8550,8,3.7,73.7,1.0,2.5,38
2015/12/07 06:25:00,32.9730,130.9220,5,3.1,12.2,0.3,1.3,9
2015/12/04 09:42:00,37.1370,141.0670,55,3.9,29.8,0.5,2.1,40
2015/12/04 09:37:00,35.9650,140.0550,61,4.1,11.6,0.3,1.7,69
2015/12/04 05:40:00,32.9720,130.9220,6,3.2,14.4,0.4,1.7,7
2015/12/04 05:35:00,32.9730,130.9220,5,2.4,4.6,0.1,0.4,1
2015/12/03 21:21:00,35.6620,140.9970,15,4.2,14.2,0.5,1.5,28
2015/12/03 17:39:00,32.9720,130.9200,6,2.7,6.5,0.1,0.8,5
2015/12/03 06:17:00,38.2350,141.9950,58,3.7,27.4,0.4,1.7,43
2015/12/02 21:06:00,40.7050,142.4170,48,3.8,9.4,0.2,1.3,22
2015/12/02 13:41:00,38.3430,141.8500,63,4.6,167.7,3.6,3.5,155
2015/12/02 07:48:00,38.6780,142.2700,39,4.6,36.5,1.0,2.6,104
2015/12/02 01:07:00,36.1420,140.0820,50,3.8,29.2,0.7,2.1,68
2015/12/01 15:21:00,26.3150,127.3520,46,3.7,2.5,0.0,0.2,3
2015/11/30 06:04:00,34.4250,135.8780,10,3.4,30.0,0.6,2.2,20
2015/11/29 18:48:00,31.1600,129.1230,5,4.4,6.5,0.3,1.6,15
2015/11/29 16:38:00,38.3220,141.8580,47,4.1,100.4,1.4,2.3,70
2015/11/29 16:37:00,35.9350,136.3320,6,2.9,30.1,0.4,1.1,5
2015/11/29 03:44:00,36.0730,137.5480,7,2.8,36.5,0.6,2.0,7
2015/11/28 11:51:00,43.2230,146.5020,71,5.6,74.9,3.6,3.7,124
2015/11/27 21:51:00,40.1570,142.4750,33,4.4,20.4,0.5,2.4,81
2015/11/27 17:08:00,32.9720,130.9220,6,2.4,4.1,0.1,0.4,1
2015/11/26 06:51:00,42.0550,142.4820,68,3.9,7.7,0.2,1.5,34
2015/11/25 22:52:00,36.3720,136.5720,7,2.7,28.0,0.4,1.5,6
2015/11/24 13:07:00,34.9780,135.6950,11,3.6,92.0,2.1,2.6,36
2015/11/22 09:37:00,42.9070,146.2720,43,4.7,17.6,0.7,2.2,33
2015/11/22 08:20:00,36.4280,140.6870,52,4.8,147.5,3.4,3.5,184
2015/11/20 15:44:00,37.0170,141.1330,51,4.1,34.0,0.8,2.2,65
2015/11/20 08:15:00,36.6700,140.6520,10,4.3,136.5,2.7,3.5,125
2015/11/19 18:33:00,37.5330,141.4080,51,4.9,130.1,4.1,3.9,200
2015/11/19 12:39:00,37.1100,141.1070,53,4.0,93.5,1.6,2.9,64
2015/11/19 12:18:00,43.7500,144.7270,0,3.8,31.4,0.9,2.2,27
2015/11/19 08:30:00,39.6530,141.8730,66,3.9,48.3,1.2,3.0,57
2015/11/18 22:42:00,38.6170,141.9000,48,4.1,47.9,0.6,2.0,41
2015/11/18 10:21:00,34.2000,135.1320,7,2.8,34.8,0.4,1.5,3
2015/11/18 02:14:00,35.5780,136.3900,12,3.3,30.3,0.5,1.8,23
2015/11/16 16:31:00,31.1350,128.7950,1,4.6,5.5,0.3,1.6,7
2015/11/16 02:11:00,42.5400,143.1380,93,4.4,19.4,1.1,2.5,95
2015/11/15 21:40:00,40.6880,140.5150,13,2.8,8.4,0.1,0.5,7
2015/11/15 05:34:00,31.2230,128.6530,9,5.1,4.2,0.3,1.5,15
2015/11/15 04:20:00,31.3300,128.7170,9,5.9,18.2,1.2,2.8,65
2015/11/15 03:27:00,42.9830,145.8000,47,4.4,52.9,1.2,2.6,38
2015/11/14 19:21:00,38.0180,143.8100,44,5.1,7.7,0.3,1.6,102
2015/11/14 12:51:00,31.1930,128.6820,13,4.6,3.7,0.2,1.3,5
2015/11/14 10:11:00,31.2450,128.7100,9,4.3,2.8,0.2,1.0,5
2015/11/14 06:17:00,30.8620,128.5450,1,5.2,3.9,0.3,1.4,9
2015/11/14 05:51:00,30.9420,128.5900,17,7.1,58.0,6.6,4.1,199
2015/11/13 22:37:00,34.1950,135.1250,6,4.1,143.2,2.4,3.2,42
2015/11/13 14:12:00,38.9670,141.6580,73,4.3,73.2,0.9,2.5,110
2015/11/12 01:22:00,34.1970,135.1300,7,3.3,42.4,0.6,2.0,6
2015/11/12 00:33:00,24.4520,122.6970,97,5.0,10.7,0.6,1.9,3
2015/11/11 06:24:00,27.9530,130.2650,46,3.9,2.0,0.1,0.9,1
2015/11/11 00:50:00,42.9550,143.7580,116,3.9,11.2,0.4,1.7,30
2015/11/08 07:32:00,36.0070,137.3370,6,3.2,30.9,0.7,2.5,25
2015/11/07 22:45:00,35.9880,139.9600,101,4.9,67.7,2.7,3.7,291
2015/11/04 22:47:00,43.3370,146.0450,92,4.6,33.3,0.8,2.5,59
2015/11/04 08:56:00,35.9230,141.0880,21,4.2,15.5,0.4,2.0,49
2015/11/04 00:55:00,32.6650,132.0100,3,4.0,43.5,0.9,1.8,30
2015/11/04 00:01:00,34.4720,135.6100,12,3.5,48.9,1.1,2.4,25
2015/11/03 14:38:00,37.0230,139.3480,7,2.3,37.0,0.4,1.8,2
2015/11/02 12:34:00,40.4500,141.9720,66,3.9,81.7,1.8,3.0,62
2015/11/01 21:12:00,39.1120,142.4200,33,4.4,18.6,0.4,2.0,67
2015/11/01 12:49:00,41.5670,142.0670,65,5.2,43.2,1.3,3.0,227
2015/10/31 23:20:00,35.8600,140.6280,51,4.5,13.1,0.6,2.0,71
2015/10/31 16:56:00,39.8230,138.6520,37,4.8,6.6,0.3,1.5,74
2015/10/31 01:31:00,33.9730,135.6420,54,3.9,22.7,0.4,1.7,58
2015/10/30 19:32:00,39.7580,141.8370,58,3.7,28.0,0.5,2.2,43
2015/10/30 17:43:00,32.8830,130.8180,13,3.3,10.5,0.3,1.5,15
2015/10/30 16:22:00,32.8830,130.8170,13,3.2,22.1,0.3,1.4,13
2015/10/30 06:51:00,36.7080,139.3370,8,2.7,20.1,0.3,1.0,6
2015/10/29 21:42:00,36.8670,138.1620,7,2.6,6.7,0.2,1.2,5
2015/10/29 16:28:00,37.0900,138.8050,8,2.7,11.1,0.1,0.6,3
2015/10/29 11:56:00,36.0770,136.1150,10,3.5,26.8,0.6,2.3,20
2015/10/28 12:29:00,42.9670,146.4280,64,4.5,29.0,0.6,2.5,38
2015/10/28 03:08:00,34.5950,135.0500,7,2.5,45.8,0.4,1.5,1
2015/10/27 21:17:00,40.3750,142.2670,42,3.8,16.0,0.3,1.6,30
2015/10/27 18:12:00,35.4150,140.6370,39,3.4,9.2,0.3,1.1,13
2015/10/26 02:18:00,40.3520,142.0800,50,3.9,33.1,0.6,2.2,28
2015/10/25 17:15:00,35.5050,138.9520,21,4.3,179.9,2.1,3.1,141
2015/10/25 00:42:00,35.2220,139.1180,9,2.2,9.2,0.1,0.1,1
2015/10/24 13:26:00,42.7930,143.1550,97,3.8,17.3,0.7,2.1,45
2015/10/24 13:13:00,35.8020,140.0830,66,3.7,12.4,0.6,2.1,90
2015/10/23 01:18:00,39.3400,142.0600,48,4.6,79.9,0.9,2.6,71
2015/10/22 23:16:00,35.1880,132.9250,6,3.1,75.8,1.2,2.7,7
2015/10/22 09:51:00,39.0980,142.2080,43,3.9,18.4,0.3,1.5,25
2015/10/21 15:04:00,37.3130,141.1920,37,5.3,208.9,10.8,4.5,373
2015/10/21 04:47:00,42.5920,143.9880,62,4.0,20.7,0.6,2.2,46
2015/10/20 18:29:00,27.1270,140.6270,314,5.8,3.2,0.2,1.1,6
2015/10/20 09:53:00,34.1500,135.1670,4,3.0,62.8,1.0,2.1,5
2015/10/20 06:44:00,30.6420,131.5670,35,4.5,9.6,0.4,1.8,17
2015/10/19 22:57:00,35.4350,133.8970,8,2.7,6.1,0.1,0.9,2
2015/10/19 11:14:00,35.4330,133.8970,8,3.0,6.9,0.2,1.2,7
2015/10/18 10:21:00,35.4400,133.9130,8,2.8,8.2,0.1,0.6,3
2015/10/18 09:47:00,41.4920,142.0020,65,4.4,16.0,0.4,2.0,86
2015/10/18 08:36:00,35.4380,133.9120,8,4.3,39.4,1.5,2.7,31
2015/10/18 08:30:00,35.4370,133.9050,8,4.2,21.2,0.9,2.4,26
2015/10/18 01:16:00,40.3530,142.0780,51,3.9,29.9,0.5,2.1,29
2015/10/17 17:53:00,35.4370,133.9120,8,3.8,28.8,0.9,2.5,23
2015/10/17 14:17:00,43.1950,146.4320,51,4.5,24.4,0.8,2.4,23
2015/10/17 02:31:00,32.6680,129.9800,12,2.9,21.1,0.3,1.8,5
2015/10/16 17:33:00,40.4100,141.5900,111,4.1,10.1,0.3,1.7,45
2015/10/16 16:34:00,38.3100,141.9050,46,3.8,41.2,0.6,2.2,43
2015/10/16 10:59:00,36.3030,137.8870,4,2.3,8.8,0.2,1.0,1
2015/10/16 05:36:00,36.6270,139.4180,9,3.0,28.9,0.3,1.3,7
2015/10/15 05:35:00,35.4180,140.9670,18,4.0,20.7,0.5,1.8,19
2015/10/15 04:36:00,43.4370,146.0780,96,4.1,34.0,1.3,2.5,31
2015/10/13 23:58:00,38.8980,142.4950,41,3.9,18.4,0.3,1.4,48
2015/10/13 09:18:00,25.1870,125.0080,70,4.8,32.5,0.8,2.5,5
2015/10/11 07:16:00,43.0970,145.7820,51,3.7,11.2,0.3,1.7,18
2015/10/07 16:46:00,35.5530,138.9630,22,3.3,33.0,0.6,2.3,26
2015/10/06 19:17:00,38.7020,142.2470,39,4.5,26.4,0.4,1.7,71
2015/10/06 18:32:00,38.7000,142.2470,39,5.0,63.4,0.9,2.5,137
2015/10/06 18:09:00,39.7530,141.8430,58,3.7,27.0,0.5,2.1,43
2015/10/06 02:18:00,34.4100,135.8780,10,3.4,47.8,0.8,1.8,15
2015/10/05 21:45:00,36.5330,140.7670,18,3.3,54.9,0.6,1.8,16
2015/10/05 21:28:00,34.1420,135.1470,5,3.8,89.1,2.3,2.7,21
2015/10/04 04:35:00,38.2650,141.8520,47,4.0,24.7,0.4,1.5,52
2015/10/04 00:51:00,26.5800,128.2220,43,4.5,26.9,1.1,2.4,7
2015/10/03 08:29:00,38.6370,141.9050,48,3.8,26.1,0.3,1.7,26
2015/10/03 04:10:00,32.0680,130.2050,9,4.1,74.8,2.5,3.3,45
2015/10/02 20:36:00,28.2370,129.3600,11,3.3,30.7,0.4,1.0,2
2015/10/02 18:19:00,37.4430,138.0330,27,3.8,7.5,0.2,1.4,19
2015/10/01 22:42:00,26.6820,127.7720,47,3.9,9.4,0.4,1.5,5
2015/10/01 20:10:00,36.4420,140.8020,57,3.9,91.1,1.3,2.8,107
2015/09/30 11:53:00,38.4750,141.9120,61,3.8,26.9,0.3,1.6,36
2015/09/29 10:21:00,36.0570,137.5630,8,3.1,50.2,0.8,2.6,15
2015/09/29 01:33:00,39.6320,142.1050,48,3.9,69.4,1.6,2.7,51
2015/09/28 12:04:00,35.7980,140.8750,15,4.0,36.5,1.0,2.1,49
2015/09/26 20:22:00,35.7880,140.8920,17,4.0,28.7,0.7,1.8,45
2015/09/26 18:49:00,42.2120,141.9570,94,4.5,17.3,1.0,2.4,136
2015/09/26 03:13:00,33.0900,130.4300,10,3.4,34.3,0.5,1.9,24
2015/09/25 05:06:00,38.6370,141.8080,50,4.1,93.1,1.1,2.3,92
2015/09/24 19:58:00,34.8470,135.7150,12,3.6,50.2,1.2,2.3,46
2015/09/24 19:10:00,39.3800,142.0720,41,3.8,27.0,0.3,1.3,42
2015/09/24 15:19:00,40.0300,140.5300,9,3.9,94.9,1.6,3.1,47
2015/09/24 15:02:00,40.0280,140.5330,8,2.9,57.3,1.0,2.5,5
2015/09/23 23:44:00,36.3350,139.9620,77,3.7,14.1,0.5,2.3,54
2015/09/22 17:56:00,36.6970,141.0180,19,4.4,10.0,0.3,1.5,59
2015/09/22 15:59:00,36.6980,141.0170,18,4.1,11.8,0.3,1.9,47
2015/09/22 05:55:00,36.0170,140.0700,61,3.8,14.2,0.4,1.6,59
2015/09/19 23:01:00,43.4920,144.0630,0,3.9,67.4,2.8,3.3,26
2015/09/19 05:05:00,36.4000,141.0320,47,3.9,18.2,0.3,1.9,32
2015/09/18 06:42:00,41.3680,142.0570,62,4.3,18.5,0.6,2.2,68
2015/09/17 20:07:00,38.0470,139.9630,11,3.3,15.8,0.4,1.3,19
2015/09/16 05:53:00,35.9950,140.2070,41,3.9,61.7,1.8,2.8,110
2015/09/16 04:31:00,36.3430,138.0030,6,2.9,14.6,0.3,1.4,2
2015/09/15 20:49:00,37.3930,140.8920,76,3.8,27.3,0.4,1.9,39
2015/09/13 00:18:00,34.9180,133.0020,10,3.5,80.4,1.2,2.5,22
2015/09/12 22:38:00,41.8250,142.6700,56,5.4,82.1,4.9,3.8,203
2015/09/12 11:45:00,36.8080,141.2280,41,4.5,39.8,0.8,2.5,125
2015/09/12 08:38:00,39.1220,141.7670,67,3.7,24.3,0.3,1.6,42
2015/09/12 05:49:00,35.5530,139.8280,57,5.2,176.9,7.8,4.2,367
2015/09/11 15:45:00,43.1120,146.0030,45,4.3,19.0,0.6,2.3,15
2015/09/11 09:08:00,33.9220,135.6770,56,3.8,37.2,0.5,1.7,48
2015/09/08 20:22:00,34.6980,138.5180,23,4.6,57.8,2.9,3.2,126
2015/09/08 12:31:00,36.9830,138.4380,14,2.9,18.9,0.5,2.0,8
2015/09/08 11:15:00,37.4020,141.3370,30,4.1,25.4,0.6,1.7,36
2015/09/07 01:45:00,36.9670,141.2220,56,4.0,27.2,0.4,1.9,76
2015/09/06 13:02:00,42.1150,140.4850,10,2.8,18.9,0.4,1.7,4
2015/09/06 11:04:00,36.4470,136.2030,17,4.3,77.0,2.1,2.7,69
2015/09/06 08:53:00,36.9580,140.5350,8,4.0,38.0,0.7,2.2,50
2015/09/06 03:26:00,36.9020,140.6120,100,3.9,20.6,0.3,1.6,60
2015/09/05 13:18:00,38.6700,142.1550,42,4.5,30.4,0.8,2.3,91
2015/09/05 12:13:00,38.5330,141.8200,51,4.5,48.0,0.9,2.6,75
2015/09/04 13:49:00,29.3120,130.4580,45,5.3,5.7,0.5,2.0,4
2015/09/04 06:04:00,38.8150,141.5970,74,3.9,50.1,0.6,2.3,66
2015/09/04 04:52:00,33.4850,140.0030,107,4.7,37.4,1.8,3.1,22
2015/09/04 01:51:00,37.1530,143.4350,54,5.3,11.7,0.4,2.0,151
2015/09/02 22:56:00,34.8520,139.2830,13,3.5,21.0,0.8,2.2,19
2015/09/02 16:16:00,36.1970,139.9750,52,3.8,35.0,0.5,2.0,90
2015/09/02 16:07:00,33.2130,134.6400,30,4.5,17.2,0.8,2.5,46
2015/09/01 18:40:00,44.3330,141.7100,6,3.0,45.0,1.4,2.5,2
2015/09/01 00:29:00,34.6380,138.1880,10,4.3,38.2,1.1,2.6,59
2015/08/31 20:35:00,34.6330,138.1980,11,3.1,7.0,0.2,1.3,8
2015/08/30 14:30:00,29.7170,130.3850,53,4.8,12.5,0.3,1.3,11
2015/08/29 22:05:00,34.6370,138.1920,11,3.6,13.7,0.6,2.1,16
2015/08/29 15:00:00,45.1330,141.9430,0,2.8,9.5,0.3,1.4,4
2015/08/28 23:46:00,36.3530,140.9330,46,4.8,85.7,2.0,3.2,196
2015/08/28 10:12:00,32.1080,131.8630,35,3.5,14.4,0.2,1.5,11
2015/08/28 06:13:00,42.4700,142.6520,70,3.9,9.0,0.2,1.7,49
2015/08/27 23:02:00,35.2320,138.6220,16,3.3,54.3,1.0,2.9,19
2015/08/27 18:32:00,40.0920,141.6700,16,3.8,102.6,1.0,2.3,60
2015/08/27 12:23:00,42.7550,142.1480,137,4.4,9.0,0.6,2.1,63
2015/08/27 10:23:00,36.4030,138.0400,3,3.2,24.7,0.5,1.5,18
2015/08/26 16:23:00,37.2820,141.8000,44,4.5,12.0,0.4,1.6,48
2015/08/26 07:51:00,32.1070,131.8630,34,5.2,132.7,2.9,3.6,164
2015/08/25 14:57:00,38.6150,141.8980,48,3.6,63.0,0.9,2.2,38
2015/08/25 03:24:00,38.7220,142.1880,41,4.6,33.6,1.0,2.5,97
2015/08/24 14:49:00,37.2920,141.2120,16,5.1,19.6,1.6,2.6,87
2015/08/24 12:59:00,37.9720,142.4980,37,4.4,23.4,0.7,2.3,40
2015/08/23 20:23:00,39.5020,141.7230,13,3.6,47.4,0.6,1.6,23
2015/08/23 11:08:00,38.8150,141.5920,74,4.3,56.2,1.5,2.9,109
2015/08/22 21:14:00,41.9550,142.8900,43,4.5,30.3,1.4,2.9,55
2015/08/22 08:43:00,35.9920,140.2520,41,3.5,20.7,0.4,1.7,36
2015/08/22 07:57:00,36.0680,139.8770,46,3.5,13.9,0.2,1.7,49
2015/08/21 16:54:00,33.2880,132.1730,48,4.3,36.7,1.1,2.7,108
2015/08/21 04:32:00,36.0570,137.5630,8,3.8,269.1,7.0,4.5,40
2015/08/20 23:01:00,41.9470,142.2900,71,4.1,9.9,0.2,1.5,58
2015/08/20 21:57:00,38.7200,142.2530,40,4.8,33.0,0.8,2.4,109
2015/08/20 20:26:00,37.0600,139.3400,7,2.9,118.0,1.6,3.0,11
2015/08/19 21:21:00,40.1550,141.6650,110,3.9,23.8,0.3,1.7,56
2015/08/19 08:53:00,35.5380,138.9770,29,3.3,32.3,0.6,1.8,39
2015/08/18 15:49:00,36.6380,139.2580,7,2.7,13.2,0.1,0.7,2
2015/08/17 20:40:00,30.8050,131.1070,7,5.0,37.3,1.9,2.8,37
2015/08/16 08:44:00,37.4830,141.6120,45,4.4,19.3,0.7,1.9,74
2015/08/15 23:30:00,37.0620,139.3370,8,2.0,39.2,0.4,1.8,3
2015/08/14 18:48:00,33.8120,133.2730,38,3.8,56.7,0.8,2.4,61
2015/08/14 13:43:00,42.7520,143.1120,80,5.1,84.0,5.0,3.8,215
2015/08/14 05:13:00,37.1650,141.4370,49,5.1,50.9,2.1,3.2,285
2015/08/13 23:08:00,23.9450,122.3830,20,5.7,2.7,0.2,1.1,2
2015/08/13 09:42:00,35.6900,140.0670,70,3.6,7.4,0.2,1.5,55
2015/08/13 04:29:00,36.4220,140.6570,53,3.6,18.1,0.3,1.6,40
2015/08/12 20:38:00,40.2800,142.2170,41,3.8,12.3,0.3,1.4,28
2015/08/12 16:40:00,38.4220,141.1700,12,2.5,0.5,0.0,-1.4,1
2015/08/11 20:05:00,42.9270,145.4830,47,4.2,35.8,0.8,1.9,19
2015/08/11 12:31:00,24.8030,125.5100,19,4.2,20.4,0.5,1.7,2
2015/08/10 22:31:00,38.3220,141.8500,47,4.3,67.1,0.7,2.2,88
2015/08/10 18:44:00,36.0820,139.8830,46,4.1,39.7,0.8,2.6,113
2015/08/10 13:15:00,33.2770,135.4020,29,4.2,14.9,0.3,1.5,35
2015/08/10 11:34:00,38.8670,141.5950,75,4.4,99.2,1.5,3.0,118
2015/08/09 18:18:00,35.4100,140.0450,67,3.9,16.3,0.6,1.9,71
2015/08/09 11:08:00,38.2130,141.4470,66,3.9,50.6,0.6,2.1,47
2015/08/08 21:58:00,43.0180,145.7900,44,4.4,53.2,1.5,2.8,41
2015/08/08 06:43:00,38.9920,141.7470,68,4.0,26.5,0.3,1.7,57
2015/08/07 01:01:00,26.5550,127.9170,14,3.8,16.3,0.4,1.6,4
2015/08/06 18:22:00,36.4380,140.6180,55,5.2,280.8,9.1,4.5,344
2015/08/06 10:45:00,35.8300,140.9200,35,4.5,14.7,0.7,2.1,24
2015/08/05 20:56:00,37.5180,141.4670,50,5.0,142.2,6.7,4.0,246
2015/08/05 01:58:00,37.2020,141.0730,34,3.6,15.2,0.2,1.3,24
2015/08/04 05:13:00,35.8620,138.1120,7,3.7,37.3,0.7,2.1,62
2015/08/03 22:11:00,34.2500,134.7550,11,3.2,22.6,0.3,1.3,6
2015/08/03 14:30:00,37.7670,141.6150,49,5.1,105.2,3.4,3.4,206
2015/08/03 10:09:00,36.3700,136.5730,7,3.0,93.9,1.4,2.6,9
2015/08/01 23:24:00,38.3680,141.8280,63,4.7,89.6,1.4,2.8,157
2015/08/01 09:23:00,38.7130,142.2180,40,4.5,106.5,1.4,2.8,88
2015/07/31 13:16:00,40.9750,141.9970,56,3.6,12.9,0.3,1.3,14
2015/07/30 17:16:00,37.0970,140.6830,8,4.2,33.5,0.9,2.6,80
2015/07/29 21:35:00,36.0730,139.8580,45,4.0,32.1,0.6,2.1,112
2015/07/28 02:37:00,37.6570,139.9180,9,2.9,13.5,0.2,1.0,7
2015/07/25 04:30:00,35.5750,141.0450,38,4.7,12.5,0.6,1.9,38
2015/07/24 17:53:00,33.3880,132.3920,44,4.6,110.9,5.1,3.5,151
2015/07/23 18:43:00,41.9730,142.5430,65,4.5,23.2,0.6,2.4,90
2015/07/23 03:49:00,36.4800,140.9280,18,4.3,25.5,0.7,2.3,54
2015/07/21 18:17:00,37.8350,141.6980,65,4.9,69.7,2.0,3.3,216
2015/07/21 05:46:00,33.8730,134.8770,46,3.5,15.8,0.2,1.4,18
2015/07/20 22:56:00,37.1970,138.5580,10,3.5,21.5,0.3,1.9,16
2015/07/20 10:12:00,40.9850,141.4270,12,3.1,14.2,0.2,1.6,6
2015/07/19 02:13:00,31.0820,131.5030,32,4.7,24.3,1.3,2.8,38
2015/07/18 18:28:00,32.1430,131.8280,36,4.0,13.6,0.3,1.5,22
2015/07/17 18:32:00,32.6350,132.2950,34,3.9,30.4,0.5,1.9,19
2015/07/17 02:15:00,33.2270,139.5280,27,4.5,6.7,0.3,1.7,1
2015/07/16 22:13:00,39.4380,140.9030,9,3.4,52.1,0.5,1.5,21
2015/07/16 15:13:00,33.2870,139.5750,21,4.7,6.8,0.3,1.6,2
2015/07/16 14:39:00,38.3000,142.1070,37,4.1,62.9,0.9,2.6,69
2015/07/16 10:15:00,41.3330,142.6450,38,4.8,21.7,0.7,2.5,96
2015/07/14 22:16:00,37.3100,141.8170,43,4.7,10.9,0.5,1.9,112
2015/07/14 20:59:00,37.5320,139.1270,10,3.2,59.7,1.2,2.5,10
2015/07/14 02:57:00,24.6530,124.0670,64,4.4,17.6,0.5,1.8,3
2015/07/13 20:04:00,34.9670,135.3680,7,2.7,53.9,0.5,1.7,4
2015/07/13 19:32:00,34.9670,135.3680,7,2.7,37.6,0.3,1.5,4
2015/07/13 15:52:00,31.4100,131.8770,43,4.3,9.3,0.4,1.8,28
2015/07/13 02:52:00,32.9920,131.8550,58,5.7,167.2,6.8,4.3,390
2015/07/12 03:39:00,26.0330,128.3050,47,4.6,7.5,0.4,1.8,5
2015/07/12 02:37:00,37.8570,141.9750,35,3.9,20.7,0.3,2.0,47
2015/07/11 20:27:00,43.6800,147.8600,12,5.1,8.9,0.4,1.6,52
2015/07/11 15:18:00,42.5530,142.4420,119,4.1,7.8,0.3,1.7,61
2015/07/11 04:23:00,33.3480,130.8550,11,2.8,19.2,0.2,0.9,9
2015/07/10 09:39:00,36.0720,139.8550,47,3.8,22.2,0.3,1.5,67
2015/07/10 03:33:00,40.3530,141.5580,88,5.7,186.1,17.5,4.8,359
2015/07/10 01:15:00,36.0680,139.8520,45,4.4,87.5,2.8,3.4,214
2015/07/09 17:27:00,40.1170,142.4280,36,5.1,28.4,0.8,2.7,153
2015/07/09 08:38:00,35.6950,141.0100,12,3.9,19.2,0.5,1.5,20
2015/07/07 14:10:00,43.6750,147.8380,1,6.3,44.6,1.6,3.1,262
2015/07/06 18:30:00,36.0680,139.8630,46,4.1,67.9,0.8,2.4,130
2015/07/06 13:45:00,35.0580,135.1820,13,3.2,63.9,0.6,1.7,13
2015/07/06 09:29:00,38.8970,142.1020,45,3.8,31.7,0.6,2.2,39
2015/07/05 23:06:00,34.9400,139.7850,113,3.9,11.3,0.3,1.6,46
2015/07/05 19:41:00,38.7580,142.1800,42,4.5,42.6,0.7,2.2,82
2015/07/05 05:55:00,37.8100,139.9930,8,3.4,30.3,0.4,1.8,18
2015/07/04 13:24:00,38.7200,142.2680,39,4.7,43.5,1.0,2.6,117
2015/07/04 08:14:00,32.6100,130.8750,11,3.2,8.7,0.2,1.0,12
2015/07/04 00:43:00,33.6080,132.8120,44,3.7,28.3,0.3,1.7,39
2015/07/03 04:55:00,33.5700,132.4200,43,3.9,31.9,0.6,1.8,53
2015/07/02 15:05:00,38.4280,141.9320,57,4.7,133.5,2.0,3.1,117
2015/07/02 12:35:00,43.9820,145.0000,7,3.6,18.8,0.4,2.2,13
2015/06/30 10:52:00,35.2150,139.0350,4,3.1,12.8,0.2,1.1,8
2015/06/30 10:32:00,35.2430,139.0250,2,3.2,11.9,0.3,1.5,12
2015/06/30 09:12:00,35.2280,139.0300,3,2.5,4.4,0.1,0.0,3
2015/06/30 06:56:00,35.2250,139.0270,3,3.3,18.0,0.2,1.3,13
2015/06/30 06:04:00,35.2220,139.0320,3,2.8,6.9,0.2,0.9,5
2015/06/29 19:07:00,36.8850,141.0750,50,3.9,48.8,0.8,2.4,70
2015/06/28 07:58:00,38.5620,142.0770,43,4.0,29.0,0.5,1.7,47
2015/06/27 16:57:00,36.8630,140.9570,55,3.8,33.5,1.0,2.5,50
2015/06/27 15:23:00,36.1920,140.9600,43,3.6,25.8,0.4,1.6,22
2015/06/27 05:39:00,28.3030,129.5070,35,4.2,33.0,0.7,2.3,4
2015/06/27 03:30:00,43.9370,146.9700,73,4.7,11.4,0.3,1.7,23
2015/06/26 19:38:00,41.4850,142.0070,65,4.4,34.9,0.6,2.2,76
2015/06/23 21:22:00,27.6980,140.2270,480,5.4,1.5,0.2,0.8,3
2015/06/23 21:19:00,27.7000,140.1780,484,6.8,9.5,0.7,2.3,126
2015/06/23 00:35:00,41.4830,142.0870,63,4.6,18.3,0.6,2.2,88
2015/06/22 11:17:00,38.7350,142.3330,38,5.0,21.7,0.5,2.1,124
2015/06/22 05:30:00,36.4920,141.1230,53,4.1,28.8,0.5,2.1,77
2015/06/21 13:16:00,38.1820,141.6900,50,4.0,28.6,0.5,2.0,61
2015/06/20 11:44:00,35.2250,139.0250,5,2.9,13.0,0.2,0.7,7
2015/06/19 21:30:00,29.2230,130.4730,66,4.4,1.5,0.1,0.7,1
2015/06/19 09:35:00,37.5120,141.5380,46,4.7,32.4,1.3,2.5,136
2015/06/19 03:49:00,36.9980,138.6350,8,2.4,9.4,0.2,0.7,4
2015/06/18 16:36:00,39.7570,141.8400,59,4.0,42.1,1.1,2.8,65
2015/06/16 19:50:00,43.4830,144.0450,0,2.4,17.7,0.3,1.6,2
2015/06/16 13:42:00,37.4650,138.4780,18,3.8,15.2,0.3,1.2,27
2015/06/15 17:38:00,43.4980,144.0600,0,3.8,28.6,1.4,2.8,26
2015/06/14 04:15:00,33.9580,134.2530,7,3.0,38.3,0.6,1.9,6
2015/06/13 05:56:00,38.9930,142.2630,50,4.7,115.7,1.9,3.2,116
2015/06/11 18:19:00,29.6970,131.4420,56,4.7,5.2,0.3,1.4,18
2015/06/11 13:56:00,39.6070,143.5900,25,5.6,7.6,0.6,2.1,129
2015/06/11 13:54:00,34.4920,139.2070,4,3.2,6.4,0.2,1.2,1
2015/06/11 13:51:00,39.6200,143.5070,36,5.9,15.2,1.4,2.9,189
2015/06/11 13:45:00,39.6970,143.6250,27,5.9,5.3,0.6,1.9,112
2015/06/11 09:31:00,40.0550,142.1900,50,3.9,19.0,0.5,1.7,38
2015/06/11 09:29:00,38.8400,141.6100,75,3.9,42.9,0.5,2.2,54
2015/06/11 05:06:00,41.7000,144.2620,28,4.7,4.5,0.3,1.6,29
2015/06/10 19:25:00,35.7070,140.6980,52,3.9,12.7,0.7,2.0,49
2015/06/10 17:32:00,39.6620,143.6180,36,5.8,8.8,0.8,2.3,127
2015/06/09 16:06:00,33.8320,134.6430,9,3.1,23.9,0.4,1.5,5
2015/06/09 05:44:00,36.1820,140.0130,51,4.4,176.7,4.3,3.8,191
2015/06/08 18:15:00,24.8250,125.5250,30,3.8,13.4,0.4,1.7,2
2015/06/08 15:01:00,41.4550,142.0180,66,5.6,62.1,2.2,3.4,274
2015/06/07 09:06:00,43.4980,144.0620,0,2.9,10.9,0.3,1.6,11
2015/06/07 08:51:00,43.4930,144.0570,0,3.9,42.5,1.5,3.0,30
2015/06/05 08:52:00,33.7370,135.0730,40,4.2,39.5,0.6,2.1,60
2015/06/04 14:03:00,43.4920,144.0380,0,3.2,40.4,1.2,2.9,7
2015/06/04 04:51:00,43.5020,144.0670,0,2.9,9.5,0.3,1.6,2
2015/06/04 04:49:00,43.4970,144.0630,0,3.4,12.2,0.6,2.1,20
2015/06/04 04:34:00,43.4920,144.0600,0,5.0,252.0,17.3,4.7,79
2015/06/03 20:39:00,43.5180,144.3520,3,3.9,37.1,0.7,2.5,39
2015/06/01 19:16:00,34.7850,135.3630,11,3.8,45.6,0.9,2.3,68
2015/06/01 10:18:00,27.3120,128.8820,31,3.7,8.9,0.2,1.5,1
2015/05/31 17:14:00,26.0430,127.0880,49,3.5,3.8,0.1,0.7,1
2015/05/31 01:26:00,35.2680,139.0070,2,2.8,24.7,0.4,1.6,9
2015/05/30 20:24:00,27.8600,140.6820,682,8.1,182.9,27.5,5.0,926
2015/05/30 01:06:00,36.1450,139.8100,53,4.8,282.6,5.0,3.6,271
2015/05/29 12:57:00,32.8380,132.1180,40,3.5,19.9,0.2,1.5,13
2015/05/29 07:13:00,35.3580,141.1880,35,4.6,3.7,0.3,1.5,24
2015/05/29 02:51:00,36.5980,137.8500,7,2.7,6.8,0.2,0.6,3
2015/05/28 02:42:00,34.5800,135.4800,11,3.5,35.5,0.5,1.5,32
2015/05/27 16:11:00,33.0300,130.4830,8,4.0,64.8,1.5,2.8,69
2015/05/27 10:57:00,36.5000,140.7320,44,3.9,41.5,0.7,2.3,64
2015/05/26 01:35:00,31.7720,131.9270,25,4.2,7.7,0.2,1.5,20
2015/05/25 14:28:00,36.0530,139.6380,56,5.5,446.4,13.7,4.9,417
2015/05/24 20:59:00,35.4720,139.9700,22,3.1,32.2,0.6,1.8,18
2015/05/24 06:41:00,35.6430,141.0400,20,4.0,14.2,0.5,1.8,24
2015/05/22 22:28:00,28.5620,129.6200,21,5.1,77.0,3.7,3.5,6
2015/05/22 14:44:00,26.6630,127.7920,45,3.6,7.0,0.3,1.1,3
2015/05/21 22:40:00,34.1930,135.3930,7,3.3,10.8,0.2,1.1,9
2015/05/21 17:08:00,36.6570,138.1130,2,1.8,5.9,0.1,0.1,2
2015/05/21 00:50:00,38.7480,142.2470,44,3.6,11.8,0.2,1.0,38
2015/05/20 22:07:00,35.3900,140.3070,27,3.4,46.7,1.0,2.1,22
2015/05/20 02:17:00,38.8880,141.9720,49,4.0,33.5,0.8,2.1,43
2015/05/19 15:13:00,34.5070,139.2230,13,3.7,47.7,0.9,2.7,13
2015/05/19 06:05:00,36.7430,140.5700,9,3.5,49.4,0.9,2.5,25
2015/05/17 06:41:00,39.6520,141.9170,16,4.4,249.0,3.8,3.8,111
2015/05/17 05:39:00,38.8050,142.1150,44,3.9,15.6,0.4,1.8,26
2015/05/15 12:30:00,37.0620,141.1800,51,5.0,144.9,5.5,3.9,227
2015/05/14 10:51:00,44.3150,144.0570,8,4.3,16.0,0.7,2.0,32
2015/05/13 22:45:00,36.5630,140.4850,51,4.2,146.7,2.6,3.4,184
2015/05/13 11:47:00,23.9470,123.5900,33,4.4,5.7,0.2,1.1,2
2015/05/13 11:19:00,36.6450,137.9080,11,2.6,4.1,0.1,0.1,2
2015/05/13 06:13:00,38.8620,142.1500,46,6.8,399.4,18.3,4.8,668
2015/05/13 02:36:00,34.0950,135.1950,5,3.0,15.0,0.3,1.3,3
2015/05/12 17:24:00,36.7850,137.9380,7,3.1,12.0,0.2,1.4,4
2015/05/11 03:16:00,36.9420,139.7970,8,2.8,12.6,0.2,1.2,12
2015/05/10 22:39:00,36.3380,138.8570,11,3.0,25.2,0.3,1.0,14
2015/05/10 18:07:00,35.2330,139.0220,3,3.0,16.5,0.2,1.1,6
2015/05/10 04:15:00,39.6350,142.1080,48,3.9,42.2,0.5,2.3,53
2015/05/08 16:51:00,35.3870,139.9750,45,3.5,14.7,0.4,1.9,49
2015/05/08 15:29:00,38.6220,142.4170,37,4.5,24.9,0.3,1.8,77
2015/05/08 12:58:00,32.8720,131.0950,1,1.7,1.1,0.0,-0.5,1
2015/05/07 14:32:00,26.3070,127.3450,45,3.8,3.8,0.1,0.5,3
2015/05/07 02:48:00,35.7180,139.6450,31,3.0,13.8,0.3,1.1,25
2015/05/06 23:48:00,38.4700,141.9000,60,3.8,50.3,0.8,1.9,40
2015/05/06 22:41:00,36.8100,137.8950,3,3.0,5.0,0.1,0.5,4
2015/05/04 10:42:00,39.2570,141.8380,15,3.5,36.3,0.2,1.2,20
2015/05/03 23:30:00,36.1550,138.7830,145,4.7,9.4,0.5,2.0,167
2015/05/03 15:54:00,36.0680,139.8830,46,4.4,62.5,1.6,2.8,193
2015/05/03 13:03:00,37.5070,141.5770,45,5.0,71.1,3.8,3.3,234
2015/05/02 14:59:00,38.9200,141.9280,51,4.0,41.4,0.7,1.8,43
2015/05/02 01:56:00,40.9100,143.1900,17,4.9,5.9,0.2,1.5,48
2015/05/01 15:34:00,39.1000,142.2050,43,3.8,66.2,0.9,2.0,39
2015/05/01 05:15:00,37.0200,138.6720,6,2.5,7.5,0.2,1.0,5
2015/04/30 23:54:00,42.0870,142.5970,51,4.2,8.3,0.4,1.9,35
2015/04/30 04:44:00,24.4200,124.2180,15,3.9,22.7,0.6,1.7,3
2015/04/30 01:10:00,40.0580,142.8780,24,5.4,26.7,1.5,2.9,206
2015/04/29 02:49:00,43.1980,145.8700,51,4.1,15.7,0.5,2.2,24
2015/04/27 20:13:00,36.6270,140.5280,10,2.9,57.3,0.4,1.5,7
2015/04/27 01:41:00,36.6850,138.1030,1,1.7,12.2,0.4,0.9,1
2015/04/26 12:38:00,40.3350,141.5980,113,3.9,11.9,0.2,1.5,35
2015/04/26 06:16:00,34.8450,132.5620,17,4.0,115.8,1.6,2.4,65
2015/04/26 05:01:00,23.8980,122.4830,21,5.6,1.4,0.2,0.8,1
2015/04/26 02:46:00,36.9650,139.3730,4,2.4,66.9,0.9,1.8,3
2015/04/25 15:35:00,32.9670,140.5470,81,5.1,15.5,0.7,2.3,20
2015/04/24 03:27:00,37.1530,138.8570,16,3.9,72.9,1.4,2.2,49
2015/04/23 22:15:00,41.3170,141.2020,7,3.8,369.5,13.0,4.1,24
2015/04/23 21:23:00,41.9300,142.3400,69,4.4,20.8,0.6,2.2,69
2015/04/23 19:17:00,38.6270,141.9180,49,4.2,28.6,0.6,2.1,79
2015/04/23 06:32:00,37.0570,141.2000,50,3.7,25.0,0.3,1.5,29
2015/04/23 02:23:00,36.6200,140.9730,47,3.9,66.8,1.0,2.2,89
2015/04/22 20:32:00,36.7020,140.6380,6,2.9,12.7,0.2,1.2,4
2015/04/22 17:37:00,36.7050,140.6300,6,2.6,13.1,0.2,1.0,2
2015/04/22 05:25:00,34.1300,135.3530,6,2.8,20.7,0.3,1.1,3
2015/04/21 05:15:00,36.9450,136.7180,8,3.1,36.2,0.4,1.8,8
2015/04/20 20:59:00,23.9330,122.4850,21,6.4,5.7,0.7,1.8,2
2015/04/20 20:45:00,23.9570,122.4750,21,6.0,5.1,0.4,1.7,2
2015/04/20 10:43:00,23.9550,122.4270,22,6.8,9.5,1.2,2.3,4
2015/04/20 01:00:00,34.6550,137.3420,37,3.3,10.4,0.3,1.2,22
2015/04/18 18:34:00,32.0180,132.1430,18,4.5,15.4,0.4,1.7,23
2015/04/16 17:17:00,33.0150,132.0570,44,4.0,20.7,0.5,1.8,46
2015/04/16 16:38:00,36.6400,140.9400,49,4.0,78.6,2.3,3.1,72
2015/04/16 14:04:00,35.4420,135.8650,13,3.1,33.6,0.5,1.9,11
2015/04/16 11:49:00,37.0600,139.3450,8,2.7,93.7,1.1,2.2,9
2015/04/16 04:55:00,39.3530,143.6380,45,5.1,3.4,0.3,1.5,51
2015/04/16 02:10:00,38.7820,142.0620,35,4.0,15.8,0.2,1.3,37
2015/04/16 01:58:00,38.4550,141.8620,50,3.9,75.3,1.0,2.5,33
2015/04/13 17:23:00,40.2070,142.3350,38,4.2,12.0,0.3,1.5,56
2015/04/13 07:21:00,34.9580,135.4080,10,3.1,68.8,0.7,2.4,11
2015/04/13 07:17:00,34.0350,135.2520,4,3.3,23.1,0.3,1.1,8
2015/04/12 15:25:00,36.3800,138.9230,144,4.3,15.2,0.5,2.0,134
2015/04/12 14:25:00,36.8670,141.0600,51,3.9,46.3,0.9,2.3,66
2015/04/12 13:33:00,38.3120,141.8270,47,4.3,52.5,0.7,2.1,71
2015/04/12 04:56:00,32.2750,129.8550,13,3.9,34.6,0.6,2.1,29
2015/04/09 22:01:00,37.1420,138.6400,9,2.2,1.9,0.1,-0.3,2
2015/04/08 08:51:00,33.6020,132.5330,47,4.1,51.2,0.8,2.3,90
2015/04/07 20:33:00,35.4200,140.3550,31,3.5,21.1,0.6,2.0,28
2015/04/06 13:58:00,42.9800,145.4330,47,4.3,45.1,1.0,2.8,30
2015/04/05 12:45:00,37.1320,140.8570,99,3.9,7.9,0.3,1.3,34
2015/04/04 15:32:00,42.4580,142.1580,15,3.3,24.9,0.6,2.1,8
2015/04/03 04:04:00,38.6080,142.0030,52,4.6,84.7,1.9,3.1,138
2015/04/02 07:11:00,37.0230,138.3850,14,2.6,6.9,0.2,0.9,5
2015/03/31 12:59:00,36.4520,140.6070,56,3.9,31.5,0.6,1.9,64
2015/03/31 05:07:00,26.9530,128.4330,43,4.0,13.0,0.5,2.0,4
2015/03/28 16:18:00,38.9070,140.3550,6,3.4,12.8,0.2,1.1,18
2015/03/28 11:51:00,35.4850,140.0630,68,3.4,7.3,0.3,1.6,45
2015/03/27 23:39:00,37.2350,141.4100,24,5.0,7.0,0.5,1.8,84
2015/03/27 21:32:00,37.2270,141.3780,24,4.9,11.5,0.4,1.8,87
2015/03/27 12:04:00,36.3500,143.0350,56,5.3,6.0,0.3,1.3,70
2015/03/27 02:28:00,38.1730,141.6750,50,3.9,28.1,0.6,2.2,58
2015/03/26 16:29:00,34.9420,135.5270,7,2.8,17.9,0.2,1.1,7
2015/03/26 10:46:00,37.7050,141.7520,36,3.8,17.2,0.2,1.6,32
2015/03/26 06:28:00,35.7830,140.9150,13,4.2,64.0,2.2,3.0,45
2015/03/25 16:26:00,36.1330,139.8250,50,3.8,24.8,0.5,2.1,94
2015/03/25 15:30:00,43.6570,145.9100,115,3.9,16.2,0.4,1.8,21
2015/03/25 09:34:00,42.3520,143.0950,50,5.0,95.9,2.2,3.3,182
2015/03/25 04:05:00,33.6480,134.0400,14,3.2,27.4,0.5,1.7,12
2015/03/25 02:17:00,32.9820,130.8530,6,3.1,14.0,0.3,1.7,9
2015/03/24 13:53:00,36.2650,140.0780,68,4.6,31.1,1.6,2.8,195
2015/03/24 13:19:00,24.3970,123.7670,9,3.0,28.3,0.5,1.4,1
2015/03/24 02:49:00,36.8020,137.8930,3,2.6,1.4,0.0,-0.1,2
2015/03/24 01:06:00,36.8020,137.8980,3,3.8,11.0,0.4,1.6,18
2015/03/23 22:56:00,39.6330,142.1070,48,4.2,116.8,2.1,2.8,79
2015/03/23 21:40:00,35.9220,139.8250,78,3.9,11.4,0.3,1.9,119
2015/03/20 23:53:00,35.7350,140.6180,51,3.4,9.9,0.3,1.6,13
2015/03/20 19:54:00,35.7220,140.7270,50,3.8,10.2,0.4,1.7,33
2015/03/20 01:56:00,36.0850,140.0120,66,3.6,12.1,0.3,1.5,59
2015/03/19 16:07:00,34.9120,133.0100,11,3.1,65.0,0.8,2.2,14
2015/03/19 10:34:00,38.5270,141.8170,50,4.8,135.6,2.3,3.4,130
2015/03/18 11:28:00,36.0700,139.8850,46,3.6,16.4,0.4,1.9,55
2015/03/16 23:23:00,26.8000,128.2430,54,4.5,27.1,1.0,2.4,8
2015/03/16 20:56:00,43.3870,145.9130,65,4.3,58.2,1.5,3.1,35
2015/03/16 02:32:00,36.8320,140.5330,8,3.6,97.6,1.7,2.7,34
2015/03/15 23:44:00,35.1080,139.0100,8,3.6,75.0,0.9,2.0,33
2015/03/15 23:01:00,36.7450,140.5820,10,2.9,21.7,0.3,1.6,6
2015/03/14 22:48:00,24.8070,125.3650,48,4.3,31.5,0.7,2.1,2
2015/03/14 21:39:00,35.9550,136.7330,10,3.3,33.3,0.5,1.8,19
2015/03/14 20:38:00,35.9530,136.7350,10,3.2,33.8,0.5,2.0,16
2015/03/14 02:09:00,38.3620,141.7670,57,3.9,27.7,0.6,2.1,52
2015/03/13 06:03:00,24.2550,123.7550,17,4.5,11.1,0.6,1.8,3
2015/03/12 20:02:00,37.3330,141.5870,46,5.0,27.1,0.7,2.1,147
2015/03/10 14:53:00,37.6930,141.3180,66,3.9,15.0,0.3,1.6,43
2015/03/10 03:41:00,40.3480,142.0750,50,3.8,32.6,0.5,1.8,23
2015/03/09 11:58:00,38.8580,142.1730,43,4.1,60.5,2.0,3.2,69
2015/03/08 08:16:00,40.5930,142.5100,30,4.3,9.8,0.3,1.7,64
2015/03/07 23:31:00,36.5980,140.9720,48,3.8,27.7,0.5,2.0,34
2015/03/07 11:03:00,34.2050,135.1970,5,3.0,66.1,0.6,1.9,3
2015/03/06 14:20:00,26.2280,127.1870,37,3.8,15.5,0.3,1.4,5
2015/03/06 12:21:00,34.7370,139.2720,1,3.1,11.3,0.2,1.5,8
2015/03/06 08:59:00,24.8020,125.3770,49,4.4,13.1,0.4,1.6,2
2015/03/06 08:06:00,42.4030,142.6220,57,4.9,31.7,1.4,2.6,194
2015/03/05 21:18:00,36.6430,140.6450,11,3.5,80.1,0.9,2.4,25
2015/03/04 00:04:00,35.3430,136.8030,40,4.6,276.3,6.0,3.7,245
2015/02/28 17:40:00,35.6370,140.6880,50,4.5,21.8,1.0,2.6,71
2015/02/28 09:40:00,42.7380,144.3250,98,4.3,35.2,1.2,2.4,63
2015/02/27 03:55:00,33.9980,136.2670,32,3.9,34.9,0.5,1.8,44
2015/02/26 10:11:00,38.4630,142.0980,50,5.0,297.7,5.7,3.8,191
2015/02/26 00:38:00,36.6400,137.8980,9,2.6,2.1,0.0,0.0,3
2015/02/25 19:31:00,39.3400,143.6270,20,5.0,3.2,0.3,1.5,43
2015/02/25 17:58:00,36.5830,140.9650,22,4.1,27.4,0.5,2.3,71
2015/02/25 06:28:00,36.0550,139.9050,44,3.1,7.7,0.1,0.7,26
2015/02/24 19:36:00,39.0480,142.2050,49,4.3,109.8,1.3,2.6,78
2015/02/24 16:25:00,24.8450,125.3680,48,4.1,31.5,0.6,1.6,2
2015/02/24 11:28:00,39.6330,143.3820,29,5.9,8.0,0.7,2.1,145
2015/02/24 04:14:00,40.0770,142.1100,48,3.3,10.9,0.2,1.2,13
2015/02/23 17:00:00,35.5630,140.1370,68,4.5,14.0,0.6,2.1,162
2015/02/23 04:43:00,39.8520,143.5500,18,5.1,6.7,0.4,1.7,64
2015/02/22 10:02:00,36.1880,138.0050,5,2.2,14.3,0.3,1.3,3
2015/02/21 19:13:00,39.8930,143.6100,11,6.4,7.5,0.7,2.2,120
2015/02/21 04:28:00,41.9770,142.7150,57,5.1,24.1,1.1,2.8,180
2015/02/20 20:09:00,40.0000,142.3650,20,4.7,4.6,0.3,1.5,29
2015/02/20 13:25:00,39.9120,143.7320,8,6.5,11.5,1.2,2.7,202
2015/02/19 16:14:00,40.0830,142.0930,49,3.4,6.3,0.1,0.7,13
2015/02/18 14:01:00,37.0600,140.5600,10,3.3,51.3,0.6,1.7,22
2015/02/18 01:33:00,39.6650,143.7170,34,5.6,5.0,0.5,1.9,97
2015/02/17 16:20:00,36.4000,140.9720,45,4.0,18.1,0.4,1.7,49
2015/02/17 13:46:00,40.0850,142.1120,50,5.7,281.7,9.9,4.5,297
2015/02/17 10:46:00,38.5820,142.2130,61,4.2,36.7,0.4,1.7,82
2015/02/17 08:06:00,39.8720,143.1920,13,6.9,104.0,6.0,4.2,502
2015/02/17 00:14:00,26.3300,127.1070,2,3.6,3.6,0.1,0.2,1
2015/02/15 10:58:00,36.1870,138.0050,5,2.5,3.6,0.1,0.2,2
2015/02/15 09:14:00,36.6200,141.1270,31,4.7,11.4,0.4,1.8,74
2015/02/14 23:17:00,33.9550,133.8750,41,4.0,40.3,0.8,2.2,85
2015/02/14 16:18:00,34.9480,134.5920,15,3.9,91.3,1.0,2.2,57
2015/02/13 19:48:00,36.6950,140.5900,9,3.0,68.6,0.7,1.9,7
2015/02/13 19:47:00,37.1200,138.6380,13,2.8,6.8,0.2,0.9,4
2015/02/13 10:26:00,26.1430,127.4620,20,3.5,5.7,0.2,1.0,3
2015/02/11 04:23:00,38.3000,141.8520,47,4.2,53.3,0.9,2.0,76
2015/02/09 22:36:00,36.0370,139.8680,43,3.3,9.6,0.1,1.0,33
2015/02/09 20:09:00,37.1620,141.3520,48,3.9,9.6,0.2,1.2,25
2015/02/09 19:48:00,35.7920,140.9170,13,3.8,10.1,0.3,1.5,16
2015/02/08 01:49:00,37.1930,138.8850,14,3.4,47.7,0.9,2.1,25
2015/02/07 15:19:00,35.7880,140.0680,64,3.8,12.4,0.5,1.8,110
2015/02/07 12:36:00,35.8630,137.8950,8,3.6,39.3,0.6,1.6,43
2015/02/06 10:25:00,33.7330,134.3700,11,5.1,564.9,30.5,5.4,218
2015/02/06 05:28:00,38.6170,141.8980,48,4.1,39.9,0.6,2.1,49
2015/02/05 06:05:00,34.8120,132.1030,12,3.4,16.6,0.3,1.2,16
2015/02/04 15:08:00,34.7870,139.2450,8,3.3,21.5,0.7,2.3,16
2015/02/04 01:10:00,40.2020,142.0470,57,3.7,15.1,0.3,1.4,36
2015/02/03 14:07:00,33.5550,132.7400,44,3.9,33.3,0.8,2.1,83
2015/02/03 06:19:00,38.8870,141.9750,49,3.9,34.9,0.5,1.8,29
2015/02/02 23:06:00,40.0350,140.5400,9,3.4,22.6,0.6,1.4,23
2015/02/02 18:06:00,35.8280,140.9380,15,4.0,16.5,0.5,2.0,40
2015/02/02 15:48:00,39.9330,142.5820,33,4.1,6.1,0.2,1.5,41
2015/02/02 04:22:00,32.6670,130.7320,11,2.8,10.0,0.2,1.2,6
2015/02/02 03:12:00,36.6400,138.0820,9,2.4,3.0,0.1,0.0,1
2015/02/01 01:49:00,35.8050,136.2130,10,2.9,39.1,0.5,1.0,7
2015/02/01 00:42:00,37.2620,137.1430,15,4.4,113.8,4.7,3.8,77
2015/01/31 15:52:00,35.5500,140.0920,9,3.0,16.6,0.3,1.5,6
2015/01/30 20:31:00,35.9780,140.2070,40,4.8,115.3,3.5,3.6,206
2015/01/30 16:45:00,31.7630,131.9100,26,4.4,7.7,0.4,1.9,35
2015/01/29 19:45:00,39.6370,142.1050,48,3.9,36.6,0.7,1.9,31
2015/01/28 10:42:00,36.9030,138.5680,3,2.6,5.0,0.1,0.4,4
2015/01/26 23:24:00,37.1030,141.1820,28,3.7,8.1,0.1,0.8,18
2015/01/26 23:11:00,36.8050,139.4720,6,2.7,17.6,0.3,1.5,5
2015/01/26 10:31:00,38.1750,141.6680,50,3.8,42.0,0.4,1.7,44
2015/01/26 07:34:00,35.8720,140.4750,37,3.8,15.0,0.4,1.4,37
2015/01/26 07:21:00,35.8770,140.4750,38,4.2,57.0,1.2,2.9,46
2015/01/26 07:20:00,35.8770,140.4820,37,5.0,240.8,7.3,4.1,208
2015/01/26 00:24:00,37.0280,140.5750,9,3.0,75.4,0.6,1.8,9
2015/01/25 22:02:00,39.8730,141.8700,77,3.9,44.8,0.8,2.5,76
2015/01/24 22:43:00,35.0180,135.5270,14,3.0,21.1,0.2,0.9,9
2015/01/24 19:20:00,35.0200,135.5270,15,3.7,50.0,0.5,1.9,65
2015/01/24 14:34:00,35.1820,136.0250,15,3.4,26.1,0.4,1.6,26
2015/01/23 18:11:00,37.1080,141.0470,36,4.1,46.2,1.0,2.8,119
2015/01/22 22:54:00,39.0580,140.8550,7,3.6,101.9,2.1,2.8,35
2015/01/22 08:05:00,37.0600,141.1420,51,4.0,28.5,0.7,1.9,72
2015/01/22 02:35:00,42.6500,144.5320,54,4.5,33.6,1.3,2.8,63
2015/01/21 15:41:00,36.8070,137.8880,2,2.7,3.0,0.1,-0.1,4
2015/01/20 07:34:00,37.1570,138.5120,188,4.9,8.4,0.3,1.6,120
2015/01/19 12:14:00,40.1730,142.1780,21,3.8,6.6,0.3,1.5,17
2015/01/18 03:17:00,37.4080,141.9070,44,4.5,15.6,0.5,2.2,83
2015/01/16 20:26:00,37.1820,141.1920,62,3.9,16.2,0.4,1.9,46
2015/01/16 16:48:00,24.8230,125.3730,50,3.9,17.0,0.3,1.5,2
2015/01/16 00:44:00,43.7400,147.2550,29,4.4,6.3,0.2,1.5,21
2015/01/15 01:42:00,36.9150,139.7880,8,2.9,12.1,0.2,1.4,14
2015/01/14 21:02:00,35.0270,135.5320,15,3.9,68.5,1.0,2.6,92
2015/01/14 10:15:00,26.4570,128.4950,32,4.7,33.0,1.1,2.7,8
2015/01/14 02:46:00,39.3400,142.0630,48,4.9,96.4,1.8,3.1,115
2015/01/13 14:27:00,30.6680,131.4500,49,4.7,14.6,0.7,2.4,32
2015/01/13 11:26:00,34.9530,134.5920,14,3.6,87.6,0.6,1.7,37
2015/01/12 13:59:00,26.1400,126.5180,75,4.2,2.6,0.1,0.5,1
2015/01/10 21:21:00,38.7420,141.9550,54,3.8,22.4,0.4,1.6,50
2015/01/10 08:02:00,38.3300,141.6300,54,3.9,27.9,0.6,2.1,44
2015/01/10 04:08:00,35.6980,139.6420,47,3.5,24.0,0.6,2.1,58
2015/01/09 03:42:00,43.5520,145.0470,126,5.5,184.2,10.5,4.3,196
2015/01/09 01:23:00,35.3680,135.9400,12,2.3,15.6,0.3,1.6,2
2015/01/08 12:02:00,34.7920,137.6900,34,4.1,69.8,1.2,2.6,81
2015/01/08 07:57:00,35.9280,141.1380,20,4.3,14.2,0.3,1.5,27
2015/01/08 07:29:00,35.1480,140.2000,10,3.3,18.4,0.4,1.3,10
2015/01/07 18:59:00,38.4650,142.0420,43,4.2,64.6,0.9,2.6,57
2015/01/05 11:42:00,35.2870,135.9020,15,3.2,13.8,0.1,0.6,15
2015/01/05 10:13:00,39.4600,142.0980,48,3.7,26.1,0.4,1.6,25
2015/01/04 14:51:00,29.3280,130.5600,59,4.9,2.4,0.2,1.2,1
2015/01/04 07:22:00,36.6980,141.2230,34,3.9,12.7,0.3,1.6,24
2015/01/03 17:55:00,35.5400,138.9730,20,3.1,29.9,0.6,2.4,17
2015/01/03 08:56:00,45.1980,141.7580,10,3.5,11.5,0.8,2.1,5
2015/01/03 04:55:00,36.5220,140.5720,58,3.7,86.9,1.0,2.6,79
2015/01/02 10:51:00,35.8530,140.5200,36,3.6,32.6,0.8,2.0,25
2015/01/02 01:14:00,32.1250,131.8550,33,4.2,21.6,0.6,2.3,45
2015/01/01 22:57:00,42.5830,141.8370,30,4.5,136.6,6.3,3.6,94
2015/01/01 15:56:00,36.4200,139.7820,88,3.9,18.6,0.6,2.2,87
2015/01/01 14:01:00,38.8830,142.0680,44,4.5,98.7,1.6,3.0,126
2014/12/31 23:49:00,35.7850,139.8870,84,4.2,16.9,0.5,2.1,175
2014/12/31 23:23:00,36.5830,140.9680,23,4.3,23.8,0.5,2.2,80
2014/12/31 23:02:00,36.5870,140.9700,23,3.8,10.4,0.3,1.6,22
2014/12/30 20:19:00,38.8530,142.0520,46,3.9,50.0,0.7,2.2,31
2014/12/30 19:23:00,39.0680,140.8880,9,4.2,76.7,1.5,2.8,89
2014/12/29 19:57:00,36.8620,139.5180,6,3.0,20.6,0.3,1.5,16
2014/12/28 18:00:00,42.0150,142.5930,60,4.3,10.6,0.4,2.0,76
2014/12/28 03:19:00,37.6100,141.7470,46,4.3,16.1,0.4,1.7,54
2014/12/27 06:04:00,38.3070,141.8370,63,4.3,48.6,0.6,2.1,79
2014/12/26 22:30:00,35.2850,135.8950,14,4.2,112.8,2.3,3.1,162
2014/12/25 20:32:00,36.0750,139.9150,45,4.0,68.7,1.4,2.5,131
2014/12/25 12:01:00,37.0650,139.3450,8,2.9,44.9,0.3,1.5,6
2014/12/25 09:06:00,38.3480,141.7480,57,3.8,24.1,0.6,2.0,48
2014/12/25 08:06:00,37.2250,141.6470,36,5.6,39.2,2.7,3.1,223
2014/12/22 01:17:00,36.6900,137.8870,5,4.4,83.8,2.0,3.2,45
2014/12/20 18:49:00,38.1800,141.6830,51,4.4,31.5,0.8,2.4,76
2014/12/20 18:30:00,37.4250,141.6050,44,6.0,96.8,3.7,3.8,381
2014/12/19 17:49:00,33.2830,131.4170,8,2.6,15.3,0.3,1.6,5
2014/12/19 13:47:00,42.7280,145.5220,46,5.3,51.5,1.8,3.0,57
2014/12/19 12:34:00,32.0380,129.8470,13,4.1,51.2,1.5,3.1,49
2014/12/18 10:41:00,36.1500,141.0330,33,3.9,23.7,0.3,1.7,32
2014/12/18 03:45:00,38.9300,142.1180,46,4.6,306.4,5.4,3.9,118
2014/12/17 12:59:00,36.9280,139.3950,4,2.6,37.7,0.5,2.0,6
2014/12/17 10:41:00,36.7880,140.5900,7,3.4,142.5,1.6,2.4,21
2014/12/16 18:53:00,37.7620,139.9870,8,3.0,11.2,0.2,1.0,8
2014/12/16 18:50:00,37.7670,139.9780,7,3.5,18.6,0.4,1.8,11
2014/12/16 18:49:00,37.7700,139.9780,9,3.7,84.7,1.6,2.9,27
2014/12/16 09:52:00,41.7900,143.4150,33,3.6,13.1,0.5,1.9,2
2014/12/15 19:54:00,35.0200,140.3170,74,3.7,7.3,0.2,1.4,44
2014/12/15 11:56:00,32.2630,130.5650,8,3.6,39.2,0.7,2.0,31
2014/12/14 04:46:00,36.6880,141.4150,51,4.5,11.6,0.4,2.0,77
2014/12/13 21:39:00,36.8220,141.1030,49,3.9,30.7,0.6,1.7,41
2014/12/13 03:45:00,35.8730,136.7680,12,3.2,23.1,0.3,1.4,20
2014/12/12 13:07:00,38.4650,141.8480,54,4.2,67.6,0.9,2.6,69
2014/12/11 15:07:00,35.5530,138.9670,23,4.3,152.7,3.9,3.7,120
2014/12/11 06:03:00,25.4400,122.4530,250,6.1,12.0,0.5,1.6,5
2014/12/10 12:04:00,36.6530,137.8880,8,2.7,7.2,0.1,0.4,3
2014/12/09 20:11:00,36.1770,141.0030,40,4.2,33.0,0.7,2.6,94
2014/12/08 18:28:00,36.6500,137.8870,7,2.5,9.9,0.2,0.4,3
2014/12/08 14:37:00,33.7120,130.2520,13,3.9,20.0,0.5,1.8,41
2014/12/07 22:00:00,37.3730,141.1280,30,3.9,22.2,0.3,1.4,42
2014/12/07 09:47:00,36.3720,136.5750,7,2.3,28.7,0.5,1.7,5
2014/12/06 23:38:00,38.7020,142.2620,38,3.9,22.7,0.3,1.5,41
2014/12/05 22:53:00,32.3850,130.6430,10,3.8,40.7,0.7,2.2,41
2014/12/05 15:05:00,36.7650,137.8620,5,3.0,12.6,0.3,1.4,4
2014/12/05 08:45:00,28.4750,128.8650,77,3.9,6.7,0.2,1.1,4
2014/12/04 12:35:00,35.5030,140.9130,24,4.4,25.8,0.9,2.4,59
2014/12/04 06:52:00,36.7980,137.8780,1,2.3,0.6,0.0,-0.8,2
2014/12/03 23:19:00,35.2900,137.1180,45,4.2,109.8,2.0,2.9,167
2014/12/03 01:00:00,37.0550,140.6280,10,4.3,46.4,1.5,3.0,101
2014/12/02 20:52:00,36.5180,140.7020,55,4.0,75.0,0.9,2.5,62
2014/12/02 20:08:00,32.9550,130.9400,11,3.1,6.1,0.2,1.2,13
2014/12/02 09:39:00,36.7770,137.9130,5,3.2,9.6,0.2,0.9,8
2014/12/01 05:10:00,36.8100,137.8980,2,3.2,6.8,0.1,0.7,7
2014/12/01 04:04:00,35.7470,140.7380,13,3.8,19.7,0.5,1.4,36
2014/11/30 16:53:00,34.3270,139.2580,9,2.7,45.2,0.7,2.3,1
2014/11/30 06:35:00,35.8730,136.7670,12,3.3,48.2,0.7,2.1,25
2014/11/29 07:37:00,27.5380,128.8720,17,4.3,20.4,0.5,2.3,2
2014/11/29 02:38:00,36.7400,137.8780,4,3.1,18.8,0.2,1.4,5
2014/11/28 23:44:00,36.7500,138.3900,6,2.4,82.4,0.9,1.9,6
2014/11/28 13:13:00,36.7420,137.8770,4,3.6,48.5,0.9,2.2,18
2014/11/28 04:25:00,36.7930,137.9120,6,2.9,10.9,0.2,0.8,6
2014/11/27 06:18:00,35.9570,141.1430,21,4.2,16.3,0.3,1.8,43
2014/11/26 11:44:00,36.3400,138.8570,11,2.3,3.9,0.1,0.3,3
2014/11/26 07:28:00,36.7920,137.9120,6,2.8,14.9,0.2,0.9,4
2014/11/25 21:21:00,35.4470,135.8620,13,3.3,49.6,0.6,2.1,11
2014/11/25 06:59:00,36.7900,137.9200,6,2.7,5.7,0.2,0.8,5
2014/11/25 06:27:00,36.7650,137.9000,1,3.9,25.8,0.9,2.3,27
2014/11/24 18:34:00,36.6570,137.8970,9,2.9,8.8,0.1,1.0,5
2014/11/24 18:08:00,36.6550,137.8950,8,2.7,3.7,0.0,0.0,3
2014/11/24 14:30:00,36.7950,137.8820,2,2.1,0.4,0.0,-1.8,1
2014/11/24 06:12:00,36.7880,137.9070,5,3.6,53.0,1.1,2.2,11
2014/11/24 03:16:00,36.7830,137.9080,6,2.8,4.0,0.1,0.2,5
2014/11/24 01:54:00,36.7980,137.9080,5,2.7,2.7,0.1,0.3,3
2014/11/24 01:36:00,36.7970,137.9100,5,2.7,2.6,0.1,0.1,3
2014/11/23 22:34:00,39.6050,143.5670,31,5.1,4.6,0.5,1.8,69
2014/11/23 20:02:00,37.1670,141.4050,48,3.9,17.6,0.5,1.7,61
2014/11/23 15:56:00,36.7420,137.8800,5,3.4,60.6,0.9,2.3,12
2014/11/23 15:27:00,36.7430,137.8870,5,3.0,7.1,0.1,0.7,4
2014/11/23 15:26:00,36.7500,137.8920,6,3.4,7.9,0.2,1.1,9
2014/11/23 12:57:00,36.7900,137.9100,5,2.8,6.7,0.1,0.4,4
2014/11/23 12:46:00,36.7420,137.8820,5,4.4,60.3,0.9,2.6,33
2014/11/23 12:15:00,36.7430,137.8820,6,3.0,21.9,0.3,1.5,5
2014/11/23 07:16:00,36.7520,137.8900,4,3.3,10.2,0.4,1.5,7
2014/11/23 06:01:00,36.7480,137.8600,1,2.8,14.0,0.4,1.6,3
2014/11/23 05:33:00,36.7630,137.9080,5,3.7,15.3,0.4,1.7,19
2014/11/23 04:53:00,36.6200,137.8470,0,3.6,12.0,0.8,2.0,13
2014/11/23 04:52:00,36.6180,137.8450,2,3.2,5.6,0.2,1.0,3
2014/11/23 01:45:00,37.7080,141.0030,76,4.0,39.2,0.8,2.0,78
2014/11/23 00:23:00,36.6050,137.8850,7,3.0,5.2,0.1,0.6,4
2014/11/23 00:18:00,36.8600,137.9730,5,3.2,27.0,0.5,1.8,7
2014/11/22 23:26:00,36.7750,137.9500,10,3.2,24.1,0.4,1.7,11
2014/11/22 23:19:00,36.6850,137.9670,15,3.6,10.6,0.4,1.4,12
2014/11/22 22:55:00,36.7450,137.8950,3,3.8,43.2,3.0,3.1,19
2014/11/22 22:37:00,36.7780,137.9100,3,4.5,52.6,2.7,3.1,25
2014/11/22 22:36:00,36.7600,137.8880,3,2.9,15.4,0.4,1.4,1
2014/11/22 22:25:00,36.7630,137.8930,5,2.6,36.2,0.7,1.5,2
2014/11/22 22:17:00,36.7920,137.9200,5,2.9,12.7,0.2,0.8,4
2014/11/22 22:15:00,36.6830,137.8900,4,3.3,27.5,0.5,2.0,9
2014/11/22 22:13:00,36.7870,137.9270,6,3.5,10.7,0.3,1.4,8
2014/11/22 22:11:00,36.7920,137.9230,5,3.8,20.3,0.6,1.8,3
2014/11/22 22:08:00,36.6920,137.8900,5,6.7,589.0,61.0,5.4,538
2014/11/22 13:44:00,33.8330,135.3220,52,3.9,29.8,0.4,1.8,41
2014/11/21 18:23:00,35.4470,135.8630,14,3.1,27.4,0.4,1.8,9
2014/11/20 19:06:00,36.8130,140.9850,53,3.9,20.8,0.4,1.9,69
2014/11/20 17:51:00,37.7400,139.9680,6,3.2,22.1,0.3,1.3,7
2014/11/20 10:51:00,37.3370,141.5780,46,5.5,93.2,2.6,3.3,367
2014/11/20 04:58:00,37.4170,141.7230,41,4.0,7.4,0.3,1.3,18
2014/11/19 23:34:00,30.6070,131.5700,38,4.7,10.7,0.4,1.7,17
2014/11/19 13:32:00,38.9220,141.9280,51,3.9,68.0,1.1,2.1,57
2014/11/19 06:15:00,36.9470,140.5550,106,3.9,36.6,0.5,2.0,80
2014/11/19 00:20:00,30.0520,131.3200,28,4.7,9.3,0.5,2.0,11
2014/11/18 23:19:00,39.7550,141.8430,58,3.8,29.9,0.4,2.0,51
2014/11/18 21:37:00,36.6950,137.8920,5,2.8,12.6,0.2,1.1,3
2014/11/18 21:29:00,36.6970,137.8880,5,2.7,10.7,0.2,0.7,2
2014/11/18 06:07:00,34.6080,135.0430,15,3.9,53.6,0.5,1.8,47
2014/11/18 05:53:00,42.2120,144.4720,28,4.5,4.7,0.3,1.5,22
2014/11/17 20:24:00,38.1650,141.5880,61,3.9,20.3,0.3,1.9,40
2014/11/17 19:38:00,33.6230,130.6180,16,3.3,71.4,0.9,2.3,20
2014/11/17 08:59:00,36.9970,140.5950,7,3.8,32.4,0.6,2.1,62
2014/11/15 19:20:00,37.0400,141.5320,53,3.8,7.9,0.2,1.3,46
2014/11/15 14:17:00,39.5350,140.7450,9,3.1,75.9,0.8,1.9,17
2014/11/15 09:56:00,38.1720,141.7880,55,4.2,28.2,0.4,1.9,77
2014/11/15 09:13:00,32.6650,132.3080,31,3.8,9.6,0.3,1.6,16
2014/11/14 20:57:00,36.0330,139.9050,44,3.7,35.8,0.5,1.8,65
2014/11/14 10:37:00,36.3500,137.1730,12,3.4,51.9,0.9,2.0,28
2014/11/14 05:42:00,43.6550,144.4970,0,2.9,24.6,0.3,1.8,7
2014/11/14 04:47:00,43.6550,144.4930,0,4.2,145.5,2.6,3.4,44
2014/11/13 08:37:00,43.1370,145.5850,69,3.8,20.0,0.4,2.1,35
2014/11/12 20:04:00,33.1030,140.6970,64,4.9,12.3,0.7,2.0,14
2014/11/12 19:08:00,37.0980,140.5970,9,3.7,62.5,1.2,2.5,45
2014/11/12 12:05:00,38.8820,142.0620,46,4.1,111.0,1.5,2.6,77
2014/11/12 10:13:00,34.2420,135.6950,61,4.3,35.8,0.8,2.2,102
2014/11/12 09:53:00,36.1330,140.0850,66,4.8,72.4,3.0,3.5,272
2014/11/12 00:03:00,37.0280,138.4530,10,2.5,8.7,0.1,0.8,2
2014/11/10 12:55:00,33.0530,132.6880,34,3.7,30.3,0.5,1.8,24
2014/11/08 21:09:00,38.8430,142.1120,44,4.0,27.8,0.4,1.9,38
2014/11/08 08:54:00,37.8080,142.3130,40,5.2,61.1,2.0,3.3,192
2014/11/08 05:56:00,40.0020,140.4770,5,2.6,42.1,0.7,2.4,2
2014/11/05 23:01:00,42.6880,145.7320,48,4.6,35.1,1.5,2.8,50
2014/11/03 11:28:00,42.5850,141.8380,29,4.6,152.1,6.7,4.1,120
2014/11/02 17:41:00,40.5250,141.6300,106,4.0,26.6,0.8,2.3,87
2014/11/02 14:02:00,36.5050,141.2230,50,4.1,12.5,0.4,2.0,51
2014/11/01 19:36:00,33.6800,131.9580,68,4.2,18.7,0.6,2.2,133
2014/11/01 16:47:00,42.0130,142.5300,51,4.3,12.5,0.5,2.0,69
2014/10/31 15:33:00,40.1530,142.4000,35,4.8,18.7,0.7,2.3,93
2014/10/31 09:53:00,35.9350,137.5750,5,1.8,9.0,0.2,1.2,1
2014/10/29 23:27:00,34.7520,139.3130,5,3.1,26.9,0.7,1.9,9
2014/10/29 23:16:00,34.7450,139.3130,6,2.9,14.8,0.3,1.6,7
2014/10/29 02:37:00,36.1170,141.1070,41,3.9,22.8,0.3,1.5,56
2014/10/27 15:36:00,35.9170,140.1100,61,4.4,30.4,1.3,2.7,175
2014/10/27 13:33:00,40.7650,142.0580,92,4.3,29.9,0.6,2.3,91
2014/10/26 20:15:00,36.8250,138.0900,4,3.0,31.1,0.8,2.2,8
2014/10/25 00:58:00,39.7030,140.7570,8,2.7,56.3,0.8,1.6,7
2014/10/24 21:46:00,32.7130,132.1630,38,3.7,9.6,0.2,1.0,15
2014/10/24 04:30:00,36.4100,141.0170,46,3.8,21.6,0.5,1.8,54
2014/10/23 22:21:00,38.7080,140.9770,16,3.7,75.4,1.3,2.4,49
2014/10/23 17:13:00,36.8030,139.6170,7,3.2,16.6,0.5,2.0,14
2014/10/23 12:22:00,40.2800,141.5750,79,3.8,27.9,0.8,2.2,52
2014/10/22 09:20:00,40.5520,142.4650,69,4.1,11.8,0.3,1.5,39
2014/10/22 09:15:00,27.4420,128.5680,51,5.6,73.6,3.6,3.8,11
2014/10/22 07:55:00,32.5100,130.5800,10,3.7,28.9,0.6,2.0,35
2014/10/22 05:53:00,43.6000,144.3830,3,2.3,49.0,0.8,2.4,1
2014/10/21 05:25:00,36.9830,140.6920,10,3.7,35.2,0.6,2.3,35
2014/10/17 18:58:00,35.9420,141.0600,17,4.1,17.8,0.6,2.1,47
2014/10/17 12:34:00,36.4300,140.6570,53,3.5,23.8,0.4,1.7,45
2014/10/16 08:53:00,32.1170,140.8180,9,5.7,10.1,0.8,2.2,28
2014/10/16 04:39:00,33.7050,132.6220,41,4.0,59.6,1.1,2.3,105
2014/10/15 19:45:00,30.5700,130.9550,7,3.4,76.7,2.3,3.0,2
2014/10/15 12:51:00,38.5450,141.6230,64,4.6,252.6,4.0,3.4,161
2014/10/15 07:52:00,26.2880,127.3600,46,5.1,21.9,0.8,2.3,8
2014/10/15 03:48:00,34.0550,135.1150,5,2.6,17.6,0.2,0.8,4
2014/10/15 03:08:00,40.8650,143.3970,35,5.0,16.1,0.5,2.3,85
2014/10/14 06:25:00,40.9980,141.7420,81,4.4,36.3,1.1,2.6,89
2014/10/14 05:25:00,40.9180,142.3000,49,4.1,17.7,0.4,1.8,36
2014/10/14 00:41:00,36.1950,140.9870,44,4.1,50.5,1.0,2.2,81
2014/10/13 02:44:00,36.6930,140.6350,8,3.5,25.3,0.6,2.1,21
2014/10/12 15:00:00,35.2320,139.9100,111,3.9,9.9,0.3,1.7,85
2014/10/12 07:43:00,36.4370,138.0470,2,1.8,4.1,0.1,-0.1,2
2014/10/12 05:28:00,35.5950,140.9170,20,4.3,29.5,0.8,1.9,46
2014/10/11 14:20:00,40.9200,143.2900,34,5.6,23.1,1.4,2.8,180
2014/10/11 11:36:00,40.9520,143.2430,36,6.1,54.7,3.0,3.5,307
2014/10/10 17:22:00,38.9370,141.6330,74,3.8,26.2,0.3,1.6,46
2014/10/09 09:16:00,33.2920,131.3880,9,2.4,14.1,0.2,1.4,2
2014/10/07 15:03:00,39.4480,140.3730,9,2.0,2.8,0.0,0.2,1
2014/10/06 15:38:00,38.3080,141.8870,45,4.2,41.0,0.6,2.2,87
2014/10/06 13:20:00,36.0800,139.8730,46,3.5,13.7,0.2,1.2,46
2014/10/06 00:09:00,37.5100,141.3750,51,4.1,18.6,0.6,1.6,44
2014/10/05 03:10:00,33.6800,135.1480,39,3.9,54.5,0.9,1.9,61
2014/10/04 01:44:00,33.3870,134.8870,37,3.8,8.6,0.2,1.1,16
2014/10/03 22:12:00,32.6400,132.2200,35,3.9,11.9,0.6,2.0,16
2014/10/03 09:57:00,40.1650,142.6270,28,5.7,63.4,2.8,3.5,240
2014/10/03 07:52:00,27.4470,128.6550,43,3.9,12.9,0.2,1.5,3
2014/10/02 14:32:00,38.4320,141.6680,54,4.2,61.4,0.6,2.4,73
2014/10/01 15:41:00,37.0880,141.1720,34,3.4,5.9,0.1,0.6,14
2014/09/30 19:23:00,36.4420,140.6130,55,3.8,19.4,0.5,2.0,57
2014/09/29 10:05:00,41.9350,144.4500,41,4.8,8.2,0.5,1.8,29
2014/09/28 15:09:00,36.1320,140.0220,49,3.9,65.0,1.3,2.8,130
2014/09/27 10:20:00,34.7730,139.3650,0,1.7,23.6,0.7,2.3,1
2014/09/27 05:40:00,35.9170,136.6250,9,2.8,46.3,0.6,1.7,10
2014/09/27 00:35:00,37.2370,136.6770,8,4.1,58.0,1.6,3.1,22
2014/09/26 17:49:00,41.5780,142.0550,65,4.0,5.8,0.2,1.4,10
2014/09/25 20:12:00,42.6920,143.3670,90,3.6,18.2,0.4,1.8,35
2014/09/25 13:25:00,42.1020,142.5750,62,4.1,13.5,0.4,2.1,69
2014/09/24 23:00:00,36.8480,140.6300,8,3.6,108.3,2.4,3.1,26
2014/09/24 22:31:00,37.5350,141.3920,51,5.1,160.5,5.4,3.6,285
2014/09/24 21:45:00,37.5350,141.4000,51,5.1,92.4,4.9,3.8,234
2014/09/23 12:32:00,33.8930,132.6430,44,3.9,25.5,0.6,1.9,92
2014/09/19 10:54:00,28.0750,129.0650,45,3.9,9.4,0.2,1.4,3
2014/09/19 01:34:00,38.0270,141.8600,52,4.0,8.8,0.2,1.5,35
2014/09/18 14:56:00,43.7450,146.4850,74,4.9,27.5,1.0,2.9,57
2014/09/18 08:19:00,24.8270,125.3950,50,5.2,75.9,3.4,3.1,5
2014/09/17 20:37:00,37.0650,139.3500,7,2.1,69.1,0.9,2.4,2
2014/09/16 22:55:00,33.1080,131.2020,8,3.0,6.4,0.2,1.3,7
2014/09/16 12:28:00,36.0930,139.8630,47,5.6,285.8,18.2,4.9,486
2014/09/16 10:29:00,37.0630,139.3480,7,2.4,64.7,0.8,2.2,4
2014/09/15 16:23:00,35.1020,132.5900,7,3.1,46.9,0.9,2.6,10
2014/09/14 17:18:00,34.3670,134.8880,12,3.2,32.2,0.7,1.9,6
2014/09/14 15:57:00,35.4920,136.3080,38,4.1,123.3,2.1,3.1,109
2014/09/11 22:42:00,31.2220,130.6900,5,3.0,45.2,0.6,1.9,9
2014/09/11 12:47:00,36.8650,139.5200,6,3.1,48.7,1.1,2.3,13
2014/09/11 11:53:00,36.8650,139.5200,6,3.2,37.9,0.5,1.8,14
2014/09/10 10:09:00,40.1330,141.9250,67,4.9,268.1,7.3,4.5,166
2014/09/10 05:25:00,31.9350,130.8100,1,2.5,9.2,0.4,1.5,5
2014/09/10 01:54:00,36.8220,140.5830,7,3.9,117.7,2.6,3.1,61
2014/09/09 11:43:00,35.7250,140.6480,48,3.8,14.0,1.0,2.3,42
2014/09/09 08:16:00,35.5780,140.1350,3,2.5,8.3,0.1,0.4,2
2014/09/09 07:03:00,37.0530,140.7050,9,3.4,13.0,0.3,1.6,12
2014/09/08 09:25:00,35.1720,138.6580,17,2.5,11.2,0.2,1.5,4
2014/09/08 02:10:00,37.0580,141.1980,50,3.5,12.0,0.2,1.2,20
2014/09/07 23:59:00,35.5850,140.1320,0,2.4,10.4,0.1,0.4,2
2014/09/07 08:33:00,24.0630,122.8970,18,5.0,4.8,0.3,1.3,2
2014/09/06 23:34:00,37.5450,140.5950,99,3.9,15.0,0.4,2.0,58
2014/09/06 17:32:00,42.0480,142.5080,64,4.4,15.7,0.6,2.3,95
2014/09/04 15:59:00,38.0080,141.9270,51,4.2,30.6,0.6,2.5,61
2014/09/04 12:07:00,42.9970,145.2830,87,3.6,15.3,0.4,1.8,21
2014/09/04 08:21:00,36.8770,139.5300,7,3.3,44.9,0.6,2.2,21
2014/09/04 07:49:00,42.7700,142.6670,28,4.7,68.6,1.6,3.0,107
2014/09/04 05:36:00,36.8730,139.5120,7,4.3,162.1,4.7,3.7,80
2014/09/04 05:34:00,36.8730,139.5130,7,4.5,89.4,3.5,3.4,88
2014/09/03 22:16:00,36.8820,139.5320,8,3.8,141.0,1.9,3.2,39
2014/09/03 20:21:00,36.8880,139.5230,7,3.0,21.4,0.4,1.6,14
2014/09/03 19:11:00,35.4030,141.0900,37,4.8,6.4,0.7,1.9,41
2014/09/03 16:36:00,36.8830,139.5220,7,2.7,19.8,0.2,1.5,8
2014/09/03 16:29:00,36.8800,139.5150,7,2.9,24.4,0.3,1.7,10
2014/09/03 16:24:00,36.8730,139.5220,7,5.1,286.6,8.7,4.5,183
2014/09/03 16:16:00,35.5830,140.1350,2,2.4,7.3,0.1,0.4,3
2014/09/02 16:32:00,36.1350,140.0120,49,3.9,53.0,0.7,2.3,100
2014/09/01 10:26:00,38.3330,142.1330,37,4.3,27.0,0.4,1.9,63
2014/08/31 14:19:00,35.7370,137.1180,8,2.8,22.5,0.2,0.9,10
2014/08/31 05:44:00,37.0720,141.1900,50,4.2,49.1,1.5,2.8,96
2014/08/30 16:11:00,35.4470,135.8650,13,2.9,25.8,0.3,1.7,10
2014/08/30 15:41:00,35.4470,135.8670,13,2.7,21.8,0.3,1.6,5
2014/08/30 08:33:00,42.6380,144.0950,58,4.1,33.3,1.4,2.5,34
2014/08/30 05:03:00,36.6220,141.3570,42,3.9,18.7,0.3,1.6,50
2014/08/29 18:19:00,36.6450,140.6630,10,4.2,308.2,3.9,3.9,89
2014/08/29 16:35:00,36.8770,141.3530,28,5.0,28.9,2.1,3.0,128
2014/08/29 13:05:00,36.4550,140.5980,56,3.9,40.4,0.8,2.4,80
2014/08/29 04:32:00,32.1120,132.1430,19,4.5,23.7,0.5,2.0,35
2014/08/29 04:14:00,32.1400,132.1450,18,6.0,104.9,6.3,3.9,247
2014/08/29 01:30:00,32.1280,132.1500,18,4.2,7.2,0.4,1.7,20
2014/08/28 01:45:00,36.4520,140.6070,56,3.5,11.9,0.2,1.3,28
2014/08/27 15:44:00,36.7400,141.0950,24,4.2,28.0,0.5,2.1,72
2014/08/27 13:48:00,41.0420,143.1900,42,5.4,23.3,0.7,2.7,128
2014/08/27 04:49:00,38.2430,141.8220,56,3.8,25.3,0.3,1.5,40
2014/08/26 12:36:00,39.1220,142.3170,54,4.2,57.9,0.7,2.4,65
2014/08/26 11:23:00,36.4050,140.1500,108,4.2,46.1,1.5,3.1,217
2014/08/26 04:51:00,39.7580,141.8330,58,3.8,21.8,0.3,1.6,43
2014/08/26 03:42:00,34.3630,134.8920,11,4.2,52.7,1.3,2.8,119
2014/08/25 20:04:00,39.6370,142.1030,48,3.9,64.0,1.0,2.3,38
2014/08/25 19:44:00,35.3450,133.2950,10,3.0,16.3,0.3,1.2,10
2014/08/25 13:46:00,34.3620,134.8900,12,3.4,36.2,0.7,2.0,19
2014/08/25 05:30:00,37.7480,141.8050,39,4.3,22.0,0.4,1.5,52
2014/08/24 17:27:00,36.0530,139.7930,77,4.3,54.7,1.5,3.2,219
2014/08/24 10:57:00,35.1950,136.5530,5,3.3,53.4,0.8,2.1,23
2014/08/24 03:33:00,36.7370,141.1120,23,3.9,11.4,0.3,1.7,55
2014/08/21 21:46:00,35.0180,138.4300,26,3.2,10.2,0.2,1.5,20
2014/08/21 04:38:00,33.2800,138.4150,327,5.3,18.7,0.6,2.2,186
2014/08/21 00:21:00,34.2200,135.3100,5,3.5,12.7,0.2,1.0,10
2014/08/20 23:16:00,27.2350,128.3350,59,3.9,9.4,0.3,1.4,4
2014/08/20 11:57:00,41.1350,142.2550,50,4.2,12.0,0.4,1.9,40
2014/08/19 22:26:00,42.9780,145.6350,46,4.9,156.1,6.7,4.0,50
2014/08/17 10:21:00,36.3500,140.9750,43,3.9,23.8,0.3,1.6,59
2014/08/16 03:45:00,36.3500,140.9600,43,3.7,13.8,0.2,1.3,39
2014/08/15 12:19:00,41.5280,142.5800,61,4.3,7.9,0.3,1.6,53
2014/08/15 02:10:00,28.0600,128.1470,5,5.5,3.7,0.2,0.9,3
2014/08/14 21:50:00,42.0630,142.6480,63,4.1,10.8,0.2,1.4,53
2014/08/14 14:36:00,36.7470,140.5770,10,3.4,46.0,0.5,2.0,23
2014/08/14 07:51:00,33.8230,131.8750,77,4.4,33.2,1.5,2.9,171
2014/08/13 09:40:00,42.3530,143.1070,50,4.2,46.8,1.2,2.5,57
2014/08/10 12:43:00,41.1330,142.2780,51,6.1,160.6,9.4,4.4,356
2014/08/10 02:43:00,35.0880,138.2370,30,3.7,40.9,1.0,2.6,63
2014/08/09 14:49:00,38.8850,141.9730,49,3.9,33.9,0.6,2.0,45
2014/08/07 05:05:00,39.9880,140.7670,4,4.4,147.7,5.6,4.3,38
2014/08/07 00:12:00,38.8870,142.0850,46,4.2,39.1,0.8,2.3,57
2014/08/06 02:41:00,28.0780,128.1270,7,4.7,2.1,0.1,0.8,2
2014/08/06 01:26:00,35.0670,135.4970,13,3.3,32.5,0.5,1.9,24
2014/08/06 01:17:00,35.0700,135.4950,14,4.3,113.8,2.9,3.5,172
2014/08/05 22:48:00,40.6650,142.4670,44,4.0,16.7,0.3,1.7,38
2014/08/04 14:58:00,39.3400,142.0700,48,4.1,59.7,0.5,1.9,49
2014/08/04 09:45:00,37.0400,140.7100,13,3.7,24.7,0.4,1.9,28
2014/08/03 13:06:00,28.1100,128.0870,13,5.6,6.2,0.4,1.7,6
2014/08/03 02:34:00,28.1070,128.0770,5,5.2,1.9,0.1,0.7,3
2014/08/03 01:09:00,33.3400,131.7080,87,4.0,14.4,0.4,1.9,119
2014/08/02 23:18:00,28.1130,128.0350,10,4.7,2.8,0.1,0.8,1
2014/08/02 20:06:00,34.2870,132.8220,42,3.6,30.7,0.4,1.6,40
2014/07/31 12:15:00,35.2270,138.4000,19,3.1,18.8,0.4,2.1,19
2014/07/30 23:57:00,37.1120,141.1070,52,3.9,63.9,1.2,2.7,54
2014/07/30 05:05:00,35.6470,140.1620,69,3.6,5.4,0.3,1.4,47
2014/07/29 18:13:00,39.4050,142.3180,51,3.8,24.9,0.3,1.6,40
2014/07/29 04:11:00,34.7770,139.3550,2,2.4,52.9,0.8,2.5,1
2014/07/28 17:05:00,34.7900,139.3330,3,3.7,743.6,16.0,4.8,19
2014/07/28 15:15:00,34.7820,139.3380,2,3.0,70.1,1.4,2.7,7
2014/07/28 14:28:00,34.7880,139.3270,2,3.4,116.6,2.8,3.3,14
2014/07/28 03:09:00,35.4980,140.3920,64,4.3,14.7,0.6,2.3,98
2014/07/27 18:24:00,39.6330,142.1070,48,4.1,88.2,1.6,2.8,68
2014/07/26 23:12:00,28.0900,129.3350,21,4.0,54.5,0.9,1.5,3
2014/07/26 22:24:00,38.6350,141.9020,48,3.9,30.1,0.4,1.9,29
2014/07/26 16:17:00,35.3080,138.7200,13,3.0,16.2,0.3,1.9,17
2014/07/26 08:22:00,43.3320,147.2730,39,4.9,11.5,0.3,1.7,26
2014/07/25 13:18:00,41.5420,142.0870,66,4.9,31.9,1.8,3.1,150
2014/07/24 17:56:00,38.7750,141.6200,68,3.9,29.6,0.3,1.7,59
2014/07/22 21:30:00,36.0180,137.7430,6,3.3,38.1,0.7,2.1,17
2014/07/22 09:11:00,34.1650,135.1880,7,3.1,54.6,0.7,1.9,6
2014/07/22 05:13:00,39.8730,139.7680,7,3.4,79.6,1.6,2.4,3
2014/07/22 00:58:00,36.0180,137.7430,5,4.0,106.5,2.1,2.6,61
2014/07/21 03:33:00,44.6020,148.8470,30,6.4,34.7,1.5,3.0,251
2014/07/20 19:47:00,36.4520,140.5650,60,3.9,41.8,0.7,2.3,78
2014/07/20 10:25:00,36.4520,140.5620,60,4.5,146.7,4.6,4.1,205
2014/07/20 10:01:00,36.4270,140.6600,53,3.5,19.7,0.3,1.5,22
2014/07/19 10:43:00,36.0230,140.0800,63,4.2,34.0,1.3,2.5,157
2014/07/18 20:41:00,42.1170,144.0550,61,4.6,21.9,0.7,2.4,51
2014/07/16 17:24:00,37.0370,140.7000,13,4.6,120.3,2.8,3.1,109
2014/07/15 01:03:00,36.7680,138.5050,1,3.2,48.1,0.8,1.6,12
2014/07/13 03:59:00,36.5170,140.6850,55,3.9,32.4,0.7,2.3,72
2014/07/13 00:37:00,34.1970,132.9720,41,3.9,20.8,0.6,1.9,80
2014/07/12 21:26:00,34.7920,139.2530,14,3.1,20.0,0.6,2.0,8
2014/07/12 16:59:00,38.3050,141.8680,46,4.1,39.1,0.5,1.8,43
2014/07/12 04:22:00,37.0500,142.3200,33,7.0,70.3,7.8,4.1,590
2014/07/11 22:11:00,26.3120,125.8550,122,5.3,3.6,0.3,1.0,7
2014/07/11 20:46:00,39.7970,142.3470,21,3.9,21.7,0.5,2.1,28
2014/07/11 00:14:00,35.5170,140.4100,30,3.4,20.8,0.6,2.0,18
2014/07/10 18:16:00,42.6380,141.2530,2,3.9,38.8,0.8,2.4,23
2014/07/10 17:58:00,36.8370,140.5620,5,4.8,285.3,5.7,4.1,164
2014/07/09 11:30:00,36.8370,140.5650,4,3.9,95.5,1.3,2.5,63
2014/07/09 06:41:00,35.4280,140.3430,27,3.2,12.2,0.3,1.5,13
2014/07/08 19:37:00,42.6380,141.2620,3,3.4,28.3,0.6,2.0,16
2014/07/08 18:51:00,42.6430,141.2620,3,3.2,18.5,0.4,1.5,11
2014/07/08 18:08:00,42.6450,141.2680,5,3.5,19.5,0.4,1.6,13
2014/07/08 18:06:00,42.6530,141.2800,3,4.2,3.2,0.1,0.0,1
2014/07/08 18:05:00,42.6480,141.2670,3,5.6,371.1,18.4,4.9,165
2014/07/07 11:40:00,41.9500,142.3420,68,4.1,7.1,0.2,1.4,37
2014/07/07 04:28:00,39.1020,142.2020,44,4.0,87.0,1.3,2.5,56
2014/07/07 02:48:00,35.7500,140.7380,12,4.0,18.3,0.4,1.9,55
2014/07/06 09:24:00,36.3300,140.0730,71,3.5,15.6,0.4,1.7,49
2014/07/06 05:23:00,42.1970,142.9630,50,4.6,45.5,1.7,3.0,105
2014/07/05 23:59:00,37.3530,141.7350,44,4.6,11.9,0.7,2.0,72
2014/07/05 21:21:00,39.7930,142.3570,20,4.3,24.4,0.8,2.4,50
2014/07/05 16:55:00,39.4250,142.4430,34,4.3,20.9,0.5,2.2,68
2014/07/05 07:42:00,39.6750,142.1350,49,5.9,192.0,14.6,4.5,302
2014/07/05 00:16:00,37.3070,141.2920,34,3.9,25.8,0.4,1.8,42
2014/07/03 16:30:00,40.0530,140.5450,9,3.1,56.1,0.9,2.3,5
2014/07/03 15:28:00,39.1120,142.4720,33,4.2,32.6,0.5,1.6,58
2014/07/03 07:58:00,36.6900,140.6550,10,4.0,314.1,8.1,4.0,83
2014/07/03 07:29:00,35.4530,140.1000,64,4.1,30.6,0.8,2.4,132
2014/07/03 03:00:00,25.9820,126.8970,45,4.2,2.7,0.1,0.7,2
2014/07/01 04:43:00,36.6380,140.9270,49,3.5,18.3,0.4,1.5,19
2014/07/01 01:10:00,28.8230,129.9430,35,4.2,4.1,0.3,1.6,1
2014/06/30 05:14:00,35.8980,137.6470,8,3.4,101.6,1.5,2.5,29
2014/06/30 04:51:00,35.7000,140.9350,14,3.5,19.4,0.4,1.6,7
2014/06/30 01:34:00,42.5730,145.9600,53,4.4,7.4,0.2,1.5,16
2014/06/29 16:32:00,37.4570,141.4270,32,3.8,14.0,0.2,1.5,23
2014/06/28 16:11:00,35.8920,140.8900,41,4.5,71.6,3.1,3.0,62
2014/06/28 14:51:00,36.3450,139.0880,151,4.4,19.1,0.7,2.4,195
2014/06/27 06:55:00,37.6280,141.5700,51,4.7,57.3,1.6,3.0,167
2014/06/26 14:47:00,43.1000,145.5620,49,4.8,74.4,2.9,3.5,41
2014/06/26 00:41:00,36.0670,139.8770,45,3.5,10.2,0.2,1.5,51
2014/06/22 18:09:00,36.7720,141.1400,47,3.9,17.3,0.4,1.7,58
2014/06/22 13:05:00,35.0580,134.9270,13,3.3,15.2,0.2,1.0,15
2014/06/22 03:26:00,35.3080,138.7200,13,2.8,7.6,0.2,1.3,5
2014/06/21 00:08:00,36.4680,140.7350,52,3.8,40.8,0.6,2.2,45
2014/06/20 17:49:00,38.1800,141.6700,50,3.9,19.6,0.3,1.8,38
2014/06/20 04:20:00,36.5350,141.1180,49,3.9,8.8,0.2,1.5,31
2014/06/20 01:43:00,35.5450,140.1020,72,4.4,15.3,0.5,2.1,159
2014/06/19 18:50:00,38.1870,141.6850,50,3.8,34.4,0.4,1.7,45
2014/06/19 15:01:00,26.3750,127.2020,10,4.5,11.3,0.3,1.7,7
2014/06/18 21:41:00,38.6130,141.9070,48,4.2,101.1,1.7,2.7,82
2014/06/18 11:47:00,24.2870,125.2030,38,5.2,16.2,0.6,1.9,5
2014/06/17 02:42:00,34.0000,139.8180,121,5.3,56.3,3.1,3.3,271
2014/06/16 06:29:00,35.9670,137.2970,9,3.1,33.4,0.6,2.4,19
2014/06/16 05:14:00,37.0720,141.1630,52,5.8,231.4,11.2,4.5,465
2014/06/16 03:19:00,36.6170,141.8030,37,5.7,41.0,2.0,3.1,276
2014/06/15 02:31:00,39.3950,141.1070,94,5.5,166.2,3.8,4.0,321
2014/06/13 11:17:00,35.2220,138.4020,20,3.3,19.1,0.4,1.7,26
2014/06/13 08:24:00,35.4230,140.3630,26,3.2,13.0,0.4,1.7,15
2014/06/12 13:50:00,32.4970,131.9950,33,3.6,11.7,0.3,1.5,16
2014/06/12 04:36:00,42.6580,141.2570,0,3.3,54.2,1.0,2.3,15
2014/06/11 21:12:00,36.1380,139.3870,16,3.2,26.6,0.6,1.9,31
2014/06/11 19:52:00,35.0850,135.6850,10,4.0,48.7,0.8,2.6,126
2014/06/11 16:31:00,27.4880,129.2770,34,4.9,18.2,0.5,2.0,3
2014/06/09 19:04:00,36.6730,138.3950,3,2.7,46.6,0.5,1.8,5
2014/06/09 18:55:00,36.6750,138.3950,3,2.7,47.9,0.6,1.5,5
2014/06/09 18:51:00,36.6720,138.3950,2,2.7,43.1,0.7,1.6,6
2014/06/09 17:58:00,34.9300,140.0170,67,4.1,22.0,0.6,2.1,117
2014/06/09 15:29:00,40.1430,142.0500,61,3.9,25.3,0.3,1.8,46
2014/06/09 07:51:00,40.9570,141.6100,82,4.6,41.6,1.3,2.9,112
2014/06/09 06:10:00,37.9030,141.2470,78,4.6,111.5,2.0,3.5,193
2014/06/08 14:24:00,39.1180,141.7520,67,5.0,142.6,3.5,3.6,202
2014/06/07 08:58:00,37.0650,141.1380,50,4.0,24.9,0.7,1.9,69
2014/06/07 00:12:00,35.6920,140.9750,19,4.3,42.5,1.6,2.5,50
2014/06/06 18:24:00,32.0820,129.8730,12,3.7,12.8,0.3,1.6,15
2014/06/04 12:45:00,36.9950,138.6570,10,3.1,19.0,0.3,1.0,11
2014/06/04 02:22:00,36.4550,140.6020,56,4.3,68.1,1.7,3.0,136
2014/06/04 01:30:00,38.7200,142.2030,40,4.1,25.6,0.3,1.5,47
2014/06/03 16:17:00,34.2350,135.1030,8,3.2,110.9,0.6,1.3,6
2014/06/03 01:09:00,43.1350,145.8320,47,3.8,22.9,0.6,2.0,17
2014/06/01 15:34:00,37.1020,140.6880,8,3.5,77.0,1.6,2.7,24
2014/06/01 04:08:00,36.4980,137.9080,10,2.1,9.8,0.1,0.4,2
2014/05/30 20:22:00,43.0770,145.0030,62,4.2,39.1,1.1,2.5,43
2014/05/30 00:12:00,37.0430,138.6600,10,2.5,8.3,0.1,0.8,5
2014/05/29 02:22:00,36.8330,141.3320,37,3.9,10.8,0.2,1.3,44
2014/05/28 02:54:00,31.9680,131.5780,48,3.8,15.7,0.5,2.0,37
2014/05/28 01:12:00,32.5950,140.8020,50,5.0,12.2,0.5,2.0,11
2014/05/27 03:12:00,42.9920,145.4200,49,3.8,27.9,0.6,2.1,26
2014/05/26 18:48:00,36.8130,138.6170,2,3.6,42.7,0.7,1.9,36
2014/05/25 06:33:00,37.6650,139.9420,9,2.8,16.8,0.2,0.7,6
2014/05/23 10:57:00,35.9000,137.6770,6,2.7,32.4,0.5,1.7,8
2014/05/23 08:54:00,35.4870,138.9650,20,3.1,19.4,0.2,1.0,21
2014/05/23 02:58:00,40.7520,142.4800,42,4.0,6.6,0.2,1.3,18
2014/05/23 01:31:00,37.0000,141.0950,40,3.9,13.7,0.3,1.6,50
2014/05/21 16:47:00,34.8870,132.8620,16,3.4,27.0,0.3,1.5,21
2014/05/21 10:11:00,33.6630,131.9280,77,4.0,17.8,0.7,2.3,105
2014/05/21 04:38:00,37.0520,140.5870,6,3.2,53.1,0.6,1.8,12
2014/05/20 03:50:00,36.9630,138.5230,9,3.0,19.8,0.3,1.5,12
2014/05/19 21:02:00,40.9700,142.0100,57,4.2,25.2,0.4,2.0,41
2014/05/19 02:33:00,37.4970,141.5850,49,3.9,10.1,0.2,1.4,41
2014/05/16 13:00:00,36.2900,137.6030,2,3.7,25.0,0.6,2.2,33
2014/05/16 11:39:00,28.0030,129.3830,42,3.6,4.5,0.1,1.0,2
2014/05/16 06:33:00,28.4600,129.4120,0,3.8,22.0,0.4,1.5,3
2014/05/15 18:48:00,35.0570,139.4250,121,4.2,9.9,0.5,2.0,65
2014/05/14 17:30:00,32.6320,130.7380,15,2.9,8.1,0.2,1.1,9
2014/05/14 08:03:00,41.9920,142.5680,62,4.5,14.9,0.5,2.1,119
2014/05/13 10:33:00,36.0850,139.8830,47,4.0,39.3,0.9,2.5,108
2014/05/13 08:35:00,35.5670,140.1130,72,4.9,48.5,3.7,3.5,266
2014/05/13 02:43:00,37.1250,139.3470,8,2.7,57.7,0.7,1.9,4
2014/05/12 07:11:00,37.1520,140.2150,7,3.2,37.0,1.1,2.5,12
2014/05/12 02:20:00,38.3620,141.6650,53,3.8,74.1,1.4,2.7,45
2014/05/11 12:19:00,34.2020,135.2170,5,2.8,22.8,0.4,1.6,1
2014/05/09 00:41:00,42.2700,142.6030,5,2.1,9.5,0.2,1.5,1
2014/05/08 20:50:00,36.8650,141.3330,31,4.2,15.3,0.3,1.7,32
2014/05/08 01:04:00,40.1370,142.0980,51,3.8,15.4,0.2,1.3,37
2014/05/06 08:00:00,41.4950,142.0430,64,4.5,12.8,0.4,2.0,88
2014/05/05 14:23:00,36.2800,137.6020,3,3.3,25.0,0.6,2.2,17
2014/05/05 05:18:00,34.9520,139.4800,156,6.0,137.5,10.9,4.4,547
2014/05/05 05:02:00,36.1180,139.8450,49,4.2,43.3,1.0,2.7,155
2014/05/04 19:01:00,32.2270,132.1330,21,4.1,21.6,0.4,1.7,18
2014/05/04 16:10:00,38.9200,141.9300,51,3.9,40.1,0.6,1.7,37
2014/05/04 09:21:00,36.2680,137.6030,3,3.6,39.1,1.0,2.6,25
2014/05/03 22:39:00,37.3250,141.3280,57,4.1,14.9,0.4,1.8,67
2014/05/03 17:01:00,36.2520,137.6020,3,3.2,15.7,0.3,1.5,15
2014/05/03 16:20:00,36.2550,137.5970,4,3.8,54.1,1.2,2.7,38
2014/05/03 15:27:00,36.2470,137.6000,3,3.9,86.0,1.7,3.1,60
2014/05/03 15:10:00,36.2470,137.5950,4,3.5,25.5,0.6,2.2,19
2014/05/03 15:07:00,36.2550,137.5970,3,3.6,25.2,0.6,2.1,24
2014/05/03 15:02:00,36.2600,137.6020,3,2.9,17.5,0.3,1.7,8
2014/05/03 14:42:00,36.2530,137.6020,3,3.5,26.3,0.4,2.0,26
2014/05/03 11:59:00,36.2600,137.6020,3,2.9,16.4,0.3,1.8,11
2014/05/03 11:33:00,36.2750,137.6030,3,3.3,81.5,1.5,2.6,15
2014/05/03 11:23:00,36.2650,137.6020,3,3.3,40.7,0.8,2.5,16
2014/05/03 11:20:00,36.2620,137.6020,3,3.5,51.3,1.2,2.6,27
2014/05/03 11:13:00,36.2630,137.6050,3,3.2,33.7,0.6,2.2,13
2014/05/03 10:45:00,36.2730,137.6020,3,3.5,65.4,1.7,2.8,17
2014/05/03 10:08:00,36.2720,137.6030,3,3.3,61.4,1.4,2.7,16
2014/05/03 10:02:00,36.2680,137.6000,4,3.8,120.2,2.4,3.4,51
2014/05/02 18:15:00,37.9380,144.1330,48,5.6,9.2,0.3,1.5,143
2014/05/01 22:20:00,35.5870,135.0470,10,3.1,31.9,0.7,1.7,10
2014/05/01 12:25:00,39.6150,142.3120,53,4.0,21.6,0.3,1.6,49
2014/05/01 11:21:00,34.2150,133.3950,15,3.6,17.6,0.4,1.6,41
2014/05/01 10:09:00,37.1550,140.2130,9,2.7,17.5,0.5,1.8,3
2014/04/30 11:21:00,35.0450,135.6480,11,3.0,14.5,0.2,0.9,11
2014/04/29 14:00:00,38.1430,141.7430,54,4.2,24.3,0.3,1.8,78
2014/04/29 10:21:00,38.1470,141.7370,54,3.9,17.8,0.4,2.1,63
2014/04/28 07:08:00,39.5330,141.4150,76,3.7,25.6,0.3,1.8,64
2014/04/26 04:15:00,35.7850,140.8670,14,4.4,44.4,1.7,2.8,60
2014/04/25 08:43:00,36.4320,140.6830,52,4.1,83.1,1.3,2.9,87
2014/04/24 17:22:00,34.9020,135.5850,12,3.7,28.2,0.5,1.8,69
2014/04/24 07:25:00,27.6200,129.4770,41,4.6,6.0,0.2,1.4,3
2014/04/24 02:59:00,34.8750,132.9000,14,3.4,21.1,0.3,1.5,17
2014/04/22 15:23:00,35.1580,132.5630,9,3.5,50.6,0.4,2.0,18
2014/04/22 13:58:00,36.8450,141.4230,40,4.1,8.4,0.2,1.3,33
2014/04/22 06:22:00,35.6170,141.0550,26,4.6,16.5,0.6,2.2,50
2014/04/22 05:39:00,40.3570,141.6920,51,3.7,12.1,0.4,1.7,42
2014/04/21 16:46:00,42.4920,143.5630,77,4.2,30.7,0.5,2.1,81
2014/04/21 04:30:00,36.8680,142.0080,42,4.7,6.4,0.3,1.7,53
2014/04/20 16:08:00,40.6670,142.4550,54,4.1,17.3,0.4,2.0,46
2014/04/18 09:02:00,42.6050,142.1930,110,4.2,18.6,0.8,2.4,99
2014/04/18 07:53:00,36.1230,139.8450,49,4.7,214.3,3.4,3.6,277
2014/04/17 23:43:00,37.5180,142.0830,33,5.0,13.8,0.4,2.0,112
2014/04/17 17:23:00,32.9950,130.3350,12,3.6,31.8,0.8,2.3,35
2014/04/17 03:17:00,37.3180,142.1200,30,5.1,32.4,1.2,3.0,183
2014/04/17 02:20:00,38.3030,141.8830,46,4.2,129.0,2.0,2.9,84
2014/04/16 21:16:00,39.0730,142.4120,42,4.2,26.7,0.4,1.8,38
2014/04/16 03:36:00,36.1770,140.9630,43,4.4,61.2,1.5,2.8,78
2014/04/16 00:28:00,42.2600,142.5900,6,3.1,27.9,0.8,2.6,3
2014/04/15 20:43:00,35.5050,139.0220,20,3.7,78.5,1.3,2.9,69
2014/04/15 10:35:00,37.9620,141.9080,44,4.1,26.0,0.4,1.9,54
2014/04/14 13:29:00,36.6820,140.6270,6,3.0,13.9,0.1,1.2,5
2014/04/13 18:16:00,37.3070,141.1650,64,4.9,100.9,2.6,3.1,240
2014/04/12 00:01:00,37.2720,136.7030,7,3.2,11.7,0.4,1.6,6
2014/04/11 23:21:00,28.5970,129.6080,54,4.1,17.4,0.4,1.6,4
2014/04/11 12:45:00,35.6630,140.8900,10,3.9,9.9,0.2,1.2,25
2014/04/11 07:43:00,34.9750,134.6150,14,3.9,63.7,1.0,2.5,60
2014/04/11 00:53:00,38.7920,141.5970,73,3.5,15.5,0.2,1.1,30
2014/04/10 17:31:00,36.1500,137.9720,4,2.7,13.5,0.2,1.4,2
2014/04/10 13:19:00,35.8020,140.1250,63,3.9,11.7,0.5,1.8,133
2014/04/10 13:17:00,35.8000,140.1200,63,3.8,10.7,0.3,1.7,76
2014/04/09 18:23:00,36.7250,141.2430,37,4.0,13.9,0.4,1.8,42
2014/04/09 15:44:00,34.3600,139.2380,6,2.2,16.2,0.3,1.7,1
2014/04/09 15:11:00,37.2680,141.1420,17,3.3,8.0,0.1,0.7,5
2014/04/08 23:11:00,35.2430,135.3380,11,3.4,40.4,0.5,1.6,16
2014/04/08 21:49:00,35.4000,140.4080,59,3.5,12.3,0.2,1.3,25
2014/04/08 18:19:00,33.3830,133.9770,27,3.7,14.8,0.3,1.6,24
2014/04/08 05:08:00,37.3850,138.9550,9,4.4,112.5,6.4,3.9,119
2014/04/07 17:12:00,28.8130,129.9500,36,4.4,3.8,0.1,0.7,3
2014/04/07 13:07:00,34.4500,134.8400,11,3.2,36.5,0.4,1.9,7
2014/04/06 01:24:00,35.3820,137.0880,47,3.9,30.3,0.6,1.9,115
2014/04/05 10:16:00,39.1880,142.4200,34,5.3,112.3,1.8,3.2,196
2014/04/05 03:23:00,34.1500,135.2370,4,2.6,10.3,0.1,0.4,1
2014/04/04 12:55:00,35.0430,135.6500,12,3.4,30.6,0.5,1.7,26
2014/04/04 06:20:00,35.2430,135.3380,11,3.3,63.8,0.8,1.6,14
2014/04/04 00:46:00,32.5630,132.0520,35,4.3,43.1,0.9,2.6,56
2014/04/03 19:16:00,34.1520,135.2400,4,2.9,17.2,0.2,0.9,3
2014/04/03 09:47:00,39.1780,141.7550,61,3.9,35.0,0.4,1.5,53
2014/04/03 08:22:00,39.1700,141.7630,64,5.5,304.0,8.6,4.4,301
2014/04/03 00:38:00,33.8020,134.5150,15,3.4,14.4,0.2,1.3,17
2014/04/02 04:59:00,35.8670,137.6480,9,3.4,73.5,1.3,2.5,28
2014/04/01 13:08:00,38.2320,141.5180,49,4.4,102.3,0.8,2.7,138
2014/04/01 08:02:00,36.8330,141.1650,35,3.9,15.3,0.5,1.8,43
2014/04/01 06:37:00,36.6730,140.6580,10,3.7,143.7,2.9,3.2,33
2014/04/01 01:15:00,36.6780,140.6570,10,3.6,84.4,1.6,2.4,27
2014/03/31 11:59:00,38.9250,141.9200,51,3.8,26.8,0.4,1.6,27
2014/03/31 09:45:00,36.6800,140.6650,10,2.9,44.8,0.7,1.7,6
2014/03/30 20:12:00,37.2720,142.1370,33,4.8,22.2,0.8,2.6,127
2014/03/30 12:23:00,35.7900,140.0880,67,3.9,20.9,0.7,2.4,168
2014/03/30 04:28:00,36.6380,140.9080,50,3.7,70.1,0.8,2.3,63
2014/03/29 16:39:00,40.9150,143.2600,26,4.8,12.5,0.5,2.2,73
2014/03/29 10:53:00,36.3700,141.8130,53,5.3,12.1,1.0,2.3,148
2014/03/28 03:46:00,38.4230,142.1670,37,4.0,25.2,0.4,1.7,45
2014/03/28 03:17:00,42.7770,142.6700,29,4.0,9.8,0.4,1.8,48
2014/03/27 14:20:00,36.8330,140.5630,8,3.8,120.8,2.3,3.2,45
2014/03/26 17:50:00,28.1300,131.6050,77,5.3,10.1,0.9,2.5,11
2014/03/26 04:54:00,37.2030,141.4380,47,4.4,18.4,0.5,1.8,77
2014/03/25 23:43:00,31.9780,131.5980,37,3.8,21.5,0.4,1.8,24
2014/03/25 09:56:00,38.4580,141.8400,55,3.9,19.7,0.3,1.7,43
2014/03/25 06:23:00,35.4470,135.8670,14,2.8,24.2,0.3,1.5,9
2014/03/24 21:48:00,37.6870,139.9600,9,3.3,44.8,0.7,1.5,20
2014/03/24 19:16:00,36.0520,139.8930,45,3.5,18.4,0.3,1.6,43
2014/03/23 04:41:00,38.2230,141.8100,17,3.8,16.1,0.4,1.8,30
2014/03/22 23:38:00,31.2770,130.5270,6,2.8,26.6,0.5,1.9,6
2014/03/22 23:18:00,29.3580,139.8200,434,5.3,1.9,0.1,0.7,1
2014/03/22 20:05:00,33.6780,131.8970,77,4.2,28.4,1.0,2.5,142
2014/03/22 14:19:00,34.1030,139.5520,0,2.4,4.5,0.1,0.7,1
2014/03/22 14:05:00,34.0480,135.1580,6,3.6,116.8,1.4,2.5,25
2014/03/22 03:33:00,35.9480,141.1420,21,3.9,16.0,0.4,1.9,49
2014/03/21 15:23:00,26.7950,128.4180,31,4.0,18.4,0.6,1.9,4
2014/03/20 18:18:00,38.5130,142.0200,50,4.0,58.3,1.0,2.1,60
2014/03/20 00:48:00,39.7570,141.8370,59,3.9,24.0,0.5,1.8,47
2014/03/19 21:19:00,23.9370,122.2820,21,6.0,3.1,0.3,1.4,2
2014/03/19 11:38:00,37.3430,141.2430,30,3.0,5.7,0.1,0.7,7
2014/03/19 07:23:00,36.9230,141.4330,33,4.4,13.0,0.3,1.6,44
2014/03/19 06:00:00,31.4080,131.0830,58,3.7,14.5,0.3,1.6,20
2014/03/19 04:24:00,24.8150,123.9900,77,4.3,13.6,0.2,0.8,3
2014/03/19 02:24:00,35.7970,140.1020,64,3.6,9.2,0.3,1.6,113
2014/03/18 11:34:00,39.7550,141.8470,58,3.7,26.3,0.5,1.8,43
2014/03/18 10:49:00,37.3920,141.2850,35,3.7,9.7,0.1,1.0,24
2014/03/17 18:03:00,36.9100,141.4680,33,5.1,33.2,1.0,2.5,116
2014/03/16 09:05:00,35.7450,140.6780,50,3.8,17.5,0.7,1.9,25
2014/03/15 08:35:00,36.7250,140.5970,9,3.2,42.9,0.4,1.6,11
2014/03/14 04:41:00,38.2280,141.8500,64,4.1,17.0,0.3,1.4,48
2014/03/14 03:46:00,33.8180,132.4880,49,3.8,23.0,0.4,1.9,66
2014/03/14 02:07:00,33.6920,131.8900,78,6.2,312.9,14.3,4.9,668
2014/03/13 13:35:00,32.5620,130.0150,10,2.9,8.4,0.2,1.0,3
2014/03/12 05:04:00,35.8020,140.0980,66,4.4,32.1,0.9,2.7,171
2014/03/10 15:53:00,38.6830,142.2680,38,4.3,18.2,0.4,1.9,55
2014/03/10 00:13:00,43.2730,145.8750,90,4.6,48.7,1.8,3.3,64
2014/03/09 18:09:00,36.9750,140.5950,11,3.4,39.9,0.6,2.0,23
2014/03/09 06:07:00,36.2450,140.9900,39,3.8,29.0,0.6,2.2,37
2014/03/08 03:34:00,35.7430,140.6750,51,4.5,19.4,0.6,2.3,46
2014/03/07 10:49:00,35.5370,138.9830,22,2.9,25.2,0.3,1.6,17
2014/03/06 14:53:00,36.6170,140.9830,47,4.0,50.9,0.8,2.3,103
2014/03/05 02:30:00,39.7420,141.9370,26,4.0,63.9,0.7,2.0,74
2014/03/04 05:28:00,40.8070,141.2570,95,3.9,7.6,0.3,1.6,31
2014/03/03 11:27:00,26.3080,127.3480,47,5.0,28.2,0.8,2.3,8
2014/03/03 05:11:00,27.3820,127.3950,116,6.4,43.7,2.8,3.3,28
2014/03/02 15:14:00,37.1220,141.1830,28,3.8,14.9,0.4,1.7,24
2014/03/01 23:57:00,39.8780,142.1680,48,4.0,17.9,0.5,2.1,49
2014/03/01 05:22:00,36.2280,140.1080,54,3.7,27.0,0.4,1.8,62
2014/02/27 23:33:00,33.9520,135.4080,36,3.9,51.2,0.7,2.2,37
2014/02/27 23:04:00,38.8880,141.9700,49,4.0,40.1,0.8,2.2,49
2014/02/27 14:04:00,37.2470,136.7630,11,3.9,29.3,1.1,2.5,22
2014/02/26 19:57:00,37.1620,141.3500,49,3.9,8.7,0.2,1.2,23
2014/02/25 20:59:00,38.4000,141.8180,55,3.9,53.7,0.8,2.3,51
2014/02/25 19:54:00,36.4470,141.0120,45,3.7,17.4,0.4,2.0,54
2014/02/25 01:05:00,37.0680,139.3520,8,3.5,107.3,1.4,2.6,23
2014/02/24 16:39:00,38.7920,141.6020,69,3.9,19.4,0.5,2.1,66
2014/02/24 09:41:00,37.5100,141.8230,25,4.4,16.2,0.3,1.6,67
2014/02/23 13:54:00,43.3670,147.6470,12,5.5,6.7,0.3,1.5,76
2014/02/22 19:31:00,24.5930,123.4800,64,4.5,20.6,0.4,1.7,3
2014/02/22 08:41:00,42.1000,142.7620,46,3.8,8.2,0.3,1.5,8
2014/02/22 07:31:00,36.0200,140.3800,54,3.9,16.6,0.5,2.3,67
2014/02/21 22:13:00,28.0630,129.4880,29,3.9,6.9,0.1,0.9,3
2014/02/21 15:33:00,36.6000,141.0020,46,3.7,23.0,0.3,1.5,24
2014/02/20 11:12:00,37.0680,139.3520,8,3.5,98.7,1.4,2.7,26
2014/02/20 02:57:00,36.6530,140.6070,8,3.1,69.2,0.8,2.4,10
2014/02/20 00:42:00,35.7420,140.6830,50,3.6,9.5,0.3,1.6,20
2014/02/19 19:08:00,40.0530,140.5470,8,3.8,55.1,0.7,2.2,23
2014/02/19 15:20:00,37.2470,141.1350,35,3.8,24.3,0.4,1.6,32
2014/02/19 05:02:00,38.4000,142.2500,36,4.2,32.7,0.4,2.0,70
2014/02/19 01:49:00,33.7900,135.9330,47,4.0,43.5,0.6,2.2,67
2014/02/19 00:29:00,36.1900,139.8050,55,3.8,36.6,0.4,2.1,84
2014/02/18 21:03:00,36.0670,139.9230,46,3.7,37.8,0.6,1.8,50
2014/02/18 13:56:00,38.4350,142.0420,48,4.1,23.1,0.3,1.4,36
2014/02/16 17:13:00,31.7330,130.8730,8,2.7,9.8,0.3,1.2,7
2014/02/16 06:41:00,36.7480,140.6330,3,3.4,5.4,0.2,1.1,9
2014/02/16 05:53:00,36.7450,140.6200,4,3.4,13.7,0.4,1.7,14
2014/02/14 19:04:00,36.5030,140.4830,67,3.8,53.6,0.7,2.1,60
2014/02/13 20:15:00,35.8130,140.9820,15,4.1,8.9,0.4,1.5,28
2014/02/12 23:22:00,35.7700,137.1020,8,3.4,37.8,0.4,1.4,44
2014/02/12 06:34:00,38.2920,141.5100,19,4.2,90.3,0.6,1.7,71
2014/02/12 00:22:00,35.6230,141.0300,16,4.2,5.7,0.3,1.5,20
2014/02/11 15:05:00,41.9150,142.3280,72,4.6,17.0,0.7,2.3,108
2014/02/11 08:39:00,38.8550,142.0520,46,3.8,44.5,0.6,2.0,25
2014/02/11 04:14:00,34.1930,140.1630,91,5.3,247.7,15.2,5.0,259
2014/02/10 19:03:00,39.6700,143.6970,18,5.0,4.9,0.4,1.7,64
2014/02/10 18:37:00,36.6870,140.6520,10,3.3,46.3,0.6,1.9,14
2014/02/10 09:52:00,36.6820,140.6650,11,3.7,32.3,0.6,2.0,28
2014/02/10 07:57:00,42.3630,143.1050,51,4.2,67.4,1.8,2.9,59
2014/02/09 22:34:00,43.4080,147.1070,63,4.7,9.5,0.3,1.9,37
2014/02/09 19:55:00,38.1400,141.9180,57,4.2,40.6,0.7,2.0,68
2014/02/09 13:58:00,28.3330,129.3770,14,3.0,30.8,0.3,0.9,2
2014/02/09 12:50:00,37.0170,141.1530,52,4.1,26.0,0.8,2.1,52
2014/02/08 11:34:00,37.0650,141.1770,51,4.8,78.7,3.2,3.4,160
2014/02/08 02:18:00,37.5170,141.4680,48,5.0,132.1,5.1,3.6,225
2014/02/07 09:43:00,37.6750,139.9280,8,3.5,72.8,1.1,1.9,22
2014/02/06 21:10:00,38.4470,141.9080,62,4.2,75.9,1.1,2.7,82
2014/02/06 20:32:00,24.8100,125.3420,48,5.0,28.7,1.0,2.3,3
2014/02/06 02:32:00,38.6420,142.4270,40,5.3,102.9,2.3,3.4,186
2014/02/06 00:46:00,36.1080,139.7970,76,3.7,10.5,0.2,1.5,77
2014/02/05 23:30:00,40.3580,142.0950,51,3.7,17.6,0.3,1.6,18
2014/02/04 09:35:00,37.7830,141.6250,48,4.7,25.1,1.1,2.4,113
2014/02/03 21:07:00,34.2700,136.6680,37,3.9,34.3,0.6,1.9,44
2014/02/03 12:08:00,43.3570,146.7900,45,4.2,6.9,0.2,1.5,17
2014/02/03 00:43:00,32.7870,131.0250,6,3.1,12.8,0.2,1.4,8
2014/02/02 20:09:00,32.7880,131.0280,6,3.1,18.5,0.4,1.9,6
2014/02/02 17:13:00,39.6370,142.1070,49,3.9,48.6,1.0,2.2,38
2014/02/02 15:05:00,27.9330,128.8930,46,4.5,75.9,2.7,3.6,6
2014/02/01 09:49:00,40.9070,142.1280,51,3.8,7.9,0.1,0.9,14
2014/01/31 22:02:00,34.9650,138.2500,28,3.3,21.8,0.4,1.6,31
2014/01/29 06:28:00,36.9000,139.3920,5,3.1,72.5,1.0,2.3,20
2014/01/28 23:11:00,36.9530,138.6100,9,3.1,8.5,0.2,0.9,10
2014/01/28 22:46:00,39.5830,140.3680,6,2.4,27.1,0.5,1.5,4
2014/01/28 20:49:00,26.9530,127.0870,94,4.7,7.2,0.2,1.3,7
2014/01/28 05:26:00,36.3170,141.0900,46,4.0,11.2,0.2,1.4,13
2014/01/28 05:25:00,36.3080,141.0800,47,4.3,14.2,0.4,1.8,66
2014/01/26 18:36:00,37.7000,141.7350,37,3.8,10.7,0.2,1.2,25
2014/01/25 21:27:00,35.6180,140.1000,72,3.6,6.2,0.2,1.0,42
2014/01/24 15:35:00,36.1770,136.2680,12,3.0,16.7,0.3,1.3,6
2014/01/24 05:38:00,37.2130,138.8880,10,3.2,27.0,0.6,1.7,11
2014/01/24 01:10:00,36.4530,140.6050,55,3.9,39.6,0.6,2.1,65
2014/01/23 18:20:00,35.2200,140.9900,40,4.5,11.7,0.5,1.8,31
2014/01/22 11:31:00,37.2800,141.7150,45,4.4,15.7,0.5,2.2,68
2014/01/21 14:28:00,35.0480,138.1920,30,3.8,22.7,0.7,2.3,76
2014/01/18 15:34:00,37.2430,141.4670,47,3.9,16.6,0.4,1.6,37
2014/01/18 14:31:00,35.8170,140.9100,13,4.1,15.6,0.5,1.8,47
2014/01/17 18:53:00,35.6170,140.1020,73,4.3,15.4,0.6,2.0,162
2014/01/17 18:37:00,36.7200,141.2300,37,4.4,41.7,0.7,2.4,83
2014/01/17 07:56:00,27.9870,129.5000,32,4.8,20.6,0.5,2.1,4
2014/01/17 04:32:00,38.2380,141.7250,50,3.8,59.7,0.8,1.8,42
2014/01/16 22:28:00,38.1080,141.7350,56,4.0,25.1,0.4,1.9,63
2014/01/16 21:22:00,38.9050,142.6320,39,4.1,8.5,0.2,1.2,31
2014/01/16 10:12:00,40.0600,142.7230,28,5.1,19.7,1.4,2.8,134
2014/01/15 21:47:00,36.7050,140.6280,10,3.3,50.8,0.5,1.5,14
2014/01/15 14:47:00,38.9770,142.3480,35,4.0,19.3,0.3,1.7,35
2014/01/15 04:33:00,36.7850,140.5930,7,3.5,56.6,0.6,1.9,19
2014/01/14 14:11:00,39.4430,142.1550,32,4.1,53.9,0.7,2.4,72
2014/01/13 08:29:00,36.6970,140.6120,7,3.5,34.8,1.1,2.7,17
2014/01/12 00:46:00,38.9200,141.9280,51,4.0,82.8,1.3,2.5,52
2014/01/11 00:29:00,36.6920,140.6220,5,3.1,19.6,0.2,1.1,7
2014/01/10 20:51:00,37.0170,138.6950,9,2.6,16.3,0.3,0.9,5
2014/01/09 15:28:00,36.9470,141.4400,35,4.2,6.6,0.2,1.1,30
2014/01/09 13:32:00,42.0580,142.6450,60,4.7,63.8,2.1,3.3,104
2014/01/09 03:57:00,36.7880,140.5800,7,4.6,321.4,4.4,3.7,165
2014/01/09 03:15:00,24.5780,123.4580,70,5.5,50.2,2.7,3.4,4
2014/01/08 21:28:00,38.8430,142.1130,44,4.0,37.9,0.5,2.2,40
2014/01/08 03:51:00,36.3450,140.0450,70,3.5,22.8,0.3,1.6,41
2014/01/07 23:16:00,39.1880,142.3100,36,3.9,45.0,0.4,1.6,30
2014/01/07 22:11:00,35.3850,140.3400,25,3.8,63.7,2.2,2.8,37
2014/01/07 00:57:00,37.5250,141.5730,42,3.9,19.2,0.4,1.7,34
2014/01/06 20:28:00,37.0650,141.1900,49,3.6,15.9,0.2,1.4,19
2014/01/06 07:05:00,34.4450,132.6830,32,3.4,22.2,0.4,1.7,27
2014/01/06 02:21:00,36.6970,140.4500,76,3.9,36.0,0.9,2.3,97
2014/01/06 01:24:00,39.5470,141.9330,96,3.9,10.7,0.3,1.6,58
2014/01/05 23:28:00,33.5280,139.5050,28,4.6,7.1,0.4,1.4,4
2014/01/05 03:01:00,38.7720,142.0800,37,3.8,28.4,0.3,1.5,21
2014/01/04 14:22:00,35.2400,134.9050,7,3.3,17.4,0.3,1.5,14
2014/01/03 21:20:00,32.0650,130.9370,8,3.5,55.1,0.9,2.6,24
2014/01/03 10:50:00,36.0280,140.0880,63,3.8,13.7,0.4,1.6,56
2014/01/03 08:41:00,34.1270,135.1350,6,2.8,23.9,0.5,1.5,3
2014/01/03 08:21:00,34.7200,139.4130,1,2.7,20.1,0.5,1.8,6
2014/01/03 08:10:00,34.8670,137.0680,39,3.1,9.1,0.2,1.0,26
2014/01/02 22:31:00,35.3580,140.5380,25,3.5,5.0,0.3,1.1,12
2014/01/02 22:11:00,35.3500,140.5680,26,5.0,25.7,2.9,3.3,102
2014/01/02 16:48:00,35.3520,140.5550,23,3.9,10.3,0.9,2.2,28
2014/01/02 10:34:00,37.1480,141.3420,56,3.9,14.7,0.2,1.2,34
2014/01/02 02:15:00,34.7200,139.4270,0,2.4,4.4,0.5,1.6,1
2014/01/01 23:39:00,36.6400,140.9380,49,4.2,130.9,3.3,3.2,96
2014/01/01 04:16:00,36.7000,140.6250,7,3.2,35.9,0.4,1.7,15
2013/12/31 17:18:00,36.6700,140.6180,7,3.3,43.9,0.5,1.9,18
2013/12/31 11:37:00,36.6870,140.6250,6,3.0,24.1,0.2,1.3,7
2013/12/31 10:58:00,36.7050,140.5920,8,3.1,35.5,0.4,1.7,12
2013/12/31 10:11:00,36.6820,140.6350,7,3.6,30.7,0.7,2.5,27
2013/12/31 10:09:00,36.7030,140.6100,7,3.6,59.1,0.9,2.2,16
2013/12/31 10:08:00,36.7020,140.6300,7,3.4,27.2,0.7,2.3,11
2013/12/31 10:03:00,36.6900,140.6280,7,5.4,357.8,9.1,4.5,266
2013/12/30 20:15:00,35.3720,140.1980,61,3.4,6.9,0.3,1.6,28
2013/12/29 10:22:00,38.1120,141.7370,56,4.4,40.4,1.6,3.1,115
2013/12/29 10:17:00,33.2520,139.4700,14,4.8,12.0,0.7,2.1,3
2013/12/28 21:43:00,36.6750,140.6570,10,3.4,57.7,0.7,2.1,17
2013/12/28 21:27:00,37.2870,141.6850,43,4.2,20.0,0.6,2.3,60
2013/12/27 19:31:00,40.2120,142.3270,38,5.0,43.3,1.2,3.0,161
2013/12/27 10:32:00,36.0550,140.0350,64,3.7,21.4,0.6,2.3,61
2013/12/27 07:35:00,43.3820,146.7380,44,3.8,9.1,0.2,1.5,17
2013/12/26 03:43:00,41.0370,142.0420,56,4.1,18.1,0.4,1.9,59
2013/12/25 16:01:00,34.6770,132.2980,22,3.6,31.3,0.4,1.8,39
2013/12/25 07:41:00,36.8680,141.1750,49,4.2,15.4,0.5,2.0,51
2013/12/25 02:12:00,42.4880,139.2820,26,4.4,33.3,1.0,2.7,44
2013/12/21 23:45:00,42.7500,142.4820,20,3.8,14.4,0.5,2.2,20
2013/12/21 16:19:00,42.6280,141.2730,6,3.6,82.1,1.7,2.5,23
2013/12/21 10:34:00,35.6630,140.7180,51,5.5,55.1,5.5,3.6,180
2013/12/21 01:10:00,35.9280,140.1370,62,5.2,122.7,4.9,4.0,362
2013/12/19 22:55:00,26.6150,127.7620,43,4.1,17.8,1.0,2.2,7
2013/12/18 19:14:00,38.6950,142.3570,41,4.7,39.6,0.8,2.4,115
2013/12/18 14:07:00,36.7580,140.5670,8,3.1,85.7,1.0,2.2,13
2013/12/18 02:14:00,43.1170,146.1300,72,4.8,61.8,2.1,3.4,57
2013/12/17 23:06:00,37.3550,141.2650,38,3.5,9.2,0.1,0.6,15
2013/12/16 04:34:00,36.6750,140.6080,10,4.2,174.9,2.3,3.3,101
2013/12/16 02:17:00,43.1020,144.9950,78,4.6,114.6,2.8,3.5,68
2013/12/16 00:54:00,36.0420,140.0020,76,3.9,14.1,0.5,1.8,88
2013/12/15 18:21:00,38.9230,141.9230,51,3.9,25.8,0.4,1.6,28
2013/12/15 03:34:00,38.5150,141.8530,55,3.7,24.5,0.5,2.0,37
2013/12/15 00:13:00,34.7380,135.7570,14,3.8,64.4,1.2,2.8,55
2013/12/14 13:06:00,35.6420,140.7300,49,5.5,60.9,5.2,3.6,244
2013/12/14 01:03:00,24.7380,125.3530,17,4.0,32.0,0.6,1.8,2
2013/12/13 13:25:00,40.9780,142.0150,56,4.0,23.7,0.6,2.2,43
2013/12/13 13:24:00,36.7750,140.5620,8,3.6,44.3,0.9,2.4,38
2013/12/12 23:00:00,36.8870,139.0450,7,3.1,33.2,0.6,1.8,12
2013/12/12 11:24:00,31.1050,131.5420,28,4.3,12.4,0.7,2.3,21
2013/12/11 16:36:00,30.8770,130.8520,53,4.4,80.9,1.0,2.6,33
2013/12/11 13:21:00,35.1870,136.7180,13,3.1,10.5,0.2,0.9,16
2013/12/10 05:36:00,36.4070,141.8880,25,5.0,6.5,0.2,1.4,61
2013/12/09 13:20:00,35.9270,140.1070,62,3.6,4.4,0.2,1.1,45
2013/12/09 06:28:00,40.3120,141.2550,9,3.0,7.4,0.2,1.3,10
2013/12/09 02:47:00,37.6170,141.7950,33,4.2,10.8,0.5,2.0,36
2013/12/09 02:24:00,44.5550,149.3820,30,6.4,9.0,0.7,2.2,121
2013/12/08 04:00:00,35.7500,140.7530,14,3.7,16.4,0.4,1.3,21
2013/12/07 06:36:00,33.6470,135.9700,12,3.2,14.4,0.3,1.6,12
2013/12/06 07:58:00,37.1500,141.4870,48,4.3,8.8,0.3,1.3,38
2013/12/05 03:43:00,37.1680,141.4070,48,4.2,57.9,1.6,2.9,117
2013/12/04 04:56:00,38.6170,141.9000,49,4.2,74.6,1.4,2.6,77
2013/12/03 18:17:00,36.5550,141.4920,47,5.5,32.3,2.6,3.2,268
2013/12/03 15:58:00,35.7800,140.9120,12,4.5,169.6,7.2,3.8,100
2013/12/03 06:26:00,36.2600,140.4320,63,4.1,51.1,1.2,2.8,82
2013/12/02 23:33:00,38.3180,142.1200,47,4.1,14.7,0.2,1.6,49
2013/12/02 04:48:00,37.4100,141.3320,34,3.7,16.1,0.3,1.6,23
2013/12/01 23:23:00,34.9100,135.5800,12,3.1,14.3,0.2,1.3,17
2013/12/01 22:35:00,36.7630,140.5670,9,3.5,82.5,1.2,2.2,23
2013/12/01 13:24:00,24.4170,124.1770,44,4.7,17.3,0.8,2.2,3
2013/12/01 08:47:00,37.2130,139.0920,0,3.5,29.3,0.6,1.6,22
2013/12/01 06:39:00,36.0550,137.4980,9,2.8,61.8,0.9,2.3,14
2013/12/01 03:35:00,36.8800,141.1400,49,3.5,10.7,0.3,1.5,22
2013/11/29 22:47:00,35.4350,139.1980,20,3.1,14.2,0.4,1.4,24
2013/11/29 01:15:00,35.6870,140.1180,69,4.8,67.2,2.3,3.2,280
2013/11/28 07:33:00,34.2030,135.1420,7,3.1,50.0,0.4,1.5,3
2013/11/28 02:46:00,42.0130,141.5250,90,5.0,28.0,1.1,2.9,163
2013/11/27 09:06:00,38.8880,141.9680,49,3.9,27.5,0.7,2.0,42
2013/11/26 09:04:00,36.0030,137.2870,11,3.5,111.7,2.0,3.3,31
2013/11/26 00:43:00,38.5270,141.8170,51,4.9,150.1,3.7,3.9,151
2013/11/25 12:24:00,45.9850,141.8080,22,5.2,43.9,1.3,2.8,51
2013/11/24 03:42:00,42.5980,143.8330,77,4.5,39.2,1.1,2.8,117
2013/11/24 01:26:00,42.3230,142.5070,45,4.4,22.9,0.7,2.3,116
2013/11/22 04:58:00,37.5220,141.3630,52,4.4,63.2,2.5,3.0,97
2013/11/21 22:19:00,26.9920,128.3020,46,3.9,15.4,0.4,1.7,2
2013/11/21 17:59:00,39.6320,142.1070,48,4.1,68.8,1.8,2.6,53
2013/11/21 12:38:00,37.5580,141.8130,38,4.9,55.2,2.2,3.1,160
2013/11/20 10:57:00,34.9750,134.6150,14,4.0,73.1,2.1,2.9,95
2013/11/20 10:16:00,34.9730,134.6150,13,3.7,42.5,0.9,2.1,37
2013/11/20 07:57:00,34.9980,133.2030,10,3.4,67.4,0.9,2.3,28
2013/11/19 17:30:00,28.4970,129.0800,60,4.1,22.8,0.5,1.6,3
2013/11/19 14:10:00,36.5480,140.7780,53,4.1,57.4,1.2,2.4,93
2013/11/19 06:13:00,36.7320,141.0750,29,3.7,17.1,0.3,1.7,17
2013/11/19 04:10:00,34.3950,137.1100,344,5.7,17.9,0.7,2.4,206
2013/11/19 03:37:00,36.5430,140.9970,47,3.8,24.8,0.4,1.9,27
2013/11/17 22:41:00,35.0400,135.6070,13,3.0,19.6,0.2,1.0,14
2013/11/17 02:00:00,35.5870,140.1630,67,4.2,7.5,0.3,1.7,97
2013/11/17 00:45:00,35.5780,140.1620,71,4.2,19.7,0.8,2.4,138
2013/11/16 20:56:00,35.5900,140.1220,70,3.7,7.5,0.4,1.7,39
2013/11/16 20:46:00,35.5920,140.1300,65,3.8,15.1,0.7,2.3,55
2013/11/16 20:44:00,35.5930,140.1500,72,5.3,88.6,4.4,4.0,324
2013/11/16 17:54:00,36.5900,140.6430,8,3.1,98.7,1.1,2.6,7
2013/11/16 17:16:00,37.8000,141.6120,44,3.8,4.8,0.1,0.5,6
2013/11/16 17:14:00,37.8030,141.6180,49,4.8,25.9,0.5,2.2,123
2013/11/16 14:54:00,39.3370,142.0670,48,4.9,83.3,1.9,3.3,110
2013/11/16 03:58:00,28.9600,129.7070,55,5.0,5.8,0.4,1.8,7
2013/11/15 21:27:00,37.2220,138.8770,11,3.2,21.2,0.4,1.6,11
2013/11/15 11:00:00,41.4600,142.0580,63,5.3,44.1,2.1,3.4,242
2013/11/14 21:39:00,39.9420,143.2220,16,4.7,5.8,0.3,1.6,54
2013/11/14 18:09:00,37.0470,142.0020,46,4.3,7.2,0.2,1.5,30
2013/11/14 07:09:00,38.4130,141.9270,62,4.1,38.6,0.6,2.1,77
2013/11/13 19:11:00,35.8730,140.5050,38,3.8,22.7,0.7,2.1,38
2013/11/12 14:05:00,35.9920,140.0850,63,3.9,13.1,0.3,1.6,76
2013/11/12 05:54:00,38.7230,142.1780,41,4.5,59.6,1.4,2.8,108
2013/11/12 03:28:00,36.7020,140.6330,6,3.6,53.0,1.1,2.5,21
2013/11/12 02:09:00,30.7530,130.9470,52,3.9,10.9,0.3,1.7,19
2013/11/11 14:06:00,35.9520,137.6980,9,3.1,31.7,0.6,1.7,13
2013/11/11 08:24:00,36.8630,139.4550,5,4.1,199.3,4.3,3.8,53
2013/11/10 11:58:00,27.4430,128.6720,43,3.8,12.0,0.2,1.3,3
2013/11/10 07:38:00,36.0020,140.0830,64,5.5,161.1,6.5,4.2,379
2013/11/10 07:10:00,37.0430,138.7100,9,2.3,4.4,0.1,0.0,4
2013/11/10 05:29:00,37.0250,138.4770,10,2.6,22.0,0.4,1.8,4
2013/11/09 17:57:00,36.0100,140.1000,61,3.5,10.6,0.3,1.4,31
2013/11/07 22:18:00,37.0900,140.6680,9,3.7,26.4,0.7,2.3,32
2013/11/07 07:47:00,42.5470,142.4380,84,3.8,10.0,0.4,1.7,32
2013/11/07 02:13:00,33.4920,132.5480,41,3.6,24.4,0.3,1.2,35
2013/11/05 15:06:00,43.0150,144.8520,61,3.9,29.2,0.6,2.3,39
2013/11/04 23:21:00,36.7200,141.2600,33,3.8,6.2,0.2,1.0,12
2013/11/04 22:47:00,36.6930,141.2600,34,4.8,27.9,1.8,3.0,91
2013/11/03 17:52:00,38.2830,142.7580,31,5.3,35.2,1.2,2.9,117
2013/11/03 14:25:00,36.0070,140.1130,63,5.1,135.5,5.2,4.1,287
2013/11/03 05:41:00,37.4480,141.4320,36,4.1,24.5,1.1,2.2,53
2013/11/03 01:39:00,35.6470,140.0580,72,3.5,8.8,0.3,1.5,35
2013/11/03 00:43:00,38.4420,141.7900,56,3.5,28.3,0.3,1.2,17
2013/11/02 18:36:00,24.7350,125.3550,18,3.9,42.6,0.4,1.5,2
2013/11/02 04:56:00,36.4520,140.5980,56,3.6,21.3,0.3,1.8,35
2013/11/02 04:07:00,37.2000,141.2420,23,3.9,10.6,0.2,1.3,34
2013/11/02 03:16:00,38.2770,141.6350,53,3.6,21.0,0.2,1.4,24
2013/11/02 01:30:00,44.1220,148.1500,0,5.3,8.1,0.3,1.8,39
2013/11/01 13:17:00,38.3130,141.7980,58,4.1,39.8,0.5,1.8,68
2013/11/01 00:01:00,38.2900,142.7650,27,5.2,73.5,2.9,3.5,142
2013/10/31 21:37:00,38.5700,141.8950,57,3.8,33.6,0.4,2.1,61
2013/10/31 07:00:00,36.2350,140.9220,46,3.8,30.0,0.7,2.4,39
2013/10/31 05:24:00,38.4330,141.6570,54,3.5,21.3,0.3,1.1,21
2013/10/30 12:22:00,37.1870,141.2420,23,4.9,37.6,1.0,2.8,189
2013/10/28 03:13:00,37.2450,144.3800,52,5.6,11.3,0.5,2.1,275
2013/10/27 21:38:00,34.1700,134.4480,40,3.6,13.9,0.2,1.2,36
2013/10/27 01:05:00,39.9750,140.4400,7,3.0,65.5,1.1,2.8,6
2013/10/26 23:36:00,38.1070,141.6530,55,4.4,33.7,0.9,2.5,123
2013/10/26 06:27:00,37.2020,144.4520,64,5.3,10.5,0.3,1.7,187
2013/10/26 05:24:00,38.2680,141.8070,58,3.9,17.6,0.4,1.4,37
2013/10/26 02:10:00,37.1950,144.5680,56,7.1,109.1,5.3,3.9,813
2013/10/25 22:03:00,36.7880,140.5770,7,3.1,170.3,3.0,2.8,14
2013/10/25 07:12:00,38.2280,141.8570,47,3.6,34.5,0.4,1.4,35
2013/10/24 13:04:00,41.3720,141.1950,112,4.5,16.9,0.5,2.1,89
2013/10/24 09:27:00,36.6430,139.4450,3,2.6,158.7,1.3,2.2,4
2013/10/22 23:43:00,37.0420,138.7080,9,2.7,5.8,0.1,0.7,4
2013/10/22 10:18:00,37.7250,141.9220,26,5.3,52.3,1.2,2.9,200
2013/10/21 12:33:00,42.3200,143.0470,50,4.6,49.6,1.1,2.8,112
2013/10/20 15:35:00,32.6550,130.6320,13,3.6,41.5,0.5,2.1,47
2013/10/20 10:07:00,36.4270,140.6470,53,4.3,122.8,2.9,3.7,158
2013/10/20 08:36:00,35.0270,139.1220,7,3.2,27.8,1.0,2.6,16
2013/10/20 00:14:00,38.1730,141.7020,51,5.1,83.9,2.6,3.6,193
2013/10/19 11:08:00,38.3470,141.7250,51,4.0,56.4,0.7,2.1,62
2013/10/19 09:46:00,24.8230,125.3750,50,3.9,20.6,0.3,1.2,2
2013/10/18 23:45:00,35.8820,137.5730,7,3.0,25.7,0.5,1.9,17
2013/10/18 18:40:00,37.4820,141.6020,45,4.4,13.1,0.3,1.3,31
2013/10/18 13:10:00,39.0320,140.5920,6,2.9,42.0,0.9,2.4,6
2013/10/17 16:25:00,38.1730,141.6780,51,3.5,29.9,0.2,1.0,19
2013/10/17 13:50:00,36.9530,138.6000,4,2.3,3.9,0.1,0.2,1
2013/10/17 13:32:00,37.1120,141.1070,53,4.0,57.6,1.2,2.7,47
2013/10/17 01:14:00,39.0980,142.2130,43,4.0,28.1,0.4,1.6,26
2013/10/16 18:16:00,40.3780,142.2750,40,4.3,12.2,0.3,1.9,32
2013/10/16 01:34:00,38.5330,141.7150,54,3.7,41.6,0.6,2.0,21
2013/10/15 06:03:00,38.5000,141.4750,62,3.8,133.3,1.6,2.6,77
2013/10/14 12:21:00,38.2800,141.6170,54,3.7,36.4,0.4,1.6,25
2013/10/14 09:17:00,37.6700,139.9320,8,3.0,80.9,0.9,1.7,9
2013/10/14 08:46:00,35.7850,140.9180,13,3.8,25.6,0.6,1.7,17
2013/10/12 07:36:00,33.6630,134.3900,35,3.8,30.6,0.5,2.0,35
2013/10/12 02:43:00,36.4320,140.6970,52,4.8,166.9,5.4,4.2,248
2013/10/11 17:22:00,37.0980,141.1180,52,4.3,24.7,0.9,2.4,67
2013/10/11 13:20:00,38.7970,141.5780,71,3.9,19.2,0.5,2.0,50
2013/10/10 21:18:00,36.9150,139.3980,4,3.5,127.2,2.4,3.0,24
2013/10/10 07:46:00,40.0750,142.1230,48,4.4,50.2,1.5,3.0,84
2013/10/09 16:44:00,38.6170,141.8980,48,3.9,38.3,0.6,1.9,36
2013/10/09 11:35:00,36.2880,137.6530,3,2.9,29.1,0.4,1.5,6
2013/10/09 10:06:00,29.4850,130.6080,20,4.9,3.8,0.3,1.5,2
2013/10/09 05:30:00,43.6550,147.2150,32,4.4,6.1,0.2,1.5,17
2013/10/08 22:50:00,39.7580,141.8330,59,3.7,21.4,0.4,1.9,44
2013/10/08 20:45:00,31.7520,131.9280,24,4.5,8.8,0.6,2.0,37
2013/10/08 20:01:00,36.2880,137.6600,4,3.3,50.7,0.7,1.9,13
2013/10/08 19:28:00,36.2880,137.6520,3,3.9,89.1,1.6,2.6,41
2013/10/07 23:24:00,33.6030,132.2430,52,3.4,8.3,0.2,0.9,26
2013/10/07 06:18:00,36.9870,140.4450,7,2.8,17.4,0.2,0.6,2
2013/10/06 12:02:00,34.8450,135.5150,10,3.7,49.7,1.2,2.4,52
2013/10/05 17:17:00,38.6800,142.0020,59,3.8,13.4,0.3,1.5,55
2013/10/05 16:41:00,38.4750,141.9470,46,3.9,29.8,0.4,1.8,29
2013/10/05 03:23:00,36.5720,141.0800,49,3.9,20.3,0.5,2.2,41
2013/10/04 15:41:00,43.8470,146.2920,100,3.7,12.9,0.3,1.5,17
2013/10/04 10:22:00,37.3680,141.1150,39,3.7,20.1,0.5,2.2,21
2013/10/04 08:15:00,37.4730,141.3980,42,3.9,16.3,0.2,1.1,24
2013/10/04 05:35:00,38.3450,142.1080,38,4.0,21.3,0.3,1.7,38
2013/10/03 14:12:00,38.2300,141.6970,51,4.0,20.4,0.3,1.7,35
2013/10/03 13:13:00,27.9930,130.2530,33,5.1,10.5,0.8,2.4,4
2013/10/02 22:13:00,36.8480,138.4870,1,3.3,49.7,0.7,1.9,20
2013/10/02 19:52:00,36.8480,138.4870,0,2.8,22.9,0.3,1.4,6
2013/10/02 19:35:00,35.6480,140.1070,69,3.8,14.9,0.4,1.7,90
2013/10/02 01:08:00,36.9430,141.1980,27,4.3,26.4,0.6,2.4,77
2013/10/02 01:04:00,38.0200,142.1830,46,4.1,7.2,0.1,1.2,22
2013/09/30 22:37:00,36.6380,140.9480,49,4.4,151.5,3.2,3.8,158
2013/09/29 01:31:00,37.1900,141.0670,30,3.8,21.4,0.5,2.2,30
2013/09/28 04:37:00,31.2520,131.5920,26,4.2,10.2,0.4,1.9,24
2013/09/27 07:37:00,37.0530,140.6920,17,4.2,163.4,3.9,3.3,101
2013/09/26 14:44:00,36.7150,140.6220,8,3.6,52.9,1.2,2.8,25
2013/09/26 02:46:00,37.4170,141.7800,42,4.2,13.5,0.8,1.9,62
2013/09/25 22:09:00,39.5530,140.5750,5,2.2,9.4,0.2,1.3,3
2013/09/25 07:27:00,39.5070,140.4230,9,2.4,6.1,0.1,0.9,2
2013/09/25 01:57:00,34.2530,135.4220,7,2.6,48.7,0.5,1.0,2
2013/09/24 07:47:00,36.5330,140.8650,19,4.2,25.0,0.4,2.0,55
2013/09/23 13:11:00,36.6880,140.6480,10,2.9,27.7,0.4,1.7,4
2013/09/23 03:09:00,43.2230,145.9970,47,4.1,32.7,0.6,2.1,17
2013/09/22 12:36:00,34.4150,131.7780,19,3.8,34.1,0.4,1.4,35
2013/09/21 23:38:00,36.7480,140.5820,9,3.3,27.2,0.4,1.6,21
2013/09/20 11:22:00,37.3750,141.2200,61,3.9,20.8,0.3,1.8,39
2013/09/20 02:25:00,37.0500,140.6950,17,5.9,426.0,28.4,5.0,415
2013/09/19 18:27:00,36.3800,140.9850,44,3.8,18.1,0.5,1.8,32
2013/09/19 10:21:00,36.4300,140.6570,52,3.6,20.1,0.3,1.6,39
2013/09/19 07:44:00,37.0500,140.5830,7,4.3,92.9,1.3,2.7,119
2013/09/18 09:27:00,38.7150,142.2920,39,4.9,48.0,0.6,2.1,109
2013/09/18 05:45:00,38.0570,138.2520,17,3.2,25.0,0.4,1.8,1
2013/09/17 07:58:00,29.0850,130.4420,66,4.6,2.5,0.2,1.2,1
2013/09/17 05:42:00,36.2030,139.9570,53,3.4,14.1,0.2,1.3,39
2013/09/16 19:24:00,36.1530,139.8220,51,3.7,33.1,0.4,1.8,73
2013/09/16 12:53:00,35.3830,140.1870,60,3.9,18.1,0.8,2.5,74
2013/09/15 09:28:00,37.6730,139.9380,9,2.8,25.8,0.4,1.3,6
2013/09/15 08:19:00,36.5800,140.9930,47,3.7,33.9,0.5,1.9,53
2013/09/15 07:43:00,37.6780,139.9350,9,3.5,52.1,0.7,2.2,37
2013/09/14 21:41:00,38.5700,142.4120,39,4.7,19.8,0.4,1.9,75
2013/09/14 17:44:00,35.5170,140.9570,42,4.5,4.9,0.3,1.5,23
2013/09/14 11:36:00,38.3180,141.8980,46,3.8,35.7,0.5,1.9,41
2013/09/14 04:10:00,37.4020,141.2730,29,3.5,13.4,0.2,1.0,9
2013/09/14 00:09:00,34.7700,137.2680,35,3.5,16.0,0.2,1.2,52
2013/09/13 09:38:00,34.1470,136.4430,31,4.0,114.2,1.4,2.5,54
2013/09/13 08:26:00,35.8200,140.9830,29,3.8,9.5,0.3,1.4,15
2013/09/13 04:49:00,36.6370,140.9380,49,4.4,132.9,3.0,3.6,147
2013/09/12 20:28:00,39.6380,142.1100,49,3.6,19.8,0.4,1.7,20
2013/09/12 15:05:00,36.8780,139.4470,3,3.2,488.4,14.1,4.5,14
2013/09/10 12:15:00,36.9530,141.4730,32,4.4,14.4,0.4,1.8,32
2013/09/09 15:07:00,35.8570,140.5500,37,3.3,63.4,1.0,2.4,17
2013/09/09 09:04:00,36.7170,140.5870,10,4.4,459.7,8.0,3.9,128
2013/09/08 09:30:00,35.8880,137.6750,7,3.5,152.9,3.9,3.4,33
2013/09/07 23:38:00,36.3170,140.7730,55,3.7,11.1,0.2,1.6,46
2013/09/07 00:50:00,38.8550,142.0500,46,3.8,42.8,0.6,1.9,25
2013/09/06 22:45:00,40.9750,141.9900,57,3.5,9.5,0.2,1.1,14
2013/09/06 16:27:00,34.9850,135.4670,13,3.3,53.4,0.7,2.2,26
2013/09/06 06:21:00,24.7830,124.8120,13,4.6,3.3,0.1,0.6,2
2013/09/05 21:24:00,38.4300,141.8300,58,3.9,44.6,0.8,2.4,57
2013/09/05 05:19:00,37.0700,140.6680,9,3.9,40.3,1.2,2.9,32
2013/09/04 09:19:00,29.9350,139.4170,445,6.8,81.8,5.9,4.1,558
2013/09/03 14:16:00,38.8880,141.9730,50,3.8,27.1,0.3,1.5,23
2013/09/03 02:22:00,34.0680,135.3380,6,3.8,107.3,1.5,2.1,35
2013/09/02 16:56:00,35.8580,137.6520,13,3.3,63.4,0.6,1.8,26
2013/08/31 17:59:00,36.6220,140.8470,89,3.9,25.2,0.3,1.6,54
2013/08/31 01:56:30,38.7150,142.2680,39,4.6,32.9,0.6,2.0,81
2013/08/31 01:56:00,36.6320,140.9430,49,3.5,25.2,0.3,1.6,19
2013/08/30 20:02:00,36.7050,140.6470,4,2.9,13.5,0.3,1.5,3
2013/08/30 17:32:00,33.6530,135.9730,12,4.4,126.6,6.1,3.9,52
2013/08/30 16:36:00,37.6750,139.9330,8,3.9,85.9,1.3,2.6,59
2013/08/29 21:45:00,37.0950,140.5980,9,3.7,140.7,3.0,3.1,33
2013/08/29 12:26:00,36.7070,140.6620,5,3.6,18.3,0.4,1.8,28
2013/08/29 00:21:00,37.0250,141.0970,52,3.9,16.6,0.3,1.4,42
2013/08/28 17:55:00,37.1280,141.2030,61,3.9,33.8,0.5,2.0,71
2013/08/28 06:40:00,36.5800,141.0720,37,4.2,42.1,0.6,2.3,89
2013/08/28 02:09:00,37.6380,142.1330,31,4.7,10.5,0.3,1.7,84
2013/08/27 03:43:00,34.9370,135.5820,11,3.5,23.9,0.6,2.2,29
2013/08/26 23:51:00,42.3270,143.0070,53,3.6,8.1,0.2,1.0,19
2013/08/26 14:24:00,38.9200,141.9280,51,3.9,50.9,0.7,2.1,60
2013/08/25 23:25:00,35.4550,140.0920,68,4.2,19.6,0.9,2.5,106
2013/08/25 18:18:00,38.3150,141.6080,55,4.1,44.1,0.5,2.1,74
2013/08/23 23:21:00,36.5880,140.5930,5,3.3,117.0,1.6,2.6,12
2013/08/23 01:10:00,36.8780,139.4250,3,2.5,55.8,1.0,2.1,2
2013/08/22 17:02:00,39.3380,142.0770,48,3.8,30.0,0.3,1.6,45
2013/08/22 15:53:00,42.3180,142.9950,54,4.8,55.2,1.6,2.9,115
2013/08/22 02:20:00,36.8780,141.3030,30,4.4,13.8,0.5,1.9,78
2013/08/22 01:57:00,32.6980,132.2750,38,3.5,10.3,0.2,1.5,8
2013/08/22 01:14:00,36.4530,140.6000,56,3.6,58.9,1.1,2.7,84
2013/08/22 00:28:00,37.5180,141.7470,39,4.3,12.0,0.3,1.5,69
2013/08/21 12:21:00,37.2820,139.9130,8,3.3,32.8,0.4,1.8,14
2013/08/20 23:12:00,35.7020,140.8500,13,3.8,43.5,1.1,1.7,28
2013/08/19 11:22:00,36.6300,140.6100,6,3.8,238.5,3.2,3.1,40
2013/08/19 04:02:00,37.0400,140.6480,9,3.5,22.1,0.4,1.9,23
2013/08/18 08:00:00,33.3230,139.3150,27,4.8,7.7,0.2,1.4,5
2013/08/17 11:05:00,27.5600,128.8970,18,3.2,12.8,0.3,1.9,1
2013/08/17 10:21:00,36.9200,139.3970,5,2.5,46.4,0.5,2.0,5
2013/08/17 10:20:00,36.9200,139.3980,5,2.8,57.4,0.7,2.3,8
2013/08/16 23:05:00,36.9200,139.3980,4,3.4,109.0,1.6,3.0,23
2013/08/16 23:01:00,36.9180,139.3970,4,2.9,64.5,0.8,2.2,10
2013/08/16 22:35:00,36.9200,139.4030,5,3.0,36.3,0.5,1.9,8
2013/08/16 04:03:00,36.4950,141.0730,28,4.1,23.0,0.3,1.9,45
2013/08/15 07:54:00,36.6620,141.1650,37,4.2,77.1,1.2,2.5,84
2013/08/15 04:34:00,35.8300,137.5770,6,2.4,14.8,0.2,0.8,2
2013/08/14 20:56:00,34.2250,139.1450,8,3.1,4.1,0.1,0.8,2
2013/08/14 14:31:00,36.6330,140.6080,6,4.1,166.0,2.4,3.1,64
2013/08/14 09:45:00,36.6320,140.6030,6,3.8,159.7,2.2,2.8,36
2013/08/14 05:50:00,35.3070,138.7100,13,2.9,10.7,0.3,1.5,7
2013/08/13 10:01:00,38.8230,142.4270,35,4.3,16.1,0.3,1.7,51
2013/08/13 09:09:00,43.6580,143.5730,179,5.0,10.8,0.3,1.6,59
2013/08/13 03:37:00,37.1580,138.5220,14,2.7,19.4,0.3,1.5,3
2013/08/13 02:18:00,37.0750,140.6550,13,3.8,35.3,1.0,2.4,66
2013/08/12 21:59:00,36.9380,141.1930,26,4.9,61.3,2.0,3.0,150
2013/08/12 19:57:00,36.6400,140.9300,50,3.6,19.8,0.4,1.6,20
2013/08/12 09:51:00,41.9180,142.3350,69,4.8,40.6,1.2,2.9,138
2013/08/12 09:32:00,43.3880,146.2120,45,3.9,16.1,0.5,2.2,28
2013/08/12 08:54:00,36.6330,140.6020,6,2.6,51.3,0.5,1.5,2
2013/08/11 08:38:00,37.6780,139.9420,8,2.5,8.0,0.1,0.4,2
2013/08/10 07:56:00,36.9020,141.0750,52,4.9,79.5,1.6,3.1,225
2013/08/10 07:30:00,37.1300,140.8470,5,2.9,8.3,0.1,0.9,2
2013/08/09 11:59:00,39.8730,143.6800,27,5.3,4.1,0.4,1.8,50
2013/08/07 16:51:00,41.2070,142.2420,61,4.5,22.2,0.6,2.5,113
2013/08/07 06:30:00,35.3480,141.1850,20,4.4,10.0,0.3,1.5,20
2013/08/07 03:54:00,38.2720,141.6030,54,3.5,26.3,0.4,1.3,15
2013/08/06 02:20:00,38.1650,141.7920,55,4.1,19.6,0.4,1.9,67
2013/08/06 00:35:00,38.2680,141.7930,56,3.9,20.4,0.2,1.3,38
2013/08/05 23:31:00,34.4080,139.2970,11,2.8,15.5,0.4,1.8,1
2013/08/05 13:49:00,37.1450,140.1350,8,3.2,47.9,1.1,2.7,13
2013/08/05 02:15:00,24.7970,124.8030,14,4.4,2.1,0.1,0.2,1
2013/08/05 00:56:00,46.6130,145.4900,408,5.7,11.5,0.6,2.3,96
2013/08/04 14:51:00,36.4580,140.6050,56,3.9,55.8,1.2,2.8,77
2013/08/04 13:08:00,38.1800,141.7630,57,3.8,18.6,0.3,1.9,46
2013/08/04 12:33:00,38.1730,141.7630,57,3.7,17.2,0.3,1.2,13
2013/08/04 12:32:00,38.1450,141.7750,54,4.2,15.7,0.4,1.9,55
2013/08/04 12:29:00,38.1620,141.8020,58,6.0,397.3,11.7,4.9,479
2013/08/04 02:44:00,35.6600,140.7650,49,3.4,4.8,0.2,1.1,11
2013/08/04 00:19:00,40.6200,140.4620,9,2.8,35.1,0.7,1.8,8
2013/08/03 17:05:00,38.2300,141.9400,51,3.9,16.3,0.2,1.1,28
2013/08/03 09:56:00,34.6420,137.5320,34,4.9,224.6,7.1,4.0,199
2013/08/01 21:18:00,37.0650,139.3480,8,3.1,137.2,1.8,2.9,13
2013/08/01 01:40:00,37.0650,139.3480,7,3.1,125.9,1.6,3.0,15
2013/07/31 22:37:00,37.0650,139.3470,8,2.2,32.6,0.4,1.8,2
2013/07/31 17:35:00,41.6020,142.7750,57,4.1,6.3,0.2,1.1,20
2013/07/31 09:14:00,38.0850,142.0920,18,5.0,53.0,1.8,3.1,175
2013/07/31 06:20:00,37.1170,141.2520,59,3.8,60.7,1.3,2.8,74
2013/07/30 21:39:00,36.2230,140.0780,57,3.4,12.3,0.2,1.4,40
2013/07/30 20:14:00,34.2630,132.2670,6,2.3,31.5,0.6,2.0,2
2013/07/30 14:46:00,36.2020,138.0070,5,3.1,12.3,0.3,1.4,14
2013/07/30 13:02:00,36.2050,138.0050,6,3.4,60.7,1.2,2.5,24
2013/07/30 03:05:00,33.6150,134.4600,34,3.4,13.5,0.3,1.5,14
2013/07/30 01:05:00,36.5230,140.5700,58,3.7,87.4,1.0,2.5,81
2013/07/29 18:19:00,38.7580,141.6130,68,4.0,72.9,1.2,2.5,79
2013/07/28 02:47:00,36.7730,141.3680,34,4.2,7.9,0.5,1.8,26
2013/07/26 14:44:00,37.1030,140.7020,6,3.2,4.3,0.1,0.8,5
2013/07/26 10:33:00,33.7830,132.7600,42,3.8,35.7,0.5,2.2,85
2013/07/26 09:42:00,39.0770,142.2020,44,4.0,22.1,0.4,1.9,40
2013/07/26 04:05:00,40.1430,142.4620,35,4.9,95.7,2.5,3.7,150
2013/07/26 01:55:00,36.8830,141.0720,51,3.8,16.1,0.5,2.0,72
2013/07/24 14:34:00,37.1130,140.6820,8,3.4,6.4,0.2,1.1,14
2013/07/24 10:47:00,27.9750,130.2420,41,4.4,2.8,0.2,1.2,1
2013/07/23 19:48:00,37.1280,140.6830,8,3.4,10.0,0.2,1.3,10
2013/07/23 12:02:00,37.1030,140.6830,8,5.2,242.4,8.3,4.4,228
2013/07/23 11:04:00,37.5670,141.7630,48,4.6,24.3,0.5,2.0,71
2013/07/23 08:24:00,36.2770,141.8880,44,4.5,6.1,0.2,1.5,24
2013/07/22 18:45:00,38.3320,141.6950,52,4.1,28.5,0.7,2.2,68
2013/07/22 05:57:00,37.0130,138.6620,9,2.4,12.4,0.3,0.9,3
2013/07/21 18:52:00,36.2700,141.8100,54,5.0,19.0,0.6,2.4,100
2013/07/21 16:38:00,36.8480,140.5580,7,3.6,69.0,1.3,2.6,34
2013/07/21 16:03:00,35.7100,140.6520,49,4.5,35.7,2.5,2.9,93
2013/07/20 19:28:00,35.7450,140.9750,13,3.9,27.2,0.8,1.9,22
2013/07/20 15:06:00,36.2300,141.9320,33,5.4,15.6,1.2,2.5,178
2013/07/20 01:39:00,37.5050,141.5720,45,5.4,61.7,4.4,3.6,281
2013/07/19 18:05:00,38.6080,142.0170,53,4.4,90.5,1.5,2.9,102
2013/07/19 08:44:00,39.0100,142.1450,52,4.9,103.9,1.7,3.3,152
2013/07/19 02:05:00,38.3220,141.8680,47,4.3,86.9,1.2,2.2,89
2013/07/18 19:39:00,37.6580,139.9150,9,2.5,36.6,0.5,1.1,5
2013/07/17 22:34:00,35.5420,138.9670,24,3.8,201.4,3.1,3.4,97
2013/07/17 20:32:00,35.4420,136.8750,43,3.8,37.2,0.6,2.4,90
2013/07/17 16:35:00,33.0050,130.7650,10,3.0,19.4,0.3,1.6,7
2013/07/17 12:07:00,34.5730,135.0130,17,4.0,61.2,0.9,2.4,81
2013/07/16 23:09:00,42.9680,145.4600,47,5.1,172.2,8.7,4.1,108
2013/07/16 10:44:00,37.0830,140.8680,49,3.8,35.4,0.6,2.2,67
2013/07/16 07:46:00,39.5950,142.2850,70,5.1,78.9,2.7,3.4,190
2013/07/15 22:41:00,23.7000,122.8480,58,5.4,2.7,0.2,0.7,2
2013/07/15 19:38:00,39.6050,140.4350,7,3.3,30.4,0.7,2.5,13
2013/07/15 18:38:00,36.9200,139.4030,4,2.2,31.8,0.4,1.7,3
2013/07/15 01:07:00,34.9580,139.9670,63,3.8,21.4,0.5,2.2,75
2013/07/14 00:37:00,43.0480,145.4820,52,3.9,36.3,0.6,2.3,26
2013/07/13 22:34:00,35.0970,135.6900,6,2.9,9.5,0.1,0.3,4
2013/07/13 10:27:00,34.4100,139.2950,10,3.3,17.4,0.7,2.1,2
2013/07/13 03:31:00,38.4000,142.1730,36,4.5,87.7,1.9,3.2,111
2013/07/12 14:38:00,37.3080,138.9550,9,3.5,36.2,1.0,2.4,17
2013/07/12 03:18:00,36.7750,140.5670,9,3.8,113.4,2.1,3.1,45
2013/07/12 00:12:00,36.1750,140.1130,51,3.6,23.3,0.4,1.5,48
2013/07/11 22:44:00,38.6830,141.9320,57,4.2,67.7,0.8,2.2,95
2013/07/11 03:18:00,38.3180,141.8480,47,4.5,75.8,1.4,2.4,104
2013/07/10 14:22:00,39.6300,141.5850,81,4.9,220.0,5.0,3.8,194
2013/07/10 00:21:00,35.1480,139.1500,10,3.9,178.6,3.1,3.0,59
2013/07/09 09:33:00,37.5170,141.3300,52,3.7,16.1,0.3,1.5,21
2013/07/09 05:02:00,38.5320,141.7180,54,3.7,62.3,0.7,1.9,24
2013/07/08 19:35:00,34.3380,139.2180,4,2.1,7.6,0.2,1.1,1
2013/07/07 10:51:00,35.7880,140.9970,29,4.0,15.5,0.6,1.9,44
2013/07/06 22:44:00,37.2620,136.6880,8,3.3,13.3,0.3,1.5,7
2013/07/06 14:39:00,36.6370,139.5080,7,3.7,73.4,2.5,3.6,42
2013/07/06 07:00:00,35.8030,140.9920,29,4.6,57.6,2.4,3.0,87
2013/07/05 23:28:00,36.6720,141.0720,51,3.8,23.4,0.5,2.0,73
2013/07/05 22:16:00,38.5130,141.9820,49,3.9,55.3,0.8,2.3,49
2013/07/05 17:58:00,31.8770,131.0750,10,3.1,13.6,0.4,1.6,10
2013/07/05 06:01:00,34.4930,139.9600,17,3.9,55.0,1.5,2.8,17
2013/07/04 00:06:00,37.2620,141.4930,27,5.0,15.3,0.6,2.2,118
2013/07/03 18:20:00,35.0320,139.4700,31,3.6,85.6,2.8,3.0,46
2013/07/03 11:19:00,42.8100,141.8370,26,3.1,21.3,0.5,1.9,12
2013/07/03 09:52:00,34.0900,135.1830,6,3.4,49.4,0.9,2.2,7
2013/07/03 00:38:00,36.7000,140.6300,6,3.3,51.2,0.5,1.9,18
2013/07/02 23:48:00,36.7680,136.8570,9,3.5,37.5,1.1,1.8,22
2013/07/02 05:01:00,41.5450,142.0680,66,3.9,5.9,0.2,1.4,23
2013/07/01 18:28:00,41.9770,142.5180,64,4.2,19.8,0.4,2.0,45
2013/07/01 06:49:00,35.0000,138.3400,26,3.9,28.2,0.5,2.0,64
2013/06/30 14:01:00,36.9130,141.4450,35,4.4,8.2,0.2,1.1,24
2013/06/30 10:56:00,36.2380,136.4130,13,3.0,10.3,0.2,1.0,12
2013/06/29 19:30:00,36.6380,139.5100,7,3.0,17.9,0.4,1.9,13
2013/06/28 13:36:00,36.8220,141.3150,43,4.2,12.2,0.3,1.8,52
2013/06/27 16:13:00,36.9750,139.7770,7,3.9,72.3,1.4,2.8,51
2013/06/27 09:11:00,40.9630,141.6650,85,3.8,10.4,0.3,1.4,36
2013/06/27 07:54:00,44.7150,145.7170,31,4.3,10.2,0.2,1.6,13
2013/06/26 05:16:00,35.9970,137.5520,6,2.5,36.8,0.6,2.2,6
2013/06/26 03:23:00,38.8880,141.9750,50,3.7,35.2,0.4,1.8,20
2013/06/25 21:11:00,38.6380,141.9020,49,3.7,52.9,0.6,2.1,31
2013/06/25 19:13:00,36.7220,140.6620,10,3.5,16.2,0.4,1.9,26
2013/06/25 10:09:00,36.9230,139.3900,4,2.8,52.9,0.7,2.0,9
2013/06/25 08:12:00,41.4870,142.0070,65,4.2,12.3,0.3,1.8,31
2013/06/21 16:31:00,28.0520,129.3170,22,4.6,46.7,1.3,3.0,7
2013/06/21 03:02:00,42.9850,145.4030,48,3.7,24.4,0.5,2.0,15
2013/06/20 22:19:00,37.1720,141.1450,86,4.0,19.4,0.3,1.5,73
2013/06/20 10:49:00,40.7380,142.5430,29,4.9,24.4,1.0,2.6,116
2013/06/20 09:50:00,36.9970,140.5430,6,3.4,31.0,0.5,1.8,20
2013/06/16 19:45:00,37.1070,140.4800,6,3.1,28.2,0.3,1.4,7
2013/06/15 22:49:00,38.4180,141.9350,63,4.0,51.9,0.6,2.0,46
2013/06/14 15:43:00,34.2050,135.2130,4,3.1,50.8,0.9,2.2,5
2013/06/14 14:22:00,37.7650,141.6150,47,3.9,21.4,0.5,1.5,28
2013/06/14 14:17:00,38.3970,141.7650,57,3.5,19.5,0.2,1.2,15
2013/06/13 22:35:00,38.9170,141.9400,52,3.7,33.0,0.5,2.0,38
2013/06/13 22:24:00,26.4700,128.9870,37,5.8,13.0,1.2,2.5,8
2013/06/13 03:45:00,38.2980,141.8500,47,3.8,25.5,0.3,1.2,22
2013/06/13 01:52:00,37.1630,138.1820,9,2.8,19.3,0.8,2.1,1
2013/06/12 12:25:00,37.0350,140.5430,9,3.4,61.5,1.1,2.4,24
2013/06/12 08:08:00,34.5670,131.3970,14,3.5,27.9,0.6,1.6,13
2013/06/11 17:10:00,39.4870,142.0620,46,3.9,60.0,0.6,1.8,47
2013/06/11 09:19:00,36.7150,140.6200,8,3.4,38.3,0.5,1.8,17
2013/06/11 07:06:00,37.3900,141.4300,32,4.2,14.3,0.4,1.8,72
2013/06/11 05:09:00,36.8320,138.6880,6,3.6,31.2,0.7,2.0,34
2013/06/11 04:57:00,44.0420,141.7820,8,3.0,20.0,0.9,2.2,5
2013/06/10 07:05:00,38.3870,141.9020,59,3.6,5.5,0.1,0.5,11
2013/06/10 07:04:00,34.2050,135.1980,5,2.7,49.8,0.6,1.7,1
2013/06/09 09:04:00,36.9230,139.3900,4,2.9,88.4,1.0,2.1,9
2013/06/09 00:20:00,36.8150,138.7120,5,3.5,43.6,1.0,2.1,22
2013/06/09 00:16:00,36.8200,138.7130,4,4.5,43.4,1.3,2.6,84
2013/06/08 20:47:00,34.2080,135.2070,4,2.3,66.4,0.5,1.5,2
2013/06/08 20:39:00,34.2080,135.2100,4,3.9,153.5,4.7,3.5,25
2013/06/08 16:58:00,34.2100,135.2120,4,2.3,78.7,0.6,1.6,1
2013/06/08 16:47:00,34.2100,135.2080,4,3.8,248.8,3.5,3.2,19
2013/06/08 16:17:00,34.2070,135.2070,4,4.0,543.0,6.2,3.5,35
2013/06/08 16:10:00,34.2080,135.2050,4,3.3,176.8,1.9,2.7,8
2013/06/08 15:18:00,34.9470,135.9220,11,3.3,45.9,0.5,1.7,24
2013/06/08 01:38:00,23.9530,122.5770,25,5.8,2.4,0.2,1.1,2
2013/06/07 22:31:00,37.1720,138.1750,9,2.8,8.5,0.5,1.8,3
2013/06/07 22:29:00,37.1720,138.1770,11,3.8,111.8,7.6,3.8,20
2013/06/07 01:15:00,43.3370,143.9630,9,4.0,23.7,0.5,1.8,31
2013/06/06 13:25:00,35.6380,140.6920,51,4.3,20.1,1.3,2.5,38
2013/06/06 12:29:00,35.6430,140.6550,50,5.0,35.9,2.6,3.0,129
2013/06/06 02:49:00,37.3170,140.9520,73,3.9,30.2,0.6,2.4,80
2013/06/06 02:29:00,39.6370,142.1130,49,3.8,37.6,0.7,1.9,35
2013/06/05 17:50:00,36.3880,136.3320,11,2.8,22.6,0.3,1.1,7
2013/06/05 09:36:00,37.0470,140.7700,11,4.4,27.1,0.8,2.2,61
2013/06/05 04:24:00,36.0380,139.7950,78,3.4,10.3,0.2,1.0,25
2013/06/05 02:09:00,38.7980,142.4330,33,3.9,8.8,0.2,1.4,21
2013/06/04 19:52:00,35.8570,140.0050,61,3.6,8.0,0.3,1.6,57
2013/06/04 17:33:00,37.1800,141.3780,48,4.7,80.0,2.8,3.4,157
2013/06/04 16:45:00,35.6930,140.9000,12,3.7,13.7,0.5,1.5,12
2013/06/04 13:09:00,36.7580,140.5670,10,3.7,99.8,2.0,2.8,60
2013/06/04 05:01:00,38.6170,141.9000,48,4.2,41.2,0.5,1.9,49
2013/06/03 14:56:00,35.9870,140.0820,61,4.3,25.0,0.8,2.2,94
2013/06/02 17:19:00,37.7850,141.5680,48,3.9,5.0,0.1,0.5,18
2013/06/02 03:40:00,43.3320,143.9630,8,3.6,20.9,0.4,1.7,23
