Download Time:2026/07/17 12:47:31,Search Date:2016/01/02 - 2018/01/01 
Origin Time,Latitude[degree],Longitude[degree],Depth[km],Magnitude,Max Acc[gal],Max Vel[cm/s],Seismic Intensity,Number of stations
2018/01/01 23:10:00,38.3120,141.9020,45,3.8,37.3,0.5,2.0,35
2018/01/01 07:05:00,32.9450,131.0520,7,3.0,9.9,0.2,1.3,6
2018/01/01 04:42:00,35.8080,141.0070,28,4.4,18.9,1.0,2.1,50
2017/12/31 22:40:00,39.5220,140.4280,9,2.9,9.5,0.2,1.3,9
2017/12/31 12:48:00,29.6130,129.5300,165,4.9,8.4,0.2,1.4,19
2017/12/31 07:11:00,33.3300,132.1970,52,3.9,16.8,0.5,1.8,45
2017/12/30 23:34:00,43.2170,145.1900,87,4.0,19.3,0.7,2.0,29
2017/12/29 07:48:00,35.7380,140.8480,10,3.5,23.5,0.5,1.8,14
2017/12/29 06:14:00,41.7320,143.6730,41,4.8,19.5,0.6,2.1,95
2017/12/27 22:05:00,35.5650,140.0830,69,4.5,17.8,0.7,2.4,161
2017/12/25 08:49:00,34.2020,135.1670,6,3.0,42.6,0.5,1.5,4
2017/12/23 21:54:00,36.4150,140.6870,51,3.8,20.6,0.4,2.0,43
2017/12/22 21:44:00,34.3600,134.8920,12,3.3,24.3,0.6,2.2,8
2017/12/20 17:35:00,32.7320,130.6080,12,2.9,6.0,0.2,0.8,4
2017/12/20 04:49:00,40.9730,142.0120,57,4.1,34.3,0.5,2.2,39
2017/12/19 06:54:00,38.1820,141.6850,51,4.6,54.2,0.9,2.4,99
2017/12/19 06:15:00,34.2330,135.2050,6,2.8,167.9,1.8,2.3,3
2017/12/19 03:36:00,34.0370,135.1970,4,2.9,25.1,0.4,0.9,7
2017/12/19 01:10:00,35.9150,137.7080,6,3.0,26.9,0.5,2.0,14
2017/12/18 11:04:00,37.2230,141.5200,34,3.8,5.8,0.2,1.1,27
2017/12/18 06:10:00,38.8750,142.0780,50,4.4,102.8,2.6,3.4,104
2017/12/17 20:29:00,43.1000,145.5970,49,4.1,49.8,1.2,2.6,33
2017/12/17 20:00:00,32.7330,130.6580,13,2.7,7.5,0.1,0.5,2
2017/12/17 14:17:00,41.6800,140.9350,10,2.7,12.7,0.2,1.6,3
2017/12/17 08:48:00,35.5300,139.0250,22,3.6,40.8,0.6,2.2,44
2017/12/16 22:19:00,34.3600,134.8900,12,3.0,22.4,0.3,1.5,5
2017/12/16 05:57:00,34.3600,134.8900,12,3.6,35.9,0.9,2.6,20
2017/12/16 02:58:00,39.6850,142.0930,52,5.5,118.7,4.2,3.7,290
2017/12/15 17:09:00,30.1770,130.8820,14,4.4,32.7,0.7,2.3,7
2017/12/15 11:42:00,35.1830,139.8480,96,4.4,38.9,1.3,3.0,124
2017/12/14 06:58:00,28.4880,129.0500,62,3.8,2.8,0.1,0.1,3
2017/12/13 07:34:00,38.1950,141.7850,54,4.0,24.8,0.3,1.4,33
2017/12/13 04:24:00,34.4250,135.8770,10,2.9,10.1,0.2,1.2,7
2017/12/12 12:47:00,39.7570,141.8350,58,4.0,31.6,0.5,2.0,54
2017/12/12 01:52:00,37.0100,141.3200,49,4.1,10.1,0.2,1.5,45
2017/12/11 05:39:00,34.0430,135.0920,9,3.8,102.2,1.0,1.8,20
2017/12/10 11:45:00,36.8020,140.5870,6,3.5,118.2,1.1,2.3,12
2017/12/07 22:04:00,32.5900,130.7370,8,3.1,18.3,0.4,1.9,13
2017/12/07 17:50:00,32.5900,130.7400,8,2.9,14.1,0.3,1.6,7
2017/12/07 05:47:00,38.3330,141.8920,63,3.9,22.7,0.3,1.7,45
2017/12/06 10:47:00,32.7780,130.7480,10,3.2,17.5,0.5,2.0,11
2017/12/06 00:22:00,36.8120,140.5400,8,4.5,995.6,25.0,4.6,103
2017/12/06 00:13:00,36.3770,137.9720,10,5.3,64.8,2.7,3.3,201
2017/12/05 16:25:00,37.0620,141.1900,49,3.9,29.5,0.4,1.7,34
2017/12/04 16:54:00,32.1900,131.9800,21,4.2,47.1,0.7,1.9,18
2017/12/04 16:42:00,38.9520,142.5220,41,4.4,22.0,0.6,2.1,54
2017/12/02 05:48:00,42.0370,142.5050,67,4.9,50.4,1.7,3.2,206
2017/12/02 00:12:00,36.0520,139.8900,43,4.4,89.9,2.6,3.6,201
2017/12/01 03:48:00,43.4570,147.0900,71,4.3,7.5,0.2,1.6,14
2017/11/30 22:02:00,36.0380,139.8950,42,3.9,45.7,1.2,2.5,84
2017/11/28 14:24:00,35.6470,139.5380,25,2.6,9.3,0.2,1.5,3
2017/11/27 19:38:00,36.9750,141.0470,67,3.8,27.3,0.4,1.6,62
2017/11/26 15:55:00,36.8620,140.5830,4,3.9,63.1,1.2,2.6,73
2017/11/26 07:53:00,37.0350,140.5330,8,3.8,66.4,1.0,2.6,41
2017/11/25 20:36:00,38.3600,141.6630,53,3.8,73.7,1.6,2.9,44
2017/11/24 09:09:00,39.4900,140.4220,10,3.0,6.5,0.1,0.5,7
2017/11/24 06:54:00,32.3400,130.5120,6,3.1,44.4,0.7,1.8,10
2017/11/22 17:58:00,38.8530,141.6420,69,3.7,25.1,0.3,1.6,42
2017/11/22 17:11:00,43.9600,144.9870,4,3.2,8.7,0.2,1.5,5
2017/11/22 11:16:00,31.3850,130.6180,10,3.2,45.4,0.6,2.2,17
2017/11/22 02:29:00,43.4850,144.0480,0,2.8,41.1,0.8,2.4,4
2017/11/21 16:29:00,42.7980,141.8780,27,3.8,27.8,0.6,2.1,19
2017/11/21 09:25:00,36.5170,140.6950,55,3.9,82.9,1.0,2.4,59
2017/11/20 22:17:00,41.9070,142.3200,63,4.2,8.9,0.5,1.8,54
2017/11/19 11:30:00,32.6820,130.7380,12,3.0,12.1,0.3,1.6,9
2017/11/19 04:14:00,39.0800,140.9570,10,3.2,22.9,0.3,1.3,15
2017/11/18 15:51:00,40.5820,142.4620,71,3.9,11.4,0.2,1.2,27
2017/11/18 14:23:00,32.6630,130.7070,13,3.0,41.5,0.9,2.2,9
2017/11/18 03:56:00,32.8230,130.6100,4,3.3,5.4,0.2,1.1,9
2017/11/17 10:02:00,37.1820,141.3820,48,4.8,61.9,2.1,3.1,135
2017/11/17 04:55:00,36.4550,140.5950,56,3.2,13.0,0.2,1.0,17
2017/11/16 20:36:00,38.7330,142.0330,57,4.0,49.2,0.7,2.2,56
2017/11/16 18:43:00,32.3520,140.7450,46,6.0,32.7,1.6,3.0,112
2017/11/15 14:29:00,36.1950,129.3930,11,5.6,4.3,0.2,1.2,12
2017/11/15 01:21:00,35.9500,140.4270,20,3.8,28.8,0.6,1.9,41
2017/11/13 07:24:00,38.0050,144.8050,56,6.0,12.8,0.4,1.9,251
2017/11/11 01:38:00,38.3670,141.8370,59,4.7,184.2,3.6,3.7,165
2017/11/10 07:16:00,32.6650,130.7100,14,3.3,45.9,1.3,2.6,21
2017/11/10 00:37:00,36.1270,140.0150,49,3.7,20.8,0.6,2.0,80
2017/11/09 12:23:00,37.1630,136.9280,16,3.7,82.4,1.8,3.0,21
2017/11/09 11:38:00,37.1630,136.9280,16,3.5,85.4,1.2,2.5,13
2017/11/07 20:52:00,37.3550,141.7880,44,3.9,4.1,0.1,0.6,10
2017/11/06 14:09:00,27.8050,129.0530,16,3.5,16.5,0.4,2.0,1
2017/11/06 13:34:00,41.8470,139.4150,20,3.8,11.2,0.2,1.5,19
2017/11/05 16:40:00,39.1520,141.7630,63,3.3,24.0,0.3,1.5,21
2017/11/05 16:30:00,36.1220,139.8480,49,4.0,63.0,1.5,2.9,137
2017/11/05 13:20:00,37.2480,141.5420,34,4.3,12.2,0.4,1.9,56
2017/11/05 06:05:00,40.6550,141.0400,112,4.3,15.8,0.5,2.1,82
2017/11/04 14:28:00,38.1720,141.7600,57,3.8,21.5,0.3,1.7,36
2017/11/04 11:37:00,36.5920,138.2500,3,3.2,55.4,1.2,2.0,8
2017/11/03 21:38:00,36.8150,140.5300,8,4.8,364.7,10.3,4.0,216
2017/11/03 13:49:00,33.9970,135.2350,8,3.5,86.3,0.9,1.7,15
2017/11/03 12:45:00,42.5630,143.7480,66,5.0,89.4,4.1,3.7,149
2017/11/02 22:31:00,36.8020,140.7750,74,4.3,58.7,1.3,2.9,157
2017/11/02 17:49:00,35.4280,133.8270,8,2.8,47.6,0.6,1.5,2
2017/11/02 09:26:00,37.4130,141.7600,40,4.3,18.7,1.0,2.3,40
2017/11/01 20:36:00,42.7930,141.8750,26,3.6,28.2,0.7,2.3,19
2017/11/01 00:46:00,31.3980,130.6130,9,3.8,142.9,2.8,3.7,31
2017/10/30 20:56:00,33.8100,135.4480,43,3.5,29.1,0.4,1.3,24
2017/10/30 11:30:00,32.8080,130.6150,1,2.6,1.0,0.0,0.0,1
2017/10/29 03:26:00,32.8200,130.6350,3,3.5,4.0,0.2,1.2,10
2017/10/28 11:50:00,32.5400,129.9520,13,3.8,41.0,0.6,2.2,22
2017/10/27 19:55:00,35.0420,139.1150,7,2.9,12.4,0.4,1.9,8
2017/10/27 16:48:00,36.0570,137.5630,6,2.6,40.7,0.9,2.5,4
2017/10/27 10:54:00,35.3630,133.8750,11,3.8,61.4,1.1,2.5,32
2017/10/25 02:27:00,32.4880,130.6280,10,3.5,35.0,0.6,2.1,26
2017/10/24 20:34:00,34.0420,133.0570,15,3.4,18.7,0.3,1.3,14
2017/10/24 00:17:00,32.4850,130.6270,10,3.7,40.6,0.7,2.1,33
2017/10/22 23:24:00,31.7180,130.1070,6,3.5,9.1,0.5,2.0,14
2017/10/22 03:38:00,44.0300,140.8020,10,4.6,16.9,0.6,2.4,50
2017/10/21 01:44:00,42.7950,141.8620,27,3.4,42.5,0.8,2.2,16
2017/10/19 21:50:00,37.0600,141.1430,51,4.2,51.5,1.2,2.3,99
2017/10/19 18:02:00,28.3270,131.2770,98,5.6,17.2,1.6,2.9,39
2017/10/19 12:40:00,32.8200,130.6270,3,3.2,4.1,0.1,0.9,6
2017/10/19 01:50:00,40.0220,141.9520,9,4.2,100.7,1.7,2.9,50
2017/10/19 00:08:00,36.4970,140.8620,50,3.8,62.4,0.8,2.3,45
2017/10/18 20:38:00,32.8750,130.8480,11,2.8,11.7,0.2,1.2,10
2017/10/18 08:48:00,41.9630,142.5370,64,4.4,17.8,0.5,2.1,74
2017/10/18 07:40:00,36.0780,139.8870,45,3.7,25.6,0.4,2.0,71
2017/10/18 00:21:00,32.7030,130.6530,13,3.0,13.4,0.3,1.8,11
2017/10/17 17:07:00,32.7020,130.6500,12,2.6,4.2,0.1,0.7,3
2017/10/16 11:29:00,35.4530,139.1530,22,3.1,15.7,0.3,1.4,29
2017/10/15 19:43:00,36.5200,140.5720,58,3.6,76.2,1.0,2.4,74
2017/10/15 11:20:00,41.9200,142.2300,70,4.0,7.0,0.3,1.5,37
2017/10/15 08:34:00,30.9500,130.3270,143,4.7,14.6,0.4,2.0,49
2017/10/15 03:25:00,28.2750,129.4080,28,3.6,37.0,0.5,1.8,4
2017/10/14 00:06:00,36.0450,137.5700,6,2.7,28.9,0.4,1.9,5
2017/10/13 14:45:00,34.8770,134.4950,8,3.0,19.8,0.3,0.9,12
2017/10/12 15:12:00,36.6870,142.1400,26,5.2,11.9,0.7,2.3,118
2017/10/11 17:35:00,36.8920,140.5600,8,3.8,34.4,0.5,1.8,45
2017/10/11 08:49:00,35.0130,137.9130,9,3.4,20.4,0.4,1.8,29
2017/10/09 23:47:00,38.3230,141.6220,54,4.1,90.4,2.9,3.6,71
2017/10/09 06:59:00,35.8380,137.5750,6,3.2,47.5,1.0,2.2,17
2017/10/08 12:05:00,32.5220,130.6550,10,3.8,33.0,0.6,2.1,45
2017/10/08 10:38:00,42.2800,141.3700,115,4.4,5.5,0.2,1.2,52
2017/10/07 19:19:00,32.9720,131.0480,6,2.5,2.9,0.1,0.2,2
2017/10/07 00:00:00,37.1100,141.1080,52,4.1,88.7,1.5,2.9,68
2017/10/06 23:56:00,37.0870,141.1550,53,5.9,232.5,9.7,4.5,485
2017/10/06 20:09:00,39.5130,140.4230,10,3.4,25.7,0.5,2.1,20
2017/10/06 16:59:00,37.4350,143.9480,57,6.3,32.4,1.1,2.8,405
2017/10/06 10:55:00,33.8700,134.2630,6,3.5,43.0,0.5,2.3,11
2017/10/05 23:41:00,36.6420,139.5380,8,2.9,9.7,0.2,0.9,7
2017/10/05 11:42:00,37.0500,140.4480,7,3.2,15.7,0.2,0.8,12
2017/10/04 18:29:00,41.8220,140.7630,14,3.5,21.5,0.5,1.9,15
2017/10/03 04:01:00,36.8080,140.5370,8,4.2,338.8,5.0,3.6,113
2017/10/02 12:24:00,33.8320,134.5720,35,3.5,16.8,0.3,1.6,14
2017/10/01 16:19:00,36.8400,139.7550,2,3.3,37.0,1.0,2.4,25
2017/10/01 10:31:00,36.8800,140.5630,6,3.6,25.3,0.5,1.8,27
2017/10/01 10:25:00,36.8530,140.5650,5,4.9,122.2,2.1,3.4,184
2017/09/30 05:32:00,36.2430,137.5220,3,1.7,24.8,0.3,1.7,2
2017/09/30 00:56:00,36.2450,137.5220,3,2.1,227.2,2.2,2.7,2
2017/09/28 16:11:00,37.3450,141.5950,45,4.8,30.4,1.0,2.6,113
2017/09/27 07:36:00,34.1450,135.1670,4,3.2,56.4,0.8,2.2,8
2017/09/27 05:22:00,40.2670,142.4550,35,6.1,148.0,4.9,3.9,362
2017/09/26 19:43:00,33.0100,131.1050,9,3.2,24.9,0.6,2.3,15
2017/09/26 12:00:00,39.5030,140.4250,10,3.2,17.6,0.4,1.7,12
2017/09/25 17:03:00,38.1720,141.6680,50,3.8,16.8,0.3,1.5,26
2017/09/24 22:48:00,39.8470,141.9230,19,3.9,48.9,0.7,2.3,49
2017/09/24 21:46:00,39.8470,141.9220,20,4.1,66.5,0.8,2.5,63
2017/09/24 06:08:00,34.7550,139.6430,22,4.2,101.7,2.3,3.1,43
2017/09/23 00:20:00,39.4080,142.0120,60,3.9,28.5,0.5,1.9,45
2017/09/22 14:03:00,32.6520,130.6720,10,2.7,13.4,0.3,1.5,4
2017/09/22 10:33:00,32.6520,130.6730,11,3.1,12.6,0.5,2.1,4
2017/09/22 07:45:00,32.9570,131.0670,9,3.5,16.3,0.4,1.9,17
2017/09/21 01:37:00,38.0350,144.4880,53,6.3,22.1,0.8,2.3,428
2017/09/21 01:02:00,33.9670,135.4450,56,4.1,43.3,0.6,1.9,63
2017/09/20 05:18:00,37.2770,141.6520,46,5.3,28.0,1.0,2.6,202
2017/09/19 21:05:00,36.7970,140.5450,9,3.4,105.3,1.3,2.3,16
2017/09/19 18:33:00,33.3330,132.3170,41,4.2,49.2,1.4,3.0,109
2017/09/19 02:05:00,37.2230,141.0950,24,3.9,25.2,0.6,2.0,38
2017/09/18 13:54:00,39.4870,140.4180,10,2.7,9.5,0.2,1.0,7
2017/09/18 13:37:00,39.4880,140.4180,9,2.6,2.9,0.1,0.8,2
2017/09/17 18:24:00,37.1920,141.3830,48,4.3,21.5,0.6,2.0,58
2017/09/17 08:28:00,34.1320,135.6070,63,3.9,57.1,0.8,2.3,65
2017/09/17 06:58:00,35.8900,139.4750,52,3.8,14.3,0.4,2.0,108
2017/09/17 04:12:00,35.1550,138.0920,34,3.8,41.1,1.1,2.8,101
2017/09/16 16:23:00,36.8020,140.5520,9,3.7,59.0,0.6,2.2,26
2017/09/15 07:42:00,34.9230,135.4380,9,2.6,26.3,0.3,1.5,4
2017/09/14 23:54:00,35.1950,133.4270,7,3.1,54.6,1.0,2.4,15
2017/09/14 20:57:00,36.9250,139.3900,4,2.7,39.3,0.5,1.7,8
2017/09/14 19:14:00,39.5250,140.4250,9,2.7,10.5,0.2,1.5,6
2017/09/14 15:27:00,32.7000,130.6220,10,2.8,9.7,0.2,0.9,2
2017/09/14 11:15:00,36.5530,141.1230,47,3.9,25.8,0.5,2.2,71
2017/09/14 09:27:00,35.8270,139.5530,50,4.5,63.9,1.9,3.1,197
2017/09/13 23:59:00,32.7450,130.6580,11,2.9,6.8,0.1,1.0,5
2017/09/13 16:13:00,39.6380,142.1080,48,3.8,64.0,1.0,2.2,39
2017/09/13 08:07:00,39.5230,140.4230,8,2.7,16.6,0.3,1.7,3
2017/09/13 04:58:00,39.4880,140.4250,10,3.0,10.7,0.2,1.1,9
2017/09/13 04:42:00,39.4900,140.4220,10,2.6,7.7,0.1,0.8,4
2017/09/13 04:38:00,39.4880,140.4230,10,2.9,8.4,0.2,1.0,8
2017/09/13 04:00:00,39.4880,140.4230,10,3.2,12.4,0.5,1.9,16
2017/09/13 01:15:00,39.5180,140.4230,9,2.6,11.5,0.2,1.4,2
2017/09/12 04:19:00,40.5050,141.5580,82,3.4,8.0,0.2,0.9,20
2017/09/11 18:40:00,37.1450,141.1400,86,3.8,16.5,0.3,1.7,74
2017/09/11 00:51:00,35.7180,139.1700,50,4.0,43.4,1.0,2.6,141
2017/09/10 17:44:00,41.7580,142.8770,43,5.6,79.7,5.2,3.8,265
2017/09/10 12:50:00,38.1820,141.6870,51,4.0,37.1,0.4,2.0,57
2017/09/09 23:38:00,39.5200,140.4270,9,3.1,20.1,0.6,2.2,8
2017/09/09 19:41:00,39.5250,140.4250,9,3.3,77.7,1.6,3.0,10
2017/09/09 11:42:00,39.5220,140.4230,9,3.4,44.1,0.8,2.5,9
2017/09/09 07:21:00,32.7230,130.6680,13,3.1,17.3,0.4,1.7,19
2017/09/09 05:58:00,39.5120,140.4220,9,2.7,17.8,0.3,1.6,4
2017/09/08 22:35:00,39.5200,140.4200,8,2.4,11.3,0.2,1.4,3
2017/09/08 22:33:00,42.7900,141.8630,28,2.9,16.0,0.3,1.7,9
2017/09/08 22:23:00,39.5000,140.4180,9,5.2,140.9,7.8,4.2,169
2017/09/08 20:56:00,32.4470,131.8620,33,3.6,13.0,0.2,1.3,12
2017/09/08 14:20:00,32.7230,130.6730,14,4.1,41.7,1.5,2.9,80
2017/09/08 12:42:00,37.2920,136.7450,7,3.6,9.4,0.3,1.4,11
2017/09/08 02:27:00,27.8030,140.1280,475,6.1,2.3,0.2,1.0,22
2017/09/07 15:42:00,40.1930,141.7130,73,3.9,12.9,0.3,1.4,64
2017/09/07 10:39:00,41.5650,142.0620,67,3.9,7.4,0.2,1.6,17
2017/09/06 20:38:00,36.8250,140.5200,9,3.7,61.4,0.7,2.1,56
2017/09/05 18:51:00,26.5380,127.6450,48,3.7,7.5,0.2,1.0,5
2017/09/05 15:56:00,26.6800,127.7730,47,3.9,16.1,0.5,1.8,5
2017/09/05 09:26:00,36.7600,140.5700,10,3.6,43.1,0.6,1.9,27
2017/09/01 20:34:00,24.4320,123.6420,9,4.3,7.6,0.3,1.3,2
2017/09/01 16:30:00,33.7320,132.6720,41,3.7,28.0,0.7,2.3,64
2017/09/01 10:08:00,35.1230,135.6830,6,2.6,4.0,0.0,-0.3,2
2017/08/31 12:32:00,32.8800,132.0480,41,3.4,10.9,0.1,0.8,13
2017/08/31 07:09:00,28.5200,130.1570,33,4.8,13.4,0.7,2.3,2
2017/08/31 04:01:00,24.2470,123.8220,16,3.6,7.7,0.1,0.7,1
2017/08/30 11:50:00,42.8250,141.4700,10,2.8,43.4,1.4,3.0,3
2017/08/30 11:48:00,42.8230,141.4680,9,2.9,27.9,0.9,2.7,4
2017/08/29 22:24:00,34.2330,132.7820,17,3.1,18.5,0.2,1.2,17
2017/08/29 13:01:00,31.2500,130.6300,7,2.8,134.7,1.2,2.0,4
2017/08/27 20:59:00,37.0800,140.7580,9,3.0,5.1,0.1,0.3,5
2017/08/27 15:20:00,42.3350,143.0030,53,3.9,6.8,0.2,1.3,20
2017/08/27 11:52:00,36.7600,140.5700,10,3.5,97.2,1.0,2.1,22
2017/08/27 11:26:00,36.7470,140.5750,11,4.8,202.8,5.8,3.9,198
2017/08/26 17:37:00,34.0180,135.1870,4,2.8,28.8,0.5,0.8,3
2017/08/26 04:20:00,37.0200,140.5830,8,4.7,95.8,3.7,3.5,179
2017/08/25 15:43:00,32.6470,130.6770,10,2.7,20.2,0.5,1.8,3
2017/08/25 12:05:00,34.9570,137.5970,12,3.0,8.6,0.2,1.1,11
2017/08/25 02:18:00,37.4780,141.6180,44,4.3,21.7,0.5,1.4,55
2017/08/25 01:28:00,36.4170,140.6870,51,3.7,44.4,0.4,1.7,37
2017/08/24 14:34:00,31.3770,130.6120,7,4.4,221.0,11.0,4.4,50
2017/08/22 15:11:00,37.2720,141.0230,96,3.9,9.6,0.3,1.6,54
2017/08/22 08:53:00,41.0070,142.7420,15,4.3,10.9,0.4,1.9,45
2017/08/22 07:37:00,38.9420,142.4070,27,4.4,38.7,0.6,2.1,84
2017/08/22 03:36:00,35.3170,140.1800,33,3.3,12.8,0.3,1.4,16
2017/08/21 03:22:00,32.2470,130.2980,11,2.9,18.3,0.3,1.7,13
2017/08/21 02:00:00,27.0280,127.3400,85,4.4,4.5,0.2,1.1,8
2017/08/20 18:38:00,31.3770,130.6180,11,3.1,25.3,0.4,1.9,14
2017/08/20 06:45:00,35.4280,134.2500,13,3.2,15.2,0.3,1.1,12
2017/08/19 18:15:00,36.8700,139.5000,6,3.2,32.7,0.9,2.3,15
2017/08/18 20:38:00,36.5970,141.0670,45,3.9,16.9,0.3,1.6,39
2017/08/18 12:10:00,38.4970,142.2750,48,4.3,25.4,0.5,1.9,53
2017/08/17 23:41:00,43.4970,144.0650,0,3.1,20.5,0.4,2.0,12
2017/08/16 21:51:00,28.6570,127.9320,192,5.7,8.3,0.5,1.8,11
2017/08/16 14:17:00,33.8620,139.4520,20,3.5,5.1,0.1,1.0,3
2017/08/16 04:38:00,33.8200,132.0780,60,3.9,13.7,0.5,1.9,44
2017/08/16 00:04:00,36.4570,141.0520,44,3.9,61.1,0.9,2.5,32
2017/08/14 18:11:00,35.8350,139.9920,102,4.5,52.7,1.8,2.9,184
2017/08/14 16:17:00,36.6400,140.6030,8,3.1,75.7,0.5,1.8,5
2017/08/14 08:11:00,32.7370,130.3970,11,3.4,15.8,0.4,1.7,15
2017/08/13 19:40:00,43.0120,140.9570,2,3.5,13.5,0.5,2.0,18
2017/08/13 13:19:00,36.7750,138.5650,1,2.9,95.4,0.9,1.6,8
2017/08/13 12:13:00,41.5580,142.0600,66,3.9,5.0,0.1,1.0,20
2017/08/13 03:23:00,29.9550,131.2600,27,5.0,9.8,0.5,1.8,14
2017/08/13 02:07:00,35.9330,139.8200,74,3.7,13.6,0.3,1.6,76
2017/08/11 16:46:00,36.7750,138.5650,0,3.8,97.3,1.5,2.5,33
2017/08/10 22:02:00,31.3720,130.6150,7,3.2,23.0,0.6,2.1,13
2017/08/10 16:33:00,39.5500,141.9930,63,3.7,21.1,0.4,1.8,40
2017/08/10 14:21:00,34.1720,135.1830,5,2.7,10.6,0.1,0.6,5
2017/08/10 09:39:00,35.9100,137.7050,6,3.5,60.1,1.2,2.2,26
2017/08/10 09:36:00,35.7970,140.0900,64,5.0,42.9,3.1,3.3,277
2017/08/10 09:07:00,28.3630,130.0580,27,3.7,2.6,0.1,0.7,2
2017/08/09 12:14:00,31.3700,130.5980,10,2.8,17.6,0.3,1.7,8
2017/08/09 05:57:00,32.1680,130.4270,9,3.1,11.3,0.2,1.4,19
2017/08/08 21:28:00,32.7400,130.7450,10,3.9,37.6,1.2,2.8,63
2017/08/08 17:51:00,26.5020,127.0070,13,3.8,7.7,0.1,1.1,5
2017/08/08 14:49:00,26.4920,127.0070,13,5.2,19.0,0.5,2.1,6
2017/08/08 07:35:00,38.8900,141.9730,50,4.0,40.2,0.6,2.0,41
2017/08/07 09:24:00,31.2550,130.6380,7,3.4,75.8,0.7,2.1,16
2017/08/07 02:55:00,38.9200,141.9300,51,3.9,36.3,0.5,1.7,28
2017/08/06 18:12:00,36.7680,138.4980,0,2.8,54.6,0.8,1.8,7
2017/08/06 09:25:00,39.4950,140.4220,10,2.9,11.9,0.2,1.3,6
2017/08/05 07:55:00,36.4520,140.6050,56,4.1,43.7,0.8,2.4,77
2017/08/04 20:19:00,24.5520,123.5770,64,5.3,33.2,1.3,2.7,4
2017/08/04 10:12:00,31.5230,129.8400,7,4.0,12.2,0.3,1.7,16
2017/08/03 13:45:00,36.0780,139.8850,46,4.6,98.1,2.3,3.3,195
2017/08/03 05:18:00,31.3720,130.5970,9,3.1,28.2,0.7,2.1,12
2017/08/02 21:23:00,42.4880,143.2980,88,4.0,15.6,0.4,2.0,67
2017/08/02 21:06:00,35.8780,137.5730,7,2.9,36.0,0.9,2.5,9
2017/08/02 21:00:00,35.8780,137.5720,7,3.2,41.4,0.8,2.5,16
2017/08/02 20:49:00,35.8770,137.5730,7,3.2,75.0,2.0,3.2,11
2017/08/02 12:46:00,36.8000,140.5420,9,3.6,58.9,1.0,2.3,25
2017/08/02 09:19:00,38.8000,142.3330,49,3.9,13.4,0.3,1.7,38
2017/08/02 07:16:00,36.1200,140.0220,48,4.6,145.9,5.0,4.0,232
2017/08/02 02:02:00,36.8030,140.5350,9,5.5,418.3,12.0,4.7,389
2017/08/02 00:37:00,35.9750,140.0180,50,3.4,11.9,0.3,1.4,45
2017/07/31 22:06:00,38.2780,141.6100,54,4.1,68.0,1.0,2.6,80
2017/07/30 23:39:00,40.2770,140.8800,5,3.5,71.9,1.4,2.7,26
2017/07/30 23:28:00,36.3930,141.0370,51,3.9,15.4,0.3,1.6,49
2017/07/29 07:25:00,38.1730,141.6700,50,3.9,27.2,0.7,2.4,55
2017/07/28 14:21:00,34.8650,139.1770,7,3.1,27.1,0.5,2.1,14
2017/07/27 17:45:00,38.9700,141.7220,65,4.3,60.6,0.9,2.6,87
2017/07/27 14:48:00,32.7750,130.7420,10,3.2,11.4,0.5,1.8,12
2017/07/27 00:46:00,35.4470,136.3180,12,3.6,21.6,0.7,1.6,29
2017/07/26 20:30:00,35.1270,135.6820,6,3.0,7.4,0.1,0.8,3
2017/07/26 19:32:00,26.9230,130.1830,66,5.8,7.9,0.7,2.0,10
2017/07/26 01:07:00,36.0000,139.9320,41,3.2,10.3,0.2,1.4,26
2017/07/26 00:50:00,37.3320,141.5720,45,4.4,15.8,0.4,1.9,87
2017/07/25 21:08:00,39.4950,142.0350,59,4.6,38.9,0.8,2.5,88
2017/07/25 18:06:00,38.2330,141.5800,64,3.8,18.5,0.3,1.4,39
2017/07/25 00:05:00,35.8770,137.5750,7,3.0,28.7,0.8,2.4,10
2017/07/24 11:15:00,40.0880,139.6500,17,4.3,21.3,0.6,2.0,72
2017/07/24 00:35:00,40.1200,143.3730,14,5.7,7.1,0.6,2.2,128
2017/07/21 16:07:00,35.8120,140.1680,61,4.4,49.6,1.4,2.9,197
2017/07/20 10:15:00,36.7030,140.6380,6,3.9,54.4,1.0,2.4,40
2017/07/20 09:56:00,37.3230,141.5670,46,4.1,9.5,0.2,1.3,44
2017/07/20 09:11:00,37.3400,141.5870,46,5.8,110.2,3.4,3.7,396
2017/07/19 16:15:00,26.4270,126.5230,92,4.7,4.2,0.2,1.3,5
2017/07/19 04:25:00,32.7720,130.6280,12,3.7,14.6,0.4,1.5,40
2017/07/18 22:42:00,31.3380,130.5470,9,2.8,16.4,0.2,1.5,9
2017/07/16 07:59:00,42.7930,141.8720,25,3.3,32.7,0.6,2.2,15
2017/07/16 03:37:00,32.7230,130.6720,13,2.8,4.7,0.1,0.4,3
2017/07/15 16:37:00,31.3880,130.6170,9,3.6,97.3,1.8,3.2,22
2017/07/15 12:02:00,37.8030,141.7280,57,4.6,23.6,0.7,2.2,85
2017/07/15 07:12:00,31.3870,130.6170,9,3.4,41.6,0.8,2.5,20
2017/07/15 00:36:00,32.6730,130.7050,16,3.0,7.2,0.1,1.0,11
2017/07/14 18:13:00,35.7820,139.4180,52,3.1,4.9,0.1,0.6,10
2017/07/14 17:54:00,42.8080,141.8700,26,3.9,28.3,1.1,2.7,36
2017/07/13 21:35:00,27.9870,129.3830,29,4.2,79.5,2.1,2.5,4
2017/07/13 07:45:00,42.7950,141.8670,28,3.2,39.8,0.7,2.0,13
2017/07/13 04:34:00,31.2570,130.6420,6,3.4,28.0,0.5,1.6,20
2017/07/12 21:06:00,39.6480,141.9950,55,4.0,14.0,0.3,1.6,58
2017/07/12 14:36:00,35.3220,141.1880,34,4.9,4.3,0.4,1.6,24
2017/07/12 13:35:00,35.3920,133.8570,5,3.0,55.8,1.7,2.5,7
2017/07/12 10:54:00,38.2630,141.6020,54,4.4,96.3,1.3,2.8,89
2017/07/12 09:13:00,36.0500,139.8600,44,3.3,10.3,0.2,0.8,35
2017/07/12 02:36:00,36.0670,139.8580,45,3.5,11.2,0.2,1.1,57
2017/07/11 21:33:00,37.3980,141.5150,29,4.3,14.9,0.3,1.5,37
2017/07/11 17:02:00,38.3230,142.1020,56,4.1,65.0,1.0,2.5,76
2017/07/11 11:56:00,31.3830,130.6200,10,5.3,541.5,28.6,5.4,77
2017/07/10 02:02:00,31.2530,131.0980,54,3.5,9.2,0.2,1.5,13
2017/07/09 06:22:00,35.8570,137.6050,6,2.5,17.6,0.2,1.4,3
2017/07/09 03:36:00,37.0280,141.1870,21,4.3,38.9,0.7,2.0,59
2017/07/08 20:48:00,37.3780,141.7230,45,4.5,8.0,0.3,1.5,71
2017/07/08 13:05:00,43.2600,145.4030,87,3.9,34.5,0.7,2.3,34
2017/07/07 21:48:00,37.7620,141.0880,66,4.9,172.3,5.6,4.0,231
2017/07/07 04:06:00,33.0450,131.0900,12,3.4,48.9,1.1,2.9,23
2017/07/07 01:46:00,37.0880,140.6080,5,3.4,79.1,1.2,2.5,22
2017/07/03 20:26:00,35.8550,137.6000,5,2.6,14.3,0.3,1.5,4
2017/07/03 16:29:00,43.8080,141.8050,10,2.8,9.0,0.2,1.5,5
2017/07/03 11:27:00,37.1600,141.3530,48,4.0,15.2,0.4,1.7,40
2017/07/03 06:15:00,42.7920,141.8730,26,3.2,16.5,0.4,1.8,12
2017/07/02 09:17:00,42.7920,141.8680,27,3.0,22.0,0.5,1.7,13
2017/07/02 03:53:00,38.6170,141.8970,48,3.8,31.9,0.4,1.7,33
2017/07/02 00:58:00,33.0030,131.2370,11,4.5,320.5,14.6,4.9,120
2017/07/01 23:45:00,42.7870,141.8580,27,5.1,334.2,11.3,4.7,151
2017/07/01 06:39:00,43.8120,141.8130,9,3.8,24.5,0.7,2.4,12
2017/06/30 23:04:00,25.6870,125.1920,98,5.2,16.6,0.6,2.0,5
2017/06/30 15:52:00,32.5330,130.6070,8,3.5,55.9,1.1,2.3,19
2017/06/30 07:41:00,36.4300,140.6550,53,3.7,20.3,0.3,1.6,36
2017/06/30 02:21:00,34.1520,135.2120,4,3.2,30.7,0.3,1.3,9
2017/06/29 16:51:00,35.8630,137.5630,5,2.9,15.2,0.3,1.9,6
2017/06/29 13:54:00,35.4900,138.9780,18,3.1,36.1,0.3,1.6,21
2017/06/28 21:07:00,43.5620,147.8320,31,5.7,25.7,1.3,2.6,161
2017/06/28 18:23:00,35.8550,137.5620,5,3.5,45.8,1.3,2.7,28
2017/06/28 14:56:00,34.1500,135.2080,4,2.8,6.9,0.1,0.5,3
2017/06/28 03:33:00,35.8520,137.5630,5,3.1,24.1,0.2,1.4,10
2017/06/28 00:44:00,38.2870,140.7550,11,3.2,40.0,0.5,1.8,8
2017/06/27 23:12:00,35.8470,137.5750,6,2.6,11.3,0.2,1.2,4
2017/06/27 22:55:00,35.8520,137.6850,9,3.1,24.3,0.3,1.4,15
2017/06/27 11:55:00,31.5900,129.6320,6,3.5,17.9,0.4,1.6,3
2017/06/27 11:46:00,35.8520,137.6850,9,2.9,34.3,0.4,1.5,16
2017/06/27 08:40:00,35.8650,137.5930,7,3.3,52.3,1.0,2.0,20
2017/06/27 02:09:00,35.8630,137.5620,5,3.3,35.1,0.9,2.4,20
2017/06/27 00:57:00,35.3750,136.7550,8,2.9,36.4,0.4,1.6,11
2017/06/26 05:16:00,38.7200,142.1870,41,4.1,23.9,0.5,1.7,41
2017/06/26 02:45:00,35.8520,137.5680,6,2.6,17.6,0.3,1.2,5
2017/06/26 00:39:00,35.8700,137.5720,5,3.5,37.9,0.9,2.6,26
2017/06/26 00:15:00,35.8600,137.6020,6,2.8,18.3,0.4,1.9,9
2017/06/25 23:29:00,35.8720,137.5780,6,3.6,88.8,1.4,3.1,34
2017/06/25 23:13:00,35.8720,137.5800,6,3.6,48.9,1.4,3.2,25
2017/06/25 15:17:00,35.8570,137.5830,7,4.7,395.2,11.8,4.3,163
2017/06/25 14:04:00,35.8530,137.5670,6,2.9,15.6,0.3,1.1,6
2017/06/25 09:48:00,35.8580,137.5680,6,3.5,54.0,1.2,2.4,20
2017/06/25 09:31:00,35.8720,137.5800,6,2.6,17.7,0.4,1.9,6
2017/06/25 09:24:00,35.8630,137.5670,6,4.5,148.3,6.7,3.8,139
2017/06/25 08:43:00,35.8650,137.5950,7,3.1,54.5,0.5,1.9,14
2017/06/25 08:25:00,35.8730,137.5820,6,2.9,26.9,0.6,2.4,9
2017/06/25 07:19:00,35.8570,137.5870,7,2.8,31.7,0.4,1.4,7
2017/06/25 07:02:00,35.8670,137.5850,7,5.6,599.7,21.5,5.4,413
2017/06/24 22:43:00,35.0080,135.5620,9,3.0,28.0,0.4,1.6,8
2017/06/24 03:10:00,42.9600,145.4550,48,3.6,16.0,0.3,1.7,17
2017/06/23 08:59:00,39.3380,142.0600,48,4.5,83.6,1.2,2.5,58
2017/06/23 03:46:00,36.4270,140.6620,53,3.4,16.5,0.3,1.4,21
2017/06/21 17:13:00,35.4170,140.3450,29,3.5,26.5,0.6,2.0,22
2017/06/20 23:27:00,32.8670,132.0300,42,5.0,110.2,5.3,4.0,166
2017/06/19 18:13:00,36.0120,137.5750,5,2.9,15.3,0.4,1.9,6
2017/06/19 05:51:00,37.0850,140.6030,6,4.5,115.3,2.9,3.6,135
2017/06/19 01:23:00,36.3430,140.0530,72,3.8,49.1,0.9,2.3,107
2017/06/18 22:33:00,33.1250,132.0550,50,3.7,17.5,0.4,2.0,38
2017/06/17 02:22:00,35.1650,135.6770,7,2.5,13.3,0.1,0.3,2
2017/06/16 22:40:00,31.8870,131.8320,28,4.6,15.4,1.0,2.5,42
2017/06/14 19:24:00,33.8000,133.4280,38,4.5,106.1,1.7,3.0,112
2017/06/13 23:31:00,28.1630,140.2180,441,4.7,1.3,0.1,0.2,1
2017/06/13 19:41:00,34.7320,139.3020,5,3.0,13.8,0.3,1.5,10
2017/06/13 13:22:00,38.7030,142.2670,39,4.0,21.5,0.4,1.7,33
2017/06/13 04:04:00,35.7920,140.0950,63,3.8,14.5,0.5,2.1,91
2017/06/12 20:45:00,39.9780,140.5430,4,3.3,90.3,1.7,3.3,13
2017/06/12 20:39:00,34.7420,139.2950,6,3.1,21.1,0.4,1.6,10
2017/06/12 18:34:00,35.5750,139.0020,24,3.1,52.2,0.6,2.0,18
2017/06/12 05:43:00,34.7370,139.2850,0,2.8,14.5,0.3,1.4,5
2017/06/10 21:05:00,40.8380,141.7430,72,4.2,30.6,0.6,2.0,44
2017/06/10 16:31:00,42.3520,144.8180,34,4.6,11.6,0.6,2.0,41
2017/06/10 04:34:00,40.1520,142.5020,32,4.5,12.1,0.6,1.9,77
2017/06/09 23:36:00,32.7170,130.0270,16,4.3,123.0,2.1,3.2,66
2017/06/08 09:25:00,35.6480,140.6750,51,4.7,22.7,2.0,2.8,56
2017/06/07 18:20:00,33.0420,131.0830,11,2.6,19.5,0.5,2.3,6
2017/06/07 03:03:00,32.5750,130.6650,11,3.1,15.6,0.3,1.5,10
2017/06/05 15:40:00,36.6480,139.4370,5,3.4,138.2,1.7,2.6,22
2017/06/04 23:28:00,32.5730,130.6670,11,3.5,36.7,0.7,1.9,25
2017/06/04 11:10:00,35.4530,140.4150,30,3.8,30.8,1.0,2.3,53
2017/06/04 09:56:00,35.4620,140.4150,30,4.4,51.1,1.5,2.6,61
2017/05/30 14:00:00,32.6870,130.7370,13,3.3,19.6,0.4,1.9,19
2017/05/29 20:32:00,35.8770,140.4870,35,3.1,11.8,0.3,1.2,15
2017/05/28 15:18:00,35.8020,139.6020,123,4.0,13.5,0.5,2.0,145
2017/05/27 22:50:00,36.0650,135.5430,17,5.1,26.1,0.9,2.3,234
2017/05/27 21:00:00,36.7220,138.5280,3,3.0,41.1,0.5,1.7,2
2017/05/27 20:59:00,36.7350,138.5330,0,4.4,116.0,1.9,3.0,31
2017/05/27 18:16:00,36.7200,138.5280,2,2.6,35.0,0.6,1.6,4
2017/05/26 02:33:00,42.0080,142.5830,64,4.1,6.5,0.2,1.4,43
2017/05/25 03:03:00,36.9220,141.1580,47,3.7,14.0,0.3,1.7,34
2017/05/23 18:23:00,35.9230,140.1100,60,3.7,13.5,0.3,1.5,51
2017/05/22 20:01:00,43.6470,147.6320,35,5.7,22.6,1.1,2.6,168
2017/05/22 18:42:00,34.7550,139.3000,0,2.7,7.4,0.2,1.2,2
2017/05/22 12:25:00,34.5380,139.4250,14,4.5,9.1,0.4,1.8,14
2017/05/19 13:11:00,36.4970,137.9120,11,2.5,16.8,0.3,0.8,2
2017/05/15 16:05:00,27.2580,130.0750,64,5.4,4.1,0.3,1.6,8
2017/05/15 12:48:00,32.6550,130.7130,9,2.7,19.5,0.5,1.9,7
2017/05/14 22:00:00,32.5300,130.6950,4,3.1,7.3,0.2,1.3,9
2017/05/14 12:00:00,32.7070,130.6280,11,2.6,3.5,0.1,0.5,1
2017/05/12 11:50:00,32.7670,130.7670,8,3.1,10.4,0.3,1.7,11
2017/05/12 05:54:00,24.8080,125.3720,49,4.3,26.0,0.6,2.1,2
2017/05/11 20:21:00,32.7330,130.6030,13,4.4,92.1,1.9,3.1,108
2017/05/11 14:19:00,31.2520,130.6220,9,3.3,31.0,0.4,1.6,9
2017/05/11 08:09:00,33.1970,132.2320,41,3.4,6.8,0.2,1.5,16
2017/05/10 23:11:00,35.3920,136.8570,42,3.9,26.0,0.8,2.0,92
2017/05/10 10:17:00,32.6880,130.7080,17,3.3,25.1,0.5,2.0,19
2017/05/10 05:18:00,35.2200,132.6850,8,3.2,86.9,2.1,3.1,10
2017/05/10 04:15:00,25.8520,124.9730,105,5.0,8.4,0.2,1.4,4
2017/05/09 10:54:00,24.3770,126.3250,79,6.4,20.1,1.7,2.7,4
2017/05/08 13:57:00,34.0350,135.2520,5,2.3,20.6,0.2,0.6,2
2017/05/07 23:14:00,32.6470,131.0830,9,2.6,19.7,0.3,1.7,5
2017/05/07 21:36:00,32.6020,130.7330,9,2.9,20.9,0.4,1.9,5
2017/05/07 12:32:00,36.1550,138.0250,9,3.8,85.1,2.0,2.6,38
2017/05/07 05:00:00,36.4750,141.0970,44,3.9,21.5,0.4,2.0,44
2017/05/06 23:23:00,33.2700,140.7880,57,4.9,19.6,0.5,2.1,11
2017/05/06 17:18:00,39.7580,141.8420,60,3.9,43.2,0.7,2.2,62
2017/05/05 16:09:00,36.4970,137.9120,11,2.8,30.1,0.6,1.6,4
2017/05/05 14:26:00,34.0430,133.0600,15,3.7,27.5,0.4,1.5,28
2017/05/05 12:26:00,36.4970,137.9130,11,3.1,15.9,0.4,1.2,3
2017/05/05 03:03:00,32.8170,130.7000,7,2.6,1.1,0.0,-0.1,1
2017/05/04 14:22:00,32.6820,130.7550,11,4.1,94.0,2.9,3.5,95
2017/05/04 13:44:00,30.7850,131.5030,43,4.4,5.3,0.4,1.7,19
2017/05/04 13:08:00,32.5370,129.9380,12,3.4,10.9,0.2,1.0,12
2017/05/04 06:20:00,37.0520,140.5850,6,3.5,44.3,0.5,1.7,14
2017/05/03 22:19:00,35.2900,139.0130,0,2.6,6.9,0.2,1.1,4
2017/05/03 00:01:00,33.5080,133.9830,34,3.6,12.7,0.2,1.1,26
2017/05/02 19:29:00,41.5830,141.9180,66,3.8,9.9,0.2,1.5,20
2017/05/01 06:24:00,42.6120,143.0980,103,3.9,12.8,0.5,1.9,31
2017/05/01 03:37:00,24.2450,123.8170,17,4.1,14.9,0.4,1.4,2
2017/04/30 23:42:00,42.3220,143.0700,53,5.4,101.3,4.4,3.9,202
2017/04/30 07:41:00,24.4330,124.1770,15,4.2,54.8,0.9,2.5,3
2017/04/30 05:23:00,30.7700,131.4680,40,4.7,7.5,0.6,2.1,24
2017/04/29 21:32:00,30.7770,131.4820,44,5.6,38.0,1.9,3.2,77
2017/04/29 14:55:00,35.2530,140.2850,13,3.7,17.6,0.5,1.8,26
2017/04/24 22:58:00,34.8970,137.9080,34,3.9,40.8,0.8,2.4,67
2017/04/24 14:36:00,34.9970,136.8680,14,3.4,24.3,0.3,1.2,22
2017/04/24 03:43:00,41.9680,143.2100,45,4.3,27.5,0.9,2.4,29
2017/04/23 19:09:00,37.0950,141.3770,32,4.3,19.8,0.7,2.5,51
2017/04/23 15:37:00,46.3070,142.2020,14,5.3,10.2,0.9,2.3,27
2017/04/20 20:41:00,43.9880,148.4700,0,5.2,7.0,0.3,1.5,47
2017/04/20 04:46:00,36.6950,140.5900,9,4.2,257.7,4.4,3.7,108
2017/04/20 02:15:00,37.3220,141.9130,36,4.8,13.6,0.4,2.0,95
2017/04/20 02:13:00,36.7020,140.6420,6,4.5,72.4,1.6,3.0,105
2017/04/19 15:16:00,35.3920,133.8550,5,2.8,26.0,0.7,1.8,3
2017/04/19 14:17:00,34.0350,135.2720,6,2.6,7.4,0.1,0.2,2
2017/04/19 12:46:00,32.7220,130.0230,16,4.2,81.0,0.9,2.6,60
2017/04/19 12:00:00,32.7180,130.0270,16,3.1,20.6,0.3,1.4,8
2017/04/19 11:56:00,32.7180,130.0270,16,2.9,18.7,0.3,1.2,7
2017/04/18 02:39:00,34.5750,140.2100,79,4.3,18.1,0.6,2.2,58
2017/04/17 22:30:00,32.7780,130.7180,6,2.3,2.0,0.1,0.1,1
2017/04/16 14:32:00,36.4970,137.9130,11,3.2,34.4,0.6,1.7,8
2017/04/16 04:24:00,41.1220,142.5680,32,4.4,21.8,0.6,2.5,50
2017/04/15 00:46:00,35.6570,140.0620,68,3.9,16.4,0.3,1.8,109
2017/04/15 00:36:00,36.8150,138.7270,4,3.2,18.4,0.3,1.4,14
2017/04/14 23:28:00,36.8250,138.7230,5,3.2,10.3,0.2,0.9,13
2017/04/14 23:01:00,36.8170,138.7280,5,3.9,29.6,1.1,2.1,41
2017/04/14 09:10:00,37.6700,139.9380,8,2.4,11.5,0.1,0.4,2
2017/04/13 08:16:00,37.2730,139.9880,10,2.8,14.1,0.2,1.2,5
2017/04/13 02:15:00,33.8180,135.3720,22,3.8,67.2,1.3,2.1,46
2017/04/12 22:55:00,28.7170,130.2350,53,4.8,8.6,0.6,2.2,4
2017/04/12 16:40:00,34.3220,134.7900,15,3.3,12.8,0.2,1.3,9
2017/04/12 03:27:00,32.7680,130.8150,12,3.2,19.4,0.3,1.8,15
2017/04/12 03:10:00,36.1600,140.1000,54,4.6,91.7,2.7,3.4,205
2017/04/11 06:31:00,32.7320,130.7580,11,3.4,13.6,0.5,1.9,24
2017/04/10 21:37:00,35.7530,140.8870,11,3.9,18.1,0.7,1.8,28
2017/04/10 06:05:00,38.3280,141.8820,62,3.7,34.3,0.4,1.6,44
2017/04/10 03:10:00,38.3180,141.7900,58,4.4,89.6,0.9,2.6,125
2017/04/09 21:39:00,32.7670,130.7680,8,3.6,41.0,1.2,2.7,29
2017/04/09 18:14:00,37.2070,138.5650,9,2.7,6.0,0.1,0.8,2
2017/04/09 07:20:00,37.5080,141.5700,45,5.0,24.9,1.3,2.7,159
2017/04/09 01:44:00,32.6570,130.6930,9,2.9,39.9,1.1,2.4,6
2017/04/08 23:17:00,32.7520,140.2320,43,4.5,3.3,0.1,0.8,4
2017/04/08 20:42:00,35.3980,133.9100,8,3.2,9.3,0.2,1.1,10
2017/04/08 16:50:00,35.8950,138.1370,5,3.5,106.1,2.3,3.3,30
2017/04/06 19:52:00,36.8250,138.7230,5,3.6,19.2,0.3,1.5,25
2017/04/06 19:05:00,36.8250,138.7250,5,3.8,20.3,0.6,1.8,34
2017/04/06 05:00:00,39.6330,142.1080,48,4.1,80.7,1.2,2.7,51
2017/04/04 10:08:00,36.4430,137.8350,4,2.8,11.4,0.2,0.7,5
2017/04/04 07:00:00,32.5520,130.7120,7,3.0,14.7,0.3,1.6,8
2017/04/02 00:41:00,35.4070,140.3400,31,3.0,18.7,0.5,1.6,13
2017/04/02 00:40:00,40.3570,142.0900,51,3.7,22.1,0.4,1.9,20
2017/04/01 21:51:00,39.3650,140.6380,8,3.1,5.0,0.1,0.6,12
2017/04/01 20:28:00,36.6970,140.6470,6,3.8,97.2,2.2,3.1,59
2017/04/01 19:43:00,37.3120,136.7680,5,3.6,6.9,0.2,0.9,11
2017/03/30 08:34:00,32.9970,131.1900,8,2.8,14.4,0.3,1.9,5
2017/03/30 00:50:00,32.7970,130.6720,10,2.5,7.8,0.1,0.5,3
2017/03/29 00:30:00,32.4320,130.5920,10,3.0,16.7,0.2,0.7,12
2017/03/28 19:25:00,33.6980,135.4600,12,3.9,41.5,0.8,2.2,41
2017/03/28 18:28:00,33.6980,135.4620,12,3.3,43.7,0.6,1.5,11
2017/03/28 17:34:00,37.2380,141.2470,26,4.2,23.9,0.5,1.7,29
2017/03/27 20:22:00,36.6970,140.6480,6,3.6,41.6,0.8,2.2,30
2017/03/27 14:31:00,36.7170,140.6270,7,3.8,44.8,0.9,2.6,39
2017/03/27 02:56:00,32.9480,131.0570,8,3.0,33.5,0.5,1.9,10
2017/03/25 23:47:00,35.3270,133.7200,4,2.9,14.0,0.5,1.6,6
2017/03/25 01:43:00,26.8350,127.1980,87,5.1,54.5,2.1,3.1,9
2017/03/24 01:29:00,36.0620,139.9370,45,3.9,28.4,1.0,2.4,104
2017/03/23 17:52:00,38.4250,141.8370,58,3.8,26.5,0.4,1.7,38
2017/03/22 23:47:00,36.6400,140.9370,48,3.8,31.5,1.0,2.4,34
2017/03/22 22:50:00,35.6970,140.6300,50,3.6,13.2,0.5,1.8,27
2017/03/22 09:21:00,37.2720,141.5670,34,4.5,11.1,0.4,2.0,73
2017/03/21 14:35:00,33.6720,131.0100,8,3.1,50.9,0.4,1.6,12
2017/03/19 14:31:00,32.9930,131.1850,9,2.8,15.2,0.4,1.9,6
2017/03/17 22:00:00,36.0180,140.3750,55,3.6,9.2,0.3,1.6,34
2017/03/17 15:57:00,30.4000,130.5730,60,4.9,57.9,0.8,2.4,33
2017/03/17 15:03:00,36.0600,137.5700,8,3.2,59.5,1.7,3.2,13
2017/03/17 12:20:00,32.9570,131.0800,10,3.4,18.2,0.5,2.1,13
2017/03/16 15:49:00,26.6880,127.8300,58,3.9,20.5,0.4,1.9,7
2017/03/15 16:30:00,35.7380,140.6830,50,3.7,11.5,0.4,1.7,25
2017/03/14 12:57:00,42.8150,142.7000,82,4.7,21.0,1.5,2.9,140
2017/03/14 03:54:00,35.8400,140.9200,33,3.8,23.1,0.4,1.7,33
2017/03/13 14:33:00,33.6850,130.2830,15,3.5,12.9,0.3,1.5,15
2017/03/13 14:13:00,35.8000,140.9850,30,3.6,15.0,0.4,1.4,14
2017/03/12 18:44:00,37.5150,141.3280,53,3.8,21.5,0.4,1.7,24
2017/03/12 04:57:00,37.5120,141.5420,46,5.4,83.8,6.8,3.7,269
2017/03/12 03:49:00,30.9880,130.4180,136,5.1,32.1,1.9,3.0,83
2017/03/11 21:10:00,31.3830,130.6180,10,3.9,68.8,1.4,3.0,28
2017/03/11 12:18:00,32.6280,130.6380,11,2.4,11.2,0.1,0.8,2
2017/03/11 06:39:00,33.7830,134.9930,43,3.7,11.1,0.2,1.0,23
2017/03/10 16:15:00,38.2100,141.7600,55,3.8,18.3,0.3,1.4,38
2017/03/10 11:23:00,43.9620,144.9920,6,3.4,49.2,0.9,2.7,11
2017/03/10 09:49:00,43.9580,145.0000,5,3.5,31.2,0.6,2.3,12
2017/03/10 05:49:00,36.0120,137.4270,6,2.6,78.3,0.8,2.2,5
2017/03/08 04:51:00,39.9470,143.2320,16,4.6,6.9,0.3,1.5,44
2017/03/08 01:08:00,41.4820,141.9780,65,5.2,34.8,1.0,2.7,171
2017/03/07 21:23:00,35.7930,136.9200,10,3.3,57.8,0.8,2.2,18
2017/03/07 18:45:00,42.4020,144.7870,44,4.2,8.3,0.4,1.7,20
2017/03/06 09:45:00,32.6970,130.7100,16,3.1,17.6,0.3,1.5,12
2017/03/06 06:11:00,37.0780,140.5370,5,2.6,62.6,0.6,1.7,4
2017/03/06 05:26:00,32.5650,130.7000,10,3.9,37.5,1.0,2.6,68
2017/03/05 19:04:00,37.1900,141.4320,29,4.6,38.3,1.6,3.0,63
2017/03/05 13:18:00,35.7880,141.0720,26,3.9,8.7,0.3,1.3,16
2017/03/05 10:19:00,35.7350,140.7200,52,4.7,20.1,1.0,2.4,100
2017/03/05 08:53:00,36.0070,137.3450,6,3.1,20.3,0.5,2.1,13
2017/03/05 02:16:00,32.5880,130.7300,10,3.7,19.3,0.5,2.2,39
2017/03/04 11:02:00,26.2700,127.8050,18,3.5,20.1,0.4,1.4,3
2017/03/03 17:27:00,43.0770,145.4780,93,4.9,70.9,2.2,3.0,83
2017/03/03 15:27:00,32.6520,132.1330,36,3.9,7.0,0.3,1.5,23
2017/03/03 00:08:00,32.6070,132.1150,37,3.9,39.1,0.6,2.3,32
2017/03/02 23:53:00,32.6450,132.1320,37,5.3,155.6,6.3,4.1,191
2017/03/01 20:00:00,34.3970,131.6450,14,3.6,11.1,0.2,1.2,21
2017/03/01 15:43:00,37.5230,141.4530,49,4.9,68.2,3.7,3.3,143
2017/02/28 16:49:00,37.5130,141.3670,52,5.7,234.2,11.6,4.6,428
2017/02/28 11:40:00,36.7020,140.5870,9,3.0,52.6,0.6,1.9,10
2017/02/28 11:13:00,44.8250,141.8420,24,3.1,14.7,0.7,2.1,4
2017/02/28 08:50:00,31.9280,131.2320,15,3.7,43.5,1.3,2.7,23
2017/02/28 01:18:00,24.2250,122.8830,50,4.8,1.4,0.1,0.5,1
2017/02/28 00:42:00,32.4970,130.5570,11,3.6,26.9,0.5,1.7,43
2017/02/27 18:10:00,42.3480,143.0480,52,4.7,50.1,1.9,3.1,118
2017/02/27 15:21:00,43.4150,145.8320,67,4.3,14.9,0.3,1.8,36
2017/02/27 14:19:00,37.2500,141.5450,33,4.5,11.7,0.3,1.7,63
2017/02/27 08:26:00,35.8350,140.9020,31,3.7,22.9,0.7,1.8,24
2017/02/27 06:38:00,42.3270,143.0120,53,3.9,14.0,0.3,1.4,30
2017/02/27 03:09:00,37.3730,141.3200,47,3.8,36.8,0.4,1.7,36
2017/02/27 00:03:00,37.0670,141.1800,50,4.9,117.8,4.3,3.6,237
2017/02/26 23:54:00,37.1680,141.1780,62,4.2,32.1,0.6,2.3,93
2017/02/26 20:34:00,40.3520,142.0820,50,3.8,19.2,0.3,1.8,23
2017/02/26 05:14:00,35.4230,133.8330,9,3.0,123.9,1.3,2.5,6
2017/02/26 05:11:00,36.2000,139.8020,56,4.0,40.4,0.6,2.2,117
2017/02/25 13:52:00,38.7220,142.2600,39,4.5,22.4,0.3,1.7,59
2017/02/25 10:18:00,36.0730,139.8830,46,3.6,12.1,0.3,1.5,59
2017/02/24 20:32:00,32.7450,130.6550,11,3.1,4.2,0.1,0.7,13
2017/02/24 19:53:00,34.1630,135.1900,6,2.9,15.9,0.2,0.9,4
2017/02/23 13:01:00,33.8100,135.1200,48,3.7,11.0,0.2,1.3,24
2017/02/23 03:13:00,32.6470,132.1330,36,3.6,8.0,0.2,1.0,16
2017/02/22 18:53:00,36.7020,140.6400,6,3.7,29.7,0.6,2.0,24
2017/02/22 18:12:00,32.7950,130.6720,10,3.4,14.7,0.3,1.7,20
2017/02/21 19:41:00,35.5870,138.2850,14,3.3,18.8,0.3,1.1,16
2017/02/19 18:19:00,35.7300,140.6630,52,5.4,137.6,11.4,4.3,246
2017/02/19 15:02:00,37.7080,141.7800,65,4.2,25.8,0.9,2.1,58
2017/02/19 07:21:00,36.7470,140.5730,11,3.6,75.6,0.8,2.3,36
2017/02/18 19:42:00,33.9000,131.3680,12,3.7,52.2,0.8,2.4,23
2017/02/17 10:18:00,24.8170,125.3800,50,4.4,11.0,0.4,1.6,2
2017/02/17 06:20:00,38.6980,141.4870,69,3.5,30.9,0.5,2.1,37
2017/02/16 14:32:00,43.9620,144.9970,6,2.9,3.6,0.1,0.2,3
2017/02/15 00:09:00,36.6950,140.6580,5,2.7,5.4,0.1,0.8,2
2017/02/12 22:37:00,40.1600,142.3650,36,4.8,25.5,1.8,3.0,117
2017/02/12 05:24:00,34.9350,135.4600,9,3.0,36.4,0.5,1.9,10
2017/02/11 16:31:00,32.7550,130.8280,13,3.3,17.5,0.3,1.6,18
2017/02/11 06:39:00,37.0950,141.3520,32,4.4,28.9,0.8,2.5,58
2017/02/11 06:05:00,37.1770,141.7180,41,5.4,83.8,2.1,3.3,233
2017/02/11 01:09:00,38.3120,142.0550,37,4.1,68.0,0.8,2.3,62
2017/02/10 00:00:00,36.7020,140.6380,6,3.3,24.3,0.5,1.9,12
2017/02/09 14:07:00,36.4580,141.0980,45,4.0,41.0,0.8,2.5,66
2017/02/09 11:11:00,28.0030,130.2330,34,4.3,3.2,0.2,1.3,2
2017/02/08 22:01:00,44.4080,141.6330,11,3.1,8.7,0.2,1.5,2
2017/02/08 21:15:00,32.7870,129.2800,9,4.1,46.4,0.9,2.5,8
2017/02/08 09:06:00,37.2120,141.4430,29,4.2,5.5,0.2,0.9,13
2017/02/08 03:19:00,33.4320,134.6480,36,4.2,23.8,0.5,2.0,36
2017/02/07 22:03:00,41.5580,142.0550,65,3.7,2.9,0.1,0.6,8
2017/02/07 20:03:00,36.7070,140.6330,6,4.4,105.4,3.4,3.2,92
2017/02/06 23:57:00,36.7030,140.6370,6,2.7,14.5,0.3,1.3,3
2017/02/06 15:24:00,35.7850,141.0520,27,3.9,22.7,0.6,1.7,24
2017/02/06 11:27:00,38.5280,141.8100,50,4.1,73.9,0.9,2.3,55
2017/02/03 23:15:00,37.1880,141.4800,27,4.9,10.0,0.4,1.7,60
2017/02/03 20:58:00,36.2230,140.9400,47,3.9,18.1,0.4,1.7,51
2017/02/03 02:38:00,35.4030,140.4070,59,3.5,14.1,0.2,1.4,31
2017/02/02 20:05:00,27.4450,128.6720,43,3.9,15.1,0.3,1.5,4
2017/02/02 03:11:00,27.9950,130.2650,34,4.3,3.2,0.2,1.4,2
2017/02/01 15:46:00,36.7320,140.6470,7,3.1,20.0,0.3,1.1,5
2017/02/01 12:42:00,34.9330,135.3650,8,3.0,33.3,0.4,1.7,6
2017/01/30 15:49:00,38.6470,141.9180,58,3.9,48.5,0.6,2.0,37
2017/01/29 03:27:00,40.2250,142.3450,36,4.2,45.0,1.1,2.9,83
2017/01/29 03:01:00,36.7600,140.5680,9,3.1,59.3,0.7,1.6,20
2017/01/29 02:43:00,36.7750,140.5670,9,3.4,51.6,0.7,2.2,28
2017/01/28 22:40:00,39.7600,140.7670,151,5.0,78.7,2.5,3.4,206
2017/01/28 05:02:00,33.9230,133.7300,45,3.9,63.8,1.1,2.5,74
2017/01/26 23:34:00,32.4850,130.6280,9,3.9,34.1,0.8,2.2,59
2017/01/26 17:06:00,40.1650,142.4550,36,5.2,39.6,1.5,3.0,137
2017/01/23 15:11:00,45.3850,142.3300,0,3.4,14.4,0.4,1.8,7
2017/01/23 00:25:00,37.2580,141.5380,30,4.2,9.1,0.2,1.6,32
2017/01/22 21:13:00,42.0280,142.5950,64,4.1,9.4,0.3,1.7,35
2017/01/22 03:11:00,41.0670,142.4420,37,4.5,38.2,1.1,3.0,89
2017/01/21 20:54:00,40.5570,142.5380,29,4.5,22.3,0.5,2.1,72
2017/01/21 17:39:00,33.0030,130.7600,10,3.0,18.3,0.3,1.5,12
2017/01/21 00:16:00,24.8250,125.3780,50,3.9,17.7,0.3,1.2,2
2017/01/19 21:17:00,40.0230,142.2680,20,4.2,6.9,0.3,1.3,36
2017/01/18 22:12:00,37.0920,139.3170,7,3.2,37.8,0.4,1.7,7
2017/01/18 20:21:00,34.2800,135.3920,8,3.3,43.3,0.6,1.6,10
2017/01/18 17:19:00,36.4280,140.6420,53,4.2,89.7,2.3,3.4,151
2017/01/18 14:56:00,36.1330,139.8370,50,3.5,11.4,0.2,1.4,43
2017/01/18 00:28:00,41.5480,142.0630,65,3.8,3.0,0.1,0.3,9
2017/01/17 15:36:00,37.7430,139.9200,8,3.3,99.3,1.6,2.5,13
2017/01/14 08:59:00,41.5570,140.3950,6,2.4,7.0,0.1,1.0,1
2017/01/14 06:25:00,34.2270,135.1900,6,2.7,90.4,1.1,1.8,2
2017/01/13 21:28:00,26.6630,127.7580,47,4.0,11.4,0.7,1.9,6
2017/01/13 12:25:00,35.7330,140.6130,50,4.9,42.4,2.2,3.1,104
2017/01/13 08:41:00,37.4370,139.6950,5,3.5,42.8,0.8,1.9,24
2017/01/12 09:36:00,36.1230,140.0780,64,3.9,20.0,0.3,1.7,73
2017/01/12 02:12:00,37.1280,141.3070,33,3.8,12.9,0.4,1.7,20
2017/01/11 19:11:00,32.9020,130.8570,9,3.4,44.4,1.4,2.7,19
2017/01/11 09:06:00,37.4550,140.7720,90,4.1,20.2,0.3,1.9,88
2017/01/10 06:52:00,35.7950,136.9180,10,3.8,178.6,3.2,3.1,51
2017/01/09 14:03:00,36.6920,140.6380,5,3.4,17.6,0.3,1.8,12
2017/01/09 05:41:00,35.6930,138.7200,12,3.3,76.9,1.0,2.1,33
2017/01/08 13:15:00,36.8780,140.9850,55,4.3,45.3,0.8,2.5,95
2017/01/06 21:42:00,32.1580,130.5400,4,2.3,5.1,0.1,0.5,3
2017/01/06 15:09:00,37.1170,141.3380,28,4.0,8.3,0.2,1.3,26
2017/01/06 11:12:00,32.5820,130.7100,8,3.3,10.3,0.3,1.4,18
2017/01/06 11:03:00,32.5800,130.7100,8,3.0,8.8,0.2,1.3,6
2017/01/06 02:39:00,38.7080,142.2780,39,4.4,25.0,0.4,1.7,75
2017/01/05 17:35:00,39.5030,140.4280,9,2.7,6.7,0.1,1.0,2
2017/01/05 17:34:00,38.8670,141.6370,61,3.4,19.2,0.3,1.3,26
2017/01/05 17:16:00,32.5580,130.6470,8,3.3,16.0,0.4,1.7,17
2017/01/05 02:53:00,37.1220,141.3580,26,5.6,102.3,8.1,4.0,311
2017/01/05 02:39:00,32.7120,130.6300,12,2.9,5.0,0.2,0.9,3
2017/01/05 00:44:00,36.8620,140.9780,56,5.3,178.1,6.7,4.3,348
2017/01/04 03:22:00,32.7780,130.6780,10,2.7,4.8,0.1,1.1,4
2017/01/03 21:13:00,38.7000,142.2450,39,4.2,38.0,0.5,2.0,69
2017/01/03 13:38:00,30.5670,131.2280,30,4.5,10.7,0.5,1.9,13
2017/01/03 06:24:00,41.1930,142.0300,58,4.5,25.7,0.5,2.1,70
2017/01/03 03:35:00,34.0200,136.4720,385,5.1,10.9,0.3,1.6,95
2017/01/03 01:11:00,38.9600,142.5500,53,4.4,35.9,0.6,2.2,85
2017/01/02 01:59:00,32.4930,130.6080,13,3.2,17.1,0.2,1.0,17
2017/01/01 07:07:00,36.7420,140.6130,7,3.7,90.6,1.1,2.4,47
2017/01/01 01:46:00,32.7350,130.3950,11,3.6,14.1,0.5,1.8,35
2016/12/31 15:48:00,36.8000,140.5470,12,3.8,56.9,1.1,2.5,63
2016/12/31 05:08:00,37.3550,141.4080,27,5.4,91.4,2.3,3.3,241
2016/12/30 20:54:00,36.7570,140.5750,10,3.9,116.1,1.7,2.9,55
2016/12/30 17:33:00,38.8900,141.9700,49,3.8,26.8,0.5,1.8,34
2016/12/30 15:01:00,36.7330,140.6320,6,3.0,38.2,0.4,1.6,4
2016/12/29 13:41:00,36.7800,140.5570,8,4.0,133.7,2.3,3.2,80
2016/12/29 02:37:00,36.6970,140.6400,5,3.2,20.1,0.3,1.8,11
2016/12/28 23:27:00,36.6970,140.5850,9,3.2,131.7,1.5,2.4,14
2016/12/28 21:57:00,36.7920,140.5670,6,3.6,283.1,5.9,3.4,29
2016/12/28 21:53:00,36.7100,140.6350,6,4.7,142.5,4.5,3.6,124
2016/12/28 21:46:00,36.7480,140.5850,9,3.6,109.3,1.9,2.7,29
2016/12/28 21:41:00,36.7780,140.5920,6,3.4,17.3,0.6,1.6,16
2016/12/28 21:38:00,36.7200,140.5730,11,6.3,886.7,36.0,5.7,482
2016/12/28 19:29:00,36.0480,139.9250,44,3.5,28.5,0.4,1.5,33
2016/12/28 05:12:00,32.4970,129.2150,3,4.4,6.7,0.3,1.5,35
2016/12/27 20:31:00,35.4150,133.8370,14,3.5,56.1,1.2,2.7,44
2016/12/27 19:45:00,37.2300,141.4570,32,4.2,9.6,0.2,1.1,29
2016/12/26 18:38:00,36.7800,140.5700,8,3.5,88.9,1.5,2.6,24
2016/12/26 09:49:00,33.7370,133.9100,10,3.6,45.1,0.8,2.4,31
2016/12/26 04:52:00,35.9980,139.9250,41,4.2,48.9,1.3,2.9,150
2016/12/26 02:31:00,36.9400,139.4080,5,2.7,34.4,0.5,2.0,7
2016/12/25 01:15:00,44.8370,141.8580,26,3.3,24.7,1.0,2.2,7
2016/12/24 20:47:00,35.6300,140.0420,70,3.8,10.2,0.3,1.6,78
2016/12/24 16:04:00,38.8450,142.1130,44,3.8,42.4,0.5,2.1,34
2016/12/24 02:25:00,36.7270,141.8520,40,5.1,13.6,1.4,2.5,153
2016/12/23 11:27:00,37.3470,141.6350,34,4.5,17.5,0.6,2.3,69
2016/12/20 14:02:00,31.3920,130.6130,9,3.0,17.8,0.3,1.7,11
2016/12/20 01:41:00,37.3080,141.6380,33,5.5,25.1,2.1,3.0,197
2016/12/19 16:21:00,36.4320,140.6800,52,3.8,48.5,0.7,2.1,53
2016/12/19 05:12:00,37.2050,141.4870,31,4.2,7.1,0.2,1.4,33
2016/12/18 16:57:00,35.4150,133.8370,13,2.9,53.9,0.7,1.6,6
2016/12/18 16:55:00,35.4150,133.8350,14,3.6,178.0,2.4,2.6,23
2016/12/15 14:27:00,35.8180,140.9100,12,4.2,16.5,0.5,1.7,42
2016/12/13 04:55:00,32.6600,130.7220,8,2.0,4.0,0.1,0.7,1
2016/12/11 17:34:00,44.8350,141.8530,26,3.2,21.0,1.0,2.2,7
2016/12/11 15:30:00,44.8330,141.8620,26,2.8,10.9,0.5,1.7,7
2016/12/11 04:58:00,35.4400,133.8250,11,3.2,47.6,0.4,1.3,9
2016/12/10 13:45:00,40.1170,142.4530,34,4.8,56.4,1.4,3.3,115
2016/12/10 09:09:00,35.1600,132.5620,9,3.2,23.9,0.6,2.0,12
2016/12/10 00:58:00,32.5950,130.6580,13,3.0,12.7,0.2,1.1,9
2016/12/09 03:14:00,44.0470,145.0700,1,2.5,11.1,0.3,1.5,1
2016/12/08 19:58:00,43.5430,140.7200,11,4.5,12.8,0.4,1.8,53
2016/12/08 19:15:00,37.1420,141.2630,63,3.8,14.2,0.2,1.4,43
2016/12/08 17:15:00,37.3850,141.5620,29,5.0,22.7,0.7,2.5,123
2016/12/08 13:25:00,38.6170,141.8950,48,4.0,36.1,0.5,1.8,35
2016/12/08 12:18:00,25.0500,125.6600,66,4.9,29.1,1.1,2.3,2
2016/12/07 19:15:00,40.9250,141.2080,10,2.7,18.3,0.5,2.0,3
2016/12/07 08:17:00,38.2370,141.7200,50,3.8,72.9,0.5,1.7,36
2016/12/07 06:12:00,36.9400,139.4080,6,2.7,23.1,0.3,1.7,6
2016/12/07 01:46:00,32.5230,130.6220,3,2.9,47.2,1.4,2.7,5
2016/12/06 23:22:00,28.4220,129.4720,9,3.8,16.3,0.3,1.4,3
2016/12/06 20:38:00,34.9300,134.9250,11,3.4,37.9,0.3,1.1,12
2016/12/06 12:12:00,32.5350,130.6800,13,3.6,31.2,0.4,1.9,40
2016/12/06 09:51:00,36.0080,137.3420,5,3.0,18.3,0.3,1.4,10
2016/12/06 09:05:00,36.0070,137.3430,5,4.5,276.4,8.8,4.8,94
2016/12/05 15:29:00,37.3430,141.6500,32,4.3,6.3,0.2,1.1,25
2016/12/05 11:52:00,32.5670,130.7230,9,3.7,34.5,0.8,2.4,39
2016/12/05 11:20:00,34.8650,139.6800,33,3.8,51.0,0.9,2.4,33
2016/12/05 05:43:00,37.7450,141.4450,61,4.0,9.6,0.4,1.8,45
2016/12/05 02:48:00,38.6900,141.6750,67,3.7,57.1,0.8,2.0,38
2016/12/04 23:53:00,44.9150,141.7780,18,2.9,24.8,0.9,2.2,4
2016/12/04 20:42:00,37.1950,141.5280,36,4.6,15.0,0.5,2.2,106
2016/12/04 18:47:00,32.6630,130.7330,11,2.5,8.3,0.2,1.1,1
2016/12/04 14:36:00,37.1800,141.5000,29,4.9,21.4,0.8,2.6,88
2016/12/04 14:33:00,37.1600,141.4980,27,4.7,13.8,0.5,2.1,56
2016/12/04 08:34:00,37.1580,141.4870,28,4.7,9.1,0.3,1.9,57
2016/12/03 08:29:00,35.9120,137.6500,6,2.6,62.7,0.8,1.8,6
2016/12/03 05:16:00,35.6100,140.0420,72,3.8,7.6,0.3,1.7,64
2016/12/02 18:56:00,32.2350,130.4280,2,2.3,7.8,0.2,1.1,3
2016/12/02 15:34:00,32.6820,130.7430,12,3.1,13.7,0.4,1.8,12
2016/12/02 08:03:00,37.3830,141.6320,27,4.6,7.3,0.2,1.2,38
2016/12/02 06:19:00,32.8280,130.8130,8,3.6,76.7,1.6,3.2,22
2016/12/02 02:43:00,32.6920,130.7070,14,3.1,5.6,0.2,1.2,9
2016/12/01 19:07:00,35.4120,133.8420,7,2.3,66.3,0.8,1.7,2
2016/12/01 15:10:00,35.4330,133.9870,7,3.1,6.2,0.3,1.5,6
2016/12/01 11:57:00,32.7030,130.6700,12,2.9,6.2,0.1,0.9,7
2016/12/01 11:12:00,37.2370,141.5620,34,4.2,14.1,0.4,2.0,59
2016/11/29 12:46:00,39.6320,142.1030,48,3.9,39.3,0.5,1.8,38
2016/11/29 10:02:00,39.7570,141.8400,59,4.0,49.9,0.9,2.6,56
2016/11/29 09:26:00,39.9120,143.3230,13,4.8,6.3,0.6,2.0,47
2016/11/29 02:33:00,32.8580,130.8350,14,2.9,7.7,0.2,1.1,9
2016/11/28 21:30:00,43.2180,145.0650,78,3.4,15.1,0.5,1.8,16
2016/11/28 07:17:00,37.1970,141.3880,33,4.3,20.8,0.6,2.3,86
2016/11/27 21:50:00,37.3230,141.5730,35,4.6,32.2,0.9,2.3,84
2016/11/26 03:52:00,33.2030,132.1220,47,3.8,12.9,0.5,2.1,49
2016/11/25 17:22:00,44.8350,141.8470,27,4.6,141.8,7.0,4.0,54
2016/11/25 10:11:00,32.9600,131.0730,10,3.1,20.1,0.3,1.7,10
2016/11/24 09:35:00,31.7770,138.3620,365,5.3,9.6,0.5,2.0,106
2016/11/24 06:23:00,37.1730,141.3450,24,6.2,105.3,5.7,3.8,394
2016/11/24 02:33:00,35.3800,133.8730,8,2.9,30.0,0.7,1.7,6
2016/11/23 20:10:00,32.7380,130.6800,13,3.6,15.4,0.5,2.1,34
2016/11/23 11:18:00,40.6900,141.5470,118,3.9,11.1,0.3,1.6,40
2016/11/23 03:45:00,34.5420,140.0670,101,4.5,26.5,1.4,2.7,49
2016/11/23 02:53:00,25.3620,125.1480,72,4.7,23.7,0.5,1.7,2
2016/11/22 23:04:00,37.1780,141.4430,28,5.7,81.8,5.1,3.9,278
2016/11/22 10:38:00,37.1600,141.4670,35,4.9,35.1,1.0,2.7,156
2016/11/22 10:15:00,32.9980,131.0480,8,3.2,12.3,0.3,1.7,11
2016/11/22 10:09:00,37.2670,141.5020,32,4.3,10.5,0.3,1.8,53
2016/11/22 08:40:00,37.2030,141.4720,31,4.8,20.3,1.0,2.6,126
2016/11/22 06:51:00,37.2530,141.5330,33,5.0,40.8,1.8,2.7,126
2016/11/22 06:39:00,37.2430,141.3770,22,5.7,24.2,1.8,2.8,201
2016/11/22 06:21:00,34.7200,137.0230,15,3.3,29.5,0.5,1.7,18
2016/11/22 06:10:00,37.2770,141.4820,35,5.0,31.5,1.0,2.8,204
2016/11/22 06:03:00,37.2900,141.5580,23,4.7,17.3,2.0,2.5,60
2016/11/22 05:59:00,37.3530,141.6030,25,7.4,255.7,29.1,5.2,723
2016/11/21 11:47:00,37.9220,141.6480,49,4.3,25.2,0.4,1.8,73
2016/11/21 10:56:00,35.3800,133.8730,8,2.9,32.7,0.6,1.5,4
2016/11/21 08:35:00,34.7770,136.4050,14,3.2,86.1,1.3,2.4,18
2016/11/21 06:59:00,35.8770,140.9600,17,5.0,56.9,2.4,3.1,192
2016/11/19 18:41:00,32.4930,129.2180,5,4.2,4.9,0.1,0.9,18
2016/11/19 17:50:00,34.9520,135.5650,8,2.6,47.8,0.6,1.8,6
2016/11/19 15:01:00,43.1400,146.1780,50,4.3,33.2,0.9,2.7,36
2016/11/19 11:48:00,33.8420,135.4630,51,5.4,411.1,7.8,4.5,374
2016/11/18 12:39:00,36.6570,140.6420,11,3.4,24.7,0.4,1.6,20
2016/11/18 10:19:00,33.7370,130.2330,14,4.2,29.9,0.6,2.0,59
2016/11/18 09:15:00,32.9100,131.0180,8,2.8,4.6,0.1,0.8,7
2016/11/17 21:42:00,35.3850,133.8820,8,3.8,35.7,0.8,2.0,47
2016/11/17 15:04:00,32.8020,130.7150,6,2.5,3.5,0.1,0.3,3
2016/11/17 01:01:00,35.6480,140.1620,66,4.2,12.1,0.7,2.0,106
2016/11/16 18:54:00,37.8880,141.5400,60,3.9,11.3,0.2,1.4,35
2016/11/16 17:17:00,35.4100,133.8430,6,2.4,49.5,0.9,1.7,1
2016/11/16 11:24:00,35.4150,133.9030,9,3.6,25.3,0.6,2.0,21
2016/11/15 22:47:00,43.4680,144.1350,2,2.7,17.1,0.4,1.8,2
2016/11/15 01:46:00,37.3050,137.0900,9,2.8,24.8,0.5,2.0,2
2016/11/15 01:15:00,35.9000,140.8620,43,4.6,72.6,2.7,2.7,107
2016/11/13 06:32:00,32.7880,130.6470,11,2.7,2.6,0.1,0.2,4
2016/11/12 21:19:00,35.4430,139.0130,22,3.3,39.8,0.4,1.8,20
2016/11/12 06:43:00,38.4630,141.6070,58,5.9,321.8,12.9,5.0,403
2016/11/12 02:55:00,32.6750,130.7420,12,3.2,14.4,0.4,1.8,10
2016/11/12 02:41:00,36.5980,139.6220,7,2.9,30.9,0.4,1.9,7
2016/11/11 10:12:00,32.7350,130.6650,12,4.2,58.1,2.2,3.3,84
2016/11/10 07:20:00,38.6900,142.2800,39,5.1,45.5,1.1,2.8,151
2016/11/09 20:08:00,32.6370,130.6670,7,2.4,5.9,0.1,0.7,2
2016/11/09 00:02:00,32.5230,130.6500,10,3.6,43.6,0.7,2.0,24
2016/11/08 21:43:00,36.3050,141.0700,47,4.2,13.2,0.3,1.6,61
2016/11/08 17:17:00,35.4170,133.8200,11,3.8,38.3,0.4,1.8,44
2016/11/08 10:27:00,32.2500,130.6780,4,2.9,14.4,0.3,1.5,5
2016/11/07 23:28:00,33.6680,131.0050,8,3.1,34.3,0.4,1.6,9
2016/11/07 10:15:00,45.0570,141.9550,18,2.9,9.7,0.4,1.7,6
2016/11/07 01:54:00,32.6950,130.6920,11,3.0,7.1,0.2,1.2,5
2016/11/06 20:17:00,33.6700,131.0070,8,3.6,69.8,1.0,2.5,30
2016/11/06 17:08:00,34.8650,135.5670,11,3.5,30.4,0.6,2.0,43
2016/11/06 11:33:00,32.6520,130.6980,9,3.1,11.2,0.3,1.5,8
2016/11/05 16:57:00,31.8000,131.9330,27,4.3,7.7,0.3,1.6,18
2016/11/04 09:16:00,32.7130,130.6070,12,2.8,6.7,0.1,0.7,3
2016/11/03 13:01:00,33.6850,134.0630,35,3.4,15.2,0.3,1.6,20
2016/11/02 14:33:00,40.0180,140.4670,6,4.2,64.5,1.9,3.1,69
2016/11/02 14:27:00,35.4330,133.8330,9,3.3,48.1,0.4,1.8,13
2016/11/02 12:13:00,40.0200,140.4680,7,2.9,29.2,0.3,1.6,7
2016/11/02 07:37:00,37.4500,141.8500,27,4.9,27.2,1.3,2.7,132
2016/11/01 20:21:00,35.4250,133.8300,9,2.7,133.7,1.4,2.1,2
2016/11/01 17:51:00,32.8080,130.7500,6,2.1,2.5,0.1,0.4,1
2016/11/01 16:59:00,37.0280,140.5700,9,3.5,45.4,0.7,2.3,32
2016/11/01 03:33:00,35.4300,133.8320,9,3.0,49.0,0.5,1.3,6
2016/11/01 02:32:00,32.5870,130.7270,7,2.8,9.9,0.2,1.3,4
2016/10/31 11:46:00,36.9600,138.6280,7,3.7,29.9,0.7,1.8,26
2016/10/30 08:37:00,32.6250,130.6420,11,2.8,11.6,0.2,1.2,5
2016/10/29 13:43:00,35.3870,133.8920,7,4.5,70.0,2.3,2.9,43
2016/10/29 06:57:00,25.7330,125.0700,22,5.3,5.9,0.4,1.5,2
2016/10/29 05:59:00,36.0230,137.5170,7,2.7,149.7,1.6,2.8,7
2016/10/26 19:12:00,35.8080,140.1100,64,4.1,13.4,0.6,2.1,144
2016/10/26 12:45:00,35.4350,133.9100,8,3.4,12.5,0.2,1.4,20
2016/10/26 07:31:00,35.4350,133.9280,8,3.0,6.2,0.1,0.8,9
2016/10/25 21:30:00,35.4300,133.8250,7,3.2,209.2,2.6,2.7,8
2016/10/25 20:12:00,34.6680,140.1100,62,4.5,112.4,4.3,3.7,50
2016/10/24 20:38:00,35.3820,133.8920,8,3.5,26.5,0.8,2.0,21
2016/10/24 20:05:00,35.3850,133.8820,9,3.8,116.5,2.0,3.0,44
2016/10/24 10:54:00,35.5770,140.9270,17,4.2,12.2,0.4,1.5,33
2016/10/24 05:25:00,43.7670,147.9670,0,6.0,11.2,0.5,2.1,56
2016/10/24 05:15:00,32.8020,130.6580,8,2.7,2.0,0.0,0.2,3
2016/10/24 02:55:00,35.4320,133.8220,7,2.9,273.6,3.6,2.9,5
2016/10/23 17:35:00,35.3730,133.7280,3,3.1,34.1,0.8,2.1,9
2016/10/23 17:20:00,30.3370,130.9570,12,2.9,10.4,0.3,1.5,2
2016/10/22 20:15:00,43.1480,145.9670,48,3.9,9.6,0.3,1.6,13
2016/10/22 06:17:00,35.4230,133.8220,11,4.0,97.7,1.0,2.2,70
2016/10/22 03:55:00,35.4080,133.8430,6,2.7,99.9,1.7,2.6,5
2016/10/22 03:33:00,32.7850,131.9350,55,4.4,53.1,2.8,3.4,113
2016/10/21 22:41:00,35.3950,133.8430,11,3.5,57.6,0.9,2.4,25
2016/10/21 22:03:00,35.4180,133.8270,10,3.9,104.7,1.0,2.0,35
2016/10/21 20:50:00,35.3980,133.8370,6,3.0,146.2,2.0,2.7,8
2016/10/21 19:20:00,35.4500,133.8230,8,3.6,60.1,1.5,2.5,23
2016/10/21 18:59:00,35.4250,133.8420,6,2.6,146.2,1.9,2.6,2
2016/10/21 18:35:00,35.3520,133.8830,11,3.8,87.7,2.0,2.7,38
2016/10/21 17:59:00,35.4300,133.8320,9,4.3,269.9,3.9,3.4,65
2016/10/21 17:51:00,35.4000,133.8350,6,3.3,97.6,1.2,2.5,14
2016/10/21 16:52:00,35.4100,133.8430,6,4.1,208.0,6.3,3.7,40
2016/10/21 16:21:00,35.4400,133.8320,9,4.3,132.6,2.0,3.0,38
2016/10/21 15:56:00,35.4250,133.8250,9,3.2,136.6,1.6,2.7,12
2016/10/21 15:27:00,35.4280,133.8400,7,3.5,83.5,1.3,2.7,19
2016/10/21 15:02:00,35.3620,133.8720,10,4.3,106.4,2.2,3.1,77
2016/10/21 14:53:00,35.3600,133.8670,9,5.0,141.2,3.2,3.4,190
2016/10/21 14:50:00,35.4080,133.8430,10,4.2,138.8,2.8,3.1,97
2016/10/21 14:47:00,35.4400,133.8330,8,3.7,7.7,0.1,0.7,18
2016/10/21 14:46:00,35.4420,133.8320,9,3.8,224.0,2.7,3.3,54
2016/10/21 14:33:00,35.4120,133.8370,5,4.4,688.7,14.8,4.3,45
2016/10/21 14:32:00,35.4150,133.8450,6,3.0,15.3,0.3,1.3,6
2016/10/21 14:30:00,35.4180,133.8350,10,4.4,440.6,8.7,3.9,123
2016/10/21 14:28:00,35.4180,133.8400,7,3.3,18.0,0.2,1.5,10
2016/10/21 14:25:00,35.4220,133.8380,7,3.3,158.3,2.6,3.0,10
2016/10/21 14:23:00,35.3680,133.8630,9,3.1,10.3,0.2,1.4,10
2016/10/21 14:19:00,35.4230,133.8320,7,3.5,148.5,1.3,2.5,26
2016/10/21 14:15:00,35.4350,133.8370,8,3.5,159.1,1.5,2.8,31
2016/10/21 14:10:00,35.4180,133.8400,10,3.7,13.9,0.3,1.5,23
2016/10/21 14:09:00,35.4220,133.8420,9,3.6,16.5,0.2,1.0,22
2016/10/21 14:07:00,35.3800,133.8550,11,6.6,1494.0,44.5,5.8,597
2016/10/21 12:12:00,35.3800,133.8530,10,4.2,115.3,2.4,3.1,73
2016/10/20 20:12:00,36.5930,139.2470,11,3.8,126.1,1.7,3.0,78
2016/10/20 11:50:00,35.8620,140.5230,37,5.3,173.5,7.9,4.1,220
2016/10/20 10:44:00,32.5400,132.3530,35,3.9,7.3,0.2,1.3,17
2016/10/19 23:40:00,36.1430,140.0780,49,3.9,48.7,1.0,2.4,110
2016/10/18 21:08:00,34.2030,135.1570,6,3.1,170.0,1.5,2.1,3
2016/10/18 16:22:00,27.4500,128.6500,43,4.0,21.1,0.4,1.8,4
2016/10/18 08:24:00,35.4070,133.8300,13,2.9,25.9,0.2,1.0,4
2016/10/18 01:02:00,32.5770,130.6430,12,3.5,38.1,0.8,2.1,30
2016/10/16 21:43:00,42.3630,143.1080,50,4.2,34.4,1.0,2.4,30
2016/10/16 18:31:00,37.0870,140.5920,14,3.6,60.0,1.1,2.6,31
2016/10/16 16:58:00,38.3300,141.5400,18,4.2,71.4,1.2,2.2,89
2016/10/16 16:37:00,38.3230,141.5270,20,5.2,314.9,4.1,3.5,234
2016/10/16 14:38:00,38.3230,141.5270,20,3.8,37.1,0.4,1.4,28
2016/10/15 21:55:00,32.5480,130.8130,5,2.2,4.2,0.1,0.3,2
2016/10/15 11:25:00,32.8080,130.6800,4,2.6,0.9,0.0,0.0,1
2016/10/15 09:38:00,32.8130,130.6820,5,3.3,3.6,0.2,1.2,5
2016/10/14 19:21:00,37.4670,142.1270,32,4.6,8.9,0.3,1.7,80
2016/10/14 03:56:00,35.3650,133.2920,10,2.9,17.4,0.2,1.0,15
2016/10/13 01:18:00,36.5320,140.9400,19,3.7,19.3,0.3,1.7,21
2016/10/12 22:32:00,32.8580,130.8450,10,2.6,15.5,0.3,1.4,6
2016/10/12 15:56:00,32.7000,130.6470,11,3.6,50.3,1.5,2.7,30
2016/10/12 08:05:00,34.2280,140.3100,63,4.4,21.0,0.5,2.1,51
2016/10/12 06:17:00,32.6530,130.6630,10,2.6,7.2,0.2,1.2,3
2016/10/12 04:02:00,42.3250,143.0420,50,5.0,80.4,2.2,3.2,198
2016/10/11 06:45:00,32.6770,130.7430,12,3.8,37.0,0.8,2.3,47
2016/10/11 01:00:00,37.8350,141.7900,51,4.0,22.5,0.4,2.0,70
2016/10/10 08:15:00,40.0220,140.4720,7,3.2,45.5,0.8,2.5,9
2016/10/10 07:15:00,36.3520,140.9230,46,3.8,22.9,0.4,2.0,55
2016/10/10 06:03:00,35.2970,134.2880,6,3.0,31.2,0.5,2.1,8
2016/10/10 03:54:00,32.5470,130.7380,9,3.8,25.3,1.1,2.8,54
2016/10/09 16:13:00,36.4500,140.5620,56,3.7,30.0,0.5,1.6,44
2016/10/09 03:36:00,42.8770,143.9230,115,3.9,33.1,0.8,2.4,46
2016/10/09 03:28:00,26.7370,127.5330,63,4.3,25.4,0.8,2.4,8
2016/10/08 07:36:00,40.0230,140.4670,7,2.7,49.5,0.7,2.2,4
2016/10/07 16:37:00,36.7130,140.6070,8,2.7,9.2,0.1,0.7,5
2016/10/07 09:14:00,41.9730,142.5600,63,4.2,8.3,0.3,1.8,33
2016/10/07 08:33:00,41.9400,140.9750,10,3.2,80.9,1.6,2.8,5
2016/10/06 23:32:00,34.0700,135.1480,6,2.8,24.7,0.3,1.4,2
2016/10/06 11:23:00,35.8700,140.5230,38,3.3,15.1,0.3,1.4,25
2016/10/05 16:30:00,32.8570,130.7470,7,2.6,3.0,0.1,0.2,2
2016/10/03 18:46:00,38.5330,142.0080,81,3.8,11.1,0.3,1.6,26
2016/10/03 17:48:00,41.9220,142.4370,67,4.5,26.6,1.3,2.5,113
2016/10/03 12:24:00,24.2620,123.6470,16,4.2,8.0,0.2,1.3,1
2016/10/02 10:08:00,34.9420,133.3450,16,3.6,136.9,1.3,2.3,46
2016/10/01 15:44:00,40.3570,142.0800,50,3.9,26.6,0.5,2.0,28
2016/10/01 13:50:00,41.9470,140.9800,10,2.8,25.7,0.6,2.1,2
2016/10/01 04:04:00,38.1820,141.8170,63,3.9,33.6,0.4,1.7,48
2016/09/29 20:57:00,37.4070,141.8720,29,4.8,15.9,0.3,1.8,61
2016/09/29 17:58:00,32.7130,130.6170,12,2.9,10.9,0.2,1.2,2
2016/09/29 12:42:00,32.7130,130.6200,11,2.8,5.4,0.1,0.8,3
2016/09/29 12:22:00,27.4100,128.6420,43,3.9,16.6,0.4,1.6,3
2016/09/28 18:38:00,24.4870,122.7000,91,4.9,5.7,0.3,1.5,3
2016/09/28 10:31:00,35.4050,133.8300,13,3.9,80.7,1.6,2.7,49
2016/09/28 10:25:00,35.4050,133.8300,13,3.7,42.5,1.0,2.5,39
2016/09/28 10:20:00,35.4030,133.8350,14,3.8,86.9,1.2,2.5,34
2016/09/28 02:56:00,35.1650,137.6380,16,3.7,94.2,1.4,2.8,50
2016/09/26 21:35:00,35.4030,133.8300,13,3.9,57.0,1.2,2.6,47
2016/09/26 21:14:00,35.4000,133.8330,13,3.8,60.1,0.5,2.1,41
2016/09/26 14:20:00,27.4280,128.6200,44,5.6,128.2,7.6,4.4,12
2016/09/26 14:13:00,41.6520,142.9930,29,5.4,56.8,3.2,3.5,229
2016/09/26 11:24:00,41.8320,142.2050,72,4.8,25.4,1.3,2.9,152
2016/09/26 04:01:00,38.2730,137.8300,31,4.0,18.0,0.4,2.1,7
2016/09/25 22:56:00,35.3720,134.7330,7,2.9,11.8,0.1,0.7,10
2016/09/25 21:10:00,35.3720,134.7350,7,2.5,11.2,0.1,0.1,3
2016/09/25 20:48:00,35.3700,134.7370,7,3.0,20.0,0.3,1.0,11
2016/09/25 13:03:00,41.5530,140.6070,13,3.7,8.5,0.2,1.5,17
2016/09/24 15:10:00,36.7800,140.6100,4,3.8,155.8,3.7,3.5,35
2016/09/21 20:02:00,32.9570,131.0750,9,3.6,20.9,0.4,2.0,19
2016/09/21 11:29:00,42.8380,143.3250,33,3.6,35.1,0.7,2.1,23
2016/09/21 06:50:00,32.6920,130.7680,9,2.6,7.6,0.2,1.4,4
2016/09/20 08:46:00,39.3150,142.3980,47,4.7,57.3,1.3,2.6,95
2016/09/20 04:05:00,41.9420,140.9730,10,2.3,18.0,0.4,1.6,2
2016/09/20 03:59:00,41.9450,140.9930,11,3.2,75.1,1.5,2.8,7
2016/09/19 16:20:00,39.5030,140.4230,9,2.5,4.6,0.1,0.5,2
2016/09/19 15:23:00,39.5030,140.4230,10,3.4,11.7,0.4,1.9,18
2016/09/19 01:44:00,44.0720,141.6870,7,3.3,21.4,0.8,2.2,6
2016/09/17 22:39:00,38.7150,142.2220,40,4.6,45.5,0.8,2.5,124
2016/09/17 17:24:00,32.4730,130.5480,8,3.0,10.1,0.1,0.7,8
2016/09/17 16:35:00,35.6150,141.0670,17,4.7,27.4,0.8,2.5,79
2016/09/15 14:13:00,35.2230,137.5570,47,3.4,27.3,0.4,2.0,45
2016/09/14 12:30:00,32.8600,130.9220,9,2.5,33.5,0.5,1.6,2
2016/09/13 23:20:00,32.7700,130.7380,10,3.4,15.2,0.5,2.1,13
2016/09/13 19:25:00,32.7600,130.6770,10,2.5,1.6,0.1,0.1,1
2016/09/13 19:12:00,35.9370,139.8100,77,4.9,53.1,1.7,3.1,271
2016/09/13 17:29:00,33.0520,131.1170,12,3.9,80.3,2.0,3.4,46
2016/09/13 14:32:00,32.8630,130.9220,9,3.3,100.5,1.7,2.5,18
2016/09/13 08:30:00,35.7980,140.1000,63,3.8,18.0,0.6,2.2,101
2016/09/13 05:20:00,37.1370,139.8680,10,3.0,24.4,0.3,1.5,20
2016/09/12 20:49:00,35.9230,140.8150,21,4.0,28.9,0.6,2.1,42
2016/09/12 20:32:00,35.7970,129.2720,36,5.8,15.2,0.7,2.1,53
2016/09/12 19:44:00,35.8200,129.2620,40,5.2,10.4,0.3,1.7,17
2016/09/12 17:01:00,38.3030,142.0850,37,4.1,58.0,0.9,2.1,51
2016/09/12 13:33:00,35.8550,140.5330,37,3.5,24.6,0.5,1.7,31
2016/09/11 13:17:00,32.9570,131.0770,9,3.5,31.8,0.6,2.4,19
2016/09/11 12:22:00,37.5030,141.7500,4,4.6,17.0,0.6,2.2,80
2016/09/11 08:42:00,37.3080,138.9630,7,2.2,2.4,0.1,0.3,2
2016/09/10 13:52:00,32.6870,130.6620,9,2.8,15.2,0.4,1.8,4
2016/09/10 12:54:00,28.3050,129.4780,32,4.2,33.7,0.6,2.0,3
2016/09/09 23:18:00,36.6870,140.4900,95,4.3,51.4,1.7,3.1,111
2016/09/09 20:53:00,36.3870,141.0300,47,5.4,53.7,1.7,3.2,227
2016/09/09 13:47:00,39.6350,142.1130,49,3.8,43.9,0.7,1.9,29
2016/09/08 21:35:00,32.6300,130.7280,7,2.5,22.2,0.6,2.0,3
2016/09/08 20:00:00,27.8500,129.9880,57,4.6,4.5,0.3,1.7,4
2016/09/08 15:15:00,32.7920,130.7480,7,3.5,33.0,1.0,2.4,21
2016/09/08 15:08:00,36.4430,141.1220,45,3.9,14.3,0.2,1.2,32
2016/09/07 23:57:00,32.9320,131.0630,5,2.0,3.1,0.0,0.1,1
2016/09/07 18:42:00,42.4930,142.6800,110,4.7,23.1,1.8,2.8,150
2016/09/07 13:28:00,36.1670,140.0350,50,4.9,242.2,6.7,4.1,251
2016/09/07 11:16:00,26.2950,126.8850,67,4.1,16.2,0.4,1.8,2
2016/09/07 01:56:00,32.7370,130.6300,13,3.9,50.1,1.1,2.5,51
2016/09/07 00:22:00,24.7820,125.2650,4,4.8,26.4,1.3,2.5,2
2016/09/06 17:51:00,32.9680,131.0670,6,3.0,5.4,0.2,1.2,5
2016/09/06 03:57:00,35.6050,140.0880,9,3.3,23.1,0.7,1.8,20
2016/09/05 20:55:00,32.7380,130.7470,13,3.3,27.1,0.5,2.1,16
2016/09/04 06:17:00,32.5100,130.5570,5,3.9,72.6,2.0,2.9,38
2016/09/03 22:44:00,38.8400,141.5580,96,3.7,17.8,0.3,1.8,39
2016/09/03 21:34:00,37.4920,139.9330,13,2.7,11.6,0.3,1.5,8
2016/09/03 21:11:00,35.5080,140.5080,29,3.1,16.0,0.2,0.8,10
2016/09/03 15:03:00,33.7130,135.1420,43,4.0,32.7,0.5,1.7,39
2016/09/03 14:10:00,32.7280,130.6070,13,2.7,9.3,0.1,0.7,4
2016/09/03 14:09:00,43.4800,145.8500,96,3.9,9.1,0.2,1.3,15
2016/09/03 13:22:00,32.7000,130.7870,8,2.8,8.0,0.2,1.4,5
2016/09/03 08:29:00,36.8350,137.8500,0,3.4,6.6,0.2,1.4,5
2016/09/02 16:35:00,32.6130,130.7120,4,2.3,4.3,0.1,0.9,1
2016/09/02 08:27:00,38.2750,141.9230,46,4.1,50.7,0.9,2.0,70
2016/09/01 11:46:00,32.7880,130.6430,12,3.7,15.9,0.3,1.4,33
2016/09/01 06:33:00,32.7270,130.6170,12,4.8,207.8,6.2,4.0,149
2016/08/31 21:36:00,32.7280,130.6430,13,3.3,8.4,0.3,1.3,13
2016/08/31 19:51:00,32.7220,130.6170,12,3.0,18.2,0.3,1.4,7
2016/08/31 19:46:00,32.7220,130.6170,13,5.2,155.8,7.5,4.3,186
2016/08/31 08:59:00,33.8250,135.6150,51,3.9,50.7,0.7,2.5,50
2016/08/31 06:59:00,35.4320,133.8870,8,2.7,7.5,0.1,0.4,2
2016/08/31 05:04:00,36.3870,141.7250,52,4.9,12.2,0.5,2.1,114
2016/08/30 23:11:00,35.4280,133.8880,8,2.9,14.1,0.2,1.0,3
2016/08/30 17:07:00,37.3880,141.7030,43,4.4,13.3,0.7,1.8,69
2016/08/30 15:39:00,32.7900,130.7430,7,2.9,17.6,0.4,1.7,4
2016/08/30 08:53:00,32.5880,130.6800,8,3.0,9.5,0.3,1.5,6
2016/08/30 04:44:00,32.4720,130.5450,8,3.5,24.9,0.4,1.6,26
2016/08/28 13:57:00,32.4900,130.6270,10,3.4,16.8,0.3,1.6,22
2016/08/28 13:18:00,32.9600,131.1150,9,3.0,16.7,0.3,1.4,6
2016/08/28 09:58:00,32.6730,130.7530,11,3.4,22.6,0.4,1.9,18
2016/08/28 05:44:00,34.2250,139.1530,10,3.5,9.2,0.3,1.7,3
2016/08/27 23:11:00,32.7120,130.6770,13,3.0,23.8,0.7,2.1,7
2016/08/27 22:46:00,36.0770,139.8800,46,4.1,37.0,0.9,2.5,136
2016/08/27 19:00:00,38.6370,141.3520,74,3.5,21.1,0.3,1.5,29
2016/08/27 04:36:00,43.1450,145.9750,48,3.9,14.0,0.4,1.7,13
2016/08/27 03:16:00,32.6250,130.7070,6,2.6,11.4,0.3,1.4,1
2016/08/26 21:46:00,32.6900,130.7130,10,2.8,9.5,0.3,1.6,8
2016/08/26 02:28:00,32.6520,130.6900,9,3.6,44.8,1.4,2.8,24
2016/08/26 02:04:00,30.5780,138.2200,498,6.1,7.2,0.5,2.0,44
2016/08/23 12:27:00,34.8630,132.8430,14,3.5,27.1,0.6,2.0,32
2016/08/23 08:26:00,24.3280,122.9680,48,4.7,4.1,0.1,0.6,2
2016/08/22 15:11:00,38.3820,142.1680,33,5.3,121.6,2.6,3.5,183
2016/08/22 12:58:00,32.6800,130.7020,12,3.2,15.1,0.6,1.9,16
2016/08/22 08:13:00,39.8730,143.7430,18,5.4,4.1,0.4,1.8,53
2016/08/21 21:49:00,40.6430,143.6930,22,5.2,5.6,0.4,1.7,59
2016/08/21 15:38:00,32.6830,130.7000,10,2.7,16.0,0.4,1.7,3
2016/08/21 01:10:00,40.4050,143.4980,11,5.5,6.5,0.4,1.9,111
2016/08/21 00:58:00,40.3670,143.6870,12,6.2,9.0,0.9,2.4,160
2016/08/20 22:23:00,42.1780,142.2100,31,4.2,26.0,0.8,2.7,50
2016/08/20 18:01:00,40.3670,143.7780,11,6.4,12.5,1.2,2.8,185
2016/08/20 14:14:00,39.6200,143.6400,41,5.4,11.3,1.0,2.4,98
2016/08/20 08:58:00,39.7530,141.8430,58,3.8,30.4,0.6,1.7,40
2016/08/20 08:14:00,37.2580,136.6900,8,3.9,30.5,0.8,2.2,18
2016/08/20 00:27:00,32.3630,130.6020,7,2.8,12.5,0.3,0.6,6
2016/08/19 21:07:00,36.5600,141.1320,48,5.4,164.5,7.5,4.4,339
2016/08/19 12:58:00,34.1700,139.3170,14,3.4,7.9,0.3,1.4,4
2016/08/19 11:05:00,33.0170,131.0970,9,4.4,54.8,1.7,3.2,69
2016/08/19 09:38:00,32.6850,130.7000,10,2.9,15.3,0.4,1.6,6
2016/08/19 01:25:00,32.3670,130.6000,6,3.0,9.6,0.2,0.5,5
2016/08/18 03:46:00,32.5620,130.7000,10,2.9,5.7,0.1,0.8,5
2016/08/18 03:00:00,36.6580,140.6470,11,2.9,23.4,0.3,1.5,4
2016/08/17 11:56:00,37.3720,141.7200,45,4.4,12.6,0.4,1.8,75
2016/08/17 04:13:00,36.4420,140.6120,55,3.7,18.1,0.3,1.9,42
2016/08/17 00:24:00,40.4430,141.3770,90,3.8,10.4,0.2,1.4,38
2016/08/16 03:44:00,32.8220,130.6850,5,3.1,1.8,0.1,0.3,4
2016/08/16 00:28:00,45.6420,143.2000,6,4.5,20.4,0.6,2.3,23
2016/08/15 16:04:00,37.3780,141.7480,47,5.6,135.0,5.3,4.2,360
2016/08/15 13:36:00,33.4870,131.9130,71,4.3,32.2,1.0,2.6,152
2016/08/15 03:49:00,37.5150,141.4370,49,4.4,40.2,1.6,2.6,97
2016/08/14 11:46:00,27.1500,128.2820,16,4.4,26.8,0.6,2.1,5
2016/08/14 05:15:00,34.5250,140.3950,57,4.9,67.7,5.1,3.8,64
2016/08/14 05:04:00,34.0570,133.2480,14,3.8,36.4,0.6,2.1,62
2016/08/13 17:49:00,38.8900,141.9700,50,3.9,28.2,0.9,2.0,45
2016/08/13 14:59:00,32.6970,130.7220,15,3.0,8.5,0.1,0.9,7
2016/08/13 12:56:00,37.1880,141.3380,83,4.0,18.0,0.4,1.9,99
2016/08/11 18:49:00,32.9870,131.1130,11,2.9,7.2,0.2,1.2,8
2016/08/11 09:38:00,32.9870,131.1120,11,2.7,4.7,0.1,0.4,3
2016/08/10 20:05:00,32.8530,130.8000,7,2.5,8.2,0.2,1.4,2
2016/08/10 14:50:00,36.4280,140.6570,53,3.7,22.7,0.3,1.7,40
2016/08/10 11:13:00,31.9800,130.1780,11,3.2,12.9,0.3,1.2,14
2016/08/09 22:49:00,32.7280,130.8030,5,3.8,62.8,3.5,3.1,24
2016/08/09 20:04:00,36.6120,139.4700,5,2.9,42.1,0.6,2.1,5
2016/08/09 02:31:00,32.9900,131.1830,7,2.7,5.4,0.1,1.1,3
2016/08/08 19:11:00,26.7950,128.4220,31,4.0,22.4,0.6,2.1,4
2016/08/07 22:48:00,33.0200,131.2000,11,3.1,13.4,0.3,1.8,10
2016/08/07 04:46:00,32.7120,130.6830,13,3.2,16.6,0.4,1.8,10
2016/08/06 18:36:00,35.6880,140.8170,21,3.5,17.8,0.3,1.3,13
2016/08/06 09:21:00,32.3630,130.6000,6,3.5,33.0,0.8,1.8,21
2016/08/06 01:57:00,32.3630,130.6020,6,3.5,19.1,0.5,1.6,21
2016/08/05 22:18:00,32.7920,130.6400,12,3.0,3.1,0.1,0.5,8
2016/08/05 01:24:00,25.1250,141.9020,534,6.4,1.4,0.1,0.2,1
2016/08/04 21:01:00,39.1020,142.2050,43,3.9,18.2,0.3,1.5,19
2016/08/04 19:34:00,34.6100,133.1780,20,3.1,31.4,0.4,1.8,14
2016/08/04 05:45:00,32.6500,130.7180,8,2.5,10.9,0.3,1.3,3
2016/08/03 01:10:00,35.4680,140.3920,27,4.3,54.8,2.1,3.1,80
2016/08/01 15:52:00,33.8400,135.3280,48,3.3,19.9,0.2,1.3,24
2016/07/31 04:58:00,36.9070,138.2220,7,2.1,8.5,0.2,1.2,2
2016/07/30 19:58:00,32.7930,130.7530,11,3.2,19.4,0.6,2.2,12
2016/07/30 16:40:00,35.6830,140.8120,21,4.6,87.3,2.3,3.0,68
2016/07/30 06:18:00,18.8350,145.7580,233,7.7,7.6,1.3,2.4,168
2016/07/29 12:42:00,38.4220,142.2130,29,4.2,25.3,0.6,2.3,61
2016/07/28 05:19:00,36.9720,141.2200,27,4.3,10.1,0.3,1.7,59
2016/07/27 23:47:00,36.4500,140.6130,57,5.4,174.4,6.1,4.1,379
2016/07/27 13:17:00,32.7020,130.6770,13,2.9,8.0,0.2,1.2,5
2016/07/27 05:35:00,32.6830,129.9930,15,3.2,40.1,0.4,1.7,9
2016/07/27 03:56:00,44.2520,142.2050,0,1.8,18.1,0.3,1.6,1
2016/07/26 19:15:00,43.0780,146.0470,51,3.9,26.2,0.5,1.8,18
2016/07/26 17:27:00,35.0670,133.0400,6,3.2,33.4,0.8,2.5,21
2016/07/26 00:11:00,26.5420,128.7470,23,5.4,14.7,0.5,2.3,7
2016/07/25 06:42:00,32.7630,130.6870,13,2.8,5.6,0.1,0.8,12
2016/07/25 04:29:00,34.8500,139.2650,11,2.4,7.5,0.3,1.6,2
2016/07/24 23:32:00,32.7780,130.6470,8,2.6,1.7,0.0,0.0,3
2016/07/24 18:01:00,32.4700,130.5780,7,3.1,3.8,0.1,0.4,6
2016/07/24 13:54:00,34.8470,139.2730,9,3.7,51.3,2.1,3.3,20
2016/07/24 13:17:00,34.8480,139.2680,8,2.6,11.4,0.4,1.9,3
2016/07/24 11:51:00,42.8730,143.1730,96,4.9,85.1,4.7,3.7,237
2016/07/24 11:12:00,34.8480,139.2780,10,2.7,10.2,0.3,1.8,7
2016/07/24 09:51:00,35.6470,140.1820,64,3.9,6.7,0.4,1.5,71
2016/07/24 07:29:00,34.8470,139.2820,12,2.4,7.1,0.2,1.6,2
2016/07/24 06:37:00,34.8480,139.2830,12,3.0,9.7,0.3,1.6,8
2016/07/24 02:44:00,34.8470,139.2820,10,3.5,42.1,1.3,3.0,17
2016/07/24 02:36:00,34.8470,139.2870,11,2.7,7.9,0.2,1.6,4
2016/07/24 02:32:00,34.8430,139.2830,11,3.0,17.0,0.5,2.2,11
2016/07/24 00:59:00,34.8450,139.2770,9,3.3,28.3,0.9,2.7,11
2016/07/23 19:07:00,40.1480,142.0100,61,3.8,10.7,0.2,1.2,36
2016/07/23 14:33:00,32.4550,130.8030,12,3.5,31.9,0.4,1.8,25
2016/07/23 10:00:00,47.0920,147.3750,458,5.6,5.1,0.3,1.5,54
2016/07/22 13:18:00,32.6900,130.7920,7,3.2,54.0,1.1,2.4,12
2016/07/22 02:38:00,41.9180,141.0020,9,2.6,27.6,0.6,2.1,4
2016/07/21 22:51:00,36.4700,140.6550,18,3.5,121.0,1.6,3.0,22
2016/07/21 08:40:00,35.4020,140.3380,33,3.1,13.5,0.4,1.4,15
2016/07/20 16:17:00,40.3700,142.2720,40,4.1,14.4,0.3,1.7,40
2016/07/20 11:38:00,36.0150,139.9500,42,3.5,31.6,0.7,2.3,49
2016/07/20 10:29:00,36.0150,139.9280,42,3.1,8.6,0.1,0.9,19
2016/07/20 08:50:00,39.3370,142.0700,49,4.8,88.9,1.9,3.0,93
2016/07/20 07:25:00,36.0200,139.9480,42,5.0,189.7,6.4,4.1,279
2016/07/20 03:06:00,34.7070,138.5270,19,3.9,36.4,0.9,2.2,47
2016/07/19 23:55:00,36.0380,139.9300,43,3.7,19.2,0.3,1.7,67
2016/07/19 16:28:00,36.6400,140.9380,49,4.0,68.1,1.9,2.9,61
2016/07/19 13:11:00,41.4930,142.0480,66,4.5,29.2,0.5,2.2,79
2016/07/19 12:57:00,35.4150,140.3520,33,5.2,150.7,4.6,3.5,190
2016/07/19 04:26:00,32.6880,130.6550,12,3.0,15.8,0.5,1.7,7
2016/07/18 17:44:00,34.8370,139.2830,11,2.9,16.2,0.5,2.1,8
2016/07/17 13:24:00,36.0380,139.9280,42,5.0,125.5,8.0,4.1,284
2016/07/17 13:08:00,33.0700,131.1300,9,3.2,26.5,0.6,2.5,14
2016/07/17 11:55:00,32.5780,130.7170,7,3.6,44.1,1.3,2.8,24
2016/07/16 22:29:00,40.2870,140.9150,8,3.9,245.3,4.0,3.7,54
2016/07/16 22:12:00,40.2900,140.9170,8,4.6,514.9,11.6,4.5,102
2016/07/16 17:14:00,32.6630,130.6630,11,2.9,12.1,0.4,1.7,7
2016/07/16 02:56:00,34.1680,135.1670,6,2.7,38.5,0.4,1.2,3
2016/07/15 11:58:00,32.6820,130.7150,13,2.9,13.2,0.4,1.5,6
2016/07/15 00:20:00,32.7280,130.7720,10,2.9,11.3,0.3,1.5,7
2016/07/13 08:02:00,32.0330,131.4550,19,3.2,22.4,0.5,2.3,9
2016/07/13 07:46:00,36.0200,139.9030,43,3.5,10.6,0.3,1.8,61
2016/07/13 03:53:00,42.3230,139.2480,22,4.1,60.7,1.1,2.8,42
2016/07/12 10:41:00,32.6520,130.6800,10,2.8,13.5,0.4,1.9,6
2016/07/12 00:07:00,32.4500,130.6770,7,2.9,8.8,0.2,0.6,9
2016/07/11 20:29:00,36.4630,141.0770,45,3.6,23.5,0.3,1.8,23
2016/07/11 19:23:00,32.5950,130.6700,11,3.6,35.7,0.7,2.3,34
2016/07/11 18:52:00,41.9250,141.0030,8,2.0,40.4,0.4,1.6,1
2016/07/11 17:53:00,41.9250,141.0050,8,2.6,61.1,1.0,2.7,3
2016/07/11 09:46:00,41.9270,141.0050,8,2.9,155.6,2.3,3.1,6
2016/07/10 21:00:00,32.8180,130.7130,7,2.3,1.5,0.0,0.0,1
2016/07/09 18:05:00,32.7330,130.6020,12,4.5,56.3,1.9,3.2,119
2016/07/09 17:52:00,32.3630,130.5530,5,3.9,56.6,1.6,2.6,35
2016/07/09 11:10:00,30.7150,130.6670,61,4.0,18.1,0.5,2.2,25
2016/07/09 09:54:00,37.1670,141.4050,48,4.3,48.8,1.3,2.7,114
2016/07/09 06:28:00,36.7380,139.4020,5,4.4,77.7,3.1,3.4,107
2016/07/07 20:18:00,33.0520,131.1100,11,3.8,88.6,2.1,3.4,30
2016/07/07 12:54:00,32.5920,130.6730,6,3.1,12.2,0.4,1.8,8
2016/07/06 22:53:00,32.6280,130.6480,7,2.5,10.9,0.2,0.7,2
2016/07/06 08:47:00,35.6920,141.0450,17,4.4,29.2,1.0,2.4,60
2016/07/06 07:25:00,37.0980,140.4420,7,3.0,8.4,0.1,0.6,5
2016/07/06 00:20:00,35.3900,136.8700,7,2.2,3.9,0.1,0.0,1
2016/07/05 20:33:00,35.6130,129.8730,37,4.9,10.6,0.3,1.7,15
2016/07/05 15:01:00,35.9000,140.9920,36,3.7,9.6,0.3,1.4,14
2016/07/05 12:46:00,35.7850,141.0180,35,4.5,14.0,0.8,2.1,34
2016/07/04 22:48:00,36.1650,139.8150,54,4.0,35.9,0.9,2.5,137
2016/07/04 13:42:00,38.8420,141.5970,74,3.7,17.2,0.2,1.6,41
2016/07/04 09:55:00,42.8150,145.4530,47,4.4,36.1,1.2,2.7,42
2016/07/04 09:27:00,32.7000,130.7150,13,2.9,6.4,0.2,1.0,5
2016/07/04 06:51:00,32.5620,130.6500,11,3.2,21.2,0.4,1.5,15
2016/07/04 01:27:00,36.6400,140.9320,49,3.5,21.6,0.4,1.6,20
2016/07/03 18:06:00,39.6300,142.1100,49,4.0,68.2,1.5,2.5,46
2016/07/03 16:51:00,32.8280,130.7900,15,3.8,61.8,1.4,2.9,61
2016/07/02 10:47:00,43.2380,146.8670,55,4.9,32.0,0.7,2.4,47
2016/07/02 08:49:00,36.2530,140.9320,38,4.2,37.1,0.8,2.5,42
2016/07/02 03:18:00,32.6480,130.6280,11,3.5,66.5,1.3,2.6,33
2016/07/02 02:09:00,32.6630,130.7650,6,2.3,10.6,0.2,1.3,1
2016/07/01 14:40:00,33.5400,131.8020,76,4.4,29.9,0.7,2.4,137
2016/07/01 14:24:00,32.9630,131.1180,10,3.5,23.7,0.6,2.5,20
2016/07/01 09:45:00,38.5570,142.3550,38,4.0,10.3,0.3,1.5,23
2016/07/01 08:04:00,36.8220,137.8450,0,4.6,31.2,1.6,2.6,44
2016/07/01 06:26:00,36.1280,139.8230,50,3.8,15.3,0.4,1.7,75
2016/06/30 22:54:00,35.7020,139.6230,30,3.4,16.6,0.3,1.6,43
2016/06/30 03:30:00,41.9000,140.9930,11,2.6,23.3,0.4,1.9,3
2016/06/30 03:12:00,39.8670,144.6050,43,5.2,28.6,0.7,2.6,224
2016/06/30 01:11:00,32.8280,130.8930,8,2.5,16.5,0.3,1.5,3
2016/06/29 23:14:00,32.8280,130.8930,8,3.9,80.2,2.5,3.4,35
2016/06/29 14:01:00,38.1830,141.6870,50,3.9,30.7,0.6,2.2,56
2016/06/29 11:35:00,36.5230,140.5720,57,3.6,84.1,1.1,2.5,80
2016/06/29 09:47:00,32.5280,130.6900,10,3.1,19.8,0.4,1.4,13
2016/06/29 07:50:00,32.5850,130.6520,13,3.6,48.7,0.7,1.9,30
2016/06/29 04:30:00,36.8150,137.8320,0,3.3,6.9,0.2,1.2,7
2016/06/29 01:27:00,41.9020,140.9930,11,2.7,21.1,0.3,1.8,4
2016/06/28 13:19:00,32.3130,130.4450,7,3.1,8.1,0.3,1.4,12
2016/06/28 08:15:00,32.9680,131.0850,7,2.8,8.0,0.1,0.9,3
2016/06/27 20:11:00,36.8170,137.8370,0,2.9,2.0,0.1,0.2,4
2016/06/27 19:48:00,36.8170,137.8400,0,3.3,7.3,0.1,0.9,9
2016/06/27 13:36:00,37.5670,138.1050,26,4.6,31.3,0.9,2.6,95
2016/06/27 13:35:00,37.5670,138.0980,27,4.5,30.0,0.8,2.2,47
2016/06/27 07:57:00,36.9880,142.4020,19,5.9,22.8,2.3,2.9,279
2016/06/27 07:07:00,32.7780,130.6480,9,2.7,4.1,0.1,0.4,2
2016/06/27 05:09:00,32.6920,130.7080,11,2.9,6.8,0.2,1.2,4
2016/06/27 03:34:00,36.8200,137.8430,0,2.9,2.2,0.1,0.2,3
2016/06/27 03:28:00,36.8200,137.8380,0,3.4,7.9,0.2,0.9,10
2016/06/26 12:35:00,40.7230,142.2500,55,3.9,22.3,0.5,2.1,39
2016/06/26 00:06:00,32.6270,130.6970,9,3.4,20.1,0.7,2.4,16
2016/06/25 21:33:00,36.8220,137.8270,0,3.3,9.3,0.2,1.3,7
2016/06/25 13:51:00,36.8170,137.8320,0,4.8,62.7,2.9,3.4,88
2016/06/25 13:22:00,32.3200,130.4480,7,3.0,12.9,0.3,1.3,7
2016/06/25 11:36:00,36.8850,140.5580,7,3.7,27.2,0.8,2.3,27
2016/06/24 06:05:00,23.4970,123.3320,54,6.2,8.6,0.6,1.8,3
2016/06/24 05:43:00,32.8480,130.8320,10,2.9,10.2,0.2,1.4,6
2016/06/24 01:10:00,32.6250,130.6900,6,2.5,6.0,0.2,1.1,2
2016/06/23 15:15:00,32.6730,130.6270,11,3.5,25.2,0.6,2.2,21
2016/06/22 12:41:00,38.4680,141.6020,56,3.7,188.1,2.5,2.9,51
2016/06/22 11:40:00,32.6920,130.7130,11,3.1,14.6,0.5,1.9,10
2016/06/22 05:38:00,32.6930,130.7100,11,3.9,78.1,2.5,3.1,56
2016/06/21 19:54:00,41.9220,140.9900,10,2.3,20.4,0.3,1.8,3
2016/06/21 19:21:00,36.0130,139.9000,41,3.4,13.1,0.2,1.3,42
2016/06/21 17:45:00,32.7000,130.6020,10,3.5,41.9,1.5,2.8,16
2016/06/21 15:46:00,32.4680,130.6330,10,3.5,11.5,0.2,1.1,23
2016/06/21 14:14:00,32.6980,130.5980,10,3.2,16.3,0.5,2.0,12
2016/06/21 12:20:00,41.9070,141.0050,11,2.5,28.2,0.5,1.8,2
2016/06/21 09:54:00,36.8850,140.5570,8,3.8,57.2,1.1,2.7,39
2016/06/21 09:49:00,41.9420,140.9770,10,2.4,18.0,0.3,1.6,2
2016/06/21 00:10:00,41.9230,140.9930,10,4.2,182.2,3.9,3.9,28
2016/06/20 21:10:00,41.9330,140.9780,9,2.3,16.7,0.3,1.5,2
2016/06/20 12:40:00,32.5700,130.7030,8,3.1,10.8,0.2,1.5,6
2016/06/20 11:19:00,35.0670,133.0400,6,2.8,14.6,0.3,1.7,11
2016/06/20 11:18:00,41.9250,140.9920,9,2.1,13.7,0.3,1.5,1
2016/06/20 10:03:00,32.8080,130.7130,6,2.4,1.4,0.0,-0.1,1
2016/06/20 09:08:00,35.0680,133.0370,6,3.9,79.2,1.8,3.1,85
2016/06/20 06:39:00,32.6880,130.8080,7,3.3,18.1,0.6,2.2,10
2016/06/19 19:36:00,32.6380,130.6970,7,2.8,14.2,0.5,2.0,5
2016/06/19 04:59:00,32.7630,130.7400,10,3.1,7.4,0.2,1.3,9
2016/06/18 21:58:00,32.6900,130.7080,10,2.7,8.7,0.2,1.2,3
2016/06/18 20:46:00,32.6900,130.7070,10,4.6,142.2,7.4,4.0,123
2016/06/18 08:50:00,36.3830,140.7600,25,4.2,48.2,1.2,2.7,69
2016/06/17 06:41:00,28.2670,130.5580,53,4.7,4.8,0.3,1.8,1
2016/06/17 01:42:00,34.0750,135.2520,6,3.1,24.9,0.4,1.1,7
2016/06/16 19:58:00,41.9430,140.9780,9,3.3,42.6,1.1,2.9,11
2016/06/16 18:35:00,36.0530,139.9100,44,3.6,38.5,0.7,1.8,44
2016/06/16 17:07:00,41.9400,140.9730,10,2.3,19.0,0.4,1.5,2
2016/06/16 14:42:00,41.9370,140.9920,10,2.6,32.4,0.5,1.8,3
2016/06/16 14:23:00,41.9200,141.0130,10,3.3,29.0,0.5,2.3,5
2016/06/16 14:21:00,41.9480,140.9870,11,5.3,976.4,33.8,5.8,168
2016/06/16 09:13:00,41.9500,140.9850,10,2.6,16.7,0.3,1.5,1
2016/06/15 23:03:00,32.8700,130.8830,13,2.8,14.4,0.3,1.3,7
2016/06/15 11:17:00,32.6280,130.6870,8,3.0,9.8,0.2,1.7,3
2016/06/15 11:02:00,32.6280,130.6850,7,3.0,13.1,0.3,1.7,7
2016/06/13 15:54:00,32.4430,130.6820,7,4.1,45.1,1.2,2.2,44
2016/06/13 12:34:00,32.4500,130.6770,7,2.6,4.6,0.1,0.0,2
2016/06/13 00:00:00,32.4500,130.6780,8,2.2,2.3,0.1,-0.6,1
2016/06/12 23:12:00,32.7370,130.6270,9,2.8,3.0,0.1,0.2,3
2016/06/12 22:53:00,32.4480,130.6780,7,3.1,16.7,0.4,1.0,12
2016/06/12 22:08:00,32.4480,130.6800,7,4.3,148.7,4.5,3.2,70
2016/06/12 07:54:00,35.9970,139.9320,40,4.8,169.6,5.4,3.9,245
2016/06/12 04:35:00,32.9820,131.0770,8,2.7,49.8,1.3,2.2,3
2016/06/11 23:41:00,32.5580,130.6680,7,3.2,13.0,0.3,1.2,11
2016/06/11 11:59:00,32.5520,130.6620,7,3.3,14.4,0.4,1.6,16
2016/06/10 15:41:00,32.5770,130.7150,9,3.0,7.0,0.2,1.2,7
2016/06/10 13:16:00,37.0600,141.1470,51,4.0,33.6,0.8,2.0,78
2016/06/10 04:45:00,32.7420,130.7830,10,3.2,13.1,0.4,1.6,14
2016/06/09 07:32:00,32.7250,130.6780,13,2.8,4.4,0.1,0.7,4
2016/06/08 17:01:00,32.7770,130.7500,10,3.3,21.7,0.7,2.4,18
2016/06/08 16:52:00,32.7780,130.7520,10,3.1,15.3,0.5,2.1,9
2016/06/08 16:37:00,32.6180,130.6870,6,2.5,6.0,0.1,0.9,2
2016/06/08 13:55:00,32.9850,131.1100,10,2.7,4.1,0.1,0.6,4
2016/06/08 09:56:00,29.9750,131.2650,23,4.6,6.9,0.3,1.5,5
2016/06/07 20:50:00,32.7670,130.8330,11,3.2,31.2,0.5,1.9,17
2016/06/07 13:01:00,36.0630,139.8320,44,3.8,13.2,0.5,2.0,69
2016/06/07 07:55:00,32.7750,130.7420,9,3.2,18.8,0.3,1.8,10
2016/06/07 06:24:00,32.7170,130.6480,9,2.7,6.5,0.1,0.4,3
2016/06/07 05:46:00,32.7050,130.7150,10,2.4,4.0,0.1,0.4,1
2016/06/07 03:15:00,36.5450,139.4180,6,3.5,62.5,1.4,2.5,17
2016/06/07 02:48:00,32.5270,130.5870,7,3.6,126.8,3.5,3.1,23
2016/06/06 23:30:00,37.4300,141.7920,44,4.0,10.7,0.4,1.6,52
2016/06/06 16:47:00,32.9820,131.1080,10,3.8,84.2,2.2,3.3,34
2016/06/06 06:40:00,32.5150,130.6300,3,2.6,24.8,0.5,1.8,2
2016/06/06 05:31:00,32.6970,130.7280,11,2.7,9.0,0.1,1.0,5
2016/06/05 13:55:00,32.6180,130.6820,7,3.6,33.8,1.0,2.7,24
2016/06/05 06:02:00,32.7600,130.6670,11,3.1,5.8,0.1,0.9,8
2016/06/05 04:54:00,32.6730,130.6230,9,3.0,29.4,1.0,2.5,8
2016/06/04 18:03:00,32.7350,130.7150,11,2.7,3.8,0.1,0.7,3
2016/06/04 14:56:00,31.8320,128.8630,29,4.5,29.4,1.3,2.5,20
2016/06/04 12:15:00,41.8620,143.3620,19,4.3,43.3,1.1,2.7,14
2016/06/04 00:48:00,32.9380,130.8120,12,3.7,63.1,0.9,2.4,30
2016/06/03 19:16:00,32.7180,130.6850,13,2.6,2.7,0.1,0.3,3
2016/06/03 08:25:00,32.7530,130.7670,16,3.2,12.2,0.3,1.5,17
2016/06/03 07:58:00,32.7530,130.7770,16,3.9,82.4,1.5,3.0,60
2016/06/02 22:35:00,35.4280,140.3080,30,3.5,24.5,1.1,2.5,19
2016/06/02 21:12:00,32.8000,130.7280,4,2.4,3.4,0.1,0.3,2
2016/06/02 21:07:00,32.8000,130.7280,3,2.5,6.8,0.2,0.8,2
2016/06/02 18:36:00,35.4250,140.3070,29,3.7,44.3,1.2,2.5,28
2016/06/02 18:05:00,32.5350,130.7180,5,2.6,3.1,0.1,0.4,3
2016/06/02 16:44:00,32.9950,131.1920,7,3.6,27.3,0.7,2.6,24
2016/06/02 16:07:00,32.6600,130.6880,9,3.1,24.2,0.7,2.2,11
2016/06/02 09:28:00,32.5820,130.6350,10,3.8,91.0,2.5,3.1,38
2016/06/02 07:34:00,35.6830,140.1220,71,3.7,8.3,0.3,1.3,53
2016/06/02 02:56:00,32.9280,131.0650,7,2.9,15.2,0.3,1.8,4
2016/06/01 19:53:00,32.9950,131.1870,6,2.7,3.4,0.1,0.4,3
2016/05/31 19:49:00,32.9670,132.5170,32,3.7,26.3,0.3,1.4,25
2016/05/31 14:24:00,25.4480,122.5080,236,6.2,23.2,0.7,2.3,5
2016/05/30 21:20:00,35.4800,140.9900,22,3.7,5.1,0.1,0.7,16
2016/05/29 01:18:00,32.8730,130.8070,13,3.3,22.9,0.6,2.1,18
2016/05/28 18:10:00,36.5920,140.4780,48,4.1,52.4,1.0,2.4,96
2016/05/28 05:40:00,38.5370,141.7200,54,3.7,61.3,0.9,2.4,42
2016/05/27 12:46:00,26.9070,130.2120,49,5.2,3.6,0.3,1.5,4
2016/05/27 12:44:00,26.9650,130.3030,64,5.6,11.9,0.9,2.3,11
2016/05/27 10:39:00,38.5820,142.0920,50,4.0,21.6,0.3,1.6,37
2016/05/26 16:16:00,35.2150,139.1180,11,2.8,48.2,0.5,1.1,9
2016/05/25 14:22:00,41.0250,142.4100,34,4.8,44.0,1.2,2.7,113
2016/05/25 03:00:00,38.6150,141.9000,48,3.9,54.3,0.8,2.1,37
2016/05/24 19:16:00,32.7170,130.6820,13,3.5,9.4,0.3,1.8,29
2016/05/24 18:48:00,40.0730,142.1220,48,4.4,109.7,2.8,3.7,86
2016/05/24 01:42:00,35.6450,140.1370,69,4.2,16.4,0.6,2.3,151
2016/05/24 00:17:00,31.0580,129.0120,5,4.9,6.5,0.3,1.6,23
2016/05/23 23:17:00,36.4150,140.9430,62,4.1,32.7,0.8,2.3,91
2016/05/23 19:03:00,36.8070,137.8980,3,3.3,22.4,0.4,1.4,10
2016/05/23 10:08:00,32.6820,130.6770,9,3.4,42.2,1.4,2.9,17
2016/05/22 17:07:00,39.1450,142.3850,48,4.1,33.1,0.5,1.9,49
2016/05/22 14:35:00,32.6730,130.6280,9,3.1,36.0,1.6,2.8,6
2016/05/21 17:43:00,37.1630,141.0180,31,3.3,14.8,0.2,1.1,18
2016/05/21 05:09:00,32.7320,130.7950,8,3.2,28.9,0.8,2.2,12
2016/05/21 03:56:00,32.6230,130.6670,12,3.9,39.3,1.6,2.9,60
2016/05/21 02:48:00,32.5830,130.6720,10,3.4,25.0,0.6,2.0,17
2016/05/20 23:04:00,44.0180,148.0550,85,4.9,7.6,0.3,1.7,30
2016/05/20 07:50:00,34.1070,135.2930,7,2.8,11.8,0.2,0.5,6
2016/05/20 06:10:00,32.7380,130.6030,1,3.8,44.6,1.0,2.6,38
2016/05/19 20:50:00,27.0500,127.0830,102,4.4,4.5,0.2,1.3,5
2016/05/19 20:22:00,35.5400,138.9800,21,3.3,51.4,0.6,1.8,25
2016/05/19 17:21:00,33.1120,132.4050,36,4.0,48.1,1.1,2.5,58
2016/05/18 19:09:00,37.0930,141.1370,51,3.7,12.3,0.2,1.3,32
2016/05/18 00:42:00,27.4430,128.6720,42,3.9,8.6,0.2,1.4,4
2016/05/18 00:38:00,32.5820,130.6720,10,3.6,24.5,0.7,2.3,37
2016/05/17 19:20:00,32.6680,130.7680,8,3.1,29.2,0.8,2.5,10
2016/05/17 06:57:00,36.0300,139.9030,41,4.1,62.6,1.7,2.9,146
2016/05/17 06:55:00,36.0300,139.9020,41,3.9,37.7,0.8,2.6,115
2016/05/16 21:23:00,36.0330,139.8870,42,5.5,413.8,11.0,4.8,351
2016/05/16 17:50:00,31.7280,131.9000,24,4.8,16.4,0.9,2.5,60
2016/05/16 12:11:00,36.4480,140.5970,56,3.7,21.3,0.4,1.8,42
2016/05/15 18:09:00,32.6720,130.7200,14,3.9,27.2,0.7,2.3,63
2016/05/15 12:56:00,31.0870,129.0370,9,4.5,6.4,0.3,1.6,24
2016/05/15 10:10:00,39.2700,142.1630,54,4.6,94.8,1.7,3.3,116
2016/05/15 06:36:00,32.7650,130.7700,14,3.6,17.7,0.6,2.3,34
2016/05/14 22:46:00,32.6830,130.7320,14,3.6,23.2,0.7,2.3,31
2016/05/14 18:45:00,32.7380,130.6000,11,4.0,45.5,1.2,2.4,64
2016/05/14 04:05:00,31.0200,129.0020,10,5.1,9.4,0.8,2.2,26
2016/05/14 00:04:00,32.6330,130.6970,5,3.1,32.6,1.1,2.6,10
2016/05/13 13:05:00,32.6530,130.7120,8,2.8,19.6,0.8,2.1,7
2016/05/13 07:35:00,30.9870,129.1400,15,4.2,1.5,0.1,0.1,2
2016/05/13 07:28:00,31.0280,129.0050,8,4.6,3.6,0.2,1.3,9
2016/05/13 02:43:00,37.5950,141.8850,37,4.5,11.4,0.6,1.9,63
2016/05/13 01:03:00,32.7050,130.6670,13,4.1,99.5,3.4,3.4,98
2016/05/12 22:56:00,32.5880,130.6880,4,2.9,8.9,0.2,1.5,4
2016/05/12 17:04:00,32.6970,130.6650,13,4.1,76.3,3.0,3.6,92
2016/05/12 15:32:00,43.2030,146.6520,67,5.0,35.9,1.0,2.7,48
2016/05/12 13:30:00,24.6970,121.9970,31,6.4,2.2,0.3,1.2,2
2016/05/12 12:17:00,24.6580,121.9230,37,6.5,2.0,0.2,0.9,2
2016/05/11 22:43:00,32.3880,130.5350,11,3.8,26.1,0.5,1.8,42
2016/05/10 19:20:00,32.3070,130.4380,3,2.9,10.0,0.3,1.7,4
2016/05/10 14:40:00,32.6730,130.6600,9,3.0,13.1,0.3,1.4,11
2016/05/10 13:41:00,32.6720,130.6600,10,3.3,32.8,1.2,2.7,17
2016/05/10 05:06:30,32.3000,130.4330,0,3.2,15.2,0.7,2.3,5
2016/05/10 05:06:00,32.3030,130.4400,7,3.4,36.9,1.5,3.0,17
2016/05/10 04:41:00,32.3020,130.4330,8,3.8,27.3,0.9,2.4,31
2016/05/09 20:55:00,32.8020,130.6980,7,3.5,14.3,0.4,1.8,22
2016/05/09 17:18:00,38.3170,141.8400,47,4.2,23.8,0.4,1.8,55
2016/05/09 14:36:00,32.6780,130.7080,11,3.4,54.9,1.6,2.9,22
2016/05/09 05:00:00,32.6400,130.6750,11,3.6,55.1,2.1,3.0,33
2016/05/08 13:00:00,32.8170,130.8620,4,3.6,39.5,1.3,2.9,20
2016/05/07 18:16:00,31.0630,129.0150,13,4.7,6.0,0.3,1.8,23
2016/05/07 17:09:00,31.0550,129.0100,19,4.6,3.4,0.3,1.5,6
2016/05/07 15:52:00,38.3050,141.8700,46,4.0,34.7,0.6,1.8,35
2016/05/07 14:48:00,31.0750,129.0380,19,4.7,3.6,0.2,1.2,12
2016/05/07 14:42:00,31.0950,128.9920,7,5.5,11.4,1.0,2.4,37
2016/05/07 12:51:00,34.1050,135.1550,4,2.4,59.8,0.7,1.7,1
2016/05/07 11:31:00,32.9850,131.0670,9,3.5,60.1,1.7,2.8,21
2016/05/07 06:37:00,36.6180,139.4850,5,3.3,50.6,0.8,2.3,19
2016/05/07 01:05:00,32.6250,130.6870,8,2.7,11.2,0.2,1.3,5
2016/05/06 19:56:00,32.6120,130.7080,6,2.7,13.6,0.4,1.9,4
2016/05/06 18:21:00,32.6830,130.7050,10,3.5,49.4,1.7,2.7,25
2016/05/06 16:18:00,32.6300,130.6820,9,3.8,24.3,0.8,2.4,33
2016/05/06 14:11:00,31.0930,129.0280,11,5.0,10.1,0.8,2.3,26
2016/05/06 07:27:00,32.8300,130.8320,9,3.5,26.2,1.1,2.5,25
2016/05/05 19:46:00,32.9850,131.1080,11,3.9,29.6,0.9,2.4,35
2016/05/05 17:13:00,32.6950,130.7320,12,3.3,16.6,0.6,2.1,11
2016/05/05 15:20:00,32.9870,131.1130,11,3.4,18.9,0.5,1.7,20
2016/05/05 10:40:00,32.9920,131.1220,11,4.9,214.5,8.3,4.4,142
2016/05/05 10:31:00,33.0000,131.1330,11,4.6,191.7,5.6,3.8,109
2016/05/05 08:51:00,36.0300,139.9080,43,3.5,16.6,0.3,1.6,60
2016/05/05 01:21:00,32.5970,130.6780,6,3.2,12.5,0.3,1.9,11
2016/05/05 01:10:00,38.5270,141.8150,50,4.8,111.7,2.4,3.4,128
2016/05/04 23:37:00,32.6100,130.7180,5,3.1,15.4,0.4,2.1,9
2016/05/04 22:24:00,32.6100,130.7180,5,3.5,54.9,2.1,3.3,18
2016/05/04 19:20:00,32.8130,130.8220,8,4.0,102.3,3.1,3.5,44
2016/05/04 16:22:00,32.6170,130.7180,5,3.4,22.0,0.8,2.5,15
2016/05/04 14:11:00,32.6100,130.7230,5,3.3,38.6,1.1,2.8,13
2016/05/04 07:52:00,32.6120,130.7200,5,4.0,75.0,3.6,3.7,47
2016/05/03 22:43:00,26.8170,127.9100,16,3.9,10.9,0.2,1.3,5
2016/05/03 19:16:00,32.6130,130.7200,5,3.2,21.7,0.9,2.6,9
2016/05/03 14:25:00,34.4700,135.6120,12,3.2,49.7,0.8,2.1,14
2016/05/03 12:06:00,33.8400,134.9680,12,3.8,13.4,0.2,1.0,18
2016/05/03 09:23:00,43.1650,145.5870,52,3.7,42.2,0.7,2.1,23
2016/05/03 09:01:00,43.4900,147.6000,44,5.9,52.4,2.0,3.2,178
2016/05/03 06:05:00,32.7370,130.7450,13,3.8,49.8,1.6,3.0,62
2016/05/02 15:35:00,32.5630,130.6750,8,4.1,41.9,1.1,2.9,76
2016/05/02 13:46:00,36.7400,141.0030,56,3.9,23.5,0.4,1.5,41
2016/05/02 10:50:00,39.9730,140.5680,3,3.5,63.2,1.3,3.0,21
2016/05/02 09:21:00,42.4280,143.1750,50,3.6,10.2,0.3,1.6,9
2016/05/01 23:23:00,32.5630,130.6800,8,3.9,24.8,0.9,2.7,56
2016/05/01 23:06:00,33.2630,134.0380,26,3.8,11.0,0.2,1.3,18
2016/05/01 20:34:00,32.9450,131.1130,8,3.4,79.3,1.7,2.9,12
2016/05/01 02:30:00,32.7850,130.6930,6,3.8,43.2,1.4,2.9,41
2016/05/01 00:41:00,37.2470,138.2150,28,3.5,13.8,0.3,1.0,19
2016/04/30 11:15:00,33.0000,131.2000,0,3.5,14.3,0.4,2.0,19
2016/04/30 05:27:00,38.6630,141.8970,43,3.5,22.0,0.3,1.3,17
2016/04/30 03:59:00,32.8000,130.8000,20,3.7,24.5,0.8,2.3,71
2016/04/30 01:37:00,36.3420,137.8700,8,3.2,60.0,1.9,2.6,8
2016/04/29 23:27:00,32.8000,130.7000,10,3.9,49.0,2.0,3.1,65
2016/04/29 18:00:00,33.3000,131.4000,10,3.1,141.3,3.4,3.6,7
2016/04/29 16:30:00,33.2000,131.4000,0,2.3,15.5,1.0,2.3,1
2016/04/29 15:30:00,33.0000,131.2000,10,3.4,22.4,0.5,2.3,27
2016/04/29 15:09:00,33.2570,131.3670,7,4.5,407.1,16.5,4.8,25
2016/04/29 13:41:00,32.7000,130.7000,0,4.0,58.3,2.1,3.0,48
2016/04/29 04:32:00,32.7000,130.7000,10,3.0,40.1,1.2,2.7,9
2016/04/29 04:25:00,32.4000,130.6000,0,3.4,22.4,0.5,1.6,17
2016/04/28 22:57:00,36.4670,140.7380,52,3.8,40.4,0.6,2.1,49
2016/04/28 15:30:00,32.8000,130.5000,10,4.7,65.1,3.1,3.4,117
2016/04/28 12:56:00,32.7000,130.7000,10,3.6,120.9,5.7,4.0,33
2016/04/28 08:29:00,32.7000,130.7000,10,3.5,35.6,1.4,2.7,32
2016/04/28 02:38:00,32.6000,130.7000,10,4.1,97.0,2.9,3.3,91
2016/04/28 00:21:00,32.6000,130.7000,10,3.4,37.5,1.4,2.9,57
2016/04/27 23:30:00,33.3000,131.3000,10,3.1,171.3,5.0,3.9,8
2016/04/27 22:36:00,32.7000,130.7000,10,3.1,20.9,0.6,2.2,17
2016/04/27 12:56:00,36.7100,137.9780,15,2.8,2.2,0.1,0.1,4
2016/04/27 12:30:00,33.1000,131.1000,10,3.7,98.6,2.5,3.6,43
2016/04/27 07:39:00,43.0620,145.8520,76,4.4,32.7,1.1,2.8,38
2016/04/27 07:07:00,32.7000,130.7000,10,3.5,34.2,0.9,2.7,29
2016/04/27 00:01:00,38.1750,141.6900,52,5.0,60.7,2.1,3.3,169
2016/04/26 21:50:00,32.6000,130.7000,10,3.8,38.1,0.9,2.4,57
2016/04/26 16:21:00,32.7000,130.7000,10,3.0,7.8,0.3,1.6,7
2016/04/26 03:58:00,32.9000,131.1000,10,3.5,24.9,0.7,2.3,29
2016/04/26 03:42:00,32.7000,130.7000,10,3.8,58.0,1.2,2.8,70
2016/04/26 00:33:00,32.7000,130.8000,10,3.3,40.1,1.0,2.6,14
2016/04/25 10:00:00,35.0870,137.5750,44,4.2,56.0,1.7,3.0,123
2016/04/25 06:51:00,38.8880,141.9720,49,3.8,24.2,0.6,1.8,38
2016/04/25 00:44:00,32.7000,130.7000,10,4.4,88.9,4.0,3.8,126
2016/04/24 18:50:00,32.7000,130.7000,10,3.8,29.6,1.0,2.7,40
2016/04/24 18:30:00,33.0000,131.1000,10,3.5,17.9,0.6,2.1,27
2016/04/24 16:52:00,33.0000,131.2000,10,4.1,157.5,3.9,3.9,67
2016/04/24 08:18:00,33.0000,131.2000,10,4.0,93.3,2.6,3.6,65
2016/04/24 07:36:00,32.7000,130.7000,10,3.5,39.4,1.3,2.7,23
2016/04/24 06:35:00,33.0000,131.2000,10,3.4,92.3,2.3,3.4,35
2016/04/24 01:13:00,32.8000,130.7000,10,3.0,18.9,0.9,2.5,4
2016/04/23 22:06:00,33.0000,131.1000,10,3.0,25.2,0.5,1.9,7
2016/04/22 18:28:00,32.7000,130.7000,10,3.7,25.8,0.7,2.2,31
2016/04/22 17:39:00,33.3000,131.5000,0,3.0,7.5,0.1,1.0,4
2016/04/22 16:41:00,32.7000,130.8000,10,3.5,21.1,0.5,1.8,16
2016/04/22 14:19:00,33.0000,131.2000,10,3.0,12.6,0.3,1.8,13
2016/04/22 07:59:00,35.7050,140.9050,13,4.1,77.1,1.9,2.8,36
2016/04/22 07:47:00,32.7000,130.7000,10,3.9,40.0,1.5,2.7,43
2016/04/21 23:20:00,33.5000,134.3250,34,4.4,37.3,1.2,2.9,51
2016/04/21 21:55:00,32.5000,130.6000,10,3.7,27.8,0.8,2.4,34
2016/04/21 21:52:00,32.8000,130.8000,10,3.9,48.9,2.1,3.4,88
2016/04/21 18:43:00,33.0000,131.2000,10,4.2,108.9,4.8,4.0,77
2016/04/21 13:48:00,33.0000,131.2000,0,3.1,4.4,0.2,1.2,9
2016/04/21 13:15:00,32.8000,130.7000,10,3.1,15.4,0.3,1.9,5
2016/04/21 12:20:00,33.0000,131.2000,10,3.0,8.0,0.2,1.4,15
2016/04/21 11:17:00,32.8000,130.8000,10,3.1,56.4,1.7,2.7,9
2016/04/21 08:48:00,33.3000,131.5000,0,2.6,2.1,0.1,0.6,1
2016/04/21 07:03:00,33.3000,131.5000,0,2.7,4.8,0.1,-0.2,3
2016/04/21 06:45:00,32.9000,130.9000,10,3.0,54.4,1.0,2.5,11
2016/04/21 06:39:00,33.3000,131.5000,0,3.0,6.3,0.1,0.3,2
2016/04/21 05:16:00,33.3000,131.5000,10,3.5,19.8,0.9,2.6,13
2016/04/20 22:21:00,32.7000,130.7000,10,3.3,25.6,0.8,2.4,16
2016/04/20 21:35:00,33.0000,131.1000,10,3.5,37.6,0.8,2.5,24
2016/04/20 21:19:00,37.7700,141.6880,49,5.8,43.6,2.1,3.2,317
2016/04/20 19:00:00,32.8000,130.7000,10,3.8,42.3,1.4,2.7,56
2016/04/20 17:40:00,32.9000,130.8000,10,2.8,29.2,0.4,1.5,11
2016/04/20 16:01:00,32.8000,130.8000,10,3.9,71.5,1.8,3.3,79
2016/04/20 15:31:00,32.9000,130.8000,10,3.0,19.3,0.4,1.7,11
2016/04/20 15:28:00,32.7000,130.7000,0,3.1,38.9,1.0,2.5,26
2016/04/20 14:27:00,33.3000,131.5000,10,4.0,14.6,0.6,2.3,26
2016/04/20 12:22:00,32.6000,130.7000,10,3.2,35.2,0.9,2.0,13
2016/04/20 08:00:00,32.7000,130.6000,10,3.6,34.4,1.3,2.7,35
2016/04/20 05:53:00,36.6620,140.7530,85,3.8,16.9,0.5,2.2,66
2016/04/20 03:52:00,32.7000,130.8000,10,2.9,11.7,0.5,1.8,5
2016/04/20 03:39:00,32.6000,130.6000,10,4.1,52.9,1.3,2.7,84
2016/04/20 02:16:00,32.6000,130.7000,10,4.0,51.8,1.7,2.5,57
2016/04/20 00:56:00,32.5000,130.6000,10,3.4,41.9,0.8,2.2,25
2016/04/20 00:29:00,32.6000,130.6000,10,3.8,99.9,3.3,3.3,55
2016/04/19 23:23:00,32.7000,130.7000,10,3.2,21.8,0.5,2.1,11
2016/04/19 22:26:00,32.6000,130.7000,10,3.7,34.1,0.8,2.5,33
2016/04/19 20:47:00,32.5720,130.6520,11,5.0,237.0,11.5,4.4,156
2016/04/19 20:33:00,32.8000,130.7000,10,3.2,3.5,0.1,1.0,8
2016/04/19 19:05:00,35.7330,140.7000,49,4.3,12.8,0.4,2.0,48
2016/04/19 18:14:00,32.7000,130.7000,0,3.3,20.3,0.7,2.4,10
2016/04/19 18:09:00,32.5000,130.7000,10,4.0,53.9,1.5,2.7,69
2016/04/19 18:04:00,32.6000,130.6000,0,3.9,73.1,1.7,2.9,30
2016/04/19 18:02:00,32.8000,130.8000,10,4.0,46.2,1.7,3.2,82
2016/04/19 17:57:00,32.5000,130.6000,10,3.7,77.7,1.3,2.6,45
2016/04/19 17:52:00,32.5350,130.6350,10,5.5,356.3,25.0,5.2,192
2016/04/19 16:22:00,33.0000,131.1000,10,3.4,26.4,0.8,2.1,23
2016/04/19 15:05:00,33.0000,131.2000,10,4.0,34.9,1.6,2.9,28
2016/04/19 14:57:00,33.0000,131.2000,10,3.2,7.2,0.1,1.0,12
2016/04/19 14:55:00,38.9220,141.9300,51,3.9,35.4,0.6,1.8,40
2016/04/19 14:14:00,33.0000,131.2000,10,3.2,12.8,0.3,1.8,12
2016/04/19 13:35:00,32.7000,130.8000,10,3.3,25.2,0.6,2.1,14
2016/04/19 12:52:00,32.8000,130.8000,20,4.0,44.8,2.5,3.2,65
2016/04/19 09:23:00,32.8000,130.8000,10,3.5,50.5,1.1,2.7,34
2016/04/19 08:52:00,33.0000,131.2000,10,3.3,6.2,0.2,1.4,10
2016/04/19 08:12:00,33.0000,131.2000,10,3.7,86.4,2.4,3.4,42
2016/04/19 06:21:00,33.0000,131.2000,20,3.3,10.8,0.3,1.8,9
2016/04/19 06:20:00,33.0000,131.2000,10,4.0,27.2,1.1,2.6,51
2016/04/19 05:32:00,42.2380,142.9080,52,4.1,12.5,0.3,1.6,48
2016/04/19 03:38:00,33.0000,131.2000,10,3.3,47.9,1.0,2.6,21
2016/04/19 03:08:00,32.6000,130.7000,10,2.9,20.0,0.8,2.3,8
2016/04/19 01:53:00,32.7000,130.7000,10,3.8,38.4,1.0,2.4,55
2016/04/18 23:22:00,33.0000,131.2000,20,3.1,11.0,0.4,1.8,14
2016/04/18 22:31:00,32.9000,131.1000,10,3.2,22.2,0.5,2.2,15
2016/04/18 22:19:00,33.0000,131.2000,10,3.4,12.4,0.3,1.6,25
2016/04/18 21:47:00,33.0000,131.2000,0,3.5,33.4,0.6,2.1,36
2016/04/18 21:18:00,32.7000,130.7000,10,3.9,45.2,2.3,3.1,63
2016/04/18 20:59:00,33.0000,131.2000,10,3.4,10.4,0.3,1.8,23
2016/04/18 20:54:00,33.0000,131.2000,0,2.9,4.6,0.1,1.0,5
2016/04/18 20:49:00,33.0000,131.2000,0,3.1,6.0,0.2,1.0,9
2016/04/18 20:42:00,33.0020,131.1980,9,5.8,279.5,22.2,4.9,240
2016/04/18 20:28:00,32.6000,130.7000,10,2.4,21.9,0.6,2.1,3
2016/04/18 19:55:00,32.7000,130.7000,10,3.3,17.6,0.4,1.7,12
2016/04/18 18:53:00,32.7000,130.7000,10,3.8,33.5,1.0,2.6,46
2016/04/18 18:14:00,34.4120,135.8730,9,3.0,21.7,0.3,1.0,8
2016/04/18 17:02:00,33.3000,131.5000,0,3.7,13.8,0.3,1.6,17
2016/04/18 15:00:00,32.8000,130.7000,10,3.2,15.6,0.5,1.9,13
2016/04/18 13:04:30,32.5000,130.7000,10,3.2,61.7,1.5,2.2,23
2016/04/18 13:04:00,33.2000,131.4000,10,2.6,39.1,0.9,2.4,2
2016/04/18 12:46:00,36.7450,140.5830,10,3.7,61.2,1.3,2.4,31
2016/04/18 12:37:00,32.5000,130.7000,10,3.8,39.1,1.2,2.7,44
2016/04/18 09:02:00,32.7000,130.7000,10,3.4,19.0,0.6,2.1,25
2016/04/18 08:35:00,32.9000,130.9000,10,4.1,128.3,4.1,3.7,87
2016/04/18 08:24:00,37.0720,141.1850,51,4.2,43.4,0.8,2.2,61
2016/04/18 07:53:00,32.6000,130.7000,10,3.8,44.3,1.4,2.7,48
2016/04/18 07:13:00,32.7000,130.7000,10,3.4,44.9,1.5,2.9,17
2016/04/18 05:39:00,32.6000,130.8000,10,3.1,117.0,3.4,3.5,8
2016/04/18 04:44:00,32.7000,130.7000,10,3.8,40.0,2.1,3.0,45
2016/04/18 04:02:00,32.8000,130.8000,10,3.4,12.8,0.3,1.7,23
2016/04/18 03:36:00,32.6000,130.7000,0,3.2,59.0,2.3,3.2,9
2016/04/18 00:10:00,32.5000,130.7000,0,3.6,37.3,1.0,2.4,31
2016/04/17 22:56:00,32.6450,130.7180,7,3.8,157.3,6.8,3.9,33
2016/04/17 20:34:00,35.8100,140.2030,59,3.6,8.0,0.2,1.4,39
2016/04/17 19:40:00,32.9680,131.0970,9,3.3,17.6,0.5,2.0,14
2016/04/17 19:23:00,32.6770,130.7200,11,4.4,159.5,6.8,4.0,100
2016/04/17 18:25:00,33.2680,131.3580,10,3.3,124.9,2.4,3.3,11
2016/04/17 17:53:00,32.7900,130.6980,9,2.9,6.3,0.2,0.8,2
2016/04/17 17:17:00,33.2670,131.3650,10,2.9,48.1,1.1,2.6,9
2016/04/17 16:08:00,32.7070,130.7270,10,3.6,41.6,0.8,2.4,24
2016/04/17 15:57:00,32.6330,130.7300,7,3.7,132.5,4.0,3.5,30
2016/04/17 15:35:00,33.2720,131.3600,8,3.0,43.8,2.0,3.0,4
2016/04/17 14:41:00,32.6150,130.7120,4,3.4,20.7,0.9,2.3,18
2016/04/17 14:10:00,32.6550,130.7350,6,2.7,28.7,0.6,2.1,6
2016/04/17 13:38:00,32.7050,130.7820,10,3.8,68.1,2.9,3.3,44
2016/04/17 13:14:00,32.9720,131.0980,6,4.4,43.6,2.3,3.3,31
2016/04/17 12:32:00,32.6600,130.7330,9,3.4,37.0,1.6,2.9,18
2016/04/17 12:27:00,32.7920,130.7750,17,4.0,31.4,1.0,2.3,79
2016/04/17 12:20:00,32.8120,131.0980,5,2.6,62.6,1.2,2.4,2
2016/04/17 12:09:00,33.6030,132.0880,66,3.9,8.5,0.2,1.4,53
2016/04/17 11:51:00,32.6330,130.7280,5,3.4,121.6,4.4,3.7,13
2016/04/17 11:34:00,32.9900,131.0950,8,3.2,25.4,0.8,2.3,9
2016/04/17 10:59:00,32.5550,130.7050,8,4.1,28.8,1.2,2.7,76
2016/04/17 09:58:00,32.6780,130.7700,10,3.8,101.7,2.7,3.3,35
2016/04/17 09:40:00,32.6070,130.7180,4,3.9,64.5,2.4,3.4,26
2016/04/17 08:58:00,32.8520,130.9130,10,3.6,101.1,2.5,3.0,32
2016/04/17 08:38:00,33.2730,131.3430,8,2.8,49.1,1.5,2.9,3
2016/04/17 06:17:00,32.7770,130.7170,9,3.3,28.6,1.0,2.2,12
2016/04/17 06:00:00,32.6500,130.7180,7,3.8,84.2,3.5,3.6,32
2016/04/17 05:41:00,32.6900,130.7770,10,3.6,54.5,1.4,2.7,31
2016/04/17 04:54:00,32.8500,130.8100,14,2.9,16.1,0.4,1.7,9
2016/04/17 04:46:00,32.6870,130.7750,10,4.5,109.2,5.9,4.1,110
2016/04/17 03:30:00,33.0180,131.1820,7,4.0,15.6,0.7,2.3,42
2016/04/17 03:26:00,32.8300,130.8180,10,3.7,80.0,1.5,3.0,28
2016/04/17 03:07:00,32.6220,130.7250,3,2.5,12.7,0.4,1.9,2
2016/04/17 01:37:00,32.8680,130.8550,11,3.4,25.5,0.7,2.2,17
2016/04/17 00:59:00,33.0120,131.2020,9,3.9,22.1,0.6,2.3,40
2016/04/17 00:56:00,32.6470,130.7320,9,3.9,58.2,2.0,3.0,57
2016/04/17 00:45:00,32.8730,130.8870,11,3.1,17.4,0.3,1.6,12
2016/04/17 00:23:00,32.6450,130.7170,4,3.2,142.9,6.4,3.8,3
2016/04/17 00:20:00,33.2820,131.3550,3,2.3,15.4,0.7,2.3,3
2016/04/17 00:14:00,32.9620,131.0780,9,4.8,197.0,4.4,3.6,117
2016/04/17 00:04:00,32.5570,130.6570,9,3.6,31.5,0.9,2.4,35
2016/04/17 00:03:00,32.8600,130.8500,14,3.4,32.3,0.7,2.3,17
2016/04/16 23:54:00,33.0330,131.1930,8,3.3,55.2,1.0,2.8,52
2016/04/16 23:26:00,33.2750,131.3750,9,3.6,37.4,1.2,2.8,20
2016/04/16 22:53:00,32.8680,130.8380,13,3.4,29.6,0.4,1.8,19
2016/04/16 22:25:00,32.7000,130.7170,13,3.2,26.7,0.8,2.2,12
2016/04/16 22:10:00,32.6980,130.7100,11,3.4,80.5,2.5,3.1,24
2016/04/16 22:06:00,32.8700,130.8280,15,3.7,32.8,0.7,2.4,41
2016/04/16 21:50:00,32.9650,131.0650,12,3.8,58.7,1.0,2.6,29
2016/04/16 21:43:00,32.6150,130.7080,5,3.3,32.5,1.1,2.9,32
2016/04/16 21:28:00,32.7570,130.7100,9,2.5,4.4,0.1,0.7,3
2016/04/16 21:05:00,32.7520,130.7550,18,4.4,87.0,4.9,3.7,123
2016/04/16 21:02:00,32.9280,131.0500,10,2.8,16.6,0.3,1.3,3
2016/04/16 20:44:00,32.5650,130.6580,9,3.7,44.4,1.2,2.6,34
2016/04/16 18:25:00,32.6520,130.7220,10,4.0,142.5,6.1,3.9,50
2016/04/16 17:40:00,32.7000,130.7030,12,4.2,81.0,3.2,3.4,92
2016/04/16 17:17:00,32.8550,130.8600,11,3.5,158.0,4.7,3.7,31
2016/04/16 17:05:00,32.6400,130.6920,4,2.8,13.2,0.4,1.8,8
2016/04/16 16:57:00,32.6950,130.7230,11,3.2,25.5,0.8,2.2,14
2016/04/16 16:55:00,32.6930,130.7000,11,3.6,41.8,1.2,2.4,27
2016/04/16 16:02:00,32.6980,130.7200,12,5.4,191.1,9.2,4.5,191
2016/04/16 15:48:00,32.7550,130.6480,14,4.0,26.9,0.9,2.5,76
2016/04/16 15:44:00,32.6270,130.6950,5,3.6,43.9,2.3,3.0,16
2016/04/16 15:16:00,33.2720,131.3550,5,2.6,49.0,1.6,3.0,1
2016/04/16 15:15:00,32.7880,130.7670,11,2.7,33.5,0.8,2.4,27
2016/04/16 14:59:00,32.6670,130.7530,7,3.0,20.0,0.6,2.1,8
2016/04/16 14:58:00,33.0430,131.2070,6,3.5,8.2,0.2,1.6,16
2016/04/16 14:47:00,32.7250,130.7620,12,3.8,43.0,1.8,2.8,41
2016/04/16 14:32:00,32.7480,130.7780,10,3.5,27.3,1.1,2.7,24
2016/04/16 14:27:00,32.6500,130.7420,8,4.6,194.5,9.6,4.2,114
2016/04/16 14:03:00,33.0070,131.2180,9,4.6,69.6,2.4,3.3,105
2016/04/16 13:29:00,33.2380,131.3400,9,3.1,45.8,2.1,3.0,5
2016/04/16 13:18:00,33.2400,131.3400,9,2.9,35.6,1.5,2.6,2
2016/04/16 13:17:00,32.8030,130.7350,9,3.6,69.9,3.1,3.2,20
2016/04/16 13:15:00,32.9750,131.0780,9,3.4,46.4,1.3,3.0,76
2016/04/16 13:09:00,32.6520,130.7350,10,3.7,78.6,3.1,3.5,27
2016/04/16 13:00:00,32.7220,130.6850,13,3.1,22.7,0.9,2.5,43
2016/04/16 12:48:00,33.0300,131.1980,6,3.8,30.3,0.8,2.6,40
2016/04/16 12:41:00,33.2670,131.3820,6,2.7,25.8,1.1,2.7,3
2016/04/16 11:49:00,32.6300,130.7120,5,2.8,19.5,0.7,2.4,5
2016/04/16 11:38:00,32.6870,130.7000,16,3.9,83.1,1.4,3.0,83
2016/04/16 11:29:00,32.8750,130.9350,10,2.9,42.2,1.3,2.5,6
2016/04/16 11:02:00,32.7580,130.7770,15,4.4,175.3,8.1,4.4,132
2016/04/16 10:55:00,32.7230,130.7320,15,3.7,21.3,0.5,2.0,50
2016/04/16 10:39:00,32.9800,131.1020,10,3.9,70.8,2.0,3.0,36
2016/04/16 10:38:00,32.7000,130.7000,10,4.3,143.5,7.0,3.9,70
2016/04/16 10:26:00,32.8020,130.8470,11,3.8,178.8,6.5,4.1,46
2016/04/16 09:58:00,32.6330,130.7170,6,3.5,104.8,4.5,3.9,12
2016/04/16 09:56:00,32.7020,130.6730,12,3.6,31.9,0.8,2.3,36
2016/04/16 09:53:00,32.8620,130.8220,13,3.6,20.4,0.6,2.1,20
2016/04/16 09:48:00,32.8470,130.8350,16,5.4,298.7,14.9,4.7,208
2016/04/16 09:18:00,32.9950,131.1100,9,3.9,60.7,1.4,3.0,31
2016/04/16 09:16:00,32.5450,130.6520,7,4.5,149.7,4.0,3.2,95
2016/04/16 09:02:00,33.2970,131.4780,6,2.4,1.9,0.0,-0.1,2
2016/04/16 08:27:00,33.2820,131.3900,7,3.7,43.3,2.4,3.3,13
2016/04/16 08:20:00,32.7000,130.7000,10,4.6,136.8,8.1,3.9,129
2016/04/16 08:19:00,35.3770,140.4430,26,3.1,6.0,0.1,0.9,10
2016/04/16 08:08:00,32.8550,130.8500,11,3.9,127.3,3.6,3.6,68
2016/04/16 08:02:00,32.6630,130.7200,10,3.8,139.9,5.3,3.8,46
2016/04/16 07:58:00,33.3170,131.4080,7,3.2,15.9,0.5,2.1,9
2016/04/16 07:57:00,32.6300,130.7350,5,3.9,88.0,3.9,3.3,40
2016/04/16 07:54:00,33.0000,131.1000,10,3.3,33.5,0.8,2.5,19
2016/04/16 07:49:00,32.9700,131.1070,10,3.6,36.7,0.9,2.6,25
2016/04/16 07:42:00,32.7750,130.7420,11,4.2,104.3,4.1,3.9,82
2016/04/16 07:29:00,33.2820,131.4320,4,3.4,42.3,2.3,3.1,6
2016/04/16 07:27:00,33.2870,131.4380,6,2.9,40.8,1.4,2.7,2
2016/04/16 07:23:00,32.7870,130.7730,12,4.8,245.1,12.1,4.7,134
2016/04/16 07:21:00,33.2920,131.4430,4,2.7,15.4,0.5,2.1,3
2016/04/16 07:11:00,33.2700,131.3950,6,5.4,178.4,12.7,4.5,84
2016/04/16 07:06:00,32.9530,131.1180,10,3.5,22.2,0.6,2.1,20
2016/04/16 07:01:00,32.9770,131.1080,11,3.8,61.1,1.3,2.6,32
2016/04/16 06:51:00,33.2730,131.3570,8,3.0,62.3,2.3,3.1,6
2016/04/16 06:40:00,32.9970,131.1020,8,3.6,41.5,2.0,3.1,55
2016/04/16 06:34:00,32.6650,130.7230,12,3.4,34.6,1.0,2.5,17
2016/04/16 06:15:00,32.7980,130.7780,16,3.7,47.3,0.9,2.4,42
2016/04/16 06:11:00,33.0650,131.1450,12,4.1,87.1,1.1,2.8,62
2016/04/16 06:03:00,33.2830,131.3400,7,3.0,45.8,1.4,3.0,4
2016/04/16 06:02:00,32.9600,131.1100,9,3.9,102.1,2.7,3.2,37
2016/04/16 05:57:00,32.6480,130.7350,9,3.3,37.4,1.4,2.9,30
2016/04/16 05:53:00,32.6770,130.7300,13,3.9,42.0,1.3,2.9,52
2016/04/16 05:52:00,33.0000,131.2000,10,4.0,30.4,0.9,2.6,40
2016/04/16 05:43:00,32.8370,130.8570,11,2.9,25.0,1.0,2.6,21
2016/04/16 05:37:00,32.7150,130.7780,9,3.2,23.3,1.0,2.6,8
2016/04/16 05:34:00,32.6000,130.7000,0,3.9,34.2,1.4,2.8,56
2016/04/16 05:33:00,32.8030,130.7830,16,3.7,41.3,0.7,2.3,22
2016/04/16 05:24:00,32.6870,130.7670,10,2.9,73.7,3.1,3.7,20
2016/04/16 05:22:00,32.6630,130.7220,8,3.3,66.6,1.9,3.0,12
2016/04/16 05:20:00,33.2970,131.4870,7,3.3,7.7,0.2,1.2,3
2016/04/16 05:16:00,33.0320,131.1900,7,3.5,32.3,0.8,2.6,18
2016/04/16 05:01:00,33.0000,131.1000,10,3.3,35.4,0.7,2.1,13
2016/04/16 04:57:00,33.0000,131.2000,0,3.7,26.2,0.6,2.2,36
2016/04/16 04:51:00,32.7530,130.7520,14,4.3,134.7,7.0,4.1,118
2016/04/16 04:45:00,33.0050,131.2080,6,3.0,6.4,0.2,1.0,3
2016/04/16 04:34:30,32.9800,131.0730,12,3.0,20.2,0.5,2.4,26
2016/04/16 04:34:00,32.8000,130.8000,0,3.6,113.3,3.9,3.7,9
2016/04/16 04:28:00,32.6480,130.7270,9,3.9,55.0,2.1,3.2,61
2016/04/16 04:24:00,32.9800,131.0730,12,4.6,111.0,3.1,3.5,62
2016/04/16 04:23:00,33.0350,131.1970,10,4.2,54.1,0.9,2.8,25
2016/04/16 04:18:00,33.0000,131.1000,10,4.3,48.7,2.0,3.3,49
2016/04/16 04:17:00,32.7650,130.7680,14,3.4,25.2,0.7,2.5,17
2016/04/16 04:15:00,33.2950,131.3900,7,3.8,32.6,2.2,3.1,16
2016/04/16 04:14:00,32.9750,131.1050,10,3.1,16.3,0.7,2.2,30
2016/04/16 04:11:00,32.7430,130.7830,9,3.3,17.0,0.8,2.1,20
2016/04/16 04:09:00,33.0150,131.1770,12,4.1,121.1,2.3,3.4,65
2016/04/16 04:05:00,32.7970,130.8120,12,4.0,145.2,4.4,3.8,72
2016/04/16 04:00:00,33.0250,131.1880,11,4.1,36.3,0.9,2.8,57
2016/04/16 03:57:00,33.0300,131.1900,13,4.3,45.9,1.3,2.8,44
2016/04/16 03:55:00,33.0250,131.1900,11,5.8,394.2,18.8,4.9,242
2016/04/16 03:48:00,32.7070,130.7880,7,3.2,74.0,2.0,2.9,15
2016/04/16 03:45:00,32.6930,130.7780,9,3.6,55.0,1.8,2.8,11
2016/04/16 03:34:00,32.6950,130.7680,9,3.7,53.2,1.5,2.9,34
2016/04/16 03:32:00,33.0650,131.1380,12,2.9,57.1,1.8,3.2,45
2016/04/16 03:27:00,32.8020,130.8180,12,3.2,24.6,1.0,2.5,39
2016/04/16 03:16:00,32.9750,131.1020,10,4.2,36.5,1.2,2.7,30
2016/04/16 03:08:00,33.3070,131.4470,4,3.5,8.2,0.3,1.7,19
2016/04/16 03:03:00,32.9630,131.0870,7,5.9,529.5,26.3,5.2,216
2016/04/16 03:01:00,39.7570,141.8330,59,4.1,65.7,1.3,2.7,60
2016/04/16 02:57:00,32.9520,131.0750,10,3.3,35.1,0.6,2.3,13
2016/04/16 02:49:00,33.3030,131.4380,4,3.1,37.9,1.2,2.7,35
2016/04/16 02:18:00,32.7570,130.7650,13,3.7,254.0,7.8,3.9,49
2016/04/16 02:04:00,32.7450,130.7370,12,4.9,100.0,8.5,4.1,77
2016/04/16 01:56:00,32.8000,130.8000,0,4.7,120.9,6.6,4.0,98
2016/04/16 01:46:00,32.8620,130.8980,11,5.9,491.8,47.7,5.6,297
2016/04/16 01:44:00,32.7520,130.7600,15,5.4,144.6,8.6,4.4,154
2016/04/16 01:30:00,32.8570,130.8950,8,4.3,167.2,8.3,4.3,226
2016/04/16 01:25:00,32.7530,130.7620,12,7.3,1362.1,133.0,6.5,699
2016/04/15 23:17:00,32.8580,130.8730,7,3.6,126.0,3.4,3.7,30
2016/04/15 20:46:00,35.3400,139.3780,36,2.8,6.7,0.1,0.9,12
2016/04/15 20:15:00,32.6970,130.7420,12,3.8,42.7,1.5,2.9,54
2016/04/15 18:48:00,32.7100,130.7500,13,3.9,29.9,1.2,2.7,65
2016/04/15 17:39:00,32.8400,130.8830,12,3.6,26.5,0.8,2.5,31
2016/04/15 15:27:00,32.8400,130.8820,12,4.2,76.4,1.8,3.2,102
2016/04/15 13:50:00,32.7200,130.7630,12,4.0,73.2,3.2,3.4,98
2016/04/15 12:46:00,32.7800,130.8450,14,3.6,52.4,1.1,2.8,30
2016/04/15 09:53:00,32.7070,130.7520,13,3.9,43.5,1.5,2.9,72
2016/04/15 09:02:00,32.6970,130.7430,13,3.7,23.7,0.6,2.1,49
2016/04/15 07:56:00,32.7280,130.7920,10,3.3,23.1,0.7,2.2,13
2016/04/15 07:46:00,32.7300,130.7970,11,4.4,150.2,6.6,4.2,116
2016/04/15 07:30:00,32.8350,130.8870,12,4.2,128.4,4.8,3.9,118
2016/04/15 07:20:00,32.6650,130.7270,12,3.5,29.4,0.9,2.3,26
2016/04/15 06:25:00,32.8370,130.8780,10,2.9,15.4,0.3,1.7,8
2016/04/15 05:32:00,32.6930,130.7420,11,3.8,33.1,0.7,2.4,55
2016/04/15 05:10:00,32.7620,130.8120,10,4.6,140.7,3.5,3.7,136
2016/04/15 05:01:00,32.6980,130.7550,10,3.5,27.5,0.7,2.5,30
2016/04/15 04:19:00,32.7230,130.7870,13,2.6,21.7,1.0,2.6,7
2016/04/15 03:37:00,32.6700,130.7400,11,4.1,101.0,3.3,3.5,86
2016/04/15 02:14:00,32.7030,130.7550,11,4.2,107.4,3.7,3.5,76
2016/04/15 01:59:00,32.7620,130.8150,11,3.6,28.5,1.3,2.6,35
2016/04/15 01:53:00,32.7000,130.7520,12,4.8,476.8,13.2,4.8,149
2016/04/15 01:21:00,32.6670,130.7370,11,3.8,41.5,1.3,2.7,51
2016/04/15 01:04:00,32.7680,130.8200,13,3.9,42.6,1.0,2.6,59
2016/04/15 00:53:00,32.7780,130.8000,12,3.9,168.3,7.1,4.2,38
2016/04/15 00:50:00,32.7370,130.7580,13,4.2,62.0,1.9,3.2,110
2016/04/15 00:47:00,32.7880,130.8330,12,2.8,20.7,0.6,2.0,12
2016/04/15 00:34:00,32.6920,130.7470,13,4.5,205.2,9.7,4.2,131
2016/04/15 00:25:00,34.1820,138.4020,279,4.8,12.0,0.4,1.8,121
2016/04/15 00:20:00,32.6880,130.7450,11,3.9,83.5,1.9,3.1,50
2016/04/15 00:13:00,32.6770,130.7450,11,3.5,28.2,1.2,2.5,52
2016/04/15 00:03:00,32.7000,130.7770,7,6.4,606.3,55.0,5.7,286
2016/04/14 23:45:00,32.7380,130.7830,10,3.7,72.5,3.1,3.6,70
2016/04/14 23:43:00,32.7670,130.8270,14,5.1,204.6,7.5,4.3,185
2016/04/14 23:29:00,32.7770,130.8370,13,4.6,263.9,13.1,4.8,140
2016/04/14 23:28:00,32.7880,130.8520,13,4.4,303.0,13.9,4.8,96
2016/04/14 23:02:00,32.8000,130.8300,8,3.8,52.3,1.0,2.9,50
2016/04/14 23:00:00,32.6830,130.7270,13,3.3,12.7,0.3,1.6,16
2016/04/14 22:51:00,32.6800,130.7420,12,3.6,28.4,0.9,2.4,30
2016/04/14 22:47:00,32.7650,130.8280,9,3.6,90.8,3.9,3.6,29
2016/04/14 22:43:00,32.6770,130.7380,11,4.4,145.7,6.2,4.0,95
2016/04/14 22:38:00,32.6770,130.7350,11,5.0,129.0,8.9,4.2,169
2016/04/14 22:32:00,32.6700,130.7400,9,3.9,26.2,0.9,2.6,64
2016/04/14 22:31:00,32.7270,130.8000,7,3.3,41.4,2.0,2.7,4
2016/04/14 22:26:00,32.7500,130.7970,7,3.5,44.1,1.4,2.7,27
2016/04/14 22:22:00,32.6870,130.7400,12,4.6,92.2,4.0,3.5,138
2016/04/14 22:19:00,32.7720,130.8420,9,3.6,40.7,1.3,2.7,21
2016/04/14 22:18:00,32.7750,130.8270,9,4.0,89.3,2.5,3.3,51
2016/04/14 22:16:00,32.7200,130.8020,6,4.1,20.4,0.9,2.4,35
2016/04/14 22:15:00,32.6800,130.7450,9,3.5,116.5,5.8,3.8,35
2016/04/14 22:09:00,32.7750,130.8570,9,4.4,115.4,3.5,3.5,98
2016/04/14 22:08:00,32.7730,130.8530,10,3.9,8.4,0.2,1.2,12
2016/04/14 22:07:00,32.7750,130.8480,8,5.8,709.7,36.9,5.7,241
2016/04/14 22:06:00,32.7120,130.7650,13,4.6,12.0,0.4,1.8,3
2016/04/14 21:55:00,32.7700,130.8270,8,3.9,86.1,3.8,3.5,69
2016/04/14 21:53:00,32.7500,130.7930,8,3.5,46.2,1.9,3.0,15
2016/04/14 21:43:00,32.7170,130.7470,12,4.1,8.8,0.3,1.5,38
2016/04/14 21:42:00,32.7170,130.7670,12,4.9,153.1,5.8,3.9,160
2016/04/14 21:41:00,32.6800,130.7380,12,4.0,8.9,0.2,1.1,29
2016/04/14 21:37:00,32.7400,130.7920,9,3.9,74.8,4.2,3.8,48
2016/04/14 21:33:00,32.6970,130.7470,11,3.1,46.2,1.3,2.7,30
2016/04/14 21:28:00,32.6780,130.7450,10,4.1,3.2,0.2,1.0,10
2016/04/14 21:26:00,32.7420,130.8080,11,6.5,1579.7,91.8,6.4,337
2016/04/14 20:58:00,35.6520,139.5520,45,3.6,26.9,0.7,2.3,74
2016/04/14 15:39:00,36.6100,139.4680,5,3.4,132.2,1.3,2.5,23
2016/04/14 12:26:00,41.7850,143.3730,32,4.2,9.9,0.3,1.8,6
2016/04/12 23:19:00,34.3630,136.1220,8,3.7,36.9,0.5,1.7,27
2016/04/12 04:43:00,35.4350,140.4470,52,3.4,6.6,0.2,1.2,24
2016/04/11 01:37:00,36.8020,140.5880,7,3.4,39.6,0.5,1.8,18
2016/04/10 23:32:00,36.0100,139.8920,41,3.5,16.9,0.4,1.9,59
2016/04/10 20:00:00,24.2550,123.8170,16,3.8,10.0,0.3,1.1,2
2016/04/10 01:53:00,34.9420,135.4220,13,3.6,64.0,0.8,2.5,38
2016/04/10 01:22:00,34.9420,135.4220,14,3.7,49.3,0.9,2.6,80
2016/04/09 17:24:00,37.3820,141.3670,34,3.9,9.5,0.2,1.4,33
2016/04/04 19:32:00,39.8630,141.9620,34,4.4,86.2,1.5,3.2,97
2016/04/03 14:22:00,32.9550,130.8950,10,2.5,6.2,0.1,0.6,3
2016/04/01 11:39:00,33.3230,136.3820,29,6.5,22.1,1.9,3.0,337
2016/03/31 17:42:00,33.7770,130.6330,9,2.9,14.8,0.2,1.2,7
2016/03/31 15:19:00,36.1670,140.0920,54,3.3,14.9,0.3,1.5,37
2016/03/31 12:11:00,36.1650,140.1020,55,3.6,13.8,0.3,1.3,63
2016/03/31 11:48:00,36.1700,140.0980,55,4.3,82.3,2.4,3.2,164
2016/03/30 14:10:00,42.9170,144.7170,57,4.7,58.6,2.2,3.2,80
2016/03/26 22:33:00,36.0370,139.8800,43,3.7,44.3,0.8,2.3,70
2016/03/25 23:55:00,36.7580,141.1900,38,4.0,16.1,0.3,1.9,35
2016/03/25 17:39:00,38.8370,141.3680,9,3.0,139.9,1.3,1.7,10
2016/03/24 16:57:00,43.2420,145.5000,97,4.3,47.6,1.4,2.8,39
2016/03/23 16:56:00,38.3600,141.6630,53,3.8,66.2,1.5,2.8,48
2016/03/22 18:46:00,37.0570,141.2000,50,3.6,20.0,0.3,1.4,25
2016/03/22 14:34:00,36.7780,140.5730,7,4.7,534.4,9.6,4.1,167
2016/03/21 09:11:00,43.5800,147.2220,38,4.7,13.5,0.4,2.1,39
2016/03/21 08:03:00,37.5750,140.6080,90,3.8,31.5,0.8,2.7,46
2016/03/20 16:01:00,36.0070,139.4650,96,3.8,11.3,0.3,1.7,79
2016/03/20 11:42:00,35.0100,137.2470,38,3.5,18.8,0.4,2.0,67
2016/03/19 23:30:00,38.2320,141.6920,51,3.9,24.7,0.3,1.6,31
2016/03/19 20:33:00,38.4350,141.8020,55,3.7,35.1,0.4,1.5,21
2016/03/19 10:27:00,26.9400,126.6430,23,4.9,3.7,0.3,1.2,3
2016/03/18 03:59:00,39.4370,142.3780,49,4.6,118.8,2.1,3.2,102
2016/03/17 18:29:00,36.1520,138.0020,8,3.2,42.9,0.6,2.3,9
2016/03/17 01:15:00,40.9720,142.0100,56,4.1,21.2,0.5,2.0,38
2016/03/15 14:05:00,39.4770,143.6330,26,4.9,3.4,0.3,1.5,42
2016/03/15 05:31:00,42.9020,143.4400,116,3.8,21.4,0.4,2.0,44
2016/03/14 16:03:00,29.7300,129.2850,224,5.3,13.8,0.8,2.4,63
2016/03/13 17:44:00,38.1730,141.6700,50,3.8,17.6,0.5,2.1,49
2016/03/13 11:07:00,41.9780,142.5700,62,4.2,7.1,0.2,1.4,46
2016/03/12 05:00:00,28.2480,129.5330,33,4.2,37.4,0.6,2.2,4
2016/03/10 22:46:00,35.7200,140.7030,48,4.2,7.4,0.2,1.5,23
2016/03/08 23:32:00,35.9100,138.0680,10,3.5,24.0,0.5,2.0,22
2016/03/08 13:32:00,42.1250,142.9120,20,3.8,20.7,1.0,2.5,9
2016/03/07 16:37:00,40.1430,142.4620,34,4.8,48.4,1.2,3.0,114
2016/03/07 08:02:00,39.7570,141.8500,58,3.7,34.2,0.4,1.7,47
2016/03/07 05:58:00,35.8350,135.8650,13,3.9,28.8,0.7,2.1,95
2016/03/06 14:59:00,40.4230,140.6280,2,2.5,28.3,0.6,1.9,7
2016/03/05 20:02:00,33.6720,130.4170,13,3.6,20.0,0.4,1.8,22
2016/03/05 18:30:00,40.3930,141.2480,10,3.2,19.0,0.3,1.7,15
2016/03/04 05:44:00,35.4320,133.9170,7,2.7,2.6,0.1,0.4,1
2016/03/03 16:11:00,31.7700,131.4300,51,4.9,49.0,2.9,3.5,77
2016/03/01 09:13:00,37.5450,141.9470,43,4.3,14.6,0.6,2.0,53
2016/03/01 04:47:00,23.8220,123.3700,31,5.3,8.4,0.4,1.5,2
2016/02/29 14:15:00,34.0530,135.1320,7,2.9,19.1,0.3,1.4,3
2016/02/29 08:02:00,35.4320,133.9150,7,2.7,5.9,0.2,0.7,2
2016/02/28 02:42:00,36.8250,140.5550,7,3.7,94.3,1.8,2.7,40
2016/02/25 11:43:00,38.1700,141.6730,50,3.9,42.2,0.3,1.7,35
2016/02/25 01:10:00,38.3030,141.8780,46,4.6,135.9,2.1,3.3,134
2016/02/24 12:15:00,36.6680,140.6600,10,3.7,94.6,1.2,2.5,28
2016/02/24 04:02:00,35.8650,140.8920,19,3.9,17.5,0.5,1.6,30
2016/02/23 03:41:00,43.0730,145.6620,47,4.6,76.7,1.5,3.0,44
2016/02/22 03:03:00,37.4150,141.8600,29,4.7,10.5,0.2,1.5,71
2016/02/21 14:22:00,36.2270,140.8820,45,3.7,14.9,0.3,1.4,36
2016/02/20 10:33:00,35.2200,139.1230,9,2.9,16.8,0.2,0.9,13
2016/02/19 22:13:00,37.2320,142.1680,26,5.3,26.4,0.9,2.8,143
2016/02/19 10:50:00,35.6570,140.1700,63,3.9,8.7,0.3,1.6,96
2016/02/16 14:33:00,40.3480,142.0780,50,3.8,13.7,0.3,1.7,26
2016/02/16 13:30:00,35.5600,141.0630,36,3.9,13.7,0.4,1.5,12
2016/02/15 07:47:00,43.0550,143.3180,136,4.2,18.1,0.8,2.4,79
2016/02/15 03:09:00,30.3100,139.1170,438,6.0,5.1,0.5,1.8,29
2016/02/14 19:03:00,39.9850,139.8870,14,3.5,54.2,1.2,2.1,16
2016/02/14 15:29:00,37.3980,141.1500,65,4.0,32.6,0.8,2.3,72
2016/02/14 15:26:00,34.4120,135.8750,9,3.0,12.2,0.2,1.2,9
2016/02/12 11:46:00,33.4620,132.5850,15,3.8,88.6,2.0,2.8,46
2016/02/11 03:24:00,36.6370,140.5420,10,3.0,35.0,0.3,1.2,5
2016/02/10 20:47:00,36.2300,139.1770,18,3.2,40.0,0.5,1.8,22
2016/02/10 20:42:00,36.0320,139.9280,42,3.1,6.3,0.1,0.4,13
2016/02/09 01:54:00,38.1450,141.9880,48,4.3,33.4,1.0,2.5,87
2016/02/08 15:22:00,35.2550,132.5580,10,3.2,12.3,0.3,1.5,6
2016/02/08 08:55:00,36.7850,137.1320,10,2.6,21.8,0.6,1.6,2
2016/02/08 05:45:00,24.3030,123.4420,45,4.6,5.0,0.4,1.3,1
2016/02/08 01:03:00,37.0900,140.7270,10,3.8,26.2,0.6,2.0,74
2016/02/07 19:27:00,36.0520,139.9030,43,4.6,198.9,6.0,4.0,222
2016/02/07 10:09:00,36.7400,140.5820,10,4.4,177.3,4.3,3.3,130
2016/02/06 08:16:00,38.3130,141.5920,55,3.8,40.9,0.5,2.0,43
2016/02/06 06:22:00,36.6480,139.5530,113,4.2,6.0,0.2,1.4,71
2016/02/05 16:02:00,36.3630,139.1530,139,4.0,7.4,0.3,1.6,67
2016/02/05 07:41:00,35.6300,139.5400,26,4.6,103.5,3.3,3.7,155
2016/02/04 02:59:00,36.8300,141.3250,29,4.7,21.7,0.7,2.3,83
2016/02/03 21:28:00,36.4050,137.6370,0,4.4,41.2,0.8,2.2,36
2016/02/03 19:29:00,40.6720,141.7420,73,3.2,27.0,0.4,1.6,13
2016/02/02 23:19:00,25.4120,123.4230,201,5.8,13.0,1.1,2.2,6
2016/02/02 18:53:00,38.3530,141.6430,62,3.8,13.7,0.4,1.6,37
2016/02/02 14:32:00,39.6800,142.9070,22,5.6,36.4,2.2,3.2,220
2016/01/31 13:26:00,39.9900,142.4080,23,4.2,15.5,0.4,1.9,58
2016/01/30 12:34:00,36.4570,140.6000,55,3.9,39.9,0.8,2.5,64
2016/01/27 10:12:00,35.0620,139.0830,5,2.7,9.9,0.2,0.7,6
2016/01/26 20:37:00,38.2650,141.8820,51,4.5,124.0,1.6,2.7,153
2016/01/25 08:09:00,36.5980,140.8550,19,3.6,22.4,0.4,1.8,24
2016/01/25 02:13:00,37.1280,141.1400,29,4.2,80.4,1.7,2.8,80
2016/01/25 00:13:00,35.6420,140.6770,51,4.4,29.1,1.6,2.6,64
2016/01/24 06:33:00,35.8780,140.8980,17,4.6,45.8,1.5,3.1,120
2016/01/24 00:57:00,43.2630,145.7720,94,4.4,35.0,1.1,2.6,45
2016/01/23 05:34:00,35.0630,139.0850,4,3.3,77.3,1.0,2.1,14
2016/01/23 02:09:00,35.0520,139.0870,4,2.6,21.3,0.2,0.9,6
2016/01/23 01:33:00,35.0630,139.0800,5,3.7,54.2,0.9,2.3,25
2016/01/21 07:14:00,35.1830,133.0880,12,3.9,63.4,1.2,2.4,78
2016/01/21 06:53:00,43.0670,146.0520,50,5.1,79.2,1.6,2.9,74
2016/01/20 15:22:00,36.6720,140.6420,10,3.3,37.5,0.8,2.1,15
2016/01/20 00:23:00,40.2150,142.3300,37,4.1,9.8,0.2,1.6,55
2016/01/19 18:49:00,37.6950,141.7430,47,4.3,11.1,0.4,1.4,51
2016/01/19 16:54:00,34.1450,135.0900,8,2.6,13.7,0.2,1.0,1
2016/01/18 09:56:00,35.1820,139.2770,150,4.3,5.8,0.4,1.6,62
2016/01/17 08:54:00,36.1550,137.6300,6,3.3,40.9,1.1,2.6,11
2016/01/16 21:49:00,37.0750,141.1470,60,3.7,18.0,0.3,1.6,62
2016/01/16 09:25:00,39.2200,141.5450,74,3.5,15.4,0.3,1.7,43
2016/01/15 08:22:00,36.6730,140.6030,9,3.3,92.7,1.2,2.6,19
2016/01/15 04:29:00,36.4480,140.5800,56,4.3,113.4,2.7,3.5,175
2016/01/14 12:25:00,41.9700,142.8000,52,6.7,173.2,15.9,4.7,519
2016/01/13 21:48:00,28.0700,129.5070,29,3.8,9.9,0.1,0.7,3
2016/01/12 15:09:00,24.6850,125.1200,29,4.1,9.2,0.2,1.1,2
2016/01/12 02:50:00,41.8950,142.5000,64,4.4,10.1,0.3,1.9,79
2016/01/12 02:08:00,44.4300,141.2100,265,6.2,21.8,1.0,2.5,304
2016/01/12 01:17:00,40.3870,141.2600,10,2.9,21.5,0.4,1.7,9
2016/01/12 00:45:00,28.4000,129.9500,45,4.0,9.8,0.5,1.9,3
2016/01/12 00:15:00,40.3920,141.2680,9,3.6,96.3,1.5,3.0,32
2016/01/11 19:02:00,40.3950,141.2570,10,2.9,9.1,0.2,1.2,11
2016/01/11 17:21:00,40.2050,142.3230,38,4.4,28.4,0.5,2.1,75
2016/01/11 15:26:00,40.3870,141.2630,10,4.6,313.1,10.4,4.4,92
2016/01/11 12:09:00,34.9670,134.8070,13,3.7,65.9,0.6,2.0,38
2016/01/10 00:48:00,28.0800,129.5080,30,3.8,10.2,0.3,1.6,4
2016/01/10 00:09:00,28.1000,129.5030,32,3.9,17.6,0.4,1.5,4
2016/01/09 23:20:00,28.0780,129.5050,30,4.0,30.2,0.6,1.4,4
2016/01/09 23:17:00,28.0770,129.5070,30,4.1,10.2,0.3,1.1,4
2016/01/09 23:12:00,28.0450,129.4920,28,5.4,70.0,3.0,3.6,10
2016/01/09 02:55:00,34.9670,134.8030,13,3.1,18.7,0.3,1.0,6
2016/01/09 00:00:00,36.8970,141.0720,62,3.7,27.8,0.7,2.1,73
2016/01/08 12:53:00,39.5720,140.3480,5,2.6,44.1,0.8,2.5,3
2016/01/07 09:15:00,42.6400,145.5780,61,4.1,14.7,0.3,1.6,25
2016/01/07 01:13:00,37.0370,139.3730,7,2.2,30.6,0.4,1.7,2
2016/01/05 11:21:00,30.5270,132.8850,58,5.6,10.7,0.7,2.3,92
2016/01/03 11:59:00,37.1580,141.3550,49,4.0,19.5,0.5,1.8,38
2016/01/03 09:37:00,44.0880,148.0250,0,4.7,8.2,0.3,1.7,18
