Download Time:2026/07/17 12:39:34,Search Date:2005/01/02 - 2008/01/01 
Origin Time,Latitude[degree],Longitude[degree],Depth[km],Magnitude,Max Acc[gal],Max Vel[cm/s],Seismic Intensity,Number of stations
2007/12/30 04:42:00,34.2320,135.4200,8,3.0,14.1,0.2,0.7,7
2007/12/29 17:05:00,37.7270,141.0220,82,3.6,19.7,0.3,1.7,33
2007/12/29 08:53:00,35.9050,140.2500,41,3.1,12.4,0.2,1.5,12
2007/12/28 19:12:00,40.2330,141.1950,7,2.5,26.9,0.5,1.8,5
2007/12/28 10:51:00,42.0200,142.5550,50,4.3,10.6,0.6,2.1,69
2007/12/27 22:40:00,41.8920,140.6770,10,2.8,41.8,0.6,2.0,4
2007/12/26 08:39:00,38.4020,142.2870,36,4.6,27.5,0.8,2.4,121
2007/12/25 23:04:00,38.4830,142.1530,40,5.6,80.1,1.3,3.0,265
2007/12/24 19:39:00,36.9850,139.8170,8,3.6,69.5,2.0,3.0,40
2007/12/23 18:53:00,41.4980,142.0400,64,4.5,21.3,1.2,2.7,114
2007/12/23 02:49:00,31.3300,131.6850,21,4.8,10.5,0.5,2.0,43
2007/12/23 02:48:00,31.3300,131.6980,24,4.4,7.5,0.3,1.5,16
2007/12/22 19:39:00,37.2300,139.2920,5,4.4,72.7,1.9,2.6,62
2007/12/22 17:51:00,34.3870,140.3870,87,4.5,32.7,1.3,2.6,36
2007/12/22 07:05:00,26.8770,126.8480,107,5.1,13.3,0.4,1.9,10
2007/12/22 01:16:00,42.8700,145.5130,44,4.3,18.5,0.3,1.6,24
2007/12/21 21:50:00,32.0820,130.5400,7,3.5,40.2,1.1,2.6,23
2007/12/21 16:01:00,35.9380,136.3480,7,4.2,72.9,1.3,2.4,90
2007/12/21 14:23:00,35.9380,136.3480,7,4.5,108.9,2.5,2.9,107
2007/12/19 09:02:00,36.4600,141.0780,46,3.8,21.3,0.3,1.5,24
2007/12/18 12:35:00,37.0330,138.4870,12,3.3,51.5,1.2,2.4,18
2007/12/18 02:53:00,37.2350,136.7470,9,3.9,34.0,0.9,2.5,24
2007/12/16 11:12:00,34.0270,135.2450,4,3.7,38.5,0.6,1.8,21
2007/12/16 10:59:00,34.0920,135.1770,5,3.1,107.2,1.4,2.4,4
2007/12/16 02:26:00,42.0530,142.6530,61,4.0,6.6,0.2,1.5,31
2007/12/15 13:18:00,39.6370,142.1020,48,3.7,27.1,0.5,1.8,19
2007/12/15 01:47:00,38.9800,142.2120,46,3.8,22.5,0.2,1.3,17
2007/12/13 00:57:00,37.1170,139.3470,7,2.9,36.3,0.4,1.7,5
2007/12/12 23:23:00,34.8880,137.9820,17,3.4,23.4,0.4,2.0,23
2007/12/11 13:07:00,38.7750,140.7320,4,2.3,43.9,0.6,1.9,2
2007/12/11 10:05:00,37.3220,136.8580,6,3.1,10.8,0.2,1.5,4
2007/12/10 16:23:00,42.5450,144.2470,74,4.2,21.8,0.5,2.2,63
2007/12/08 18:55:00,31.4050,130.5130,4,2.4,48.0,0.7,2.4,2
2007/12/07 09:47:00,30.0580,141.6220,75,6.0,6.1,0.3,1.5,85
2007/12/05 08:13:00,36.0780,139.8330,48,3.7,18.5,0.4,1.7,56
2007/12/03 16:16:00,34.8970,137.9770,17,3.2,24.9,0.5,1.8,20
2007/12/03 01:34:00,34.1720,135.1230,7,3.4,35.2,0.6,1.9,11
2007/12/02 09:24:00,36.2030,139.9830,54,3.9,43.3,0.9,2.3,88
2007/12/02 06:40:00,34.8920,137.9800,16,3.6,24.2,0.4,1.9,29
2007/12/02 01:28:00,42.3320,143.0050,52,3.4,11.5,0.2,1.2,23
2007/12/01 23:37:00,34.8930,137.9780,16,3.5,25.4,0.5,1.8,33
2007/12/01 19:24:00,32.0800,130.5350,8,3.6,113.9,2.5,3.4,33
2007/12/01 11:33:00,32.9620,129.8600,12,3.2,32.4,0.9,1.8,13
2007/11/30 18:37:00,36.4270,140.6950,53,4.7,109.7,3.4,3.7,163
2007/11/30 07:27:00,35.5050,141.1600,37,4.4,3.6,0.2,1.0,9
2007/11/29 20:17:00,32.7220,131.9320,47,4.3,17.5,0.6,2.2,69
2007/11/27 19:22:00,41.9170,142.3220,73,4.3,15.9,0.6,2.2,88
2007/11/26 22:51:00,37.3030,141.7570,44,6.0,61.5,2.2,3.5,373
2007/11/26 06:42:00,37.9420,141.5670,86,4.2,24.9,0.6,2.1,80
2007/11/24 06:36:00,35.5300,139.1130,26,3.1,27.5,0.3,1.5,27
2007/11/22 00:22:00,37.4320,139.6920,4,2.2,4.4,0.1,0.4,2
2007/11/21 12:17:00,44.6470,142.1930,14,3.6,24.3,1.2,2.7,22
2007/11/21 11:07:00,35.9820,139.5620,61,3.5,7.7,0.2,1.2,52
2007/11/20 20:46:00,32.7730,140.8870,44,5.1,12.5,0.4,1.9,15
2007/11/19 15:00:00,38.9750,141.6480,71,4.2,74.6,1.2,2.4,83
2007/11/19 11:58:00,34.8730,139.1720,8,3.7,39.9,1.3,2.7,24
2007/11/19 08:58:00,35.1850,135.5230,13,2.9,23.3,0.3,1.1,7
2007/11/19 08:21:00,34.8900,137.9800,16,3.2,23.9,0.4,1.8,17
2007/11/19 04:48:00,34.8900,137.9820,16,3.1,19.4,0.4,1.8,16
2007/11/18 10:21:00,34.1130,135.1620,6,3.3,45.2,0.8,2.2,8
2007/11/17 14:56:00,42.0200,142.2700,71,3.8,6.9,0.3,1.4,36
2007/11/17 12:57:00,33.9530,134.4530,40,3.3,23.8,0.3,1.6,17
2007/11/12 09:20:00,36.7730,140.9150,57,4.1,36.5,0.6,2.3,75
2007/11/11 19:49:00,36.0470,139.9020,44,4.3,69.6,1.8,2.9,159
2007/11/11 17:22:00,29.3820,130.5880,34,5.1,3.2,0.2,0.7,2
2007/11/10 17:29:00,32.6000,129.9620,13,3.7,25.4,0.4,1.9,17
2007/11/10 13:30:00,32.6030,129.9650,13,3.2,20.4,0.2,1.5,9
2007/11/10 01:47:00,35.2670,131.9180,18,4.3,36.2,0.9,2.2,59
2007/11/07 20:05:00,38.3270,141.6380,61,4.6,38.4,0.7,2.2,128
2007/11/06 10:02:00,34.4750,135.6730,12,4.1,99.1,1.6,2.9,82
2007/11/02 23:20:00,32.0930,131.8900,23,4.0,32.4,0.5,2.0,20
2007/10/30 14:14:00,35.8730,138.7300,9,3.6,127.1,1.4,2.5,35
2007/10/30 13:04:00,43.0280,145.5830,70,4.2,20.3,0.5,1.9,46
2007/10/30 09:49:00,33.2850,131.4650,4,2.5,1.2,0.0,-1.2,1
2007/10/30 09:46:00,33.2850,131.4670,3,3.0,4.7,0.1,0.9,4
2007/10/30 07:21:00,33.2800,131.4770,3,2.4,1.7,0.0,-0.4,1
2007/10/30 05:41:00,33.2830,131.4800,3,3.0,2.6,0.1,0.2,4
2007/10/30 05:29:00,33.2830,131.4800,2,2.8,0.8,0.0,-1.2,1
2007/10/29 18:13:00,35.9850,139.1080,14,3.2,37.1,0.4,1.9,29
2007/10/29 01:34:00,36.6800,138.2170,9,3.0,9.7,0.2,1.3,20
2007/10/28 14:40:00,32.2000,132.1430,17,3.9,21.8,0.4,1.8,21
2007/10/27 20:51:00,43.3900,142.3530,13,3.1,39.0,1.1,2.4,5
2007/10/27 19:41:00,26.7130,128.0830,12,3.6,27.8,0.8,2.3,3
2007/10/26 09:07:00,31.4120,130.5100,3,2.5,21.1,0.3,1.6,2
2007/10/25 17:42:00,33.0300,129.6720,12,3.0,16.5,0.2,1.0,11
2007/10/23 23:05:00,35.4280,133.2020,11,2.7,26.6,0.8,1.9,3
2007/10/23 10:22:00,37.6820,141.6920,42,4.1,30.4,0.5,1.7,57
2007/10/22 09:37:00,34.2570,139.1120,9,2.9,3.0,0.1,0.4,1
2007/10/22 09:35:00,34.2600,139.1070,9,4.3,10.8,0.4,1.6,2
2007/10/22 08:04:00,35.4300,133.2000,10,3.0,21.5,0.7,2.0,5
2007/10/21 02:09:00,32.1920,131.9680,21,4.3,39.9,0.6,2.1,17
2007/10/20 19:05:00,40.1480,142.4880,34,4.4,13.4,0.4,2.0,71
2007/10/20 17:36:00,37.1550,141.3500,48,4.0,21.8,0.6,1.8,43
2007/10/18 19:59:00,39.9820,141.0470,8,2.7,10.7,0.2,1.1,5
2007/10/18 10:21:00,32.8730,130.6200,12,3.2,5.3,0.2,0.9,11
2007/10/17 22:33:00,36.1680,139.8220,55,4.1,34.1,0.6,2.2,142
2007/10/17 19:58:00,26.7070,128.7330,39,5.4,39.2,1.4,2.9,8
2007/10/17 02:03:00,37.2880,138.8850,15,3.7,65.1,2.0,3.1,30
2007/10/16 13:50:00,31.4120,130.5120,4,2.5,19.0,0.3,1.7,2
2007/10/15 08:02:00,34.2030,135.2220,4,3.2,153.8,1.7,2.7,10
2007/10/14 23:38:00,35.4300,133.2020,11,3.5,102.5,3.1,3.1,15
2007/10/14 17:47:00,33.1870,132.6630,36,3.9,16.2,0.4,1.8,47
2007/10/14 03:10:00,35.4300,133.2000,11,2.5,14.2,0.4,1.5,2
2007/10/14 03:07:00,35.4300,133.2000,11,3.7,155.7,5.3,3.6,25
2007/10/13 22:34:00,36.5620,140.9150,49,3.8,31.4,0.6,2.2,33
2007/10/13 16:06:00,37.3730,138.4550,18,2.9,15.3,0.4,1.3,3
2007/10/13 01:30:00,35.3620,140.3520,22,3.0,30.1,0.7,1.4,10
2007/10/10 23:43:00,35.6780,139.6430,79,3.9,21.0,0.4,1.7,122
2007/10/10 00:51:00,41.9350,143.7400,45,4.4,10.4,0.3,1.6,21
2007/10/09 22:55:00,33.9600,135.1600,7,3.3,214.7,2.4,2.0,6
2007/10/09 11:30:00,43.3450,146.6950,44,4.1,12.2,0.4,2.0,18
2007/10/09 02:10:00,43.3520,146.7250,40,5.8,117.2,4.4,3.7,157
2007/10/08 01:37:00,31.4050,130.5100,4,2.7,38.1,0.7,2.3,5
2007/10/07 22:36:00,35.6830,140.7250,45,4.8,16.2,0.8,2.4,94
2007/10/06 23:48:00,35.3930,139.2920,32,3.1,28.9,0.5,1.5,32
2007/10/06 16:55:00,41.5550,142.0600,66,3.7,4.1,0.2,1.1,10
2007/10/06 03:46:00,35.4020,139.2730,32,4.2,77.2,2.1,3.2,116
2007/10/05 19:13:00,33.8970,134.1200,7,2.1,22.1,0.4,1.6,2
2007/10/03 20:57:00,32.9220,131.0070,5,3.3,11.9,0.2,1.6,11
2007/10/02 23:16:00,31.4100,130.5100,4,2.8,48.9,0.7,2.4,3
2007/10/01 16:52:00,31.4120,130.5130,4,2.3,15.0,0.3,1.7,2
2007/10/01 14:38:00,35.9570,136.7230,10,2.9,46.9,0.6,2.0,11
2007/10/01 02:21:00,35.2250,139.1180,14,4.9,312.9,12.5,4.5,186
2007/09/30 11:11:00,26.3750,127.7080,20,3.6,14.7,0.4,1.3,5
2007/09/29 17:51:00,24.8230,125.3970,50,4.2,13.8,0.4,1.4,2
2007/09/29 11:24:00,32.9230,131.0070,5,2.5,2.7,0.0,0.1,2
2007/09/28 22:38:00,21.9850,143.0970,268,7.6,8.6,1.3,2.5,121
2007/09/24 23:01:00,32.1430,131.4700,45,2.7,8.4,0.2,1.5,3
2007/09/24 17:45:00,36.4180,139.7780,88,3.7,7.4,0.2,1.3,37
2007/09/24 17:12:00,32.5770,129.9680,14,4.1,69.2,1.0,2.8,60
2007/09/22 17:00:00,24.8380,125.4000,48,5.1,55.9,1.9,2.7,3
2007/09/22 11:44:00,35.4650,136.2530,9,3.8,45.5,1.2,2.4,58
2007/09/22 09:34:00,37.3100,138.9770,10,2.7,10.6,0.2,1.2,7
2007/09/21 23:57:00,34.9650,135.4450,10,3.5,47.2,0.5,2.1,34
2007/09/21 13:21:00,34.6970,137.8930,13,3.9,29.9,0.8,2.4,43
2007/09/21 07:54:00,35.2480,141.2150,35,5.1,5.5,0.7,2.1,31
2007/09/20 20:05:00,37.1480,136.4970,9,3.9,28.0,0.6,2.2,15
2007/09/18 01:35:00,37.4450,138.5700,19,3.4,5.5,0.2,0.9,9
2007/09/17 14:57:00,34.6980,137.8880,13,3.4,28.9,0.7,2.0,17
2007/09/12 21:59:00,35.4600,136.6030,44,3.3,16.2,0.3,1.2,38
2007/09/10 14:29:00,41.9880,142.5670,63,4.5,12.8,0.4,1.9,83
2007/09/09 14:45:00,42.3630,142.4350,85,4.2,10.3,0.4,1.7,49
2007/09/07 23:36:00,28.0730,129.3900,40,4.7,19.7,0.6,2.0,4
2007/09/07 02:51:00,24.4120,122.2730,66,6.6,13.1,0.7,2.1,5
2007/09/06 12:34:00,32.8980,140.7070,63,4.3,7.7,0.2,1.1,2
2007/09/05 17:03:00,43.2780,146.1850,80,4.1,13.9,0.2,1.6,14
2007/09/05 00:19:00,34.9630,135.4450,9,3.7,55.3,0.8,2.4,33
2007/09/04 01:14:00,45.0180,150.1230,126,6.3,9.0,0.5,1.9,102
2007/09/03 05:24:00,39.7720,141.9670,67,4.0,39.5,1.0,2.8,62
2007/08/31 23:36:00,35.9150,135.6970,16,4.4,38.3,0.6,1.9,112
2007/08/31 10:51:00,34.8880,137.7520,34,4.3,72.8,1.1,2.8,86
2007/08/30 02:30:00,40.6730,140.5200,12,2.3,0.8,0.0,-0.7,1
2007/08/27 22:46:00,26.2620,126.5950,10,4.6,31.6,0.7,2.3,2
2007/08/26 14:31:00,43.5580,147.2100,49,5.4,31.2,1.2,2.8,84
2007/08/26 03:07:00,37.0350,139.3800,8,2.3,47.9,0.6,1.9,2
2007/08/26 01:42:00,33.9720,135.3330,10,3.5,44.3,0.6,1.4,20
2007/08/25 21:57:00,40.1370,141.4970,82,4.2,23.3,0.6,2.4,69
2007/08/24 21:01:00,35.1920,135.1000,15,3.9,45.0,0.7,2.2,74
2007/08/24 13:20:00,41.4470,142.1220,63,4.4,4.5,0.2,1.3,16
2007/08/24 07:09:00,34.8450,134.7750,12,3.4,226.2,2.0,2.5,17
2007/08/23 18:46:00,37.5320,138.5530,15,3.4,4.1,0.1,0.9,12
2007/08/22 16:26:00,41.9730,140.8000,122,5.4,15.6,1.1,2.5,227
2007/08/21 20:05:00,43.5670,146.0900,80,3.9,11.0,0.3,1.6,17
2007/08/20 16:55:00,35.2500,140.2670,19,2.7,17.5,0.2,0.6,3
2007/08/20 12:54:00,42.9880,145.1050,57,4.0,45.4,1.1,2.4,32
2007/08/19 02:17:00,40.3720,142.2780,41,4.2,26.7,0.8,2.7,54
2007/08/18 23:16:00,35.4050,140.3130,26,4.0,45.1,1.6,2.5,36
2007/08/18 17:07:00,35.4250,140.3170,29,4.3,43.3,1.8,3.0,49
2007/08/18 16:55:00,35.3420,140.3450,20,5.2,200.4,6.6,4.2,144
2007/08/18 13:36:00,35.3580,140.3520,24,4.5,251.0,8.0,4.2,77
2007/08/18 05:11:00,35.3370,140.3400,23,2.8,8.4,0.2,0.7,7
2007/08/18 04:52:00,35.3430,140.3500,20,4.0,23.6,0.6,1.9,15
2007/08/18 04:30:00,35.3370,140.3520,24,2.9,15.7,0.4,1.0,11
2007/08/18 04:14:00,35.3480,140.3600,23,4.8,185.3,5.9,4.1,107
2007/08/17 09:43:00,39.9980,140.4070,7,3.1,63.9,1.1,2.8,13
2007/08/17 02:10:00,37.0780,139.9000,11,3.6,176.6,2.0,2.9,29
2007/08/17 00:25:00,35.3370,140.3320,21,3.4,33.3,0.6,1.7,14
2007/08/17 00:22:00,35.3400,140.3430,22,4.4,58.5,1.6,2.8,45
2007/08/16 09:22:00,35.3920,140.5500,28,4.7,36.2,1.7,2.6,68
2007/08/16 08:32:00,35.3520,140.5650,24,4.4,15.8,0.7,2.1,47
2007/08/16 08:20:00,35.4050,140.5480,29,4.9,42.3,3.2,3.2,93
2007/08/16 07:47:00,35.3970,140.5580,27,4.4,31.7,1.7,2.6,48
2007/08/16 07:41:00,35.3920,140.5470,28,4.0,10.2,0.3,1.3,23
2007/08/16 05:04:00,35.4100,140.5530,28,4.0,9.3,0.3,1.4,13
2007/08/16 04:15:00,35.4430,140.5300,31,5.3,125.8,7.4,4.0,209
2007/08/15 19:34:00,39.7580,141.8350,58,3.8,45.8,1.1,2.9,51
2007/08/15 18:44:00,42.9500,143.1420,13,3.3,80.3,2.0,2.8,13
2007/08/15 11:07:00,38.8170,141.5870,73,3.6,29.1,0.3,1.6,21
2007/08/14 21:33:00,35.3580,140.3620,23,2.9,27.3,0.7,1.6,8
2007/08/14 13:13:00,47.1470,141.7980,18,5.8,3.2,0.6,1.6,14
2007/08/12 15:17:00,26.8230,128.4430,30,4.1,15.8,0.5,2.0,3
2007/08/11 07:04:00,37.2880,136.7400,8,3.4,9.2,0.4,1.7,6
2007/08/10 02:04:00,37.3950,138.5470,18,3.2,26.2,0.6,1.9,8
2007/08/09 00:19:00,27.3100,128.4430,44,5.1,137.7,3.4,3.5,11
2007/08/08 23:02:00,37.3770,138.4530,18,3.4,22.6,0.6,1.8,11
2007/08/08 21:27:00,37.6520,140.8120,77,3.7,18.6,0.4,2.1,26
2007/08/07 09:02:00,27.3470,126.6670,5,6.3,6.8,1.0,2.1,5
2007/08/07 04:04:00,34.2570,139.1820,12,2.6,6.0,0.1,1.0,1
2007/08/06 14:53:00,37.5080,138.5770,14,3.5,8.5,0.3,1.4,7
2007/08/04 17:03:00,38.9500,141.6750,69,4.0,36.8,0.6,2.2,56
2007/08/04 02:23:00,36.9150,141.1820,49,3.9,15.9,0.3,1.6,29
2007/08/04 02:13:00,36.9150,141.1820,49,4.2,24.8,0.5,2.2,60
2007/08/04 00:16:00,37.4200,138.5370,18,3.2,34.6,0.6,2.1,8
2007/08/03 17:29:00,37.1950,138.2220,15,3.3,26.0,1.3,2.7,10
2007/08/03 11:01:00,37.3820,138.5180,20,4.1,19.3,0.8,1.9,33
2007/08/02 19:37:00,46.9270,141.7050,4,5.6,5.5,0.9,2.1,18
2007/08/02 14:22:00,46.9730,141.6880,27,5.9,7.2,1.2,2.5,28
2007/08/02 14:17:00,34.4050,139.2030,10,2.9,29.8,0.7,2.4,1
2007/08/02 11:37:00,47.2220,141.7230,0,6.4,5.2,1.1,2.3,17
2007/08/01 20:00:00,36.4130,141.0370,47,3.9,16.9,0.3,1.6,31
2007/08/01 17:15:00,33.9900,136.7670,383,5.5,20.8,0.7,2.4,163
2007/08/01 00:07:00,27.3880,126.7120,6,6.1,6.8,0.5,1.6,5
2007/07/31 10:22:00,32.1630,131.8770,21,4.1,30.0,0.9,2.2,17
2007/07/30 11:41:00,34.9600,135.4470,10,3.1,14.5,0.2,1.2,11
2007/07/28 06:30:00,37.1570,136.5480,8,3.3,11.3,0.3,1.6,4
2007/07/27 09:17:00,29.6150,130.0050,61,4.2,10.1,0.1,1.0,2
2007/07/25 09:40:00,41.9000,142.5230,61,3.8,7.5,0.2,1.4,17
2007/07/25 07:27:00,37.5280,138.7170,24,3.5,12.4,0.6,2.2,21
2007/07/25 06:52:00,37.5320,138.7200,24,4.8,65.9,4.8,3.8,166
2007/07/25 01:13:00,36.0500,137.5180,6,2.5,22.2,0.4,1.8,3
2007/07/24 15:54:00,41.9550,139.2720,14,4.1,9.7,0.3,1.6,4
2007/07/24 15:51:00,37.3970,138.5370,19,3.5,27.4,0.6,2.0,14
2007/07/24 11:38:00,35.3020,139.0670,14,4.4,69.2,2.5,3.2,139
2007/07/24 11:37:00,37.5450,138.5830,17,3.6,7.2,0.2,1.2,17
2007/07/23 06:16:00,37.4980,138.6280,15,3.0,3.4,0.1,0.8,6
2007/07/23 00:57:00,35.0150,136.8570,13,2.9,24.2,0.4,1.4,6
2007/07/23 00:54:00,35.0130,136.8500,13,3.1,30.3,0.5,1.8,10
2007/07/22 23:25:00,34.1980,135.1920,6,2.6,86.3,0.6,1.6,1
2007/07/22 10:40:00,36.0570,139.0720,12,2.4,28.1,0.4,1.6,6
2007/07/21 16:36:00,36.5430,140.8670,51,4.2,91.6,1.5,2.6,65
2007/07/21 09:32:00,37.5720,138.6370,17,3.3,5.2,0.2,1.2,7
2007/07/21 04:21:00,34.7330,139.2950,0,3.0,15.1,0.5,2.1,5
2007/07/20 23:28:00,37.3720,138.3680,30,3.2,2.9,0.1,0.5,3
2007/07/20 23:10:00,34.7320,139.2880,0,3.0,26.0,0.5,2.2,5
2007/07/20 22:45:00,34.7350,139.2920,0,2.9,20.3,0.4,2.1,4
2007/07/20 22:42:00,34.7430,139.2900,0,2.7,8.5,0.2,1.3,2
2007/07/20 22:41:00,34.7220,139.2900,0,2.4,8.0,0.1,1.2,1
2007/07/20 22:20:00,34.7250,139.3030,0,2.5,25.9,0.4,2.1,1
2007/07/20 22:13:00,34.7280,139.3080,4,3.2,36.4,0.7,2.4,10
2007/07/20 21:54:00,37.4470,138.5680,20,3.6,14.2,0.2,1.5,19
2007/07/20 21:47:00,37.4980,138.6300,15,3.2,6.9,0.2,1.3,9
2007/07/20 17:19:00,34.7520,139.3000,0,2.7,16.3,0.4,1.8,5
2007/07/20 17:17:00,34.7450,139.3030,0,3.4,71.6,1.4,2.9,14
2007/07/20 17:15:00,34.7270,139.3130,4,4.4,64.0,1.1,2.8,17
2007/07/20 14:19:00,37.4930,138.5130,19,3.3,4.8,0.2,1.2,3
2007/07/20 08:58:00,37.0370,136.4380,9,4.1,7.1,0.2,1.3,22
2007/07/20 02:38:00,34.6930,137.8950,13,3.1,6.0,0.1,0.7,9
2007/07/20 02:33:00,34.6980,137.8970,13,3.9,26.8,0.7,2.2,22
2007/07/20 01:52:00,37.4520,138.5570,19,4.2,13.3,0.3,1.8,38
2007/07/18 20:03:00,37.4720,138.4930,21,3.7,16.7,0.5,1.7,14
2007/07/18 16:53:00,37.4420,138.6150,23,4.3,30.7,1.1,2.9,74
2007/07/18 11:47:00,37.4770,138.5680,18,3.7,12.6,0.4,1.7,24
2007/07/18 04:39:00,37.4080,139.0330,1,3.9,26.7,1.1,2.6,29
2007/07/17 14:10:00,37.5450,138.6400,19,2.9,2.4,0.1,0.5,1
2007/07/17 11:56:00,37.5150,138.5850,17,3.1,5.4,0.1,0.5,6
2007/07/17 11:29:00,32.9000,130.0070,12,2.8,18.0,0.3,1.4,7
2007/07/17 10:58:00,37.1830,136.5200,0,3.5,10.1,0.3,1.5,4
2007/07/17 10:26:00,37.4900,138.5170,18,3.5,15.1,0.3,1.0,11
2007/07/17 08:39:00,37.5220,138.5500,19,3.5,3.2,0.1,0.5,10
2007/07/17 06:19:00,37.5330,138.6580,20,3.1,3.8,0.1,0.6,10
2007/07/17 05:20:00,37.5030,138.6170,16,3.2,8.2,0.2,1.0,9
2007/07/17 01:35:00,37.5230,138.5430,18,3.6,6.9,0.2,1.1,17
2007/07/16 23:50:00,37.5630,138.6350,14,3.1,2.9,0.1,0.4,3
2007/07/16 23:18:00,36.8650,135.1030,374,6.7,65.7,5.8,4.0,629
2007/07/16 22:55:00,37.5330,138.5580,18,3.8,8.7,0.3,1.6,27
2007/07/16 21:53:00,37.5270,138.5530,18,3.4,6.1,0.2,1.2,11
2007/07/16 21:15:00,37.5200,138.6880,27,3.4,11.5,0.5,1.9,19
2007/07/16 21:08:00,37.5080,138.6280,20,4.4,57.1,2.0,3.1,140
2007/07/16 18:58:00,37.4400,138.4630,21,3.1,3.5,0.2,0.8,4
2007/07/16 18:19:00,37.3720,138.5380,22,4.4,133.5,4.3,3.5,5
2007/07/16 17:42:00,37.4130,138.5570,19,4.2,46.4,0.9,2.5,29
2007/07/16 17:24:00,34.2600,135.9470,49,4.7,149.0,2.1,2.8,197
2007/07/16 17:13:00,37.4630,138.6280,22,3.6,13.5,0.5,2.1,22
2007/07/16 16:54:00,37.5030,138.6280,21,3.7,14.9,0.6,2.1,37
2007/07/16 16:32:00,37.5200,138.6570,21,3.5,18.0,0.6,2.3,20
2007/07/16 16:30:00,37.4750,138.5670,18,3.1,5.3,0.1,0.8,5
2007/07/16 16:00:00,37.5200,138.6570,22,3.8,15.6,0.5,2.1,34
2007/07/16 15:37:00,37.5030,138.6430,23,5.8,235.0,17.1,4.8,411
2007/07/16 15:26:00,37.4600,138.5620,19,3.1,6.8,0.1,0.8,8
2007/07/16 14:07:00,37.5130,138.6370,21,3.8,4.4,0.2,1.3,9
2007/07/16 13:16:00,37.4930,138.5480,18,3.1,10.7,0.4,1.7,20
2007/07/16 12:20:00,37.5120,138.5450,20,3.4,6.1,0.2,1.2,12
2007/07/16 11:55:00,37.5620,138.7020,24,3.1,7.2,0.2,1.2,14
2007/07/16 11:53:00,37.4950,138.5920,16,3.5,6.9,0.3,1.5,15
2007/07/16 11:50:00,37.4730,138.5780,19,3.5,5.3,0.1,1.0,13
2007/07/16 11:24:00,37.4280,138.4630,18,3.4,6.3,0.2,1.1,12
2007/07/16 11:21:00,37.5120,138.5780,18,2.6,2.8,0.1,0.6,5
2007/07/16 11:12:00,37.5780,138.6070,18,2.8,6.5,0.1,0.9,7
2007/07/16 11:05:00,37.4970,138.4850,23,3.9,27.5,0.9,2.1,25
2007/07/16 11:00:00,37.4570,138.5650,22,3.7,14.5,0.3,1.6,30
2007/07/16 10:57:00,37.4730,138.5650,20,3.4,6.7,0.2,1.1,6
2007/07/16 10:52:00,37.4970,138.5950,17,4.2,20.9,0.4,2.0,29
2007/07/16 10:44:00,37.4680,138.4830,20,3.4,5.7,0.2,1.2,5
2007/07/16 10:43:00,37.4550,138.5700,19,3.3,8.6,0.2,1.1,8
2007/07/16 10:37:00,37.4780,138.4750,19,3.4,8.6,0.2,1.2,7
2007/07/16 10:36:00,37.4150,138.4450,11,3.6,7.1,0.2,1.4,14
2007/07/16 10:34:00,37.5270,138.5570,19,4.3,21.8,0.6,2.1,62
2007/07/16 10:30:00,37.3770,138.5180,19,3.6,11.8,0.6,2.0,16
2007/07/16 10:28:00,37.4220,138.5280,19,3.9,50.2,1.9,3.2,33
2007/07/16 10:24:00,37.4820,138.5220,19,3.7,6.4,0.3,1.3,19
2007/07/16 10:22:00,37.5350,138.5670,17,3.9,17.3,0.7,1.8,29
2007/07/16 10:18:00,37.5050,138.5470,18,4.9,71.9,2.4,3.1,128
2007/07/16 10:16:00,37.5370,138.6400,14,4.6,15.5,3.7,2.1,81
2007/07/16 10:13:00,37.5570,138.6080,17,6.8,812.7,126.8,6.3,696
2007/07/14 23:24:00,37.2470,136.7320,5,3.1,20.9,0.4,1.7,4
2007/07/14 20:00:00,33.3030,129.8450,10,3.0,43.0,0.6,2.0,11
2007/07/14 12:08:00,40.3500,142.0770,50,3.7,16.4,0.3,1.5,17
2007/07/13 14:07:00,35.9770,137.5470,11,2.5,15.9,0.3,1.8,7
2007/07/12 17:43:00,42.2720,142.5480,32,3.7,9.4,0.3,1.6,22
2007/07/12 05:29:00,35.4480,139.1650,19,4.2,121.8,2.6,3.1,92
2007/07/10 13:15:00,41.8580,139.4830,15,4.5,33.4,1.1,2.8,44
2007/07/09 16:05:00,27.9230,130.2730,48,4.7,4.5,0.3,1.5,2
2007/07/09 16:00:00,37.3230,136.7570,10,4.2,17.4,0.8,2.4,34
2007/07/08 23:31:00,34.0180,134.5880,45,3.6,28.7,0.4,2.2,31
2007/07/08 08:44:00,33.4320,134.8030,38,4.2,33.4,0.9,2.3,54
2007/07/07 10:26:00,43.1230,145.8300,46,4.1,26.2,0.7,2.3,16
2007/07/07 00:35:00,35.1650,136.0620,11,3.1,11.6,0.3,1.4,12
2007/07/06 16:55:00,31.7400,130.0000,12,3.4,8.8,0.3,1.6,14
2007/07/03 23:31:00,35.8570,140.5980,48,4.5,12.0,0.6,1.9,53
2007/07/03 20:06:00,37.3030,138.8600,14,3.0,13.7,0.5,2.1,10
2007/07/01 13:12:00,43.5430,144.9080,132,5.8,190.5,7.1,4.3,276
2007/06/30 22:04:00,38.8550,142.0520,46,3.5,23.9,0.3,1.5,9
2007/06/30 16:11:00,37.3200,136.7670,10,3.5,12.4,0.3,1.4,4
2007/06/29 23:46:00,35.4020,136.5080,16,3.6,16.8,0.4,1.1,27
2007/06/29 22:56:00,34.5900,140.4120,62,4.4,19.0,0.9,2.4,34
2007/06/28 18:26:00,35.8120,139.1870,15,4.1,103.8,2.7,3.3,99
2007/06/27 16:06:00,36.8280,137.7820,0,3.5,18.0,0.4,1.8,11
2007/06/26 21:08:00,41.2580,139.0380,29,4.4,15.0,0.4,1.9,43
2007/06/26 20:04:00,36.8770,136.6730,8,3.4,19.6,0.5,1.7,12
2007/06/24 14:57:00,42.8530,145.5800,46,4.1,15.7,0.3,1.6,19
2007/06/23 23:53:00,36.5480,140.8030,53,4.2,214.7,4.7,3.5,100
2007/06/23 16:15:00,41.8870,141.3830,126,4.3,10.6,0.5,2.2,62
2007/06/23 14:58:00,34.5920,140.4080,62,4.7,26.5,1.3,2.9,76
2007/06/23 07:20:00,42.5380,142.1830,125,4.9,43.4,2.3,3.1,183
2007/06/22 03:34:00,36.8770,136.6670,8,4.6,223.5,8.2,4.1,53
2007/06/20 00:07:00,24.3380,122.9920,47,4.3,2.5,0.1,0.0,1
2007/06/18 11:22:00,43.7720,146.3750,80,4.1,8.3,0.3,1.4,19
2007/06/16 05:29:00,38.8350,142.2770,45,4.5,62.0,1.7,2.8,84
2007/06/13 10:49:00,38.3470,141.8150,66,4.2,19.3,0.3,1.7,63
2007/06/12 18:14:00,37.1130,138.5320,11,2.6,9.6,0.2,1.2,3
2007/06/12 14:08:00,42.2400,142.9080,53,4.0,10.8,0.3,1.4,34
2007/06/12 05:30:00,30.5020,130.7320,59,4.2,26.7,0.5,2.2,13
2007/06/11 06:27:00,37.2700,136.6830,6,3.8,24.8,0.8,2.5,11
2007/06/11 04:36:00,43.0920,141.8680,11,3.0,35.0,1.0,2.3,10
2007/06/11 03:45:00,37.2430,136.6530,7,5.0,165.8,9.3,4.1,99
2007/06/11 01:53:00,40.9830,142.0050,57,3.7,15.9,0.3,1.4,12
2007/06/09 20:28:00,36.0720,139.9180,47,4.1,39.9,0.9,2.5,109
2007/06/08 20:21:00,33.3120,131.4750,10,3.3,11.6,0.2,1.4,10
2007/06/08 17:00:00,33.3030,131.4680,9,2.8,7.0,0.1,0.9,3
2007/06/08 13:04:00,33.3150,131.4830,9,2.6,2.8,0.1,0.2,1
2007/06/08 12:47:00,33.3130,131.4800,9,2.7,2.4,0.1,0.3,2
2007/06/08 12:37:00,33.3170,131.4800,7,2.9,3.9,0.1,0.7,3
2007/06/08 03:45:00,38.2400,141.6920,51,4.1,24.0,0.3,1.5,42
2007/06/08 03:17:00,37.2230,136.6750,8,3.4,24.2,0.4,1.7,6
2007/06/08 01:46:00,33.3200,131.5030,9,2.9,6.7,0.1,0.7,7
2007/06/07 20:50:00,33.3330,131.5120,8,4.7,45.3,1.6,3.0,87
2007/06/07 20:49:00,33.3320,131.5130,9,3.4,12.8,0.2,1.0,10
2007/06/07 17:31:00,33.3130,131.4780,9,2.4,1.8,0.1,0.1,1
2007/06/07 17:22:00,33.3150,131.4920,9,4.7,49.1,2.3,3.2,109
2007/06/07 14:58:00,33.3130,131.4870,8,3.8,18.3,0.5,2.1,28
2007/06/07 11:32:00,33.3230,131.4850,9,2.8,7.3,0.1,0.8,5
2007/06/07 11:19:00,33.3250,131.4750,8,4.2,47.4,1.0,2.5,47
2007/06/07 08:04:00,33.3350,131.4830,11,2.9,12.5,0.1,1.0,3
2007/06/07 00:18:00,33.3300,131.4950,12,4.2,50.1,1.2,2.8,64
2007/06/06 23:57:00,33.3330,131.4830,11,3.7,15.3,0.3,1.3,19
2007/06/06 23:48:00,33.3320,131.4770,11,3.0,11.9,0.1,0.8,5
2007/06/06 23:46:00,33.3420,131.5020,10,3.3,13.3,0.2,1.3,10
2007/06/06 23:42:00,33.3330,131.4950,11,4.9,90.5,4.7,3.7,134
2007/06/06 23:39:00,33.3350,131.4980,11,3.0,12.1,0.2,1.1,9
2007/06/06 23:36:00,33.3330,131.4930,11,2.9,6.7,0.1,0.8,7
2007/06/06 23:05:00,33.3350,131.4980,11,4.1,34.2,0.7,2.3,36
2007/06/06 15:55:00,32.9280,130.3880,11,3.4,32.4,0.7,1.7,22
2007/06/06 01:06:00,40.1370,141.1320,9,3.0,13.0,0.2,0.8,11
2007/06/05 11:19:00,28.4580,129.3080,6,3.6,8.5,0.1,0.6,1
2007/06/05 06:16:00,35.1650,136.0580,11,3.2,12.0,0.3,1.7,10
2007/06/05 01:57:00,37.1880,138.4120,13,2.6,13.9,0.3,1.6,3
2007/06/05 00:00:00,37.1970,136.6350,7,2.7,11.0,0.3,1.5,2
2007/06/04 13:34:00,36.0900,139.8630,48,4.4,106.3,1.5,2.8,147
2007/06/04 03:07:00,30.0850,130.6680,60,4.3,25.2,0.5,2.2,5
2007/06/03 16:05:00,36.0050,137.5850,9,3.1,30.0,0.5,2.1,13
2007/06/02 15:03:00,39.8970,140.3800,3,3.7,150.6,3.0,3.6,29
2007/06/02 14:43:00,36.1330,140.0330,50,4.6,154.8,5.5,4.1,232
2007/06/01 16:50:00,34.7530,139.3480,6,1.4,20.6,0.3,1.8,1
2007/06/01 11:49:00,34.7000,137.9000,13,2.4,20.4,0.2,0.0,2
2007/06/01 11:42:00,34.6980,137.8950,13,4.3,185.0,5.7,3.5,76
2007/06/01 11:17:00,34.6970,137.8920,13,2.9,23.8,0.5,1.3,6
2007/06/01 07:29:00,36.0930,139.6800,59,4.5,76.6,1.2,2.9,197
2007/05/30 14:18:00,34.7670,139.3450,5,1.8,30.0,0.5,2.1,1
2007/05/30 13:33:00,34.7680,139.3470,6,1.6,21.3,0.3,1.7,2
2007/05/29 16:03:00,38.4120,141.1150,13,4.0,60.4,1.1,2.5,49
2007/05/29 07:36:00,39.6350,142.1030,48,4.0,85.6,1.7,2.7,46
2007/05/28 12:39:00,31.1430,131.3630,30,4.1,10.2,0.2,1.5,12
2007/05/27 16:35:00,37.3250,136.8700,3,2.6,18.3,0.3,1.0,1
2007/05/26 23:18:00,33.1780,131.1670,11,2.3,6.2,0.2,1.2,3
2007/05/26 08:54:00,42.3420,142.9970,55,3.7,13.5,0.3,1.7,22
2007/05/25 14:08:00,36.8720,137.6720,0,4.3,89.6,1.7,2.7,24
2007/05/25 05:53:00,26.1770,126.9980,54,4.7,18.0,0.6,2.0,7
2007/05/22 02:27:00,35.9100,137.6730,9,3.4,40.9,0.9,2.2,26
2007/05/19 12:20:00,24.8050,125.4000,50,4.4,19.5,0.5,1.9,2
2007/05/19 01:00:00,41.5600,142.0580,67,5.3,43.3,2.2,3.3,250
2007/05/18 17:02:00,36.4230,140.6850,52,3.9,36.2,0.7,2.4,56
2007/05/16 05:21:00,41.4400,142.1950,41,4.5,40.3,1.2,2.9,86
2007/05/14 14:40:00,27.4580,128.6300,40,4.2,22.1,0.5,2.1,5
2007/05/14 10:02:00,35.0100,132.7920,10,2.9,32.7,0.3,1.6,6
2007/05/14 06:59:00,36.3400,140.9430,45,4.0,14.3,0.3,1.7,51
2007/05/13 08:14:00,35.0080,132.7920,9,4.6,165.7,2.8,3.4,131
2007/05/12 22:46:00,37.2350,136.7380,3,3.1,18.3,0.4,1.1,4
2007/05/11 05:02:00,35.8630,137.6500,8,3.2,34.9,0.5,1.8,16
2007/05/11 02:12:00,37.1180,136.3120,11,4.5,24.0,1.2,2.4,40
2007/05/09 08:52:00,35.8080,139.1870,15,3.8,61.7,1.5,2.8,46
2007/05/09 02:08:00,36.5230,140.6900,55,3.9,54.1,0.7,2.3,52
2007/05/08 21:01:00,36.0600,139.8900,46,4.5,85.9,1.9,3.3,182
2007/05/07 23:09:00,41.8880,142.4950,64,4.3,13.1,0.5,2.0,81
2007/05/07 09:29:00,29.9720,130.4550,49,5.1,60.8,1.1,2.9,18
2007/05/07 07:05:00,26.3130,127.7750,11,3.1,11.5,0.2,1.2,3
2007/05/07 02:13:00,37.2730,136.7630,9,3.4,21.2,0.4,1.6,6
2007/05/06 10:09:00,36.8830,141.4670,62,4.5,15.8,0.5,1.9,88
2007/05/06 05:33:00,35.8100,139.1870,16,2.9,15.6,0.4,1.8,15
2007/05/05 20:50:00,37.0980,138.4630,15,1.9,20.1,0.5,1.5,1
2007/05/05 20:39:00,37.0950,138.4600,15,2.8,68.7,1.4,2.8,5
2007/05/05 17:43:00,37.2600,136.7130,6,3.3,11.7,0.2,1.2,7
2007/05/05 17:09:00,36.9420,138.1780,0,3.3,59.8,1.6,2.9,10
2007/05/05 10:25:00,35.1300,135.6920,11,3.5,50.5,0.7,1.6,26
2007/05/05 01:11:00,37.0730,136.4170,0,4.5,17.7,0.3,1.6,35
2007/05/04 14:08:00,37.1900,136.6570,10,3.1,33.7,0.5,1.5,2
2007/05/03 21:11:00,43.3280,145.2100,76,3.9,14.3,0.4,1.6,33
2007/05/03 03:43:00,35.8180,137.5350,6,2.4,64.2,0.6,1.5,5
2007/05/03 02:25:00,28.4320,129.3620,18,3.3,7.8,0.1,0.6,2
2007/05/02 21:47:00,37.3370,136.7580,7,3.4,16.0,0.3,1.2,8
2007/05/02 20:44:00,37.3300,136.7620,7,4.7,36.6,2.2,3.2,55
2007/05/02 10:15:00,37.2380,136.6880,8,3.4,21.1,0.8,2.2,9
2007/05/02 08:14:00,38.3880,140.6800,5,2.6,6.5,0.1,0.5,1
2007/05/01 17:02:00,27.8350,128.8180,11,3.0,25.8,0.5,1.6,1
2007/05/01 01:55:00,32.2180,137.6770,452,5.4,3.2,0.1,0.9,27
2007/04/30 13:36:00,42.9000,146.4250,39,4.2,18.2,0.5,2.2,16
2007/04/30 05:47:00,34.7630,139.3700,4,1.4,27.7,0.8,2.4,1
2007/04/30 05:41:00,28.6470,129.3880,13,4.9,33.7,2.2,3.2,4
2007/04/29 20:18:00,34.7480,139.3620,4,0.8,51.0,1.0,2.4,1
2007/04/28 17:55:00,37.2470,136.7400,4,3.2,21.2,0.5,2.0,5
2007/04/28 17:30:00,43.6920,144.7780,0,4.0,114.1,3.5,3.3,31
2007/04/28 09:27:00,35.7280,136.6250,10,4.6,168.8,2.5,3.0,165
2007/04/28 07:44:00,41.9600,142.3270,69,4.1,13.9,0.7,2.2,50
2007/04/28 03:15:00,37.3300,136.6950,5,3.8,9.3,0.3,1.6,7
2007/04/28 00:04:00,33.7180,130.2080,12,3.6,13.6,0.2,1.2,17
2007/04/27 01:38:00,42.3730,143.6050,58,5.2,139.0,5.2,3.7,213
2007/04/26 20:15:00,37.2830,136.7480,6,3.3,7.8,0.2,1.2,6
2007/04/26 12:06:00,37.2580,139.0150,9,3.0,35.3,0.4,1.3,8
2007/04/26 11:55:00,34.1170,135.3200,7,4.0,173.6,3.2,2.8,42
2007/04/26 11:30:00,37.2330,136.7430,11,3.9,30.3,0.6,2.1,15
2007/04/26 09:03:00,33.8880,133.5830,39,5.3,537.1,9.0,4.3,310
2007/04/24 22:34:00,37.1450,138.6230,11,2.4,1.8,0.0,0.1,3
2007/04/24 16:24:00,37.2920,136.7470,6,2.7,2.1,0.0,-0.1,3
2007/04/23 17:27:00,44.0980,141.7070,10,4.6,43.0,2.8,3.2,44
2007/04/23 15:00:00,37.2630,136.6830,6,3.4,6.8,0.2,1.2,5
2007/04/22 19:28:00,25.6950,125.1300,22,5.5,13.1,0.8,2.0,2
2007/04/22 06:50:00,29.7400,129.9900,17,4.1,5.2,0.1,0.8,1
2007/04/22 06:27:00,27.4280,128.6170,40,3.9,18.0,0.4,1.8,3
2007/04/21 04:38:00,27.4380,128.6030,42,5.7,114.6,6.5,4.2,11
2007/04/20 14:23:00,25.7250,125.2220,18,5.7,6.0,0.4,1.5,2
2007/04/20 12:28:00,25.7320,125.2570,22,5.5,3.3,0.2,0.9,2
2007/04/20 12:00:00,25.7280,125.1550,22,5.3,4.9,0.3,1.2,2
2007/04/20 11:23:00,25.6880,125.0520,24,6.1,20.1,0.9,2.6,3
2007/04/20 10:46:00,25.7470,125.1370,21,6.7,29.1,2.4,3.0,4
2007/04/20 09:30:00,25.7450,125.1870,15,5.5,11.1,0.8,2.0,2
2007/04/20 09:26:00,25.7380,125.0700,22,6.3,22.8,1.5,2.6,3
2007/04/20 02:33:00,32.7920,130.6300,13,3.8,31.2,0.6,2.3,43
2007/04/19 00:07:00,42.6700,141.9470,126,5.6,55.9,3.7,3.5,312
2007/04/18 08:24:00,37.3230,136.8650,5,3.2,8.5,0.2,1.0,2
2007/04/17 02:47:00,37.3530,136.9900,12,3.0,9.2,0.2,0.8,5
2007/04/16 15:29:00,37.1800,136.5550,0,4.0,27.4,0.8,2.3,11
2007/04/15 18:34:00,34.7930,136.4170,17,4.6,478.8,13.9,4.5,162
2007/04/15 12:19:00,34.7900,136.4070,16,5.4,863.0,36.8,5.3,359
2007/04/15 12:17:00,34.7900,136.4070,16,3.2,45.4,0.6,1.9,19
2007/04/15 06:39:00,37.2500,136.7280,5,3.8,60.3,1.3,2.4,10
2007/04/14 23:45:00,37.2650,136.7180,6,2.7,3.4,0.1,0.5,2
2007/04/14 23:08:00,37.2630,136.7220,6,3.5,13.5,0.5,1.8,7
2007/04/14 08:08:00,44.0400,145.0620,2,2.1,15.6,0.3,1.9,2
2007/04/14 05:42:00,36.6530,141.1930,46,4.6,28.1,0.9,2.5,132
2007/04/14 03:11:00,33.6750,141.0550,55,5.3,18.2,0.7,2.3,71
2007/04/14 00:28:00,37.2750,136.6780,3,3.5,7.7,0.2,1.4,5
2007/04/12 22:50:00,38.1980,141.1470,12,4.5,63.4,1.7,3.1,109
2007/04/12 21:59:00,41.2650,142.6600,36,4.6,15.5,0.6,2.2,40
2007/04/12 03:37:00,37.2280,136.6620,5,3.5,23.6,0.6,2.0,5
2007/04/11 22:11:00,37.0730,136.4270,8,4.3,10.7,0.3,1.5,37
2007/04/11 17:42:00,37.0730,141.0220,88,3.8,19.2,0.3,1.8,41
2007/04/11 00:47:00,38.4280,141.1820,12,2.5,4.3,0.1,0.2,1
2007/04/10 10:23:00,38.9600,141.6530,74,4.1,57.9,0.7,2.4,39
2007/04/10 10:22:00,38.9600,141.6500,74,4.0,46.8,0.4,1.9,60
2007/04/08 16:44:00,44.0420,145.0600,3,2.7,45.5,1.0,2.8,3
2007/04/08 00:15:00,37.2550,136.7750,3,3.0,5.4,0.2,1.0,3
2007/04/06 23:55:00,37.0920,136.4330,7,4.3,9.0,0.4,1.6,19
2007/04/06 21:42:00,37.0950,136.4250,7,4.7,17.9,0.7,2.2,37
2007/04/06 15:18:00,37.2670,136.7900,12,4.3,99.7,3.4,3.6,37
2007/04/05 22:43:00,37.2680,136.7850,11,3.5,22.4,0.5,1.9,8
2007/04/05 20:39:00,38.2020,141.1480,12,4.5,77.9,2.7,3.2,113
2007/04/05 15:14:00,37.0730,136.4380,8,4.3,17.6,0.5,2.0,33
2007/04/05 09:05:00,35.1520,133.0900,9,3.4,62.2,0.7,1.8,19
2007/04/04 14:12:00,37.1600,136.5300,9,3.5,15.5,0.3,1.5,4
2007/04/04 08:19:00,37.3250,136.8320,5,3.2,4.8,0.2,1.0,2
2007/04/04 08:18:00,37.2600,136.7420,7,3.9,45.1,0.8,2.0,17
2007/04/04 06:47:00,35.2920,133.3380,11,3.5,29.8,0.6,2.1,25
2007/04/03 09:54:00,35.7430,140.6570,46,3.4,6.8,0.3,1.2,16
2007/04/03 09:31:00,37.0380,140.7100,97,3.9,15.9,0.3,1.7,51
2007/04/03 05:58:00,35.7000,140.7100,53,4.0,7.1,0.2,0.9,11
2007/04/02 21:49:00,37.2970,136.7320,8,3.3,15.5,0.2,1.5,8
2007/04/02 17:25:00,37.2200,136.6470,5,3.2,20.6,0.5,1.9,4
2007/04/02 13:37:00,36.7580,139.4570,5,3.4,48.9,1.2,2.5,18
2007/04/02 08:01:00,37.2070,136.6470,7,4.1,66.3,2.2,3.1,25
2007/04/02 02:51:00,37.2100,136.6880,12,4.2,139.2,3.4,3.9,28
2007/04/02 01:01:00,43.1530,146.0070,73,4.0,16.8,0.5,2.2,23
2007/04/01 11:51:00,32.4100,137.9080,405,5.8,11.2,0.4,1.8,142
2007/03/31 22:32:00,38.8670,141.5880,77,4.8,74.2,1.9,3.3,163
2007/03/31 15:34:00,37.2380,136.6880,6,3.3,23.3,0.6,1.7,5
2007/03/31 08:09:00,37.2330,136.7580,13,4.4,83.6,2.0,3.4,60
2007/03/31 02:28:00,34.9070,136.9000,15,3.2,24.1,0.3,1.4,15
2007/03/30 18:05:00,43.9530,146.3200,99,5.6,60.2,2.0,3.1,96
2007/03/30 05:21:00,42.2650,143.1530,47,4.7,69.2,2.4,3.3,90
2007/03/30 04:18:00,37.2880,136.7350,8,3.1,4.6,0.1,0.8,5
2007/03/29 15:34:00,37.1770,136.6270,11,3.5,39.7,0.6,2.0,5
2007/03/29 10:46:00,37.2280,136.6880,8,3.8,47.2,0.9,2.0,13
2007/03/29 04:32:00,37.2450,136.7000,8,3.4,14.7,0.4,1.8,5
2007/03/28 22:13:00,28.1270,129.2750,35,3.9,15.0,0.3,1.2,4
2007/03/28 21:16:00,37.1900,136.5820,6,3.8,45.2,1.4,2.7,11
2007/03/28 14:36:00,37.2750,136.6770,7,3.5,19.7,0.5,1.7,5
2007/03/28 13:05:00,37.2820,136.6820,7,4.7,57.6,3.0,3.5,59
2007/03/28 10:51:00,37.1750,136.6120,10,4.6,131.9,2.4,3.2,52
2007/03/28 09:39:00,44.6480,146.3300,194,5.1,19.4,0.5,2.0,75
2007/03/28 08:08:00,37.2220,136.7080,13,4.9,132.6,8.0,4.2,75
2007/03/28 04:44:00,37.2900,136.7570,8,3.1,8.3,0.1,0.4,4
2007/03/28 00:57:00,37.2500,136.7200,10,4.0,52.2,2.0,2.9,27
2007/03/27 23:14:00,37.2900,136.7280,9,3.1,16.1,0.3,1.1,4
2007/03/27 23:04:00,37.1770,136.6180,8,3.5,66.0,1.6,2.9,4
2007/03/27 21:18:00,39.4230,140.7450,15,3.7,20.6,0.6,2.0,41
2007/03/27 12:40:00,37.2870,136.7620,9,3.4,12.2,0.3,1.5,6
2007/03/27 12:36:00,37.2880,136.7470,8,2.5,3.5,0.1,0.0,1
2007/03/27 12:28:00,37.2420,136.7480,11,3.8,28.6,0.5,2.1,12
2007/03/27 11:33:00,37.2270,136.6780,7,3.8,22.2,0.4,1.9,8
2007/03/27 07:16:00,37.1130,136.5470,7,4.1,11.9,0.4,1.7,17
2007/03/27 06:48:00,37.1800,136.5480,5,3.6,11.7,0.3,1.6,3
2007/03/27 03:24:00,34.1320,135.1050,9,2.7,13.0,0.2,1.1,2
2007/03/27 01:59:00,37.2930,136.7650,9,3.9,27.9,0.9,2.5,9
2007/03/27 01:19:00,37.2900,136.7830,9,3.1,10.5,0.2,1.4,5
2007/03/26 23:55:00,37.2380,136.6700,8,3.4,18.9,0.5,1.8,3
2007/03/26 23:34:00,37.2920,136.7820,9,3.2,9.6,0.2,1.4,4
2007/03/26 21:43:00,37.2620,136.7030,7,3.9,36.3,1.0,2.6,14
2007/03/26 21:30:00,37.1850,136.6470,10,3.9,98.8,2.2,2.9,10
2007/03/26 21:04:00,37.1980,136.6120,7,3.6,21.2,0.8,2.2,6
2007/03/26 18:35:00,37.1620,136.5600,8,3.6,23.4,0.5,1.8,4
2007/03/26 18:26:00,37.1930,136.6600,10,3.6,33.7,0.8,2.1,4
2007/03/26 18:02:00,37.2750,136.7000,6,4.6,100.0,2.9,3.6,35
2007/03/26 16:41:00,37.2350,136.6780,8,3.5,11.9,0.2,1.6,4
2007/03/26 15:04:00,37.2530,136.7270,7,3.1,10.7,0.2,1.1,4
2007/03/26 14:46:00,37.1650,136.5520,9,4.8,409.4,16.2,4.7,78
2007/03/26 13:50:00,37.2900,136.7930,7,3.0,4.5,0.1,0.7,4
2007/03/26 13:47:00,37.2700,136.6570,4,4.4,25.6,1.7,2.8,24
2007/03/26 12:06:00,37.2400,136.6780,7,3.6,17.2,0.6,2.2,5
2007/03/26 07:22:00,37.1680,136.5120,7,3.6,14.9,0.4,1.7,4
2007/03/26 07:16:00,37.1670,136.4880,0,5.3,162.2,6.3,3.9,130
2007/03/26 06:46:00,37.2970,136.7700,10,3.4,19.4,0.4,1.7,6
2007/03/26 04:09:00,37.1780,136.5780,8,3.0,19.6,0.5,1.6,2
2007/03/26 03:32:00,37.2720,136.7750,12,3.2,16.4,0.3,1.4,5
2007/03/26 03:21:00,37.2330,136.7430,11,3.6,17.3,0.4,1.5,11
2007/03/26 02:34:00,37.2100,136.7120,12,3.5,17.9,0.3,1.3,7
2007/03/26 02:25:00,37.1830,136.5930,7,3.7,31.3,0.8,2.1,7
2007/03/26 02:14:00,37.1570,136.6680,12,4.2,55.3,2.0,2.9,34
2007/03/26 02:05:00,37.2470,136.6730,6,3.3,17.8,0.4,1.6,3
2007/03/26 00:21:00,37.2180,136.6500,6,3.6,12.7,0.4,1.5,3
2007/03/25 23:49:00,37.2380,136.7400,11,3.3,15.0,0.4,1.7,7
2007/03/25 22:49:00,37.2750,136.6970,8,3.8,13.1,0.4,2.0,13
2007/03/25 22:28:00,37.2450,136.7670,10,3.5,14.5,0.4,1.8,7
2007/03/25 21:26:00,37.2250,136.6980,10,3.4,14.9,0.2,1.5,4
2007/03/25 21:02:00,37.2350,136.6520,5,3.4,12.5,0.3,1.5,3
2007/03/25 19:53:00,37.1720,136.5550,7,3.0,19.0,0.4,1.6,2
2007/03/25 19:04:00,37.3220,136.8400,13,3.5,10.5,0.3,1.5,9
2007/03/25 19:02:00,37.1870,136.6470,11,3.5,25.1,0.4,1.5,5
2007/03/25 18:41:00,37.2270,136.6080,1,3.6,10.9,0.3,1.7,4
2007/03/25 18:23:00,37.2970,136.8520,12,4.2,91.6,2.2,3.5,34
2007/03/25 18:13:00,37.2900,136.7350,7,3.9,10.1,0.2,1.0,3
2007/03/25 18:11:00,37.3030,136.8380,13,5.3,351.6,19.6,4.8,163
2007/03/25 17:54:00,37.2430,136.7300,10,3.8,48.8,0.9,2.3,15
2007/03/25 17:39:00,37.2780,136.7420,7,3.0,2.9,0.1,0.6,2
2007/03/25 17:08:00,37.1820,136.6770,10,3.4,18.5,0.4,1.5,5
2007/03/25 16:53:00,37.2200,136.6650,8,3.7,26.1,0.8,2.1,8
2007/03/25 16:39:00,37.1580,136.6380,10,3.2,24.1,0.5,1.7,2
2007/03/25 16:15:00,37.2400,136.7220,10,3.3,15.7,0.2,1.3,7
2007/03/25 16:14:00,37.2720,136.7170,9,3.1,9.7,0.2,1.2,3
2007/03/25 16:00:00,37.2670,136.6870,6,3.4,18.9,0.3,1.4,5
2007/03/25 15:57:00,37.2280,136.7330,11,3.8,24.8,0.7,2.3,17
2007/03/25 15:55:00,37.2880,136.7670,9,2.5,4.3,0.1,-0.4,1
2007/03/25 15:48:00,37.2900,136.7780,8,3.4,10.9,0.1,0.7,6
2007/03/25 15:43:00,37.2930,136.7720,9,4.5,42.3,1.7,3.1,41
2007/03/25 15:26:00,37.2050,136.6070,4,3.7,11.9,0.2,1.6,10
2007/03/25 14:55:00,37.1650,136.6950,10,3.8,27.4,0.6,2.0,12
2007/03/25 14:41:00,37.2300,136.7250,10,3.5,12.5,0.2,1.4,7
2007/03/25 14:21:00,37.2220,136.6080,3,4.1,21.1,0.8,2.6,15
2007/03/25 14:08:00,37.2050,136.7050,13,3.5,13.4,0.2,0.9,6
2007/03/25 13:23:00,37.2120,136.6250,6,3.4,18.6,0.4,1.9,4
2007/03/25 13:02:00,37.2070,136.7170,12,3.9,49.0,0.8,2.3,22
2007/03/25 12:43:00,37.2170,136.6530,5,3.2,6.6,0.1,1.0,4
2007/03/25 12:40:00,37.2900,136.7320,9,4.0,53.2,1.2,3.2,18
2007/03/25 12:24:00,37.1980,136.7200,12,3.7,27.3,0.5,1.8,12
2007/03/25 12:23:00,37.2570,136.6930,7,3.7,5.2,0.2,1.3,6
2007/03/25 11:58:00,37.2330,136.6170,3,4.2,16.7,0.7,2.2,8
2007/03/25 11:54:00,37.2830,136.6970,12,2.8,3.8,0.1,0.5,3
2007/03/25 11:51:00,37.2270,136.7350,11,3.5,25.7,0.4,1.7,5
2007/03/25 11:49:00,37.2620,136.7030,7,3.7,9.9,0.4,1.7,12
2007/03/25 11:43:00,37.2150,136.6920,9,3.6,37.9,0.7,1.8,7
2007/03/25 11:38:00,37.2680,136.6650,8,3.9,9.9,0.5,1.8,8
2007/03/25 11:33:00,37.2420,136.6770,6,3.6,21.0,0.8,2.2,6
2007/03/25 11:19:00,37.2670,136.7000,7,4.2,20.5,0.8,2.4,21
2007/03/25 11:04:00,37.2370,136.6930,5,3.5,13.5,0.5,1.9,5
2007/03/25 10:36:00,37.1970,136.6980,11,4.1,66.5,0.8,2.2,28
2007/03/25 10:21:00,37.1770,136.6180,9,3.5,23.9,0.5,1.9,4
2007/03/25 10:18:00,37.2070,136.6680,5,3.2,13.8,0.3,1.6,3
2007/03/25 10:16:00,37.2300,136.6570,5,4.1,28.6,1.0,2.6,22
2007/03/25 10:11:00,37.2930,136.7520,8,4.5,35.7,0.9,2.3,19
2007/03/25 10:10:00,37.2530,136.6870,6,3.6,20.0,0.6,2.2,6
2007/03/25 10:06:00,37.2350,136.7300,10,3.7,46.9,0.9,2.6,10
2007/03/25 10:01:00,37.2280,136.7320,11,3.7,14.5,0.5,1.7,8
2007/03/25 09:59:00,37.2330,136.7300,9,3.7,15.3,0.4,2.0,5
2007/03/25 09:56:00,37.2280,136.7230,10,4.7,45.3,1.6,2.9,49
2007/03/25 09:54:00,37.2750,136.7000,7,4.5,51.1,2.5,3.3,14
2007/03/25 09:52:00,37.3130,136.7070,5,4.5,8.4,0.6,1.6,31
2007/03/25 09:51:00,37.1800,136.6400,10,4.1,83.3,2.2,3.1,11
2007/03/25 09:48:00,37.2180,136.7000,9,4.4,31.0,1.3,2.6,35
2007/03/25 09:45:00,37.2020,136.6650,6,4.7,11.0,0.7,1.5,32
2007/03/25 09:42:00,37.2200,136.6850,11,6.9,945.4,103.7,6.3,721
2007/03/25 05:34:00,34.2630,135.4350,7,2.8,47.6,0.5,1.6,6
2007/03/25 00:50:00,35.7250,138.7920,14,3.3,50.7,0.5,1.5,20
2007/03/24 10:17:00,32.6200,130.8280,5,3.0,36.1,1.0,2.6,7
2007/03/23 22:37:00,32.6180,130.8270,6,4.1,133.6,3.6,3.7,51
2007/03/22 18:27:00,32.6180,130.8270,6,4.0,80.2,2.8,3.3,50
2007/03/22 10:29:00,35.9580,139.8070,78,4.2,33.3,0.8,2.5,169
2007/03/21 09:19:00,41.6630,141.4480,130,4.3,9.8,0.4,1.8,38
2007/03/20 16:26:00,36.3230,137.0780,5,2.6,10.4,0.2,0.8,6
2007/03/18 10:25:00,42.0550,144.1750,59,5.6,25.4,1.9,3.0,125
2007/03/17 20:40:00,40.9800,142.0050,56,4.1,21.1,0.6,2.2,29
2007/03/16 19:58:00,43.1670,145.5820,51,3.8,34.0,0.5,1.8,21
2007/03/16 09:18:00,41.9850,139.8500,13,3.4,19.3,0.4,1.8,6
2007/03/15 14:43:00,41.9430,141.3870,123,4.5,21.5,0.7,2.4,106
2007/03/14 22:40:00,35.7050,140.7100,52,4.7,15.5,0.5,2.0,82
2007/03/14 22:39:00,38.8550,139.8230,21,3.3,32.1,0.7,1.8,8
2007/03/12 20:32:00,42.7180,141.6200,145,4.5,5.9,0.3,1.5,71
2007/03/11 22:19:00,31.9700,130.4280,7,3.0,23.9,0.2,1.4,7
2007/03/11 17:02:00,35.1480,135.6680,6,2.6,8.0,0.1,0.3,4
2007/03/11 16:09:00,43.6720,147.7700,13,5.6,19.9,0.7,2.6,107
2007/03/10 06:32:00,37.1470,138.6420,8,2.3,1.7,0.0,0.0,2
2007/03/10 04:32:00,37.1470,138.6520,10,2.9,4.6,0.1,0.5,3
2007/03/10 00:47:00,37.1480,138.6450,9,4.0,11.8,0.5,1.6,14
2007/03/09 16:00:00,43.4400,146.9330,56,4.4,10.7,0.4,2.0,28
2007/03/09 12:22:00,43.0130,134.2880,501,6.2,3.7,0.3,1.2,95
2007/03/08 14:03:00,29.8680,140.8930,152,6.0,8.1,0.4,1.8,106
2007/03/07 21:59:00,40.0880,140.3030,16,4.2,217.7,4.2,3.9,60
2007/03/07 18:14:00,36.4400,139.2180,7,2.7,14.3,0.2,0.9,4
2007/03/07 14:53:00,43.7420,144.7400,0,3.5,18.1,0.4,1.3,16
2007/03/06 11:00:00,42.3030,142.5750,7,3.1,39.5,0.9,2.5,3
2007/03/06 08:55:00,24.0980,123.5900,41,4.6,8.4,0.2,1.4,3
2007/03/04 14:16:00,35.4620,139.0020,23,3.5,17.4,0.4,1.5,38
2007/03/03 18:26:00,35.6830,140.7320,48,4.0,4.1,0.2,1.2,22
2007/03/03 15:59:00,34.9130,132.7770,11,3.5,28.9,0.5,1.7,24
2007/03/03 05:14:00,41.2650,142.8200,18,4.8,11.8,0.8,2.2,57
2007/03/02 04:17:00,42.1020,142.9170,41,3.6,17.4,0.3,1.4,6
2007/02/28 08:28:00,37.2170,138.6000,11,2.6,1.6,0.0,-0.7,1
2007/02/26 14:06:00,34.1720,135.1550,6,3.6,34.6,0.5,1.9,16
2007/02/25 20:41:00,33.1220,136.9470,39,4.6,11.1,0.3,1.8,53
2007/02/20 06:24:00,40.4030,142.0930,66,3.8,14.4,0.3,1.5,27
2007/02/19 13:29:00,24.6050,125.4650,7,4.0,18.4,0.4,1.5,2
2007/02/19 09:57:00,32.8550,130.7730,13,3.4,14.3,0.3,1.8,20
2007/02/18 20:08:00,36.0430,137.5200,7,2.2,16.7,0.2,1.2,1
2007/02/18 01:08:00,34.2720,139.2370,11,2.4,14.9,0.2,1.2,1
2007/02/17 09:22:00,41.7030,143.7330,45,5.1,7.5,0.5,1.8,43
2007/02/17 09:03:00,41.7320,143.7220,40,6.2,90.6,8.5,4.2,282
2007/02/14 07:36:00,35.2880,139.1180,13,3.1,13.5,0.2,1.4,15
2007/02/14 06:24:00,42.9800,145.4050,47,3.9,19.8,0.4,2.0,14
2007/02/12 23:09:00,43.2520,146.2780,46,4.0,29.0,0.4,1.6,5
2007/02/09 16:35:00,43.3430,146.1400,50,4.3,26.6,0.9,2.7,12
2007/02/06 23:15:00,37.3270,142.1050,36,4.5,7.6,0.2,1.6,24
2007/02/06 21:01:00,33.1130,131.3950,121,3.7,18.2,0.3,1.5,48
2007/02/06 02:44:00,42.1950,143.3820,41,3.9,44.0,1.4,2.6,9
2007/02/06 01:01:00,34.2800,139.2480,10,2.7,8.3,0.2,1.4,3
2007/02/05 23:07:00,43.0750,145.0100,62,4.3,41.7,1.2,2.3,43
2007/02/05 07:54:00,35.8200,137.5780,5,3.1,45.9,0.8,2.3,11
2007/02/05 01:42:00,35.9780,137.5320,10,3.3,35.5,0.5,1.9,21
2007/02/04 20:59:00,35.5900,140.1530,67,4.3,18.3,0.8,2.5,120
2007/02/02 04:16:00,31.9720,130.3950,2,3.0,15.6,0.4,1.6,10
2007/02/01 21:51:00,35.1920,135.1000,14,3.0,8.7,0.1,0.5,6
2007/02/01 15:40:00,37.2750,140.9920,87,3.8,25.2,0.3,1.7,64
2007/01/30 23:35:00,34.7550,137.9380,8,2.9,17.1,0.4,1.7,4
2007/01/30 10:49:00,37.1150,138.7020,11,3.3,38.4,0.7,1.9,13
2007/01/28 06:25:00,38.9880,139.5380,23,4.3,17.3,0.5,1.6,49
2007/01/27 16:11:00,35.9450,139.4780,127,4.2,25.4,0.5,2.2,131
2007/01/27 05:16:00,37.7430,141.3630,62,3.8,12.1,0.3,1.3,32
2007/01/25 19:59:00,22.7250,122.1150,92,6.1,3.2,0.2,1.1,4
2007/01/25 16:55:00,36.9550,141.0070,85,4.1,28.2,0.8,2.5,85
2007/01/24 10:30:00,36.0500,139.8870,46,4.0,49.5,0.8,2.2,82
2007/01/23 13:07:00,39.8220,141.0770,100,4.3,21.3,0.4,1.8,74
2007/01/22 02:16:00,35.7330,136.3370,13,4.5,99.8,1.8,3.1,182
2007/01/21 21:57:00,34.7300,138.7630,7,2.8,54.1,0.7,1.7,8
2007/01/16 21:52:00,41.1820,142.7130,30,5.0,18.2,0.6,2.2,99
2007/01/16 16:47:00,28.1180,129.4080,33,4.7,30.8,0.9,2.4,5
2007/01/16 03:18:00,34.9370,138.8920,175,5.8,44.2,1.7,3.0,336
2007/01/15 19:19:00,34.8830,138.2120,32,3.4,8.2,0.3,1.6,22
2007/01/13 17:20:00,36.7570,137.8480,1,3.0,15.3,0.3,1.5,8
2007/01/13 13:24:00,46.9370,155.0520,30,8.2,34.3,2.3,3.1,448
2007/01/12 11:48:00,34.2270,135.4400,8,2.7,30.0,0.4,1.1,6
2007/01/12 05:34:00,43.2900,147.2220,40,5.2,22.7,0.8,2.4,82
2007/01/10 21:13:00,33.2270,132.5380,36,3.8,53.4,0.9,2.2,28
2007/01/10 20:02:00,40.7450,139.1320,21,4.2,6.8,0.2,1.5,25
2007/01/10 19:19:00,36.5530,141.2380,46,4.3,14.0,0.4,2.1,72
2007/01/10 09:57:00,32.1380,130.3800,7,3.2,35.5,0.9,2.4,11
2007/01/09 13:18:00,36.0480,139.7980,79,4.3,38.6,1.5,3.1,197
2007/01/09 05:12:00,44.2820,144.0670,9,4.7,40.6,1.3,2.7,96
2007/01/08 18:59:00,37.2670,138.9180,13,4.8,267.3,9.1,4.0,232
2007/01/08 18:12:00,38.2750,141.6070,54,3.7,55.0,0.7,2.1,40
2007/01/05 06:40:00,36.3880,139.9570,92,4.0,24.1,0.6,2.3,126
2007/01/05 06:13:00,37.1300,139.3100,7,3.0,35.3,0.3,1.6,3
2007/01/05 03:06:00,35.4050,137.3100,54,4.0,37.4,0.6,2.3,140
2007/01/04 08:47:00,35.2200,139.7500,99,4.0,16.0,0.4,2.0,60
2007/01/04 00:40:00,36.4300,140.6850,53,4.2,60.3,1.3,2.9,67
2007/01/02 23:17:00,42.3120,143.0020,51,4.0,13.1,0.3,1.6,28
2007/01/02 22:46:00,37.1950,138.8380,9,3.3,25.8,0.5,1.3,12
2007/01/02 03:12:00,34.2420,139.2450,2,2.8,2.1,0.1,0.6,1
2007/01/01 05:16:00,34.2350,139.2820,13,3.0,9.1,0.2,1.3,4
2007/01/01 04:18:00,34.2380,139.2800,13,2.9,3.9,0.1,0.5,1
2007/01/01 00:50:00,34.5270,134.2470,12,3.2,51.8,0.3,0.7,15
2006/12/31 17:21:00,34.2470,139.2230,12,3.1,12.8,0.3,1.8,1
2006/12/31 08:30:00,34.8120,140.5650,43,4.9,49.9,2.5,3.4,106
2006/12/31 07:34:00,43.2600,146.2580,46,5.0,209.4,6.2,4.1,59
2006/12/31 06:31:00,34.2600,139.2350,11,3.2,26.5,0.8,2.5,3
2006/12/31 03:42:00,34.2300,139.2600,14,4.3,25.6,0.8,2.4,5
2006/12/31 02:50:00,34.2280,139.2400,13,3.8,28.2,1.1,2.7,4
2006/12/31 02:49:00,34.2500,139.2170,12,4.7,54.1,2.0,3.3,9
2006/12/31 02:28:00,34.2450,139.2280,12,4.3,23.7,0.5,2.1,4
2006/12/30 18:07:00,42.1830,143.2730,38,3.5,11.8,0.3,1.6,6
2006/12/28 09:25:00,38.7870,141.6250,71,4.4,103.8,2.0,2.7,110
2006/12/27 04:33:00,34.2420,139.2150,12,2.6,8.4,0.2,1.3,1
2006/12/27 03:34:00,34.2450,139.2150,12,3.0,2.5,0.1,0.6,1
2006/12/27 02:49:00,34.2430,139.2180,11,3.0,27.5,0.5,2.2,3
2006/12/27 02:42:00,34.2450,139.2170,12,3.0,15.4,0.3,1.7,2
2006/12/26 19:55:00,37.7620,141.8280,40,4.1,6.5,0.2,1.3,12
2006/12/26 13:39:00,36.1830,140.0170,52,3.4,19.5,0.4,1.5,22
2006/12/26 07:21:00,37.8720,138.1530,14,3.5,16.3,0.3,1.5,6
2006/12/26 05:17:00,37.8720,138.1580,14,4.9,162.5,6.1,4.1,127
2006/12/25 02:49:00,34.3850,139.2150,6,2.7,43.5,1.0,2.6,1
2006/12/24 12:53:00,41.4020,142.1270,34,4.1,10.8,0.3,1.7,32
2006/12/24 11:25:00,35.9880,140.1550,61,3.6,10.3,0.2,1.3,48
2006/12/23 06:16:00,35.9700,137.5370,10,2.7,24.2,0.3,1.7,8
2006/12/23 04:19:00,43.8850,145.8700,109,4.2,8.9,0.4,1.6,22
2006/12/22 13:48:00,34.9830,139.5550,27,4.0,16.9,0.5,2.2,15
2006/12/21 10:51:00,35.7520,138.1150,21,3.9,25.1,0.7,2.4,78
2006/12/21 07:57:00,35.4530,138.8670,14,2.9,11.8,0.2,0.9,13
2006/12/20 11:56:00,40.3830,141.6500,114,3.8,8.0,0.2,1.3,22
2006/12/20 11:46:00,41.5330,142.0680,69,3.8,4.9,0.2,1.2,10
2006/12/19 18:33:00,35.2620,137.2580,15,4.4,133.2,2.0,3.0,191
2006/12/19 05:14:00,34.0830,135.2180,6,2.9,13.4,0.2,1.1,3
2006/12/19 03:28:00,31.9830,131.5820,40,4.0,15.8,0.3,1.8,35
2006/12/19 01:27:00,38.8870,141.6600,66,3.6,17.6,0.2,1.2,27
2006/12/18 16:27:00,36.7700,141.3170,49,4.3,12.1,0.4,1.8,63
2006/12/18 00:17:00,34.7900,137.0870,11,3.0,34.6,0.8,1.8,10
2006/12/17 23:45:00,34.7900,137.0850,10,3.0,37.8,0.5,1.6,9
2006/12/17 08:22:00,35.4170,135.7670,8,3.2,40.0,0.8,2.3,13
2006/12/16 19:00:00,35.1550,138.4230,21,4.0,73.9,1.8,3.3,75
2006/12/14 21:55:00,35.0750,137.2000,41,3.8,18.3,0.3,1.3,84
2006/12/14 19:13:00,36.0250,140.0900,64,3.8,13.6,0.3,1.6,58
2006/12/14 00:31:00,35.4770,139.6950,24,2.9,20.8,0.4,1.5,15
2006/12/13 07:09:00,35.1880,132.9270,6,2.9,51.4,0.7,1.9,7
2006/12/13 06:44:00,32.1350,130.3780,7,3.8,89.0,1.4,2.9,27
2006/12/11 00:28:00,29.7250,130.6800,54,5.7,30.9,0.8,2.4,22
2006/12/09 23:48:00,46.8850,147.4920,438,5.9,12.4,0.5,2.0,72
2006/12/09 12:29:00,35.8020,140.1400,66,4.2,15.9,0.7,2.4,154
2006/12/09 12:10:00,35.8070,140.1420,65,4.1,12.7,0.4,1.8,97
2006/12/07 20:33:00,33.6750,130.2900,12,3.4,8.2,0.1,1.0,5
2006/12/07 08:27:00,41.3420,142.6870,23,4.2,7.9,0.2,1.6,28
2006/12/06 23:05:00,42.2370,144.8450,30,5.0,18.4,1.0,2.6,59
2006/12/06 18:19:00,36.7350,138.6030,3,3.0,13.2,0.3,1.5,10
2006/12/04 06:08:00,35.7430,140.6530,49,4.5,42.2,3.0,2.8,87
2006/12/03 18:12:00,37.0680,141.1920,51,4.0,23.2,0.4,2.0,43
2006/12/03 09:00:00,33.4120,134.3000,17,3.9,47.7,0.9,2.4,14
2006/12/03 07:20:00,24.2070,125.2320,24,4.9,7.9,0.3,1.4,1
2006/12/02 21:10:00,33.5670,134.5000,43,3.8,31.5,0.7,2.2,25
2006/12/02 03:21:00,34.2370,139.2200,13,2.5,4.7,0.1,0.9,1
2006/11/30 15:03:00,37.4330,139.7000,5,2.8,25.0,0.4,1.3,7
2006/11/30 12:01:00,37.4320,139.7080,4,2.9,8.0,0.1,1.1,6
2006/11/30 11:59:00,37.4320,139.7000,4,4.3,94.1,2.1,3.0,29
2006/11/29 13:47:00,33.1780,131.3630,7,2.8,16.2,0.5,1.7,3
2006/11/26 12:58:00,35.1470,132.8780,9,3.5,202.9,3.0,3.0,20
2006/11/25 23:52:00,33.1780,131.3580,7,2.8,20.1,0.7,1.9,3
2006/11/25 23:08:00,33.1780,131.3630,7,2.7,30.6,0.6,2.3,3
2006/11/25 23:07:00,39.6980,142.0820,44,3.9,25.1,0.3,1.5,35
2006/11/24 03:35:00,35.0000,139.1180,7,4.3,113.9,2.5,3.4,43
2006/11/24 01:08:00,35.9980,140.1670,61,3.9,14.7,0.4,1.8,54
2006/11/23 08:53:00,35.2980,140.2020,34,4.0,9.7,0.2,1.6,16
2006/11/22 20:15:00,43.9020,146.9450,96,5.6,67.7,5.1,3.7,170
2006/11/22 18:00:00,35.1500,133.1450,8,2.6,74.3,0.6,1.2,5
2006/11/19 13:29:00,33.3470,132.4400,41,4.2,42.0,1.3,2.8,85
2006/11/19 06:36:00,36.6750,139.4900,7,3.2,82.9,0.8,2.0,15
2006/11/18 04:44:00,28.5320,129.9900,33,4.9,17.0,1.6,2.8,3
2006/11/18 03:03:00,28.5170,130.1530,30,6.0,89.8,8.9,4.4,3
2006/11/18 01:08:00,31.9600,132.0230,36,4.3,26.2,0.7,2.1,32
2006/11/17 21:31:00,33.2220,137.6020,376,5.5,10.5,0.4,1.8,125
2006/11/16 21:05:00,34.2470,139.1480,11,2.6,2.8,0.1,0.2,1
2006/11/15 20:15:00,46.7020,154.0470,30,7.9,5.0,1.0,2.0,68
2006/11/15 17:39:00,36.5220,140.5650,58,3.9,96.5,1.8,2.7,62
2006/11/15 11:46:00,37.1170,138.6870,10,3.0,27.6,0.3,1.7,9
2006/11/14 04:29:00,42.8780,143.0270,108,3.7,9.9,0.3,1.6,36
2006/11/11 19:45:00,43.2900,146.3100,75,4.2,11.8,0.5,1.7,30
2006/11/10 07:07:00,43.0330,147.0170,51,4.8,17.7,0.7,2.3,17
2006/11/09 06:06:00,36.1530,140.0880,51,3.7,19.0,0.5,1.8,61
2006/11/06 06:57:00,40.0420,142.2000,41,4.4,65.1,1.5,3.3,91
2006/11/04 15:06:00,35.2320,137.4680,13,3.2,42.7,0.5,2.0,18
2006/11/03 09:06:00,44.0630,141.7100,8,3.5,29.5,0.8,2.5,12
2006/11/03 06:24:00,34.9580,135.4680,8,3.7,156.8,2.4,3.5,48
2006/11/01 23:21:00,42.3300,143.1200,49,4.8,56.2,2.5,3.5,150
2006/11/01 23:20:00,34.2230,139.1620,11,3.6,8.7,0.4,1.7,2
2006/11/01 23:11:00,34.2270,139.1580,11,2.7,3.3,0.1,0.7,1
2006/11/01 17:16:00,34.3450,139.2250,9,2.8,59.3,1.0,2.6,1
2006/11/01 02:39:00,42.4330,143.1730,50,4.3,41.3,1.6,3.0,76
2006/10/31 05:05:00,37.3230,138.8430,14,3.0,32.6,0.5,2.1,9
2006/10/28 07:20:00,24.6080,125.4650,6,3.8,10.0,0.3,1.2,1
2006/10/27 17:37:00,35.0830,140.2100,61,4.1,28.3,0.7,2.4,78
2006/10/26 23:29:00,36.5230,138.9200,11,2.7,14.5,0.3,1.6,9
2006/10/26 22:59:00,24.8100,125.4050,50,4.5,14.5,0.5,1.6,2
2006/10/24 06:18:00,29.1730,140.3500,3,6.8,4.1,0.4,1.5,5
2006/10/23 21:24:00,36.1900,140.0180,52,3.7,36.5,0.7,2.0,51
2006/10/21 22:36:00,43.4850,146.4100,57,4.6,15.6,0.4,2.0,21
2006/10/21 21:05:00,37.2000,138.1850,27,3.2,2.9,0.1,0.5,6
2006/10/20 23:36:00,34.3930,139.2600,8,2.7,65.3,1.1,2.6,1
2006/10/18 07:53:00,35.7020,139.9200,56,4.2,29.2,0.9,2.6,163
2006/10/16 11:51:00,41.0200,142.4100,35,4.5,27.3,0.9,2.4,75
2006/10/15 19:58:00,35.9870,140.0800,63,3.5,6.5,0.2,1.2,24
2006/10/15 13:41:00,35.6870,136.2830,11,3.1,34.7,0.6,2.1,10
2006/10/14 20:37:00,36.8800,141.6600,51,4.7,16.4,0.9,2.5,79
2006/10/14 06:38:00,34.8930,140.3030,64,5.1,232.3,14.2,4.6,267
2006/10/13 08:11:00,42.3200,143.0600,50,3.9,17.5,0.5,2.0,23
2006/10/12 23:46:00,24.0880,122.5770,46,6.2,5.7,0.6,2.0,2
2006/10/12 12:23:00,40.9720,142.0100,56,3.8,16.7,0.2,1.5,17
2006/10/11 08:58:00,37.1930,143.0300,50,6.0,6.1,1.1,2.2,95
2006/10/10 09:06:00,35.3950,138.9720,0,2.2,4.3,0.1,0.4,1
2006/10/10 01:15:00,37.3880,139.0430,1,3.0,12.9,0.2,1.2,8
2006/10/09 05:02:00,33.8070,131.0250,12,3.2,72.2,0.5,1.6,10
2006/10/03 22:42:00,37.0020,135.6500,31,4.6,18.6,0.4,2.1,49
2006/10/03 19:08:00,37.3050,138.9820,9,2.8,20.7,0.4,1.4,6
2006/10/03 18:43:00,37.3020,138.9800,8,3.5,49.4,1.1,2.4,21
2006/10/02 02:07:00,38.5480,142.8280,56,5.2,31.2,0.9,2.5,180
2006/10/01 20:52:00,37.0630,139.4080,7,2.3,62.2,0.5,1.9,2
2006/10/01 19:07:00,40.9900,141.5020,79,3.7,9.5,0.5,1.8,22
2006/09/30 00:37:00,43.2570,145.2620,74,4.6,59.7,2.7,3.1,65
2006/09/27 07:51:00,33.5100,131.8920,70,3.8,8.8,0.3,1.6,57
2006/09/27 00:49:00,24.6100,125.4820,7,4.2,9.8,0.2,1.2,1
2006/09/26 22:39:00,34.0470,133.9770,43,3.5,25.9,0.6,2.1,28
2006/09/26 13:18:00,37.2250,138.8280,10,2.8,19.2,0.6,2.0,5
2006/09/26 07:03:00,33.5050,131.8830,70,5.3,218.6,15.3,5.1,305
2006/09/24 18:42:00,34.2770,139.1150,10,3.1,7.5,0.2,1.2,1
2006/09/24 15:51:00,32.6970,130.7850,10,3.4,17.2,0.5,2.0,11
2006/09/24 09:26:00,31.7470,131.6700,31,4.0,8.8,0.4,1.9,11
2006/09/24 07:18:00,43.0170,145.8400,67,4.9,24.8,0.6,2.4,54
2006/09/24 04:29:00,39.7550,141.8480,57,3.5,17.2,0.3,1.7,29
2006/09/24 04:17:00,35.3320,136.8870,10,2.9,15.6,0.2,0.7,12
2006/09/23 11:14:00,24.6020,125.4970,10,4.4,30.6,1.1,2.5,1
2006/09/21 18:45:00,31.9670,130.4720,5,3.0,22.3,0.4,1.9,6
2006/09/20 10:43:00,34.2320,135.4020,9,3.3,78.5,0.8,1.3,13
2006/09/20 07:57:00,34.2750,132.7400,44,3.5,15.0,0.3,1.6,29
2006/09/16 11:22:00,41.2830,136.0770,408,5.8,10.1,0.4,1.9,29
2006/09/15 14:50:00,38.4470,141.2130,11,3.3,12.9,0.2,1.2,8
2006/09/14 23:56:00,42.3220,143.0180,51,3.7,17.5,0.4,1.6,22
2006/09/14 00:51:00,28.5280,128.6150,108,4.6,18.9,0.5,2.3,6
2006/09/13 04:31:00,36.5830,141.1930,48,3.9,16.9,0.4,2.0,71
2006/09/12 10:59:00,34.3430,139.2530,9,2.7,15.1,0.3,1.7,1
2006/09/11 23:04:00,28.0050,130.1200,35,5.0,5.4,0.4,1.7,2
2006/09/10 05:04:00,34.0950,135.1230,8,3.1,44.0,0.4,1.6,3
2006/09/09 19:36:00,38.2820,142.0350,67,4.9,85.2,1.6,3.0,184
2006/09/09 02:40:00,35.2070,140.1950,24,4.0,18.9,0.5,1.5,23
2006/09/08 17:51:00,31.8950,131.0230,11,3.8,54.7,1.2,2.7,29
2006/09/07 10:57:00,35.6570,140.1770,69,4.6,30.8,1.0,2.7,201
2006/09/07 03:06:00,35.5900,141.0570,38,5.1,22.5,1.1,2.4,52
2006/09/05 07:09:00,38.9100,141.6430,72,3.8,52.0,0.6,1.7,40
2006/09/04 13:32:00,34.7520,132.1170,18,3.8,54.5,0.6,1.8,37
2006/09/03 23:38:00,28.7670,129.4100,4,4.5,15.9,0.6,2.0,2
2006/09/01 07:58:00,28.6900,130.2380,55,5.4,35.8,2.8,3.6,4
2006/08/31 17:18:00,35.6320,140.0230,76,4.8,72.0,3.0,3.4,263
2006/08/31 03:38:00,43.7070,145.5580,105,4.9,41.7,1.7,2.7,56
2006/08/29 14:53:00,35.4470,133.9970,9,3.1,11.9,0.2,1.2,7
2006/08/28 16:45:00,36.0830,141.1780,44,4.4,21.7,0.6,2.3,57
2006/08/28 12:38:00,42.8180,145.0130,48,4.3,28.8,0.7,2.3,48
2006/08/28 07:49:00,37.1820,138.8130,8,3.5,54.2,1.5,2.0,17
2006/08/28 02:11:00,24.8850,123.0800,124,5.3,8.1,0.3,1.5,3
2006/08/27 06:04:00,40.7950,141.7980,102,4.1,15.9,0.4,2.0,53
2006/08/26 21:51:00,34.7470,136.9520,14,3.1,35.8,0.6,1.8,16
2006/08/25 21:32:00,35.3370,136.8280,43,3.9,35.7,0.8,1.9,78
2006/08/24 20:33:00,41.0400,142.0450,55,4.3,15.1,0.3,1.8,55
2006/08/23 05:06:00,33.9320,134.2320,7,3.2,138.2,2.5,3.3,8
2006/08/22 16:39:00,31.8250,131.0830,9,2.4,13.0,0.3,1.6,2
2006/08/22 07:20:00,33.6920,135.9550,420,5.5,5.1,0.5,1.9,42
2006/08/18 00:20:00,46.7250,141.8570,48,5.9,29.4,3.1,3.4,62
2006/08/17 12:45:00,38.8430,141.5850,75,4.3,78.2,1.0,2.7,92
2006/08/17 07:48:00,35.1950,137.7070,9,3.2,44.1,0.7,2.2,19
2006/08/16 20:42:00,38.5370,141.7150,53,3.6,44.7,0.6,1.9,16
2006/08/15 15:40:00,37.3080,137.2550,6,2.9,34.5,0.5,2.2,4
2006/08/14 06:00:00,42.1480,144.1480,62,4.3,12.4,0.5,1.8,42
2006/08/13 03:39:00,28.6900,130.1780,56,5.3,11.2,1.0,2.6,1
2006/08/12 20:11:00,36.9920,141.6450,50,4.5,13.8,0.5,2.1,57
2006/08/11 06:20:00,24.5570,123.6520,12,4.1,6.1,0.2,1.0,1
2006/08/07 00:46:00,39.6330,142.1050,48,3.8,37.7,0.9,2.1,27
2006/08/05 02:07:00,37.3120,137.2500,6,3.7,58.8,2.2,3.0,13
2006/08/04 19:50:00,34.3250,139.1750,8,2.2,3.4,0.1,0.4,1
2006/08/02 09:32:00,43.0180,144.6470,106,4.0,22.3,0.5,2.0,35
2006/08/01 22:11:00,36.3730,140.8900,48,4.3,38.7,1.0,2.6,116
2006/08/01 07:13:00,39.6370,142.1030,48,3.7,39.3,0.7,1.9,21
2006/07/31 19:42:00,37.0600,141.1900,49,3.7,19.2,0.3,1.4,21
2006/07/31 17:35:00,40.3830,139.9580,10,3.2,86.8,1.1,1.9,9
2006/07/31 13:50:00,33.0300,131.3620,117,3.6,15.0,0.3,1.7,26
2006/07/30 02:19:00,36.1780,140.1100,52,3.9,76.6,2.0,3.0,90
2006/07/28 16:40:00,24.0420,122.4720,40,6.2,5.3,0.4,1.8,2
2006/07/26 12:16:00,42.6980,144.1870,95,4.1,21.4,0.6,2.2,40
2006/07/25 20:26:00,33.0200,129.9180,12,3.3,15.9,0.4,1.5,10
2006/07/25 01:14:00,43.4730,147.1250,52,4.2,11.4,0.4,2.0,21
2006/07/21 09:17:00,32.8230,130.9280,12,3.4,76.5,1.2,2.7,14
2006/07/20 10:20:00,42.5700,143.5730,95,3.9,37.4,1.1,2.4,48
2006/07/17 17:34:00,37.1730,138.8130,8,3.2,23.3,0.5,1.6,9
2006/07/17 08:25:00,37.3320,141.7500,42,4.3,12.9,0.3,1.8,42
2006/07/17 05:01:00,42.6700,143.4970,86,4.0,46.3,1.3,2.6,50
2006/07/16 16:52:00,35.5270,138.9820,20,3.3,84.2,0.7,1.8,25
2006/07/16 16:39:00,34.9150,137.1250,35,4.0,39.0,0.7,2.0,109
2006/07/13 22:21:00,29.5770,130.1480,26,4.5,2.9,0.2,1.0,2
2006/07/11 15:47:00,40.6330,142.6750,31,4.5,16.5,0.5,2.2,63
2006/07/11 04:51:00,37.6250,138.9270,16,2.7,5.9,0.2,0.9,4
2006/07/11 03:09:00,34.0250,131.1670,16,4.0,57.3,1.3,2.7,71
2006/07/10 04:06:00,34.3600,139.1680,8,2.4,14.3,0.2,1.1,1
2006/07/09 18:16:00,34.3420,139.1500,7,2.4,6.2,0.1,0.5,1
2006/07/09 18:11:00,34.3300,139.1700,6,3.0,15.6,0.5,2.1,1
2006/07/09 17:55:00,34.3330,139.1530,8,2.5,6.6,0.1,0.6,1
2006/07/09 17:52:00,34.3430,139.1620,10,2.5,5.5,0.1,0.9,1
2006/07/09 17:51:00,34.3300,139.1670,2,2.2,2.0,0.0,0.0,1
2006/07/09 17:50:00,34.3270,139.1620,10,2.7,5.1,0.1,1.0,1
2006/07/09 17:48:00,34.3520,139.1550,11,4.8,80.6,2.7,3.4,18
2006/07/09 09:06:00,35.5150,139.9470,24,4.2,21.3,1.0,2.5,48
2006/07/06 19:20:00,43.1430,145.8370,45,3.6,9.3,0.3,1.5,5
2006/07/06 15:17:00,36.1380,140.0320,50,4.0,92.0,1.7,3.2,124
2006/07/06 06:11:00,38.3900,140.7420,11,4.3,95.6,2.1,3.3,85
2006/07/06 02:08:00,40.1500,142.4300,36,5.4,61.4,1.6,3.3,167
2006/07/06 01:09:00,29.2800,129.8850,65,4.4,5.1,0.1,0.9,2
2006/07/05 12:57:00,43.4970,144.0120,0,3.0,36.1,0.8,2.7,7
2006/07/01 14:17:00,37.4320,139.6880,4,2.4,6.4,0.1,0.5,4
2006/07/01 08:28:00,38.4680,142.1550,40,5.3,155.5,2.5,3.3,195
2006/06/28 21:04:00,34.4120,135.8750,9,3.3,30.7,0.6,1.7,11
2006/06/28 11:56:00,36.0550,137.5750,8,2.8,29.2,0.7,2.4,7
2006/06/28 11:11:00,32.8700,130.6230,12,3.1,8.2,0.2,0.9,10
2006/06/28 09:40:00,35.8930,139.9220,112,4.1,28.6,0.8,2.5,143
2006/06/27 23:21:00,35.6450,140.0600,69,4.1,11.0,0.4,1.8,48
2006/06/27 04:05:00,24.3430,123.4650,53,4.6,12.9,0.6,2.0,2
2006/06/26 02:49:00,38.4200,141.1770,12,2.8,6.6,0.1,0.0,3
2006/06/25 21:33:00,43.9850,146.8030,79,4.8,10.7,0.6,2.2,26
2006/06/25 04:52:00,36.1120,139.7100,114,3.8,17.8,0.5,2.1,80
2006/06/24 23:10:00,35.7920,137.4550,9,3.9,390.6,5.1,3.4,106
2006/06/24 22:18:00,33.3420,135.7430,28,4.0,24.4,0.5,1.8,23
2006/06/23 19:17:00,30.5970,131.1150,31,4.1,17.1,0.4,2.2,7
2006/06/22 19:53:00,44.8020,149.5050,111,5.8,14.3,0.7,2.3,92
2006/06/20 06:47:00,35.8070,140.1130,66,4.6,26.2,1.3,2.7,225
2006/06/18 05:30:00,40.3500,142.0800,50,3.7,30.0,0.5,1.8,16
2006/06/17 14:49:00,36.9430,138.1800,21,3.5,24.6,0.7,2.2,18
2006/06/17 13:51:00,40.1420,142.4630,35,4.6,44.9,1.1,2.9,88
2006/06/17 05:19:00,40.3720,143.7700,22,5.6,7.3,0.7,2.2,61
2006/06/17 03:29:00,46.2280,144.7320,387,5.5,16.7,1.0,2.7,91
2006/06/16 23:21:00,34.7250,140.6530,54,4.6,20.9,0.9,2.4,18
2006/06/15 01:58:00,36.4420,140.6120,55,3.8,30.3,0.7,2.1,50
2006/06/14 18:30:00,42.7480,142.9880,87,3.8,20.6,0.9,2.5,27
2006/06/14 07:11:00,36.0430,139.9150,45,3.6,29.0,0.3,1.6,38
2006/06/13 20:03:00,37.4200,141.1070,28,3.9,21.5,0.4,1.7,40
2006/06/13 11:40:00,42.7020,143.4200,86,4.7,114.9,2.8,3.6,139
2006/06/12 08:04:00,41.4980,142.0350,72,4.4,31.6,1.0,2.6,137
2006/06/12 05:01:00,33.1330,131.4070,146,6.2,206.5,8.4,4.5,492
2006/06/11 05:22:00,39.0470,140.5700,6,3.1,22.1,0.3,1.2,8
2006/06/10 01:05:00,34.7570,138.5570,24,3.1,12.7,0.3,1.5,7
2006/06/10 00:40:00,40.7180,140.4800,15,3.3,30.7,0.8,2.2,15
2006/06/09 18:26:00,36.4230,140.6550,53,3.6,18.5,0.4,1.5,24
2006/06/09 06:07:00,35.3920,140.6680,48,4.2,13.6,0.8,2.5,22
2006/06/06 23:28:00,33.5550,132.2680,49,3.6,18.6,0.4,1.7,48
2006/06/06 08:17:00,42.4280,147.3750,60,4.9,22.7,0.6,2.4,34
2006/06/05 19:30:00,36.5830,138.1920,5,2.8,25.5,0.5,1.6,7
2006/06/04 13:31:00,34.1430,135.2780,3,2.6,3.8,0.1,0.0,1
2006/06/04 00:25:00,35.0780,139.1250,8,2.7,9.0,0.1,0.4,2
2006/06/03 00:51:00,35.3870,135.7130,7,2.9,19.4,0.3,1.3,7
2006/06/03 00:48:00,35.3870,135.7170,7,4.1,51.5,0.9,2.4,38
2006/06/02 11:31:00,34.9120,139.2200,145,4.3,11.7,0.4,1.7,49
2006/06/01 18:43:00,35.2820,133.3280,15,3.1,24.3,0.4,1.5,19
2006/05/30 16:38:00,40.3770,141.3620,93,3.5,12.8,0.2,1.3,18
2006/05/28 20:36:00,33.3420,131.7970,80,4.3,30.8,0.8,2.4,164
2006/05/28 00:37:00,34.3080,139.1530,6,2.6,4.6,0.1,0.6,1
2006/05/22 20:32:00,34.2130,135.3130,7,3.6,24.3,0.3,1.3,16
2006/05/21 16:22:00,38.7200,142.2670,39,4.6,19.5,0.4,1.8,47
2006/05/20 13:58:00,35.2020,140.1120,74,4.7,117.8,6.9,4.1,106
2006/05/20 07:21:00,34.1900,135.1250,6,3.9,61.4,1.0,2.6,25
2006/05/20 01:42:00,33.3100,131.3630,8,3.7,19.4,0.7,2.3,20
2006/05/18 02:21:00,33.7430,132.4880,46,3.5,16.2,0.3,1.4,36
2006/05/15 22:28:00,32.7180,130.7080,14,3.4,13.5,0.3,1.5,11
2006/05/15 18:01:00,32.7150,130.0300,16,2.7,12.4,0.1,0.8,2
2006/05/15 01:42:00,34.2230,135.2200,3,4.5,260.6,3.7,3.5,109
2006/05/14 19:46:00,38.9880,140.6150,1,4.4,16.6,0.3,1.5,11
2006/05/12 05:15:00,42.3700,143.9220,58,3.8,24.9,0.8,2.5,18
2006/05/12 01:09:00,42.9270,145.8270,56,5.0,91.4,2.0,3.2,66
2006/05/11 13:14:00,36.4550,140.5950,56,4.0,34.4,0.9,2.5,73
2006/05/10 10:23:00,36.0720,139.8820,47,4.2,30.8,0.6,2.1,82
2006/05/08 12:45:00,34.0200,133.5280,13,4.2,51.1,1.2,2.0,105
2006/05/06 20:45:00,38.4420,142.2220,38,4.5,10.7,0.3,1.5,53
2006/05/05 07:58:00,42.8130,143.3680,113,3.9,12.4,0.3,1.6,28
2006/05/04 10:17:00,37.1320,137.4400,16,3.9,19.5,0.4,1.9,25
2006/05/03 22:07:00,42.8350,145.0700,48,4.8,44.3,1.5,2.8,86
2006/05/02 18:26:00,34.9170,139.3320,17,4.3,54.7,1.7,2.9,51
2006/05/02 18:24:00,34.9170,139.3300,15,5.1,469.8,23.3,4.9,207
2006/05/02 03:40:00,37.2570,138.9270,10,3.4,37.6,0.7,2.0,11
2006/05/01 16:00:00,36.1350,139.7300,59,4.4,46.4,0.8,2.3,170
2006/04/30 13:10:00,35.0730,139.1070,6,4.5,66.9,2.2,3.2,57
2006/04/29 00:37:00,42.9880,145.4170,47,4.3,27.9,0.6,2.1,29
2006/04/28 13:05:00,33.7650,130.1080,13,3.8,32.2,0.6,2.0,33
2006/04/26 23:10:00,42.0320,142.5930,61,4.6,26.7,0.9,2.5,120
2006/04/26 14:55:00,41.9370,142.3200,70,4.5,18.9,0.7,2.4,70
2006/04/25 12:16:00,35.2780,138.4880,17,3.2,19.7,0.4,1.7,17
2006/04/25 08:18:00,37.3670,138.8670,12,3.6,27.0,1.1,2.9,18
2006/04/24 21:19:00,33.3470,132.3570,43,3.7,21.8,0.5,2.0,23
2006/04/24 13:28:00,38.2880,139.8250,154,4.8,15.6,0.4,1.9,98
2006/04/23 23:50:00,35.3520,140.0480,69,3.8,6.8,0.2,1.4,40
2006/04/23 03:09:00,35.8680,140.2500,55,4.1,8.6,0.2,1.4,49
2006/04/22 23:36:00,38.7020,141.8200,66,4.6,315.7,5.6,3.6,147
2006/04/22 09:05:00,34.8970,139.2000,4,3.4,23.3,0.4,1.9,16
2006/04/22 06:03:00,34.9430,139.1950,9,4.2,94.8,4.0,3.7,40
2006/04/22 02:25:00,33.2180,132.2720,40,4.0,34.9,0.9,2.6,57
2006/04/22 01:44:00,34.8880,139.2020,1,4.8,30.5,1.5,2.9,27
2006/04/22 01:21:00,35.3900,136.7270,8,3.0,38.9,0.6,1.8,9
2006/04/21 23:17:00,34.9400,139.2000,9,4.5,167.6,8.3,4.3,74
2006/04/21 22:43:00,34.9430,139.1850,9,3.6,47.8,0.8,2.4,24
2006/04/21 21:35:00,34.8880,139.2000,7,3.1,17.5,0.4,1.8,10
2006/04/21 07:08:00,34.9470,139.1920,6,4.0,84.3,3.5,3.6,31
2006/04/21 03:20:00,34.9480,139.1950,8,4.5,154.8,7.1,4.1,74
2006/04/21 03:06:00,34.9470,139.1870,8,3.8,44.7,2.1,3.1,27
2006/04/21 02:50:00,34.9400,139.1950,7,5.8,333.7,24.1,5.0,251
2006/04/20 18:49:00,34.9530,139.1680,8,3.4,33.9,1.1,2.7,17
2006/04/20 12:40:00,36.2300,139.7800,58,4.3,88.2,2.2,3.3,173
2006/04/19 06:22:00,37.1270,138.4330,20,3.8,63.6,1.9,3.0,27
2006/04/18 19:38:00,42.2170,144.4050,32,4.8,26.4,0.9,2.5,69
2006/04/17 12:04:00,41.5700,142.0450,67,4.0,6.9,0.3,1.6,17
2006/04/17 10:31:00,40.1530,141.1750,9,3.0,14.7,0.3,1.9,10
2006/04/17 00:01:00,36.2620,137.0420,2,2.5,78.1,1.7,2.5,3
2006/04/16 20:48:00,30.2430,139.0250,454,5.7,15.0,1.0,2.5,75
2006/04/15 19:03:00,36.5230,138.9200,10,2.7,11.1,0.2,1.3,6
2006/04/15 17:47:00,43.2950,145.4130,75,4.0,22.6,0.6,2.1,23
2006/04/15 08:58:00,32.3880,130.6630,10,3.4,21.4,0.3,1.2,14
2006/04/15 03:16:00,36.6500,138.2950,0,3.0,16.1,0.3,1.5,9
2006/04/14 16:33:00,35.8650,140.4870,35,3.9,48.0,0.9,2.3,51
2006/04/14 07:25:00,34.8020,132.1150,12,3.4,40.5,0.6,1.8,17
2006/04/14 02:05:00,32.1020,129.8880,12,3.6,16.3,0.4,1.9,7
2006/04/13 13:27:00,41.7550,142.8930,43,5.3,56.6,3.5,3.4,145
2006/04/11 17:46:00,34.6780,140.5980,66,5.0,79.1,3.6,3.8,96
2006/04/10 20:26:00,43.6150,144.9070,120,5.1,39.5,2.4,3.0,78
2006/04/10 11:41:00,34.3530,139.1500,4,2.8,8.1,0.1,1.0,1
2006/04/10 11:05:00,34.3480,139.1530,5,2.6,7.3,0.1,0.9,1
2006/04/10 09:21:00,37.5000,141.2780,80,4.7,48.6,1.5,3.0,156
2006/04/10 08:32:00,42.1500,143.3530,40,3.6,13.4,0.3,1.7,4
2006/04/09 09:37:00,41.5980,142.8380,51,4.6,30.9,1.4,2.8,83
2006/04/09 06:22:00,42.9920,145.4100,47,3.6,12.4,0.2,1.5,13
2006/04/09 05:38:00,34.2870,139.1100,11,3.6,5.3,0.2,1.1,2
2006/04/08 14:53:00,36.6530,140.9720,49,4.0,51.7,0.7,2.4,52
2006/04/07 20:48:00,36.0550,139.0720,12,3.2,88.9,1.4,2.9,19
2006/04/06 22:30:00,35.8220,140.2270,62,4.2,11.2,0.3,1.7,38
2006/04/06 15:40:00,36.3020,140.6770,83,4.1,23.1,0.4,2.1,58
2006/04/05 18:52:00,35.9250,136.6000,11,3.0,29.9,0.5,1.7,10
2006/04/05 14:58:00,34.3320,133.1270,18,3.3,25.9,0.5,1.4,13
2006/04/05 04:30:00,24.5950,122.8030,93,5.2,7.4,0.5,1.7,2
2006/04/04 04:53:00,36.5180,138.9250,9,3.0,23.2,0.4,1.8,7
2006/04/04 04:52:00,36.5200,138.9230,9,2.7,22.4,0.4,1.7,5
2006/04/03 20:47:00,33.8370,134.5980,13,3.3,32.4,0.5,1.7,8
2006/04/02 20:46:00,36.2300,139.7780,59,4.3,84.5,2.9,3.6,152
2006/04/02 18:30:00,33.8000,133.6280,6,3.1,16.0,0.3,1.4,4
2006/04/02 16:23:00,38.5320,141.8150,50,4.4,58.1,0.8,2.4,72
2006/03/30 22:44:00,37.3000,138.9320,13,3.1,7.5,0.2,0.8,8
2006/03/30 17:21:00,37.2150,138.5730,11,3.7,3.3,0.1,0.9,9
2006/03/29 19:28:00,37.2020,141.5470,76,4.8,46.6,1.6,3.2,152
2006/03/28 22:33:00,31.8350,138.1500,439,6.0,18.1,1.0,2.6,181
2006/03/28 17:56:00,34.2950,139.1480,9,2.7,3.7,0.1,0.5,1
2006/03/27 23:10:00,40.0650,142.1000,38,3.7,17.8,0.2,1.4,19
2006/03/27 11:50:00,32.6020,132.1570,35,5.5,218.3,16.5,5.1,210
2006/03/26 10:47:00,34.8500,134.7750,12,3.7,71.4,1.1,2.1,30
2006/03/26 09:44:00,37.0170,136.8900,13,3.9,104.2,1.6,2.3,24
2006/03/26 01:51:00,36.4520,140.6030,56,3.9,35.1,0.6,2.3,46
2006/03/25 23:08:00,34.4120,135.8770,9,3.0,20.6,0.2,0.8,7
2006/03/25 07:16:00,42.3230,142.9820,51,4.8,21.1,0.9,2.4,83
2006/03/24 07:59:00,38.8200,141.5920,74,4.0,30.6,0.4,1.7,56
2006/03/23 07:12:00,37.0250,138.3650,5,2.6,55.8,0.8,2.0,6
2006/03/22 20:16:00,37.8580,142.4250,36,4.5,6.8,0.2,1.3,38
2006/03/22 02:28:00,32.8680,130.6230,12,2.9,9.9,0.2,1.1,5
2006/03/22 01:49:00,32.8680,130.6230,12,3.4,12.9,0.4,1.5,14
2006/03/21 20:22:00,36.7000,139.3230,8,2.6,10.0,0.1,0.5,3
2006/03/21 18:54:00,28.0530,129.0230,14,4.2,14.2,0.4,2.0,4
2006/03/21 06:41:00,33.4230,132.3370,45,3.2,16.9,0.3,1.6,11
2006/03/19 22:47:00,38.8200,141.6300,69,3.9,26.3,0.5,2.0,44
2006/03/19 16:27:00,38.7480,141.6470,65,4.1,68.9,0.9,2.3,69
2006/03/16 15:36:00,42.3200,142.4200,9,2.3,11.6,0.2,1.2,2
2006/03/16 06:24:00,35.2820,137.0520,43,4.0,51.5,1.0,2.2,120
2006/03/13 13:15:00,36.0670,141.6700,56,5.1,7.3,0.4,1.8,73
2006/03/13 13:06:00,36.0550,141.7650,59,5.1,7.9,0.3,1.7,44
2006/03/13 12:41:00,36.2350,140.0980,56,4.1,65.0,1.3,3.0,103
2006/03/12 07:06:00,40.1150,142.4530,35,5.0,44.8,1.2,3.0,128
2006/03/12 05:11:00,34.2070,135.2050,4,2.7,126.2,1.2,2.4,4
2006/03/12 03:51:00,38.1830,141.6880,50,4.1,27.1,0.4,1.5,35
2006/03/11 07:24:00,24.3550,122.9980,48,4.5,4.7,0.1,0.6,1
2006/03/10 20:07:00,24.3600,122.9830,48,4.8,6.5,0.2,1.1,2
2006/03/10 17:55:00,36.7270,141.1780,75,4.5,49.7,1.6,3.1,129
2006/03/10 17:28:00,26.1200,127.8780,46,4.1,24.8,0.7,2.0,4
2006/03/10 01:19:00,37.2600,139.9180,7,2.7,18.3,0.3,1.6,4
2006/03/07 12:46:00,37.3370,138.9970,8,3.8,59.9,1.2,2.4,23
2006/03/06 16:51:00,34.2080,135.2070,4,2.6,116.5,1.1,2.2,4
2006/03/05 03:38:00,33.7720,137.6050,353,5.3,10.5,0.5,1.9,83
2006/03/02 23:28:00,34.2120,135.2080,4,4.1,241.8,3.8,3.2,27
2006/03/02 22:25:00,32.9850,136.8550,39,3.9,7.1,0.1,0.7,15
2006/03/02 03:40:00,28.0600,129.0100,15,4.9,49.4,1.3,3.0,6
2006/02/28 06:48:00,34.9970,139.0670,3,2.7,19.0,0.7,2.2,6
2006/02/27 18:10:00,26.6800,127.7480,53,4.1,10.8,0.7,1.9,4
2006/02/27 13:47:00,33.4880,132.5770,41,3.6,13.1,0.3,1.5,33
2006/02/26 18:11:00,40.4780,142.3970,80,4.0,22.8,0.6,2.2,76
2006/02/25 10:22:00,35.0170,139.0950,6,2.8,13.3,0.3,0.9,7
2006/02/25 10:03:00,29.5700,130.1700,23,4.2,3.7,0.1,0.5,1
2006/02/24 17:51:00,41.5500,140.7030,16,3.6,11.6,0.4,2.0,17
2006/02/22 13:37:00,35.6050,140.1000,71,4.1,13.9,0.4,2.0,93
2006/02/20 02:11:00,32.0730,129.8750,12,4.1,24.0,1.4,2.6,18
2006/02/18 16:21:00,35.6880,136.4180,13,4.1,431.6,5.1,3.7,104
2006/02/17 09:06:00,34.1770,135.1700,5,3.1,27.4,0.4,1.4,4
2006/02/16 23:10:00,35.6880,136.4220,14,4.4,229.0,3.7,3.6,161
2006/02/16 03:46:00,33.3580,132.2270,44,3.9,16.9,0.4,1.7,45
2006/02/14 22:46:00,36.1820,140.0530,52,3.6,23.0,0.5,1.8,32
2006/02/14 02:00:00,42.3630,143.1180,50,4.2,41.9,0.6,2.1,52
2006/02/13 17:23:00,38.4170,139.9300,9,4.8,311.0,13.2,4.5,110
2006/02/11 13:01:00,31.4520,132.2670,49,4.3,8.4,0.4,1.7,18
2006/02/09 22:05:00,37.7970,142.1680,35,4.6,9.4,0.3,1.6,74
2006/02/07 22:39:00,36.9870,138.5820,11,2.4,3.8,0.1,0.0,3
2006/02/07 18:16:00,32.0770,129.8780,12,3.9,23.8,0.8,2.2,19
2006/02/06 20:26:00,36.0180,140.3880,55,4.2,11.8,0.4,1.9,59
2006/02/06 12:39:00,42.0450,142.4800,68,4.0,7.8,0.2,1.4,29
2006/02/06 09:47:00,38.9980,142.0630,19,3.9,23.6,0.4,1.7,46
2006/02/06 08:39:00,38.8720,141.0380,9,2.9,8.6,0.1,1.0,6
2006/02/05 07:43:00,36.5200,138.0830,0,3.0,20.6,0.4,1.9,11
2006/02/04 00:12:00,32.0830,129.8780,12,5.1,123.6,8.8,4.2,102
2006/02/03 15:10:00,36.2280,141.6120,63,5.3,13.9,0.6,2.1,115
2006/02/03 14:41:00,36.2200,141.5800,63,5.0,18.8,0.7,2.4,116
2006/02/03 14:38:00,36.2120,141.6020,60,4.9,15.7,0.6,2.3,99
2006/02/03 13:39:00,36.2470,141.4770,53,4.9,21.0,0.6,2.4,106
2006/02/03 13:37:00,36.2130,141.6100,62,5.9,26.8,2.0,2.9,305
2006/02/03 13:03:00,37.8720,141.8800,42,4.5,37.8,0.6,2.4,96
2006/02/01 20:36:00,35.7600,140.0030,101,5.1,86.6,3.7,3.5,342
2006/02/01 15:29:00,34.4550,134.8000,8,2.9,57.7,0.5,1.8,5
2006/02/01 12:15:00,33.5080,132.3000,46,4.3,42.9,1.4,2.9,114
2006/02/01 04:23:00,38.3950,142.3080,36,4.5,29.7,0.4,2.1,73
2006/01/31 00:19:00,33.7650,130.1150,14,3.8,26.8,0.7,1.9,39
2006/01/30 03:18:00,28.3230,129.3820,32,3.3,10.1,0.2,0.8,2
2006/01/30 02:15:00,24.6670,123.9320,71,4.2,16.8,0.4,1.9,3
2006/01/26 03:00:00,38.8330,141.6330,68,3.8,52.1,0.7,1.9,42
2006/01/22 01:01:00,35.9950,140.2270,42,3.5,17.1,0.5,1.7,40
2006/01/21 23:30:00,36.4200,140.7980,46,3.9,31.0,0.6,2.1,52
2006/01/19 12:33:00,34.2230,139.1550,11,2.8,3.1,0.1,0.4,1
2006/01/19 06:53:00,43.0330,144.7770,84,4.2,42.4,1.3,2.7,42
2006/01/18 23:25:00,37.7980,142.2000,36,5.7,60.7,2.7,3.2,249
2006/01/16 07:53:00,36.5430,140.9100,49,4.0,27.9,0.7,2.3,69
2006/01/15 19:54:00,35.4570,136.2500,35,3.7,21.7,0.3,1.3,57
2006/01/14 15:30:00,36.1870,140.0270,52,4.3,148.3,4.3,3.4,136
2006/01/13 20:52:00,34.0130,135.1620,6,3.1,19.7,0.2,0.6,6
2006/01/11 00:07:00,43.3980,145.2150,118,4.4,28.6,1.2,2.5,39
2006/01/10 10:21:00,42.8670,143.7070,85,4.2,59.2,1.0,2.4,68
2006/01/09 14:48:00,34.9750,137.4150,41,3.9,14.6,0.3,1.4,41
2006/01/04 00:42:00,31.7280,132.0930,44,4.1,8.5,0.3,1.5,18
2006/01/03 21:26:00,41.3180,142.6550,35,4.7,23.7,0.9,2.6,79
2006/01/03 19:54:00,24.6730,125.1480,33,4.5,14.2,0.5,1.6,2
2006/01/03 18:12:00,38.9030,141.0430,8,3.0,12.3,0.3,1.6,6
2006/01/02 23:38:00,33.9180,135.2230,7,2.9,40.1,0.6,1.2,1
2006/01/02 08:36:00,32.4900,130.5930,12,3.4,11.1,0.2,0.9,23
2006/01/01 22:56:00,35.9120,136.7550,10,4.1,119.7,2.0,3.0,51
2006/01/01 16:33:00,34.8400,132.5520,10,3.0,135.5,1.5,1.7,9
2005/12/31 23:32:00,35.9270,140.1350,61,4.1,11.6,0.4,1.9,48
2005/12/31 22:26:00,33.1250,131.3980,123,4.5,24.1,0.9,2.6,129
2005/12/30 15:18:00,35.3050,133.3120,9,2.7,11.0,0.2,1.4,3
2005/12/29 20:23:00,39.7580,141.8330,58,4.0,38.1,0.7,2.3,48
2005/12/29 00:41:00,43.0930,145.5500,48,4.5,85.7,2.4,3.3,33
2005/12/28 23:03:00,35.6680,140.2030,67,4.4,30.1,1.1,2.6,101
2005/12/28 18:46:00,36.1820,140.0270,53,4.8,427.6,11.8,4.6,225
2005/12/28 14:52:00,35.1820,136.7100,13,3.8,29.2,0.6,2.0,75
2005/12/28 11:18:00,34.6070,136.1650,51,3.7,98.7,1.5,2.4,49
2005/12/25 23:08:00,38.1730,138.8500,23,4.2,9.4,0.3,1.4,30
2005/12/25 20:06:00,35.8100,141.1530,34,4.3,5.3,0.3,1.1,13
2005/12/24 21:20:00,38.0750,138.6050,16,4.4,32.1,1.0,2.3,34
2005/12/24 11:02:00,35.2300,136.8400,43,4.8,189.2,5.6,3.8,216
2005/12/24 00:50:00,43.2300,145.7270,94,3.9,15.8,0.4,2.0,29
2005/12/22 05:46:00,43.0700,143.8550,114,4.3,38.9,1.0,2.5,61
2005/12/21 21:41:00,33.7700,135.8170,25,3.3,40.6,0.5,1.7,14
2005/12/20 18:59:00,37.2120,138.5950,13,3.0,6.2,0.2,1.3,8
2005/12/20 05:30:00,30.3880,130.9830,11,3.6,26.7,0.4,1.9,3
2005/12/19 20:59:00,35.1250,132.7170,10,3.5,50.6,1.1,2.4,19
2005/12/19 04:07:00,35.1800,133.1130,5,2.8,63.3,0.7,1.5,5
2005/12/17 23:27:00,33.9020,131.2380,16,3.7,29.1,0.4,2.0,30
2005/12/17 23:08:00,38.8750,141.5820,75,3.8,24.1,0.2,1.7,41
2005/12/17 03:32:00,38.4480,142.1800,40,6.1,302.1,5.4,4.1,393
2005/12/15 16:41:00,29.4180,129.9870,53,4.8,9.5,0.2,1.4,4
2005/12/13 06:01:00,43.2080,139.4130,29,5.5,116.9,2.3,3.4,66
2005/12/11 13:33:00,36.8270,138.7370,5,3.6,30.1,0.6,2.0,21
2005/12/10 18:32:00,32.0330,132.0470,20,4.5,14.7,0.4,1.9,36
2005/12/09 10:16:00,34.2100,135.2680,5,2.9,11.0,0.1,0.3,3
2005/12/09 02:15:00,33.6780,130.3120,15,3.6,19.0,0.3,1.2,20
2005/12/08 13:05:00,38.7730,141.8780,68,4.5,50.6,0.7,2.4,109
2005/12/07 04:42:00,32.5180,129.0550,2,4.2,11.4,0.5,1.5,4
2005/12/05 07:20:00,37.8670,142.6550,25,5.5,20.1,1.2,2.7,193
2005/12/05 03:03:00,40.1670,142.6350,30,5.0,23.4,0.8,2.5,105
2005/12/04 19:23:00,29.2830,130.5450,63,5.0,2.6,0.2,1.2,1
2005/12/04 01:49:00,29.2730,130.5120,67,5.3,8.2,0.6,2.2,1
2005/12/04 01:24:00,29.2330,130.4720,72,5.2,7.1,0.6,2.2,2
2005/12/04 01:10:00,29.2130,130.4380,69,6.1,18.0,1.6,3.0,27
2005/12/03 21:01:00,36.6520,138.3000,1,2.8,8.0,0.1,1.2,6
2005/12/02 23:35:00,33.6580,140.4730,54,4.4,5.4,0.1,0.8,1
2005/12/02 22:13:00,38.0720,142.3530,40,6.6,56.0,2.6,3.2,417
2005/12/02 21:54:00,36.1330,139.8500,50,4.2,74.4,1.4,2.9,125
2005/11/26 15:44:00,41.8970,139.2070,18,4.2,20.2,0.5,2.2,18
2005/11/26 05:37:00,40.1630,141.6750,108,3.7,10.0,0.1,1.0,16
2005/11/26 02:12:00,36.2230,140.9020,47,4.1,22.3,0.4,1.9,25
2005/11/25 15:50:00,39.1120,141.7450,72,3.9,22.7,0.3,1.5,46
2005/11/24 20:14:00,34.0270,135.2550,5,3.7,20.6,0.3,1.6,23
2005/11/24 01:52:00,38.3420,141.6530,53,3.4,22.4,0.3,1.5,11
2005/11/23 22:24:00,33.8550,135.1270,28,4.0,79.4,1.5,2.5,53
2005/11/23 16:45:00,38.3520,140.0620,10,4.0,64.5,2.6,3.3,39
2005/11/23 06:54:00,38.3480,140.0580,10,3.7,28.6,1.1,2.5,30
2005/11/23 00:47:00,35.5330,139.0370,23,3.4,70.1,0.9,2.4,30
2005/11/22 00:36:00,30.9470,130.3370,146,6.0,110.4,2.6,3.5,260
2005/11/21 19:32:00,36.0530,139.9420,45,3.3,10.1,0.2,1.1,23
2005/11/18 18:30:00,43.2480,145.3620,104,3.8,17.0,0.4,1.9,26
2005/11/17 10:53:00,36.3020,141.0650,48,4.7,21.8,0.6,2.3,78
2005/11/16 06:17:00,36.3080,141.0650,48,4.8,35.7,0.8,2.7,104
2005/11/15 06:39:00,38.0300,144.8880,83,7.1,84.4,2.8,3.6,659
2005/11/13 09:25:00,39.6130,142.0130,56,4.3,105.1,1.5,2.9,91
2005/11/12 06:02:00,36.4830,140.8550,57,4.6,121.6,2.6,3.4,127
2005/11/12 05:41:00,33.7370,130.1820,15,3.7,7.0,0.1,0.9,10
2005/11/11 16:40:00,35.3080,135.7750,6,3.4,57.4,0.8,2.2,21
2005/11/09 16:20:00,28.0280,129.0380,10,4.0,7.6,0.2,1.2,2
2005/11/08 14:08:00,42.5980,144.4050,62,4.4,42.6,1.2,2.6,62
2005/11/08 02:45:00,37.1730,138.7030,14,3.1,34.6,0.7,2.1,9
2005/11/07 19:35:00,40.0980,142.8200,24,4.9,11.5,0.6,2.2,67
2005/11/04 01:02:00,37.4370,138.4770,28,4.8,72.0,2.4,3.2,128
2005/11/03 05:06:00,37.3970,139.7470,4,3.5,27.4,0.5,2.3,13
2005/11/02 10:37:00,39.4020,141.1780,94,4.1,25.4,0.5,2.0,77
2005/11/01 13:57:00,33.8270,135.0880,44,3.5,5.8,0.1,0.7,18
2005/11/01 12:47:00,33.8230,135.0830,45,4.3,61.5,2.5,3.1,100
2005/11/01 11:01:00,39.0670,140.8130,9,4.6,340.8,8.0,4.2,77
2005/11/01 06:52:00,39.8630,141.7420,70,4.1,47.6,1.3,3.1,69
2005/10/31 02:32:00,36.1300,139.8350,51,4.2,57.0,1.0,2.7,108
2005/10/29 08:39:00,43.0600,145.6620,48,4.7,68.7,1.7,3.0,51
2005/10/29 04:26:00,37.2800,138.8880,10,3.0,14.8,0.7,2.3,11
2005/10/28 20:00:00,36.3100,140.0180,73,3.7,14.6,0.3,1.7,45
2005/10/24 21:40:00,37.3330,138.8880,13,3.1,17.2,0.5,2.3,5
2005/10/24 18:35:00,38.4950,142.1220,39,4.8,52.2,0.8,2.4,98
2005/10/23 19:08:00,37.3520,134.7550,411,6.1,19.2,0.7,2.2,130
2005/10/22 22:12:00,37.0780,141.1200,52,5.6,156.7,8.0,4.0,275
2005/10/21 15:27:00,39.9930,142.0770,40,3.9,22.2,0.3,1.7,31
2005/10/21 00:36:00,36.0570,137.5720,8,2.6,20.0,0.4,1.9,6
2005/10/20 10:24:00,41.9850,139.8480,13,3.8,40.7,0.9,2.4,11
2005/10/19 20:44:00,36.3820,141.0420,48,6.3,279.3,15.0,4.9,438
2005/10/18 03:48:00,37.9330,141.9100,43,4.8,22.7,0.6,2.1,108
2005/10/18 01:15:00,40.7800,139.1180,14,5.3,9.0,0.3,1.7,15
2005/10/18 01:13:00,40.7480,139.1550,12,5.4,29.4,1.1,2.8,85
2005/10/16 16:05:00,36.0380,139.9370,47,5.1,224.3,8.2,4.1,250
2005/10/16 00:51:00,25.3520,123.4030,175,6.5,38.5,2.0,3.2,10
2005/10/15 06:32:00,33.0100,130.8730,11,2.9,27.2,0.3,1.5,6
2005/10/13 14:28:00,35.9300,137.6630,10,2.8,33.5,0.5,1.5,6
2005/10/12 13:30:00,37.9120,141.8680,43,4.7,23.9,0.5,2.0,75
2005/10/10 12:01:00,38.3880,141.1550,12,3.0,4.4,0.1,0.6,7
2005/10/09 18:14:00,38.7820,141.6270,70,4.2,115.0,1.1,2.5,94
2005/10/09 03:29:00,36.9450,138.5100,4,3.0,19.8,0.2,1.4,5
2005/10/07 16:36:00,40.3220,139.1600,34,4.4,7.0,0.3,1.5,20
2005/10/06 21:12:00,34.9150,136.2770,11,3.1,82.9,0.9,1.6,10
2005/10/06 12:40:00,37.1680,138.7020,13,3.4,38.3,1.0,2.3,14
2005/10/03 16:26:00,41.9850,142.5200,65,4.2,17.4,0.5,2.2,32
2005/10/03 13:59:00,36.1520,136.7620,1,4.5,25.9,0.6,2.0,12
2005/10/02 00:29:00,33.5020,130.7750,10,2.8,29.7,0.5,1.3,4
2005/10/01 22:00:00,26.0380,127.2920,44,4.3,12.2,0.4,1.7,3
2005/10/01 14:06:00,35.4370,140.4780,64,4.0,23.5,0.7,2.3,31
2005/10/01 12:00:00,35.6270,140.1380,70,3.9,8.0,0.3,1.6,28
2005/09/29 06:51:00,40.1550,141.1750,10,3.4,22.6,0.5,2.1,16
2005/09/28 23:44:00,35.0630,139.6420,43,3.4,9.8,0.4,1.8,14
2005/09/28 20:20:00,39.2550,140.3600,150,4.8,18.7,0.6,2.0,97
2005/09/27 15:54:00,34.0830,135.1480,6,2.8,46.0,0.5,1.1,3
2005/09/27 06:13:00,40.1530,141.1750,10,2.9,15.5,0.3,1.9,7
2005/09/21 11:25:00,43.7080,146.3970,103,6.0,177.9,6.2,4.1,205
2005/09/20 20:39:00,35.5980,140.1270,72,4.3,30.1,1.4,2.6,63
2005/09/15 08:05:00,26.1030,127.7320,45,4.2,11.2,0.3,1.5,4
2005/09/14 11:54:00,35.8830,137.2630,9,3.0,31.4,0.4,1.6,18
2005/09/13 23:23:00,34.9430,132.8320,5,2.9,23.9,0.2,1.2,7
2005/09/13 17:01:00,33.6970,130.2700,15,3.5,11.0,0.2,1.1,11
2005/09/12 22:35:00,36.2030,139.0120,126,3.7,4.5,0.1,0.5,8
2005/09/12 21:45:00,37.2380,138.5830,14,3.1,11.2,0.2,1.1,6
2005/09/12 20:18:00,33.7770,130.1050,12,4.1,45.0,1.1,2.7,48
2005/09/12 18:35:00,33.3430,135.7420,25,4.2,17.4,0.3,1.5,27
2005/09/12 04:28:00,38.1620,142.1880,42,4.7,15.8,0.3,1.7,75
2005/09/11 18:47:00,39.8620,141.4730,76,3.6,7.9,0.2,1.3,33
2005/09/11 05:06:00,37.0630,141.1730,50,4.5,39.1,1.2,2.6,99
2005/09/10 19:25:00,39.0680,140.5800,8,3.0,72.3,1.1,2.0,7
2005/09/09 16:15:00,35.5900,140.9470,38,5.0,28.2,1.4,2.6,30
2005/09/09 15:42:00,37.1650,138.8650,8,3.7,81.1,1.3,2.4,21
2005/09/07 13:23:00,36.0900,139.8950,49,4.1,30.7,0.7,2.3,83
2005/09/06 19:19:00,26.2430,127.7920,5,3.0,4.0,0.1,-0.2,1
2005/09/06 18:13:00,38.2830,141.9180,45,4.1,26.5,0.4,1.7,48
2005/09/06 09:21:00,34.3630,139.1670,8,3.4,52.1,1.4,2.7,2
2005/09/04 19:06:00,33.5030,132.0950,54,4.3,24.1,0.7,2.4,123
2005/09/04 13:05:00,36.7980,138.7730,5,3.3,83.1,1.5,2.0,12
2005/09/04 13:01:00,36.7980,138.7720,5,2.9,40.2,0.6,1.3,5
2005/09/04 05:38:00,36.4030,138.0470,5,3.3,18.9,0.5,1.4,19
2005/09/03 01:24:00,41.4800,141.9750,64,4.9,28.5,0.7,2.4,132
2005/08/31 03:11:00,38.4100,143.4800,22,6.3,15.1,1.4,2.8,176
2005/08/30 01:15:00,43.1050,144.5880,77,4.5,47.9,0.9,2.6,47
2005/08/29 16:41:00,38.8230,141.5800,75,3.9,45.2,0.7,2.0,45
2005/08/27 15:46:00,43.3550,146.8500,48,4.7,42.4,1.1,2.9,27
2005/08/27 09:51:00,33.0380,130.9620,12,3.3,13.5,0.3,1.9,18
2005/08/26 07:28:00,37.6630,143.5870,10,5.4,3.4,0.4,1.6,19
2005/08/24 19:15:00,38.4430,143.0850,14,6.3,17.7,1.7,2.8,207
2005/08/22 14:54:00,37.2850,138.7070,17,3.2,16.2,0.5,2.1,7
2005/08/22 10:48:00,37.3030,138.7280,15,2.9,6.6,0.3,1.7,3
2005/08/22 09:33:00,37.2820,138.7000,16,2.9,5.6,0.2,1.3,3
2005/08/22 05:50:00,37.2830,138.7050,16,3.2,11.3,0.5,1.9,4
2005/08/22 02:27:00,37.2830,138.7100,16,3.3,27.8,1.0,2.7,8
2005/08/22 00:24:00,38.9670,141.6330,73,3.7,26.7,0.4,1.7,40
2005/08/21 16:43:00,37.2850,138.7120,16,3.4,24.9,1.0,2.7,12
2005/08/21 11:34:00,37.2870,138.7150,16,2.8,6.9,0.3,1.6,3
2005/08/21 11:29:00,37.2980,138.7120,17,5.0,193.3,10.6,4.6,212
2005/08/20 22:11:00,37.2080,138.8120,9,3.0,41.9,0.9,2.4,5
2005/08/17 17:56:00,33.2970,131.3900,10,3.4,29.9,0.8,2.2,12
2005/08/17 09:30:00,36.4180,139.7950,90,4.1,25.9,1.0,2.7,81
2005/08/16 13:55:00,38.2880,142.0670,43,4.5,30.1,0.5,1.9,47
2005/08/16 12:31:00,38.1870,141.6970,51,4.1,19.3,0.2,1.3,32
2005/08/16 11:52:00,38.1850,142.1530,38,4.6,30.1,0.4,1.9,55
2005/08/16 11:46:00,38.1500,142.2780,42,7.2,564.1,21.6,5.2,848
2005/08/16 08:29:00,42.3520,143.0420,51,4.6,55.9,1.9,3.3,89
2005/08/15 19:57:00,29.5880,130.1150,26,4.5,3.4,0.1,0.3,1
2005/08/15 09:48:00,34.2750,139.1970,13,2.6,4.8,0.2,0.9,1
2005/08/10 15:12:00,37.0550,141.5070,78,4.6,28.7,1.0,2.5,99
2005/08/09 04:13:00,33.6870,130.2950,12,3.3,10.7,0.2,1.2,6
2005/08/08 08:44:00,36.7870,141.2120,47,4.1,11.5,0.3,1.7,41
2005/08/08 00:06:00,36.3380,141.4450,46,5.6,34.6,1.5,2.9,243
2005/08/07 23:28:00,41.5370,142.9280,29,4.6,17.9,1.1,2.6,28
2005/08/07 01:05:00,35.5580,140.1130,73,4.7,45.5,1.6,3.1,182
2005/08/04 17:57:00,32.6780,131.7550,50,3.7,9.3,0.3,1.6,19
2005/08/04 15:37:00,36.5580,141.3130,47,4.4,20.8,0.5,2.2,66
2005/08/03 16:38:00,37.2070,138.8220,8,3.8,33.5,0.8,2.6,16
2005/08/03 12:45:00,33.7030,130.2370,6,3.5,10.1,0.3,1.2,12
2005/08/02 14:40:00,36.5900,139.3650,7,3.3,15.9,0.2,1.4,16
2005/08/01 19:50:00,33.7650,130.1280,11,3.8,15.9,0.3,1.1,13
2005/07/31 14:53:00,35.5520,138.9600,22,4.4,97.0,2.1,3.2,122
2005/07/30 17:50:00,40.0750,142.1150,47,4.4,134.8,3.6,4.0,72
2005/07/28 19:15:00,36.1250,139.8450,51,5.0,204.8,5.9,3.9,260
2005/07/28 09:11:00,34.9080,132.7200,8,3.4,22.5,0.5,1.8,22
2005/07/27 01:21:00,33.7200,130.2230,9,3.0,3.5,0.1,0.2,1
2005/07/26 03:16:00,37.3980,139.4600,5,3.5,31.8,0.7,2.0,16
2005/07/26 01:44:00,34.9250,136.8770,14,3.0,34.1,0.3,1.5,13
2005/07/24 18:12:00,35.2070,140.1870,66,4.5,27.7,1.0,2.7,74
2005/07/24 15:23:00,35.1020,139.3120,151,4.1,5.6,0.2,1.5,11
2005/07/23 16:42:00,35.6220,140.1300,69,4.2,18.3,0.8,2.2,129
2005/07/23 16:37:00,35.6070,140.1320,68,4.5,25.6,1.3,2.9,152
2005/07/23 16:35:00,35.5820,140.1380,73,6.0,213.0,21.1,4.9,447
2005/07/22 09:27:00,35.7450,140.6950,50,4.4,15.5,1.1,2.1,22
2005/07/21 09:31:00,37.2150,138.6020,9,2.6,1.2,0.0,-1.0,1
2005/07/21 05:20:00,35.0570,132.9730,6,2.9,56.6,1.1,2.4,6
2005/07/21 05:05:00,35.3050,133.2930,6,2.9,5.9,0.1,0.5,4
2005/07/20 21:14:00,35.6480,139.4130,33,3.4,15.6,0.5,1.8,22
2005/07/19 13:31:00,37.8050,141.3120,65,3.9,14.0,0.2,1.5,28
2005/07/18 21:12:00,34.3270,139.1730,9,2.3,9.0,0.2,1.3,1
2005/07/18 18:22:00,35.3020,133.2750,6,3.1,7.4,0.1,1.2,9
2005/07/18 10:23:00,34.3330,139.1780,5,2.1,6.1,0.2,1.2,1
2005/07/17 20:35:00,37.2380,138.5830,12,2.8,1.3,0.0,-0.6,1
2005/07/17 19:51:00,35.5120,140.4080,33,3.8,20.9,0.8,2.3,19
2005/07/16 15:26:00,36.9130,140.8330,64,4.0,19.8,0.4,2.1,42
2005/07/16 13:48:00,34.3320,139.1750,4,2.5,6.3,0.2,1.3,1
2005/07/16 02:07:00,33.6920,130.2700,14,3.3,12.4,0.2,0.7,6
2005/07/14 10:58:00,38.8780,141.5830,74,3.9,31.6,0.4,1.8,40
2005/07/12 07:34:00,34.3220,139.1800,6,2.6,6.3,0.2,1.4,1
2005/07/11 23:49:00,35.7450,140.6120,49,3.9,5.6,0.3,1.3,10
2005/07/11 19:05:00,34.1130,131.3930,17,3.3,29.1,0.2,1.0,17
2005/07/11 11:18:00,34.9250,136.8780,14,3.1,22.0,0.2,1.3,12
2005/07/11 07:27:00,36.4130,141.0400,48,4.7,99.9,3.1,3.7,124
2005/07/10 08:37:00,33.5070,141.1330,55,5.8,44.3,2.2,3.2,53
2005/07/09 19:22:00,37.2130,138.8320,11,4.3,113.5,4.7,3.6,36
2005/07/09 18:00:00,39.3420,142.0570,47,3.6,28.4,0.3,1.5,12
2005/07/09 13:11:00,34.2100,135.2050,5,2.7,87.7,0.7,2.0,3
2005/07/06 05:10:00,39.5920,143.3920,24,5.2,5.4,0.3,1.5,33
2005/07/05 05:10:00,33.7420,130.1230,15,4.2,27.3,0.8,2.4,64
2005/07/03 18:48:00,40.2400,141.8680,61,3.9,27.8,0.9,2.7,34
2005/07/03 10:58:00,42.2330,142.8380,27,3.4,11.5,0.3,1.7,5
2005/07/03 02:49:00,34.8700,134.7600,13,3.4,77.6,0.5,1.8,15
2005/07/02 09:32:00,39.5100,143.4320,40,5.5,13.8,1.2,2.8,101
2005/07/01 23:55:00,36.0600,137.5670,8,3.0,19.3,0.5,2.1,10
2005/06/30 18:05:00,37.2150,138.8370,10,3.1,25.3,0.8,2.3,6
2005/06/29 23:18:00,34.4250,129.2780,17,4.6,215.9,3.7,3.6,5
2005/06/28 04:09:00,36.0580,137.5680,8,2.8,19.6,0.4,1.9,9
2005/06/27 23:39:00,33.7580,131.4670,17,3.9,82.3,1.5,2.5,45
2005/06/27 05:02:00,36.4750,141.0320,45,4.1,39.0,0.5,2.1,35
2005/06/27 04:16:00,36.4750,141.0300,45,4.2,26.1,0.8,2.6,53
2005/06/27 00:46:00,40.3770,142.2550,41,4.1,27.7,1.0,2.6,37
2005/06/26 19:55:00,33.7030,130.2450,10,3.4,8.8,0.1,0.6,4
2005/06/26 01:45:00,34.1280,135.1080,5,2.5,18.1,0.4,1.5,2
2005/06/26 01:25:00,37.4330,139.6980,4,3.3,32.8,0.6,2.1,14
2005/06/25 02:09:00,34.1470,135.1870,4,2.3,10.5,0.2,0.7,1
2005/06/24 22:08:00,36.4430,141.0530,46,4.5,44.2,1.2,2.6,99
2005/06/24 19:41:00,37.2780,138.8570,11,2.9,20.7,0.8,2.1,6
2005/06/24 16:20:00,35.8550,137.5000,6,2.9,86.2,1.0,2.2,10
2005/06/23 03:42:00,42.1450,144.3920,26,4.9,24.4,1.6,2.8,51
2005/06/21 19:11:00,36.1630,140.8670,44,3.6,10.0,0.3,1.6,20
2005/06/20 21:38:00,35.7580,136.8570,9,4.3,79.3,1.4,2.3,55
2005/06/20 21:19:00,31.6550,131.0350,2,1.9,9.0,0.2,0.9,3
2005/06/20 14:04:00,35.7570,136.8550,9,4.6,193.7,4.4,3.6,197
2005/06/20 13:15:00,37.2220,138.5930,13,4.4,19.4,0.6,2.4,34
2005/06/20 13:03:00,37.2280,138.5900,15,5.0,132.7,6.2,3.8,131
2005/06/20 06:40:00,38.8070,141.5420,70,3.7,54.3,0.6,2.1,31
2005/06/20 01:24:00,35.7170,140.7170,52,4.2,6.6,0.2,1.2,5
2005/06/20 01:15:00,35.7330,140.6930,51,5.6,98.2,7.2,4.0,276
2005/06/19 21:03:00,35.3600,135.6270,8,2.9,19.7,0.3,1.0,8
2005/06/17 05:56:00,36.0850,139.8900,47,3.6,24.5,0.4,1.8,45
2005/06/16 23:42:00,42.9500,145.5930,43,4.7,96.2,2.5,3.5,47
2005/06/12 19:12:00,40.1000,142.0470,65,3.9,24.3,0.4,2.0,44
2005/06/12 09:05:00,36.6200,139.3880,9,3.4,26.7,0.4,1.3,9
2005/06/10 22:49:00,35.5580,139.0170,20,2.9,31.8,0.4,1.6,14
2005/06/10 15:26:00,35.5930,140.2250,75,4.1,15.1,0.6,2.2,36
2005/06/09 12:30:00,36.8070,138.6920,0,4.1,29.9,0.8,2.3,20
2005/06/09 09:28:00,35.6300,140.0800,72,4.5,38.6,1.7,3.1,145
2005/06/07 06:26:00,34.0600,135.2620,8,3.4,14.8,0.3,1.1,15
2005/06/06 18:30:00,33.6920,130.2630,13,3.2,16.5,0.2,0.9,4
2005/06/05 14:50:00,37.5700,138.8600,17,2.6,1.3,0.0,-0.3,1
2005/06/05 12:42:00,37.5670,138.8620,17,2.4,0.7,0.0,-0.6,1
2005/06/05 12:17:00,37.5700,138.8650,17,3.3,8.7,0.2,1.4,7
2005/06/04 15:36:00,37.2670,138.9650,8,2.6,5.9,0.1,0.8,4
2005/06/04 09:40:00,34.2050,135.1970,5,3.3,143.9,1.6,2.5,10
2005/06/03 10:48:00,34.1800,135.1330,6,3.5,28.5,0.6,2.0,12
2005/06/03 04:23:00,33.7720,130.0880,15,4.1,21.6,0.6,2.3,36
2005/06/03 04:16:00,32.4950,130.5470,11,4.8,144.9,5.1,3.6,163
2005/06/03 01:32:00,41.4920,142.0030,63,4.3,25.3,0.6,2.3,62
2005/06/03 00:46:00,35.8030,137.4570,8,3.1,27.3,0.4,1.5,18
2005/06/02 07:25:00,28.2530,129.5400,19,4.0,31.1,0.4,1.1,4
2005/06/02 06:56:00,39.2920,140.3570,10,4.0,130.4,2.0,2.9,48
2005/06/02 06:01:00,33.1980,140.5470,59,4.2,4.8,0.1,1.0,1
2005/06/01 20:44:00,35.5500,139.8150,28,4.3,40.5,1.5,2.8,72
2005/06/01 19:39:00,35.5480,139.8200,28,4.1,28.7,1.1,2.2,39
2005/06/01 19:05:00,35.5480,139.8180,29,4.1,31.4,1.1,2.3,43
2005/05/31 11:04:00,31.3050,131.5450,29,5.8,85.6,8.2,4.2,170
2005/05/30 20:18:00,32.2000,141.0130,11,5.4,5.2,0.2,1.1,1
2005/05/30 08:51:00,33.6670,130.3750,8,3.0,6.2,0.2,1.3,2
2005/05/30 07:34:00,35.6900,140.7070,51,4.7,31.8,1.4,2.8,39
2005/05/29 13:16:00,32.4350,129.9770,13,3.5,20.3,0.6,2.0,8
2005/05/27 18:50:00,29.7420,129.9950,18,4.2,3.6,0.1,0.6,1
2005/05/27 18:32:00,29.7320,130.0000,16,4.0,2.8,0.0,0.1,1
2005/05/27 17:07:00,38.5370,140.5800,109,4.9,18.2,1.9,2.8,162
2005/05/27 03:17:00,34.0020,133.6970,42,4.7,181.4,3.7,3.6,171
2005/05/25 20:31:00,33.3230,132.2870,54,4.6,62.2,2.0,3.3,154
2005/05/25 16:49:00,36.0080,141.1070,42,4.2,9.9,0.3,1.3,17
2005/05/23 02:33:00,37.2650,138.9580,8,2.5,5.3,0.1,0.3,3
2005/05/21 21:37:00,34.2900,140.2470,54,4.3,17.9,0.5,1.8,23
2005/05/21 21:36:00,36.1000,139.8530,50,3.6,12.2,0.3,1.7,39
2005/05/21 07:01:00,38.8550,142.2570,18,5.1,30.8,1.4,2.9,110
2005/05/19 10:14:00,35.5580,141.0820,33,5.4,28.1,1.6,2.8,103
2005/05/19 01:33:00,42.9200,144.7200,58,4.8,87.0,6.0,4.1,102
2005/05/17 10:36:00,33.6670,130.3170,14,3.3,9.4,0.1,0.8,4
2005/05/16 07:10:00,35.3200,140.3130,87,4.0,7.6,0.3,1.4,14
2005/05/15 19:01:00,35.7550,140.7020,51,4.7,9.6,0.4,1.8,58
2005/05/15 15:55:00,36.6280,139.4830,9,4.8,453.7,18.9,5.3,164
2005/05/15 05:55:00,36.6050,138.2970,4,2.9,55.8,0.6,1.9,9
2005/05/14 15:31:00,35.5000,140.5720,60,4.1,6.9,0.3,1.3,8
2005/05/14 00:34:00,33.3980,130.7070,6,2.8,13.1,0.3,1.3,8
2005/05/14 00:14:00,36.4500,140.5730,57,4.4,105.3,2.7,3.5,149
2005/05/13 18:52:00,33.7530,130.1250,13,3.9,20.8,0.4,1.6,23
2005/05/12 22:36:00,37.4950,140.7020,80,3.4,9.1,0.2,1.5,12
2005/05/12 21:18:00,33.7530,130.1330,13,3.4,11.2,0.2,0.7,3
2005/05/12 04:23:00,32.0750,132.0180,30,4.5,27.2,0.8,2.2,58
2005/05/11 10:51:00,35.2700,138.5220,17,4.0,53.8,0.9,2.6,59
2005/05/11 08:50:00,43.7000,143.3580,166,5.2,13.1,0.5,1.9,119
2005/05/10 01:09:00,33.3980,130.7070,6,2.9,10.7,0.2,0.8,7
2005/05/08 18:58:00,33.8730,135.3530,52,3.5,20.0,0.3,1.3,26
2005/05/08 15:29:00,36.6300,139.4880,9,3.2,27.8,0.4,1.9,14
2005/05/08 15:04:00,36.6300,139.4920,10,4.5,194.4,5.6,4.0,164
2005/05/07 04:52:00,35.6330,139.4330,32,4.2,23.5,0.9,2.5,90
2005/05/07 00:27:00,38.1250,141.3070,78,4.0,19.8,0.4,1.8,40
2005/05/05 19:49:00,37.2850,138.8170,14,2.4,15.0,0.2,1.3,2
2005/05/05 07:38:00,35.8380,138.1850,16,3.7,30.4,0.6,2.0,46
2005/05/03 14:51:00,37.1630,138.8100,8,2.9,43.1,0.6,1.7,5
2005/05/03 13:37:00,33.3430,132.3580,42,3.4,12.3,0.3,1.6,12
2005/05/03 01:29:00,33.6130,130.4100,8,3.1,11.2,0.1,0.8,5
2005/05/02 08:08:00,37.1900,138.8280,9,3.5,55.1,1.5,2.9,9
2005/05/02 07:12:00,33.7020,130.2580,13,3.6,18.7,0.2,1.3,13
2005/05/02 01:24:00,33.6700,130.3200,11,5.0,101.8,3.1,3.7,133
2005/05/02 00:26:00,38.9850,141.6570,72,3.9,27.2,0.3,1.6,45
2005/05/01 22:04:00,34.3020,139.1050,10,3.8,3.0,0.1,0.5,3
2005/05/01 21:00:00,34.2980,139.1030,10,3.2,1.8,0.0,-0.5,1
2005/05/01 13:24:00,39.9800,140.4370,7,2.9,56.3,0.5,2.1,5
2005/04/28 03:43:00,33.6700,130.2980,13,3.8,11.4,0.3,1.3,27
2005/04/25 18:13:00,35.6780,137.0870,5,3.2,148.3,2.1,2.8,19
2005/04/25 10:19:00,35.7130,140.6320,51,3.7,11.6,0.3,1.6,18
2005/04/24 13:00:00,33.3450,140.8650,42,4.8,8.1,0.2,1.3,1
2005/04/24 11:25:00,33.6530,130.3180,11,3.1,17.1,0.2,1.1,4
2005/04/24 06:08:00,33.0120,130.1600,13,3.2,11.2,0.2,1.4,3
2005/04/23 00:23:00,36.6620,138.2950,4,4.1,116.9,2.0,2.9,48
2005/04/21 09:05:00,33.6680,130.3070,11,3.2,13.3,0.2,0.6,4
2005/04/21 07:32:00,33.7670,130.1080,12,3.8,11.4,0.2,1.1,12
2005/04/21 03:20:00,33.7670,130.1080,12,3.6,9.6,0.1,0.6,5
2005/04/20 13:28:00,33.6650,130.3720,8,3.0,5.8,0.1,0.2,2
2005/04/20 12:23:00,33.6630,130.3770,8,3.2,10.4,0.3,1.5,4
2005/04/20 09:40:00,33.6800,130.2820,15,3.5,20.2,0.3,1.3,12
2005/04/20 09:09:00,33.6780,130.2830,13,5.1,101.5,5.3,3.7,174
2005/04/20 06:44:00,33.6800,130.2930,12,4.5,67.4,3.0,3.1,87
2005/04/20 06:22:00,33.6780,130.2880,13,4.7,54.7,1.3,2.7,96
2005/04/20 06:11:00,33.6770,130.2870,14,5.8,370.7,22.6,4.9,278
2005/04/19 17:41:00,35.8580,137.5980,5,2.7,28.9,0.5,2.0,7
2005/04/19 10:46:00,29.7320,139.6530,441,6.0,6.3,0.4,1.5,56
2005/04/18 21:35:00,33.7130,130.2250,13,3.2,5.1,0.1,0.3,3
2005/04/17 22:56:00,33.3200,132.4800,39,4.0,27.2,0.6,2.3,52
2005/04/17 20:09:00,35.1550,139.9700,69,4.4,20.8,1.0,2.5,113
2005/04/16 15:23:00,36.6750,139.4900,7,2.6,20.4,0.3,0.7,4
2005/04/16 04:25:00,33.7670,130.1650,11,3.8,10.6,0.3,1.5,12
2005/04/15 14:03:00,35.3330,140.3620,21,3.1,10.4,0.4,1.1,6
2005/04/14 13:16:00,33.7120,130.2170,9,3.4,2.9,0.0,0.0,2
2005/04/14 07:18:00,33.7000,130.2270,5,3.8,16.9,0.5,1.9,21
2005/04/13 01:49:00,33.6900,130.2500,5,3.0,3.4,0.1,0.5,1
2005/04/12 13:09:00,35.4930,138.9570,25,4.1,52.6,1.0,2.7,72
2005/04/11 15:35:00,35.5680,140.1830,73,4.4,34.1,1.2,2.9,157
2005/04/11 10:55:00,42.9920,145.3400,50,4.2,29.0,0.7,2.4,25
2005/04/11 07:22:00,35.7270,140.6200,52,6.1,232.6,23.7,5.0,368
2005/04/10 20:34:00,33.6680,130.2820,5,5.0,78.7,4.5,3.8,70
2005/04/10 19:47:00,32.7370,132.1480,38,3.4,6.1,0.2,1.1,7
2005/04/10 18:44:00,33.7770,134.4000,15,3.6,50.4,0.5,1.7,14
2005/04/08 13:03:00,33.7630,130.1180,13,3.9,10.1,0.2,1.4,11
2005/04/08 09:16:00,33.7600,130.1330,13,3.7,11.4,0.2,1.0,8
2005/04/08 07:31:00,33.6700,130.3580,6,3.8,8.4,0.4,1.7,3
2005/04/07 01:09:00,33.6720,130.3200,12,3.5,19.8,0.3,1.2,11
2005/04/07 00:17:00,33.7070,130.2350,5,4.0,14.3,0.6,2.2,8
2005/04/06 23:58:00,33.7030,130.2430,5,2.8,3.2,0.1,0.6,1
2005/04/06 23:35:00,33.7050,130.2420,5,3.2,8.6,0.2,1.4,1
2005/04/06 08:00:00,33.7080,130.2550,14,4.1,41.5,0.6,2.1,42
2005/04/05 23:57:00,39.8600,139.9470,16,3.1,13.6,0.3,1.2,8
2005/04/05 21:49:00,33.7400,130.1680,12,3.5,9.8,0.1,0.8,6
2005/04/05 20:19:00,37.1880,138.8250,9,4.0,51.5,1.4,2.4,16
2005/04/05 05:21:00,33.7430,130.1600,9,3.5,4.5,0.1,0.7,3
2005/04/05 04:35:00,31.9370,132.0220,34,4.2,11.6,0.3,1.7,20
2005/04/04 22:02:00,33.6600,130.3780,7,3.2,7.2,0.3,1.6,3
2005/04/04 20:43:00,37.1780,138.8070,10,2.8,21.0,0.6,1.1,3
2005/04/04 20:21:00,33.6630,130.3770,8,3.2,8.4,0.3,1.5,4
2005/04/04 17:43:00,35.8770,140.4930,36,3.7,28.0,0.5,2.1,23
2005/04/04 12:37:00,37.3480,138.8480,18,2.7,4.4,0.0,-0.2,4
2005/04/04 02:57:00,37.3720,141.7530,44,5.3,90.5,7.7,3.9,220
2005/04/03 21:40:00,37.2050,139.9480,5,3.6,32.0,0.8,2.6,27
2005/04/03 19:04:00,33.7030,130.2420,5,2.9,5.5,0.2,1.2,1
2005/04/03 18:20:00,37.2030,139.9470,6,3.6,49.8,0.9,2.5,27
2005/04/03 18:03:00,37.2050,139.9450,5,3.3,27.4,0.4,2.0,17
2005/04/03 17:50:00,37.2050,139.9400,5,3.5,37.1,0.8,2.5,16
2005/04/03 17:41:00,37.2020,139.9470,5,4.5,200.0,4.7,4.0,75
2005/04/02 04:20:00,37.1980,138.8230,10,4.0,37.0,1.0,2.5,20
2005/04/01 21:52:00,33.6720,130.3180,12,4.3,74.9,2.2,3.0,79
2005/04/01 17:08:00,37.2800,138.9480,11,2.7,7.1,0.1,0.2,4
2005/04/01 13:44:00,37.0570,141.1400,50,4.1,40.2,0.7,2.1,59
2005/04/01 09:41:00,31.1100,131.5280,28,4.3,8.3,0.4,1.7,15
2005/03/31 03:18:00,37.4100,136.9120,11,3.9,26.4,0.5,2.1,14
2005/03/30 23:07:00,37.1550,138.8080,7,3.2,58.5,1.2,1.9,7
2005/03/30 20:09:00,37.1950,138.8370,9,2.6,1.7,0.1,-0.3,2
2005/03/30 04:59:00,37.1870,138.8250,8,4.0,41.5,1.0,2.0,20
2005/03/30 04:12:00,38.5480,142.1980,61,4.4,40.7,0.5,1.9,63
2005/03/30 02:56:00,33.1980,130.5720,12,3.0,47.8,0.5,1.3,9
2005/03/29 11:45:00,35.1370,135.6600,13,3.6,55.3,0.7,2.2,24
2005/03/29 00:35:00,33.6630,130.3780,7,2.8,7.6,0.2,1.0,3
2005/03/28 13:12:00,33.7130,130.2550,7,2.8,4.4,0.1,0.1,1
2005/03/28 12:23:00,31.9670,130.4330,8,2.8,16.3,0.2,1.3,7
2005/03/28 10:38:00,33.6950,130.2570,6,2.5,3.2,0.1,0.0,1
2005/03/28 00:06:00,37.2470,138.8400,8,2.5,26.0,0.6,2.0,3
2005/03/27 23:17:00,33.7030,130.2650,5,2.6,6.6,0.2,0.6,1
2005/03/27 21:44:00,35.6780,140.7420,49,4.0,5.3,0.2,1.2,6
2005/03/27 13:56:00,42.2550,142.5500,78,3.9,10.5,0.3,1.8,32
2005/03/27 07:58:00,33.7080,130.2520,6,3.3,4.3,0.2,1.0,1
2005/03/27 05:20:00,37.6850,137.3670,15,4.1,12.1,0.3,1.6,18
2005/03/27 01:20:00,33.6870,130.2870,5,3.4,8.4,0.3,1.6,2
2005/03/26 20:01:00,33.6980,130.2700,15,3.5,11.5,0.2,0.8,13
2005/03/26 11:18:00,33.7300,130.2370,15,3.8,13.7,0.2,1.2,19
2005/03/26 10:02:00,33.7070,130.2600,6,3.0,6.4,0.1,0.7,1
2005/03/26 09:27:00,33.6930,130.2720,8,3.5,6.6,0.2,1.0,5
2005/03/26 05:45:00,33.7670,130.1220,16,3.7,10.4,0.2,1.0,16
2005/03/25 21:03:00,33.7850,130.1170,12,4.1,20.7,0.6,2.3,68
2005/03/25 20:09:00,33.7170,130.2830,14,3.5,9.0,0.2,1.2,10
2005/03/25 06:05:00,33.7550,130.1520,13,3.6,2.9,0.1,0.5,3
2005/03/25 04:08:00,38.9370,141.6280,73,3.7,25.6,0.3,1.5,34
2005/03/25 03:43:00,33.7220,130.2150,11,4.0,31.7,0.8,2.5,33
2005/03/25 00:23:00,35.4130,136.2680,39,3.5,60.6,1.0,2.4,47
2005/03/24 23:38:00,33.7400,130.1700,11,4.3,29.4,0.9,2.1,45
2005/03/24 20:07:00,36.3670,137.2300,11,4.1,84.6,1.1,2.3,60
2005/03/24 15:23:00,33.6670,130.2800,4,2.9,6.3,0.2,0.9,1
2005/03/24 15:18:00,40.8250,143.0650,9,4.7,8.9,0.5,2.1,28
2005/03/24 12:30:00,33.6970,130.2520,10,3.5,14.1,0.3,1.4,8
2005/03/24 06:04:00,33.6780,130.2880,4,2.9,3.7,0.1,0.8,1
2005/03/24 02:35:00,33.7030,130.2250,7,3.0,3.0,0.1,0.3,2
2005/03/24 02:33:00,33.7070,130.2250,8,3.0,4.8,0.1,0.8,1
2005/03/24 01:58:00,33.7070,130.2230,8,3.7,6.3,0.2,1.0,8
2005/03/23 20:58:00,33.6770,130.2750,5,3.3,14.6,0.4,1.6,3
2005/03/23 16:46:00,33.6730,130.2780,5,3.4,17.2,0.5,1.9,2
2005/03/23 06:44:00,37.2600,138.9580,8,2.8,18.4,0.3,1.4,5
2005/03/23 04:34:00,33.2420,131.3820,11,2.7,14.6,0.4,1.7,5
2005/03/22 21:29:00,33.7480,130.1520,12,3.7,9.5,0.2,1.1,8
2005/03/22 15:55:00,33.7250,130.1770,11,5.4,46.1,1.2,2.9,109
2005/03/22 11:51:00,37.4200,138.9380,11,3.6,24.1,0.4,1.7,16
2005/03/22 04:28:00,33.7420,130.1700,13,3.3,5.2,0.1,0.3,3
2005/03/22 00:45:00,33.6700,130.3680,10,3.3,16.2,0.2,1.2,4
2005/03/21 23:59:00,33.7850,130.1000,12,4.8,33.7,1.0,2.2,87
2005/03/21 15:37:00,33.7830,130.0970,11,4.2,15.0,0.3,1.4,39
2005/03/21 13:57:00,33.7270,130.2420,10,3.6,3.0,0.1,0.5,2
2005/03/21 06:17:00,33.7280,130.1930,12,3.9,29.9,0.6,2.0,60
2005/03/21 00:59:00,33.7350,130.2480,9,3.7,1.4,0.0,0.0,1
2005/03/21 00:31:00,33.7600,130.1130,14,3.8,15.3,0.2,1.4,17
2005/03/20 23:13:00,33.6970,130.2450,12,3.4,10.9,0.2,1.2,4
2005/03/20 22:02:00,33.7000,130.2670,12,3.3,10.5,0.1,0.7,6
2005/03/20 20:43:00,33.7230,130.2280,11,3.4,5.9,0.3,1.1,5
2005/03/20 20:38:00,33.7450,130.1700,11,4.5,30.3,1.6,3.0,72
2005/03/20 20:25:00,33.6970,130.2250,9,3.2,11.7,0.3,1.4,1
2005/03/20 20:08:00,33.7970,130.1050,13,4.4,60.8,1.0,2.5,70
2005/03/20 19:52:00,33.8000,130.0900,13,4.7,16.7,0.3,1.6,56
2005/03/20 18:15:00,33.7670,130.1130,13,3.9,18.7,0.4,1.6,15
2005/03/20 17:43:00,33.7330,130.1880,15,3.9,14.8,0.2,1.2,20
2005/03/20 16:45:00,33.6820,130.2870,9,3.5,4.0,0.1,0.4,1
2005/03/20 16:15:00,33.7830,130.0970,12,3.8,12.8,0.3,1.1,14
2005/03/20 16:08:00,33.7620,130.1430,12,4.1,25.8,0.5,1.7,25
2005/03/20 15:41:00,33.7080,130.2220,10,3.6,6.1,0.2,1.0,5
2005/03/20 15:13:00,33.7630,130.1500,11,3.8,6.4,0.2,1.3,16
2005/03/20 14:48:00,33.7130,130.2050,8,3.4,4.6,0.1,0.8,1
2005/03/20 14:32:00,33.7970,130.0870,12,4.5,9.8,0.2,1.3,24
2005/03/20 14:26:00,33.6770,130.2820,10,3.4,10.5,0.1,0.7,2
2005/03/20 13:55:00,33.7150,130.2600,13,3.8,17.0,0.3,1.3,18
2005/03/20 13:50:00,33.7470,130.1670,11,3.5,3.1,0.1,0.7,3
2005/03/20 13:39:00,33.7420,130.1780,10,3.6,6.8,0.3,1.4,7
2005/03/20 13:16:00,33.6830,130.2800,12,3.3,5.8,0.1,0.6,12
2005/03/20 13:00:00,33.7130,130.2270,11,3.8,8.8,0.2,1.3,13
2005/03/20 12:50:00,33.7550,130.1420,11,3.9,20.4,0.3,1.5,18
2005/03/20 12:35:00,33.7420,130.1570,11,3.8,8.4,0.1,0.7,14
2005/03/20 12:23:00,33.6980,130.2700,9,2.7,2.4,0.0,-0.1,1
2005/03/20 12:17:00,33.7420,130.1770,10,3.6,12.2,0.2,1.2,9
2005/03/20 11:58:00,33.7230,130.2020,11,3.7,12.5,0.3,1.3,11
2005/03/20 11:50:00,33.7320,130.1970,18,4.2,44.6,1.0,2.6,52
2005/03/20 11:40:00,33.6880,130.2650,12,4.0,46.3,0.7,2.2,49
2005/03/20 11:38:00,33.7070,130.2400,10,3.5,20.4,0.6,1.8,1
2005/03/20 11:35:00,33.7470,130.1530,14,4.0,30.7,0.4,1.3,34
2005/03/20 11:29:00,33.7170,130.2180,11,3.5,7.0,0.2,1.1,8
2005/03/20 11:24:00,33.7650,130.1220,15,4.0,28.5,0.7,2.1,33
2005/03/20 11:21:00,33.6920,130.2770,9,3.8,9.8,0.3,1.6,13
2005/03/20 11:18:00,33.7700,130.1670,12,3.8,11.6,0.3,1.4,13
2005/03/20 11:17:00,33.7630,130.1600,13,3.7,7.3,0.1,0.8,8
2005/03/20 11:16:00,33.7350,130.1900,15,3.8,23.2,0.4,1.7,26
2005/03/20 11:15:00,33.7850,130.1480,12,3.5,17.9,0.3,1.7,3
2005/03/20 11:07:00,33.7380,130.1830,1,3.3,9.0,0.2,0.5,4
2005/03/20 11:06:00,33.7300,130.1950,13,3.5,17.0,0.2,1.3,15
2005/03/20 11:03:00,33.7230,130.2280,11,4.1,42.9,0.6,1.8,32
2005/03/20 11:02:00,33.7230,130.1980,9,3.4,10.6,0.3,1.4,6
2005/03/20 11:00:00,33.7630,130.1520,7,3.6,8.8,0.1,1.1,5
2005/03/20 10:59:00,33.7000,130.2620,17,3.9,16.5,0.4,1.7,20
2005/03/20 10:53:00,33.7380,130.1750,9,7.0,360.4,63.1,5.5,564
2005/03/19 15:03:00,35.0070,132.7950,8,3.6,67.3,1.2,2.1,21
2005/03/19 12:09:00,38.9380,141.4100,86,4.1,40.9,0.5,2.1,56
2005/03/19 10:13:00,38.6820,141.0470,9,3.3,135.2,2.6,2.8,16
2005/03/19 05:11:00,38.8500,141.6020,74,3.8,26.1,0.3,1.7,31
2005/03/18 10:55:00,34.6150,136.4650,15,3.9,78.5,1.3,2.7,45
2005/03/18 09:38:00,44.2330,141.1080,0,5.0,30.3,1.2,2.7,54
2005/03/17 07:41:00,34.7850,139.6900,134,4.5,7.3,0.6,1.8,47
2005/03/16 22:23:00,43.3920,146.5730,46,5.3,20.7,0.6,2.5,54
2005/03/14 19:49:00,33.1670,137.0400,44,4.3,12.5,0.4,1.8,43
2005/03/14 12:58:00,37.2920,138.9670,11,3.7,39.1,1.0,2.6,20
2005/03/13 19:22:00,28.1080,129.2470,49,3.8,6.1,0.1,0.7,3
2005/03/13 13:32:00,33.8380,134.6150,9,3.2,55.8,0.7,2.1,7
2005/03/12 23:27:00,35.1730,139.1080,12,2.2,92.9,1.0,1.7,1
2005/03/12 22:03:00,36.6250,139.8300,127,4.1,16.0,0.4,1.7,66
2005/03/12 17:57:00,35.4200,140.3580,30,3.1,13.3,0.4,1.6,9
2005/03/12 17:54:00,42.0520,142.5680,46,4.2,6.9,0.3,1.5,31
2005/03/12 14:01:00,35.4300,140.3570,28,4.0,28.8,0.7,2.1,16
2005/03/12 12:20:00,35.6400,140.0950,73,4.1,19.1,0.5,2.1,94
2005/03/12 03:47:00,43.0120,144.8600,61,5.1,140.8,4.4,3.9,100
2005/03/10 19:39:00,37.2480,138.9300,11,3.0,22.8,0.4,1.5,5
2005/03/10 10:44:00,36.6430,140.9050,50,4.0,77.2,1.0,2.7,47
2005/03/09 16:48:00,43.2120,145.9120,77,4.0,11.6,0.3,1.5,22
2005/03/09 14:11:00,37.2670,138.9500,8,3.7,50.5,1.4,2.6,22
2005/03/09 06:47:00,37.2600,138.5970,12,3.4,20.7,0.4,1.7,10
2005/03/08 17:43:00,32.1870,131.3080,64,3.5,15.0,0.2,1.3,18
2005/03/08 06:21:00,42.5020,143.0600,55,4.4,27.5,1.3,2.5,46
2005/03/08 03:45:00,34.1970,132.8330,17,3.9,102.9,1.2,2.3,70
2005/03/05 14:58:00,31.4600,131.3020,49,4.4,25.6,1.1,2.6,45
2005/03/04 06:13:00,37.2670,138.8580,9,3.3,38.6,1.8,3.1,10
2005/03/03 13:53:00,42.8180,144.9920,50,4.3,13.7,0.5,1.7,35
2005/03/03 02:46:00,33.9670,135.1970,8,3.2,98.9,1.1,1.5,7
2005/03/02 11:56:00,34.8820,134.7420,8,3.4,64.1,0.7,2.0,19
2005/03/02 09:35:00,40.2020,141.1130,8,3.2,20.7,0.4,1.7,13
2005/03/02 06:04:00,33.0900,136.7120,39,4.0,11.7,0.3,1.6,21
2005/03/01 12:21:00,24.8130,125.3970,50,4.5,22.5,0.5,2.1,2
2005/02/28 09:38:00,37.2700,138.7100,13,2.8,3.0,0.1,0.1,3
2005/02/26 23:14:00,37.1680,138.7980,9,4.0,118.7,4.6,2.9,24
2005/02/26 21:53:00,37.8020,138.1630,18,4.3,89.0,2.6,3.5,30
2005/02/26 21:37:00,40.6850,142.5950,45,5.7,130.8,6.2,4.3,259
2005/02/25 06:30:00,35.6650,139.8850,106,3.9,9.5,0.3,1.7,73
2005/02/24 23:11:00,37.2880,138.9650,12,3.2,22.3,0.3,1.1,7
2005/02/23 22:05:00,37.2570,138.9880,11,3.4,24.5,0.5,1.7,10
2005/02/23 21:59:00,36.1070,139.8480,50,4.4,93.3,2.3,3.1,171
2005/02/22 20:55:00,33.6900,132.1300,55,3.8,14.0,0.7,2.0,91
2005/02/20 15:19:00,37.2270,138.7950,7,4.1,40.7,1.9,3.1,12
2005/02/20 05:10:00,37.3500,138.9100,15,3.2,13.4,0.6,2.0,7
2005/02/19 12:15:00,40.5470,141.5130,84,3.2,7.0,0.1,0.8,6
2005/02/18 12:40:00,31.6400,131.4670,38,3.8,13.2,0.6,2.3,15
2005/02/18 11:56:00,31.6370,131.4750,39,4.0,6.3,0.3,1.7,15
2005/02/17 19:38:00,37.2420,138.8370,9,2.7,13.7,0.5,1.7,5
2005/02/16 09:37:00,35.7350,140.0370,80,3.8,7.6,0.3,1.6,53
2005/02/16 04:46:00,36.0350,139.8950,45,5.4,344.5,13.4,4.8,312
2005/02/14 00:22:00,34.6830,135.1370,13,4.1,43.9,1.1,2.3,102
2005/02/12 21:23:00,40.3680,142.2720,39,4.0,13.1,0.3,1.5,17
2005/02/12 17:27:00,35.0280,139.1030,6,2.8,8.9,0.2,1.2,8
2005/02/12 11:30:00,42.3350,143.0030,55,4.4,14.5,0.5,1.9,63
2005/02/11 13:26:00,32.4380,132.1670,29,4.1,21.0,0.5,2.1,23
2005/02/09 21:14:00,33.1450,129.4780,10,3.3,36.4,0.9,2.5,4
2005/02/08 11:29:00,36.1400,140.0850,67,4.8,70.0,2.5,3.3,248
2005/02/06 16:57:00,42.2300,144.1420,60,4.4,18.4,0.7,2.3,44
2005/02/06 02:25:00,34.6300,132.9970,17,3.4,23.3,0.3,1.4,30
2005/02/05 16:53:00,38.3800,141.1700,10,3.1,4.9,0.1,0.5,7
2005/02/05 10:16:00,36.7420,142.0470,36,5.0,13.5,0.5,2.0,74
2005/02/05 01:41:00,37.1130,141.1550,55,3.9,22.9,0.5,2.2,42
2005/02/04 17:58:00,36.7220,138.1570,0,2.2,3.0,0.1,0.6,1
2005/02/04 01:08:00,33.9730,135.5100,57,4.0,17.8,0.4,1.6,35
2005/02/02 16:43:00,40.3450,142.1380,33,4.2,61.1,1.1,2.7,78
2005/02/01 23:33:00,35.5180,141.0420,32,4.4,7.4,0.3,1.5,3
2005/01/31 18:39:00,41.7630,143.8170,48,5.4,39.7,2.3,3.2,100
2005/01/29 23:23:00,34.7680,136.7300,17,3.8,33.1,0.5,1.8,48
2005/01/29 10:26:00,40.0720,141.8400,76,3.7,12.2,0.4,1.4,37
2005/01/29 00:01:00,40.3530,142.0800,50,3.7,13.0,0.3,1.6,11
2005/01/28 11:07:00,28.3070,129.5600,35,3.9,21.5,0.5,1.5,2
2005/01/28 06:48:00,35.6600,140.0570,74,3.7,7.8,0.2,1.4,31
2005/01/28 04:49:00,42.8780,145.0930,48,4.5,73.3,1.9,3.3,46
2005/01/27 16:42:00,37.3670,139.0300,0,3.5,18.4,0.5,2.0,15
2005/01/27 08:43:00,36.6780,141.4250,48,3.9,9.0,0.3,1.8,28
2005/01/26 08:50:00,37.2730,138.9770,9,3.0,41.2,0.6,1.6,11
2005/01/23 08:41:00,42.6230,142.9720,106,4.5,35.2,2.3,3.0,85
2005/01/20 22:25:00,37.2180,138.9020,10,3.5,21.4,0.5,1.8,13
2005/01/20 12:01:00,43.0120,144.8580,61,4.2,32.0,0.8,2.1,38
2005/01/20 11:41:00,37.0570,138.8200,6,2.8,18.9,0.4,1.4,7
2005/01/20 01:11:00,37.3780,138.9570,13,3.6,26.4,0.6,2.2,19
2005/01/18 23:09:00,42.8750,145.0070,50,6.4,240.7,15.7,4.5,326
2005/01/18 21:50:00,37.3700,138.9970,8,4.7,554.7,19.6,4.5,99
2005/01/18 19:58:00,37.1880,138.8120,9,3.4,42.8,0.8,2.0,10
2005/01/18 11:08:00,37.3720,138.9970,8,3.7,59.5,1.9,2.6,19
2005/01/17 16:36:00,42.9820,145.4320,47,4.4,93.7,2.0,3.1,34
2005/01/16 07:59:00,43.0780,145.0100,61,4.3,31.4,1.0,2.1,36
2005/01/15 15:42:00,32.6370,130.8420,8,4.1,86.0,3.1,3.4,43
2005/01/13 05:03:00,42.4080,145.5170,43,5.1,30.2,1.2,2.6,46
2005/01/13 04:45:00,43.6150,144.7020,6,3.5,12.1,0.3,1.2,21
2005/01/12 22:35:00,41.9580,142.3270,67,4.0,4.7,0.3,1.3,15
2005/01/12 14:05:00,33.7970,130.6300,15,3.3,37.5,0.5,1.7,16
2005/01/10 18:29:00,37.2650,138.9150,13,3.0,10.5,0.1,0.2,4
2005/01/10 11:19:00,37.3400,138.9570,7,3.3,35.7,0.8,2.3,8
2005/01/09 21:34:00,37.2620,138.9470,10,3.0,12.4,0.2,1.2,6
2005/01/09 20:18:00,37.2600,138.9430,10,3.2,16.1,0.3,1.3,5
2005/01/09 20:15:00,37.2650,138.9430,10,4.2,43.5,1.4,2.9,50
2005/01/09 19:30:00,42.0400,142.4470,68,4.1,8.4,0.3,1.6,35
2005/01/09 18:59:00,35.3120,136.8500,13,4.7,137.8,7.0,4.1,205
2005/01/09 18:12:00,37.3670,139.0300,0,3.2,13.0,0.3,1.5,9
2005/01/07 23:38:00,35.7250,138.1720,22,3.9,31.8,0.5,2.1,66
2005/01/07 09:39:00,42.9970,145.3130,48,3.7,22.9,0.4,1.6,18
2005/01/06 22:00:00,41.4570,142.1030,61,5.3,43.8,2.0,3.3,174
2005/01/06 06:06:00,36.6800,138.2380,3,2.7,28.7,0.6,1.5,5
2005/01/06 01:31:00,37.3800,138.9650,8,3.5,60.4,1.3,2.6,16
2005/01/05 23:49:00,34.2620,139.0880,11,4.4,2.3,0.1,0.4,2
2005/01/04 05:06:00,35.0330,131.5780,19,4.0,43.5,0.8,2.4,28
2005/01/03 04:08:00,31.9580,130.1300,10,3.8,25.5,0.7,2.4,32
2005/01/02 12:30:00,33.7450,131.9330,73,4.2,10.9,0.4,1.8,78
2005/01/02 01:30:00,35.8650,137.5770,6,4.2,132.0,4.4,3.5,67
