Download Time:2026/07/17 12:48:35,Search Date:2018/01/02 - 2021/01/01 
Origin Time,Latitude[degree],Longitude[degree],Depth[km],Magnitude,Max Acc[gal],Max Vel[cm/s],Seismic Intensity,Number of stations
2021/01/01 01:53:00,34.4800,139.3030,12,4.7,87.8,4.6,3.9,42
2020/12/31 23:45:00,42.9330,145.4300,44,4.1,27.4,0.5,2.2,17
2020/12/30 09:35:00,36.4500,140.6170,56,5.2,252.0,7.0,4.2,304
2020/12/29 01:15:00,37.0700,141.2070,49,4.0,38.0,0.7,2.1,61
2020/12/28 20:37:00,24.2180,123.5730,45,4.2,6.9,0.3,1.5,2
2020/12/28 14:17:00,36.2350,137.6530,5,3.1,23.3,0.4,1.7,6
2020/12/28 00:28:00,36.4220,139.4850,6,3.5,23.0,0.3,1.4,17
2020/12/26 06:32:00,39.6830,141.8700,21,4.0,73.3,0.7,2.2,68
2020/12/25 06:27:00,38.7900,141.4720,101,4.1,36.2,0.4,1.8,66
2020/12/25 05:38:00,30.8320,130.5080,105,4.4,14.1,0.4,1.7,52
2020/12/25 04:40:00,36.6050,141.0130,45,3.9,51.9,0.8,2.2,43
2020/12/24 08:11:00,33.2150,132.3820,37,3.2,14.8,0.2,1.5,15
2020/12/24 03:18:00,35.1150,135.6970,12,3.0,18.6,0.2,1.0,11
2020/12/24 02:55:00,34.2530,136.1230,28,3.6,77.8,1.0,2.4,50
2020/12/21 02:23:00,40.7820,142.6920,43,6.5,218.1,11.3,4.6,522
2020/12/21 01:25:00,42.2830,142.6780,41,4.3,7.8,0.3,1.6,65
2020/12/21 00:39:00,34.4830,139.3130,10,3.5,23.6,0.7,2.4,7
2020/12/20 18:35:00,38.7000,142.2600,42,4.6,26.1,0.8,2.4,82
2020/12/19 20:31:00,34.4850,139.3150,10,3.0,7.2,0.2,1.3,2
2020/12/19 10:32:00,34.4900,139.3120,10,2.8,9.0,0.2,1.5,1
2020/12/19 01:21:00,34.4880,139.3070,9,2.9,9.5,0.2,1.6,2
2020/12/18 23:58:00,40.0950,142.1250,46,3.5,16.2,0.2,1.1,17
2020/12/18 22:41:00,34.5020,139.2970,9,3.2,8.5,0.3,1.5,2
2020/12/18 22:08:00,34.5050,139.2900,7,2.8,11.0,0.4,1.8,1
2020/12/18 21:39:00,34.5070,139.2920,8,3.8,23.5,0.6,2.3,5
2020/12/18 20:40:00,34.5000,139.3230,7,3.0,8.2,0.2,1.3,1
2020/12/18 20:36:00,34.5020,139.3070,8,4.6,52.4,1.9,3.1,14
2020/12/18 20:23:00,34.4980,139.2980,9,2.6,3.9,0.1,0.7,1
2020/12/18 20:20:00,34.5000,139.3070,7,3.2,14.6,0.5,2.2,4
2020/12/18 18:09:00,34.4870,139.3030,11,5.0,116.8,4.3,3.9,63
2020/12/18 10:57:00,35.9250,136.6370,9,2.6,46.1,0.8,1.5,5
2020/12/18 10:46:00,35.9250,136.6380,9,2.8,54.6,1.0,1.7,9
2020/12/18 10:03:00,35.9250,136.6400,9,2.9,71.0,1.3,1.8,16
2020/12/18 08:03:00,36.8670,141.0730,89,4.0,36.5,0.7,2.3,70
2020/12/17 19:18:00,25.9600,126.6150,63,4.0,6.9,0.1,1.1,1
2020/12/17 16:42:00,36.0570,139.9370,45,4.6,186.6,5.4,3.9,192
2020/12/17 15:11:00,36.6730,138.1420,0,2.1,5.4,0.2,0.9,2
2020/12/17 03:42:00,35.0370,135.8120,12,3.3,31.3,0.3,1.5,23
2020/12/16 10:28:00,42.6900,144.2000,66,5.0,180.5,8.8,4.2,124
2020/12/16 00:35:00,39.2320,143.9320,53,4.8,16.5,0.4,2.1,77
2020/12/14 11:56:00,35.0680,139.0830,5,2.7,11.0,0.2,0.7,4
2020/12/14 07:34:00,35.0700,139.0680,2,2.3,4.0,0.1,0.2,4
2020/12/12 16:19:00,40.0930,142.1080,48,5.6,352.1,10.2,4.8,276
2020/12/12 03:24:00,32.6930,130.6980,12,2.8,13.4,0.3,1.5,6
2020/12/12 02:00:00,37.7000,140.0050,6,3.2,7.9,0.1,0.8,7
2020/12/11 18:48:00,24.2680,125.2450,41,5.2,16.9,0.5,1.7,5
2020/12/11 08:27:00,32.1950,130.3200,11,3.8,40.8,1.1,2.8,34
2020/12/10 22:19:00,24.7020,121.9680,86,6.3,6.2,0.3,1.5,3
2020/12/07 22:42:00,36.4650,141.1000,40,3.6,19.9,0.4,2.0,30
2020/12/07 19:27:00,36.0420,140.0900,63,3.8,13.4,0.4,1.6,63
2020/12/06 02:22:00,36.7830,140.5820,9,3.7,73.4,1.4,2.7,53
2020/12/06 00:14:00,35.9450,137.2270,15,3.4,48.0,0.5,1.8,36
2020/12/05 14:59:00,43.2050,143.7730,107,3.8,8.8,0.4,1.8,24
2020/12/03 13:00:00,34.0830,139.3920,12,3.0,13.4,0.3,1.5,1
2020/12/01 07:55:00,48.0970,141.1800,619,6.7,10.2,1.4,2.5,203
2020/11/29 02:04:00,36.2930,136.6030,9,2.5,47.8,0.6,1.9,4
2020/11/28 21:28:00,36.0100,137.5770,6,2.8,26.3,0.3,1.8,8
2020/11/27 05:54:00,39.7600,141.8320,59,4.0,20.8,0.5,1.9,46
2020/11/25 11:20:00,36.0430,139.8920,44,4.3,65.9,2.1,3.0,152
2020/11/23 06:29:00,35.8230,137.5730,4,2.2,13.1,0.2,1.2,2
2020/11/23 05:33:00,33.1630,132.2550,40,3.4,8.4,0.3,1.6,13
2020/11/22 19:06:00,36.5900,141.1000,45,5.7,291.0,11.5,4.5,426
2020/11/21 07:20:00,38.6270,140.9630,95,4.2,32.5,1.0,2.7,80
2020/11/21 03:01:00,40.1320,142.4850,38,4.5,12.2,0.5,1.8,71
2020/11/18 15:18:00,37.4070,141.5080,40,4.0,14.1,0.4,1.6,48
2020/11/18 13:13:00,27.5920,128.8300,16,3.1,15.4,0.4,1.5,1
2020/11/15 07:57:00,26.7120,126.6430,104,4.5,5.1,0.2,1.2,5
2020/11/13 09:42:00,24.8230,125.3770,49,4.0,20.0,0.3,1.5,2
2020/11/09 20:01:00,30.3330,130.9070,7,3.0,18.5,0.4,1.8,2
2020/11/09 12:50:00,43.4020,145.6100,68,3.8,26.2,0.6,2.0,25
2020/11/07 02:16:00,40.9570,143.2380,18,5.3,19.3,0.6,2.3,132
2020/11/07 01:14:00,40.9570,143.2200,18,4.6,9.5,0.4,1.9,35
2020/11/06 17:56:00,40.9320,143.2470,17,5.7,43.0,2.0,3.2,199
2020/11/06 04:51:00,40.0230,140.5850,6,4.2,21.8,0.6,2.1,47
2020/11/06 04:42:00,40.0250,140.5870,6,4.1,28.4,0.7,2.3,44
2020/11/03 10:29:00,32.6330,130.7080,6,3.3,32.7,1.3,2.7,9
2020/11/03 06:40:00,32.6350,130.7080,6,3.0,29.6,1.2,2.7,6
2020/11/01 19:40:00,35.7330,140.6200,51,4.0,15.0,0.4,1.9,19
2020/11/01 12:13:00,27.3320,128.8400,31,4.2,13.2,0.3,1.8,4
2020/10/31 22:36:00,31.5730,130.3300,8,2.9,28.1,0.4,1.9,7
2020/10/30 14:12:00,43.9520,147.0600,70,4.4,12.0,0.3,1.8,26
2020/10/28 15:58:00,35.8050,140.1130,69,4.4,27.9,1.1,2.7,206
2020/10/27 12:44:00,38.6480,141.8720,56,3.7,48.4,0.6,2.3,46
2020/10/26 06:34:00,34.1730,135.5930,67,4.0,19.9,0.5,2.3,83
2020/10/22 23:43:00,42.8650,145.4970,36,3.9,14.2,0.4,1.6,17
2020/10/22 16:14:00,23.9580,123.5830,30,4.6,7.8,0.2,1.3,2
2020/10/20 22:22:00,36.2730,138.0170,11,3.3,14.1,0.5,1.9,19
2020/10/19 03:28:00,35.2120,136.6300,42,4.1,79.5,1.8,2.5,149
2020/10/17 13:00:00,36.9730,138.6230,10,3.7,20.2,0.4,1.8,32
2020/10/16 17:34:00,36.7730,140.5720,9,3.8,39.4,0.8,2.1,48
2020/10/16 09:38:00,39.7570,141.8400,58,3.7,23.5,0.4,1.8,43
2020/10/14 19:42:00,37.3970,141.6770,44,4.3,9.0,0.3,1.5,79
2020/10/13 11:11:00,37.2180,140.4650,10,3.7,34.5,0.8,2.2,40
2020/10/12 01:32:00,34.8350,135.6300,13,3.0,8.5,0.2,0.9,10
2020/10/10 07:39:00,36.7170,141.0000,48,4.0,35.5,0.3,1.8,56
2020/10/10 03:54:00,44.7970,142.1500,0,2.8,20.0,0.4,1.7,4
2020/10/08 12:34:00,29.6520,129.8080,8,4.1,1.6,0.0,-0.2,1
2020/10/08 10:22:00,38.1730,141.7830,59,3.9,12.9,0.2,1.5,39
2020/10/07 12:22:00,34.8980,138.3070,23,3.4,42.9,0.7,2.0,26
2020/10/07 09:34:00,32.7030,130.7670,10,3.5,27.2,0.9,2.4,24
2020/10/07 07:25:00,32.3170,130.4620,10,3.0,17.6,0.2,0.9,11
2020/10/06 15:27:00,39.3850,141.9130,94,4.7,66.4,1.7,3.4,137
2020/10/05 23:01:00,39.3330,142.0820,48,4.0,51.2,0.9,2.2,51
2020/10/05 11:32:00,36.3420,140.6550,87,4.5,61.9,1.3,3.0,160
2020/10/05 07:19:00,42.4100,143.6880,57,3.9,22.2,0.7,2.0,25
2020/10/04 08:40:00,36.6170,140.6450,7,3.3,172.6,1.6,2.4,15
2020/10/03 21:26:00,29.8350,130.7370,32,5.1,10.9,0.3,1.6,7
2020/10/03 18:31:00,33.5330,141.0420,48,5.8,18.3,1.5,2.9,143
2020/10/03 08:37:00,43.9370,145.5650,21,4.2,6.7,0.3,1.7,8
2020/10/01 13:36:00,34.0780,136.1880,6,2.5,71.4,0.7,1.5,1
2020/09/30 22:58:00,38.7750,142.1650,43,4.6,52.0,0.8,2.4,84
2020/09/28 09:06:00,30.5280,130.9030,8,2.4,13.3,0.3,1.6,1
2020/09/27 15:38:00,24.6130,125.2000,28,4.7,20.0,0.8,2.0,2
2020/09/27 13:13:00,35.0800,137.7850,45,5.1,165.9,4.8,3.9,258
2020/09/27 00:36:00,40.3880,141.3800,88,3.5,6.7,0.2,1.0,24
2020/09/26 04:57:00,32.6920,132.1170,39,3.9,26.8,0.7,2.2,33
2020/09/20 19:48:00,34.9830,140.2570,75,4.4,14.1,0.5,2.0,74
2020/09/20 09:04:00,36.7820,140.5730,8,4.4,229.7,4.0,3.6,151
2020/09/19 15:20:00,36.6980,140.5850,10,3.1,35.1,0.5,1.5,9
2020/09/17 14:00:00,36.4620,140.6050,55,4.3,94.4,1.7,2.8,121
2020/09/17 09:18:00,39.3320,142.0870,48,4.5,64.5,1.3,2.7,67
2020/09/15 15:06:00,35.8050,140.8900,12,4.4,12.5,0.6,1.7,46
2020/09/15 12:41:00,55.9570,158.4930,330,6.4,2.5,0.2,1.2,4
2020/09/14 18:10:00,36.4370,140.6620,53,3.5,21.5,0.4,1.9,27
2020/09/13 19:44:00,40.6950,142.6770,41,4.7,10.4,0.8,2.3,91
2020/09/13 05:29:00,38.4830,142.2080,39,4.2,24.6,0.3,1.7,54
2020/09/12 19:04:00,38.7350,142.1700,40,3.6,8.9,0.1,0.8,13
2020/09/12 12:49:00,38.7130,142.2680,42,4.7,42.2,0.8,2.3,98
2020/09/12 11:50:00,38.6950,142.2620,42,4.9,63.6,1.0,2.6,143
2020/09/12 11:47:00,38.7000,142.2320,41,4.3,19.2,0.4,1.8,39
2020/09/12 11:44:00,38.7220,142.2700,43,6.2,270.0,5.7,4.0,459
2020/09/12 11:38:00,36.5250,140.6950,54,4.0,85.6,1.0,2.6,64
2020/09/11 19:19:00,35.8570,140.5300,37,3.9,20.8,0.6,1.6,33
2020/09/11 05:22:00,41.7230,140.2670,12,3.2,33.3,0.4,1.4,11
2020/09/10 12:26:00,36.4780,140.6630,19,4.1,101.7,2.1,2.9,102
2020/09/09 11:45:00,39.6330,142.1070,49,3.8,28.8,0.7,2.1,42
2020/09/08 18:51:00,42.7380,143.4550,74,3.3,8.2,0.2,1.5,13
2020/09/08 11:58:00,27.0580,127.9020,61,4.7,17.5,0.8,2.4,9
2020/09/08 05:15:00,34.0320,135.2480,4,2.5,13.0,0.1,0.4,3
2020/09/07 22:33:00,37.0570,141.2180,48,3.8,18.3,0.3,1.6,34
2020/09/07 10:19:00,42.7380,144.9230,48,4.0,20.2,0.3,1.9,27
2020/09/07 09:34:00,36.1180,136.1870,5,3.3,10.4,0.4,1.8,5
2020/09/07 09:30:00,36.1200,136.1880,6,3.3,11.2,0.4,1.7,4
2020/09/07 06:34:00,36.6870,141.4770,38,5.2,36.4,1.6,2.9,215
2020/09/06 14:50:00,43.5380,144.6370,149,4.0,19.0,0.4,1.9,20
2020/09/05 10:34:00,36.6920,141.4780,38,4.6,15.0,0.3,1.8,87
2020/09/04 09:30:00,36.1130,136.1900,7,3.7,18.8,0.6,2.0,13
2020/09/04 09:10:00,36.1150,136.1880,7,5.0,89.7,3.8,3.7,176
2020/09/04 06:45:00,37.1170,142.4170,17,5.3,4.1,0.2,1.4,51
2020/09/04 00:33:00,39.6330,142.1030,49,3.6,23.1,0.4,1.5,28
2020/09/03 12:04:00,39.4080,142.1330,50,3.9,29.6,0.4,2.0,76
2020/09/02 19:35:00,43.0430,145.7800,44,4.8,43.9,1.0,2.6,54
2020/09/02 02:50:00,36.4500,136.7870,9,4.6,86.1,1.6,3.1,124
2020/09/01 13:37:00,42.4750,143.3480,50,3.6,26.7,1.3,2.6,19
2020/08/31 06:00:00,27.3230,128.8530,31,4.1,17.7,0.4,2.1,3
2020/08/30 14:37:00,36.1950,139.8070,57,4.4,81.8,1.9,3.3,216
2020/08/30 07:48:00,39.0470,141.6250,13,3.1,13.3,0.1,0.7,9
2020/08/30 07:08:00,36.8970,140.5380,6,3.9,50.4,1.4,2.7,44
2020/08/29 03:07:00,32.1950,130.3200,9,2.9,7.2,0.2,1.0,7
2020/08/28 03:20:00,40.0720,141.8470,51,4.1,73.4,1.6,3.1,85
2020/08/28 00:19:00,35.4100,133.8420,11,3.9,94.8,1.6,2.4,24
2020/08/27 23:45:00,36.2570,140.9420,53,3.8,14.1,0.3,1.8,51
2020/08/27 23:14:00,44.1080,148.0680,0,4.9,7.0,0.2,1.7,21
2020/08/27 12:41:00,42.5850,144.9780,49,3.9,21.6,0.4,1.9,18
2020/08/27 09:48:00,38.8450,142.1100,44,4.0,31.9,0.4,1.9,36
2020/08/27 08:55:00,35.6200,137.0400,9,4.0,153.6,1.9,2.5,91
2020/08/26 20:24:00,35.0680,135.6200,12,3.2,8.2,0.1,0.7,13
2020/08/25 13:27:00,37.1030,140.5520,7,3.0,79.0,0.8,1.8,8
2020/08/24 03:06:00,36.7650,137.8820,6,3.1,6.0,0.1,0.7,5
2020/08/22 02:32:00,36.9830,138.5230,10,3.8,63.5,1.8,2.5,34
2020/08/21 04:51:00,42.7230,145.4030,45,4.5,18.7,0.6,2.3,27
2020/08/20 09:28:00,35.7350,141.0130,12,4.2,25.1,0.7,2.0,36
2020/08/17 02:56:00,34.2080,135.0880,9,3.2,43.0,0.4,1.8,6
2020/08/13 23:41:00,32.3220,130.5030,2,2.1,1.3,0.0,-0.9,1
2020/08/13 23:34:00,32.3230,130.5030,3,2.1,2.8,0.0,0.0,2
2020/08/13 12:52:00,35.4220,140.4430,58,3.7,7.9,0.2,1.4,26
2020/08/13 11:35:00,35.4070,140.4420,58,4.4,17.5,0.5,2.1,54
2020/08/13 07:40:00,36.4280,140.6570,53,3.6,18.4,0.2,1.5,29
2020/08/12 19:02:00,43.5630,145.1920,135,3.8,11.5,0.3,1.5,13
2020/08/12 03:28:00,34.0400,135.2770,5,2.9,3.1,0.0,-0.2,2
2020/08/11 17:41:00,32.3300,130.4930,6,3.1,15.3,0.2,1.3,11
2020/08/11 16:20:00,42.4750,142.9450,88,3.9,11.5,0.4,1.6,44
2020/08/10 17:17:00,35.2130,137.2480,44,3.3,11.5,0.2,1.3,37
2020/08/10 09:24:00,35.2870,140.1250,65,4.1,21.9,0.6,2.4,72
2020/08/09 21:54:00,35.6570,140.1480,63,4.0,7.0,0.5,1.8,88
2020/08/09 14:46:00,34.9370,135.5750,8,2.9,18.1,0.3,1.1,9
2020/08/09 14:30:00,37.4970,141.4870,47,4.0,16.4,0.6,1.7,30
2020/08/08 20:54:00,28.6150,129.6270,47,4.2,4.1,0.2,1.0,4
2020/08/08 17:36:00,36.5280,141.1130,45,4.0,20.6,0.4,1.9,48
2020/08/07 22:39:00,42.7920,141.9750,35,3.3,14.1,0.3,1.5,18
2020/08/07 00:34:00,33.7580,136.8420,389,5.3,15.8,0.5,2.2,138
2020/08/06 12:06:00,37.3430,138.8180,186,5.1,10.8,0.4,1.6,148
2020/08/06 02:54:00,36.2230,141.6030,54,5.6,16.3,1.4,2.7,232
2020/08/04 23:03:00,37.0980,141.1130,51,3.7,16.3,0.2,1.4,33
2020/08/04 20:21:00,34.4630,140.2920,75,4.6,138.1,5.3,3.9,107
2020/08/01 19:18:00,41.9300,140.9670,8,2.4,30.5,0.6,2.1,3
2020/08/01 12:15:00,33.7880,135.4470,46,4.2,132.8,2.9,2.8,78
2020/07/30 02:35:00,39.8120,139.7870,16,3.9,22.3,0.7,1.9,39
2020/07/29 17:49:00,37.5770,139.9430,13,3.1,43.4,0.6,1.4,14
2020/07/29 07:32:00,28.3620,129.4080,6,3.3,69.7,0.7,1.1,1
2020/07/29 05:33:00,35.9320,140.8180,20,4.5,108.7,3.7,3.1,117
2020/07/29 05:16:00,32.7780,131.4020,96,3.8,14.8,0.4,1.6,44
2020/07/28 13:22:00,39.2800,140.6180,147,4.2,26.1,0.4,1.7,50
2020/07/27 16:56:00,38.3130,141.9100,45,3.8,35.5,0.5,2.1,42
2020/07/27 01:32:00,40.3520,142.0680,50,3.8,23.0,0.5,1.9,29
2020/07/26 21:52:00,24.1680,122.4020,51,5.5,2.3,0.2,1.0,2
2020/07/26 13:45:00,32.5320,130.7000,7,3.1,8.2,0.2,1.5,15
2020/07/25 19:39:00,37.7000,140.0030,7,4.2,30.9,0.9,2.5,69
2020/07/24 21:38:00,37.3480,138.5930,25,3.5,11.4,0.3,1.2,17
2020/07/24 18:39:00,34.8980,134.8320,14,3.4,39.5,0.5,1.7,19
2020/07/23 22:40:00,32.2220,130.3670,3,2.9,15.8,0.6,2.1,7
2020/07/21 22:46:00,33.2170,132.3050,40,3.4,16.1,0.3,1.5,21
2020/07/21 20:58:00,36.2380,137.6420,2,3.3,15.3,0.3,1.6,13
2020/07/21 18:58:00,36.2330,137.6400,3,3.5,13.4,0.4,1.7,24
2020/07/20 19:32:00,35.9850,140.0780,61,3.8,16.8,0.2,1.2,48
2020/07/20 14:25:00,24.3130,125.2580,43,5.0,10.7,0.3,1.6,3
2020/07/19 21:01:00,36.3100,141.0770,48,4.3,13.7,0.3,1.6,67
2020/07/17 15:10:00,44.4370,147.6580,146,4.9,9.6,0.3,1.9,23
2020/07/17 14:54:00,32.7630,130.7420,10,3.9,34.9,1.2,2.6,56
2020/07/17 13:49:00,37.5630,141.6220,46,4.6,29.0,0.7,2.2,121
2020/07/15 07:01:00,36.2530,137.6420,2,3.4,16.3,0.3,1.5,17
2020/07/15 05:48:00,36.6420,140.7430,90,3.8,21.9,0.3,1.6,73
2020/07/14 22:21:00,43.7880,147.1480,88,4.9,24.1,0.4,1.9,40
2020/07/14 12:36:00,39.0570,140.8730,9,3.7,42.6,0.9,2.4,22
2020/07/13 10:42:00,41.0400,142.7850,31,4.9,14.3,0.5,2.1,96
2020/07/12 18:32:00,40.8820,143.1550,22,4.9,10.3,0.4,1.9,70
2020/07/11 22:11:00,38.8870,141.9700,49,3.8,31.3,0.4,1.7,22
2020/07/11 03:19:00,34.6720,137.5630,30,3.7,30.0,0.6,2.2,51
2020/07/10 19:50:00,32.3450,130.5500,0,3.2,25.7,0.5,1.8,6
2020/07/10 02:34:00,42.7450,142.1380,9,2.2,14.4,0.3,1.6,3
2020/07/09 14:14:00,45.1320,149.5980,146,5.2,7.2,0.2,1.5,40
2020/07/09 06:05:00,36.0630,139.8430,45,4.7,88.1,3.3,3.3,254
2020/07/07 22:29:00,36.2250,137.6630,5,3.2,12.2,0.4,1.7,12
2020/07/06 07:03:00,36.2350,137.6430,6,3.8,44.6,0.7,2.2,39
2020/07/06 03:33:00,34.1420,135.0700,9,3.2,44.1,0.6,1.6,4
2020/07/06 02:17:00,36.2370,137.6380,6,3.5,28.2,0.5,2.1,20
2020/07/05 23:30:00,36.2500,137.6270,5,3.4,28.9,0.8,2.0,19
2020/07/05 22:59:00,36.2650,137.6220,5,3.1,15.5,0.4,1.7,13
2020/07/05 15:09:00,36.2600,137.6200,4,4.8,94.2,1.5,3.2,71
2020/07/05 07:01:00,36.2800,137.6170,4,4.0,79.9,0.8,2.5,29
2020/07/05 04:10:00,36.2850,137.6200,4,4.4,82.2,1.0,2.5,44
2020/07/03 21:44:00,36.9300,139.6750,7,3.7,61.1,1.5,2.9,35
2020/07/03 14:13:00,37.5070,141.5720,46,4.9,62.8,1.8,2.8,172
2020/07/03 11:36:00,36.2220,137.6450,4,3.7,33.9,0.5,1.8,33
2020/07/02 16:07:00,43.6100,147.6680,11,4.8,9.3,0.5,1.7,33
2020/07/01 18:25:00,35.3950,140.4450,57,4.4,14.9,0.8,2.2,80
2020/06/30 00:06:00,43.1420,146.0150,49,3.7,11.9,0.3,1.7,16
2020/06/29 11:37:00,24.8300,125.4020,47,4.3,23.5,0.6,1.9,2
2020/06/28 14:59:00,35.6500,140.7070,50,3.8,15.3,0.5,2.0,26
2020/06/26 02:00:00,23.9700,123.5780,35,4.6,2.3,0.1,0.7,2
2020/06/25 09:05:00,37.0450,139.3930,8,3.0,83.4,0.9,2.3,10
2020/06/25 04:47:00,35.5530,141.1120,36,6.1,142.1,12.4,4.4,341
2020/06/24 05:26:00,36.0480,137.5230,7,3.4,83.4,1.5,3.0,19
2020/06/22 22:29:00,24.3420,122.9670,49,4.4,3.8,0.1,0.3,1
2020/06/20 09:10:00,37.0350,139.3530,6,2.5,97.2,1.3,2.6,1
2020/06/20 03:03:00,36.2400,137.6450,4,3.9,20.9,0.7,2.0,43
2020/06/20 02:38:00,39.3280,141.9750,44,3.7,41.4,0.3,1.5,22
2020/06/19 14:45:00,39.1020,142.1970,43,3.9,20.6,0.3,1.4,21
2020/06/19 09:26:00,24.9480,123.3980,18,5.6,6.1,0.2,1.3,1
2020/06/19 07:25:00,24.8100,125.3870,50,4.4,27.5,0.6,2.2,2
2020/06/19 01:43:00,25.0020,123.3680,14,5.7,3.8,0.3,1.2,1
2020/06/18 13:01:00,37.8730,140.8770,78,3.3,6.2,0.1,0.5,17
2020/06/17 15:03:00,35.3100,136.4670,6,4.4,41.7,1.9,2.4,115
2020/06/16 15:36:00,43.1420,146.0550,79,3.9,12.5,0.4,2.0,23
2020/06/16 08:27:00,35.0480,139.9230,54,4.1,35.4,1.1,2.5,111
2020/06/16 07:28:00,36.3980,140.6750,52,3.7,17.1,0.3,1.9,38
2020/06/16 01:55:00,37.8250,141.6450,82,4.5,32.3,0.8,2.2,137
2020/06/14 05:18:00,24.2020,122.4280,52,5.5,3.5,0.2,0.9,3
2020/06/14 00:51:00,28.7630,128.3550,165,6.3,38.9,1.9,3.2,81
2020/06/13 02:42:00,38.4180,141.9430,61,4.2,33.1,0.8,2.5,78
2020/06/12 22:03:00,28.6520,129.3870,54,4.3,11.7,0.4,1.7,4
2020/06/12 20:30:00,32.6250,132.1780,40,4.2,27.8,0.8,2.7,62
2020/06/12 04:36:00,36.3320,138.0100,7,3.8,34.5,0.5,1.8,29
2020/06/12 02:09:00,43.1130,146.0420,65,4.2,13.9,0.5,2.1,21
2020/06/10 00:22:00,33.3170,133.3630,21,4.7,115.2,3.8,3.5,124
2020/06/09 13:43:00,35.4250,133.8330,13,3.3,58.9,0.5,1.4,11
2020/06/08 18:36:00,31.5800,130.3400,8,3.2,24.1,0.5,2.0,12
2020/06/08 00:17:00,36.1950,139.9550,53,3.5,20.4,0.3,1.5,54
2020/06/07 21:44:00,36.0050,141.2370,26,4.2,11.1,0.3,1.6,31
2020/06/06 22:48:00,35.5670,139.6780,79,3.6,15.6,0.6,1.6,80
2020/06/04 05:31:00,36.4280,140.6920,52,4.8,132.6,2.9,3.3,174
2020/06/03 06:32:00,32.8380,131.3820,14,3.8,90.0,1.1,2.4,38
2020/06/02 18:37:00,27.8500,128.8150,44,3.4,12.6,0.3,1.5,1
2020/06/02 15:41:00,35.6200,140.0470,8,3.5,36.1,0.6,1.7,39
2020/06/01 09:37:00,31.5800,130.3380,9,3.3,32.1,0.5,1.9,16
2020/06/01 09:33:00,31.5800,130.3370,9,4.3,286.9,6.0,3.9,42
2020/06/01 06:02:00,36.1900,140.3430,97,5.2,146.2,5.0,4.1,353
2020/06/01 04:43:00,36.2650,137.6520,5,3.3,19.9,0.4,1.8,14
2020/05/31 03:14:00,42.5220,143.7020,94,5.6,217.9,6.9,4.2,240
2020/05/30 05:39:00,36.2650,137.6200,5,2.8,21.6,0.3,1.6,4
2020/05/29 19:46:00,36.2380,137.6430,5,3.7,30.4,0.6,2.3,29
2020/05/29 19:05:00,36.2620,137.6400,4,5.3,115.0,2.2,3.5,131
2020/05/29 09:46:00,35.3870,140.3950,52,3.6,9.3,0.4,1.7,36
2020/05/29 06:24:00,33.9300,135.9470,42,3.5,20.0,0.3,1.3,22
2020/05/29 02:46:00,38.6170,141.8970,48,3.8,27.9,0.3,1.5,26
2020/05/28 21:29:00,36.5970,141.0670,46,3.8,20.0,0.4,1.7,46
2020/05/27 22:58:00,35.3820,139.1100,153,4.0,3.8,0.1,1.1,18
2020/05/27 18:19:00,24.8500,125.4080,51,5.2,70.8,2.7,3.1,3
2020/05/27 08:49:00,35.4030,136.8050,8,3.0,19.4,0.3,1.2,11
2020/05/26 04:38:00,30.3430,130.9480,12,4.2,60.1,2.1,2.8,3
2020/05/25 02:11:00,36.3950,140.8600,52,3.9,20.4,0.5,2.0,49
2020/05/24 21:10:00,33.8180,139.4850,21,4.2,7.6,0.2,1.2,4
2020/05/24 12:10:00,43.7570,143.9950,11,3.2,26.6,0.9,2.0,10
2020/05/23 04:33:00,27.2950,128.4350,48,4.9,50.6,2.0,3.2,10
2020/05/22 20:11:00,27.3900,128.6470,42,4.1,15.1,0.4,2.0,4
2020/05/22 14:15:00,36.2830,137.6280,5,3.4,32.2,0.4,1.8,19
2020/05/22 13:52:00,36.2770,137.6320,5,3.2,25.5,0.3,1.6,8
2020/05/21 02:07:00,35.5370,139.9700,17,3.5,19.6,0.5,1.9,56
2020/05/19 18:45:00,27.9850,129.4900,41,4.5,15.8,0.4,1.9,4
2020/05/19 16:55:00,36.3120,137.6220,2,4.7,67.4,1.3,2.7,84
2020/05/19 16:15:00,36.2950,137.5900,3,3.4,17.5,0.4,1.8,14
2020/05/19 16:05:00,36.2880,137.6280,3,4.4,41.5,0.9,2.5,38
2020/05/19 14:36:00,36.2720,137.6420,3,4.0,23.6,0.5,2.0,21
2020/05/19 14:33:00,36.2950,137.6230,3,3.8,45.8,0.8,2.6,23
2020/05/19 14:27:00,36.2880,137.6270,4,3.6,48.0,0.7,2.2,21
2020/05/19 14:23:00,36.2930,137.6280,3,4.7,157.4,2.7,3.3,65
2020/05/19 13:23:00,36.2820,137.6230,4,2.9,23.5,0.4,1.6,4
2020/05/19 13:13:00,36.2830,137.6280,3,5.4,134.9,4.6,3.4,137
2020/05/19 12:46:00,36.2650,137.6270,4,4.0,25.9,0.6,2.0,18
2020/05/19 12:17:00,37.5130,141.4250,50,5.4,225.9,8.3,4.0,282
2020/05/19 05:10:00,36.2770,137.6300,4,3.1,20.6,0.4,1.7,11
2020/05/19 05:00:00,36.2630,137.6280,5,4.1,39.6,0.9,2.4,22
2020/05/19 02:57:00,36.2630,137.6280,5,3.2,21.9,0.4,1.5,10
2020/05/19 02:30:00,36.2750,137.6250,4,3.0,40.7,0.9,2.0,6
2020/05/19 02:01:00,36.2600,137.6180,5,4.8,67.6,1.4,3.0,50
2020/05/18 12:00:00,38.1750,141.6950,51,5.2,100.5,3.1,3.4,210
2020/05/18 11:13:00,36.1900,139.9720,52,3.7,21.1,0.4,1.7,52
2020/05/17 20:38:00,33.6080,134.7530,37,4.6,162.7,6.2,4.3,136
2020/05/17 12:29:00,42.2280,140.5870,17,3.6,38.8,0.8,2.3,20
2020/05/17 04:00:00,30.1770,130.4520,5,3.1,17.3,0.1,0.8,2
2020/05/16 08:33:00,35.1420,139.1120,4,2.4,23.9,0.4,1.3,3
2020/05/16 06:27:00,36.3200,140.7450,53,3.9,65.2,1.2,2.7,93
2020/05/15 06:40:00,38.7020,142.2550,39,4.6,51.8,1.0,2.5,85
2020/05/14 09:39:00,36.2780,137.6350,4,2.9,16.5,0.4,1.5,6
2020/05/14 04:30:00,40.1030,142.0220,12,4.6,69.1,2.6,3.3,70
2020/05/13 22:46:00,42.8730,145.0570,75,4.0,60.7,1.0,2.8,44
2020/05/13 15:15:00,36.2650,137.6300,4,3.7,45.6,1.1,2.5,25
2020/05/13 13:39:00,32.0050,131.7130,39,3.8,12.0,0.4,2.0,20
2020/05/13 10:28:00,36.2620,137.6350,3,4.8,55.8,1.1,2.7,62
2020/05/13 09:40:00,36.2520,137.6320,2,4.7,37.4,0.8,2.4,58
2020/05/13 07:31:00,36.2620,137.6300,4,3.4,17.8,0.4,1.8,15
2020/05/13 07:07:00,36.2650,137.6470,2,3.4,19.0,0.4,1.7,13
2020/05/13 07:04:00,36.2600,137.6270,2,4.6,32.5,0.7,2.3,27
2020/05/12 11:44:00,42.9270,145.5080,46,4.3,35.0,0.8,2.5,34
2020/05/11 08:58:00,36.3870,141.0380,47,5.8,84.2,2.2,3.5,285
2020/05/11 02:23:00,33.8350,132.1420,57,3.9,14.9,0.5,1.7,80
2020/05/10 07:42:00,36.6000,140.6270,7,3.2,216.8,1.9,2.8,11
2020/05/09 06:35:00,40.1020,142.0230,11,4.8,77.3,2.3,3.3,99
2020/05/06 10:16:00,37.4830,141.5930,46,4.3,18.9,0.6,1.7,68
2020/05/06 01:57:00,35.6320,140.0780,68,5.0,40.3,3.1,3.3,253
2020/05/05 00:23:00,36.2450,137.6330,6,3.2,23.8,0.6,1.8,14
2020/05/04 22:34:00,36.3470,141.0300,45,4.4,67.8,1.4,3.0,130
2020/05/04 22:07:00,35.7300,140.6100,48,5.6,121.2,7.7,4.2,232
2020/05/03 21:01:00,31.2950,128.6930,15,4.9,3.6,0.3,1.3,13
2020/05/03 20:54:00,31.3030,128.7170,9,6.2,18.6,1.5,2.9,69
2020/05/03 18:17:00,33.2930,129.9050,5,3.2,53.9,0.9,2.7,8
2020/05/03 05:55:00,36.6970,140.6470,11,3.6,71.0,0.8,2.3,27
2020/05/02 11:26:00,35.4300,140.3380,27,3.2,13.4,0.3,1.4,15
2020/04/30 20:02:00,35.3870,136.7630,9,2.8,34.0,0.4,1.6,8
2020/04/30 19:51:00,28.3400,129.5650,24,3.6,31.8,0.4,1.2,4
2020/04/30 14:44:00,36.2630,137.6370,4,3.1,20.5,0.5,1.8,12
2020/04/30 12:15:00,40.8400,142.8230,34,5.3,42.1,1.3,2.9,194
2020/04/29 18:25:00,39.6370,142.1080,49,3.7,26.7,0.5,1.7,24
2020/04/28 19:31:00,37.3950,141.3730,32,4.2,28.7,0.8,2.0,48
2020/04/27 11:32:00,36.2480,137.6300,10,4.8,48.9,1.3,2.8,69
2020/04/27 09:29:00,36.2070,137.6130,5,2.9,11.1,0.2,1.5,5
2020/04/26 23:02:00,42.1030,144.9680,45,4.7,10.4,0.5,1.9,44
2020/04/26 09:49:00,36.1320,140.0800,66,4.8,156.4,5.3,3.6,253
2020/04/26 08:56:00,36.2500,137.6320,5,3.5,21.8,0.4,1.7,20
2020/04/26 05:00:00,36.2470,137.6300,5,3.2,16.1,0.4,1.8,10
2020/04/26 02:37:00,36.2450,137.6070,5,3.5,22.3,0.8,2.1,23
2020/04/26 02:22:00,36.2520,137.6370,6,5.0,108.6,2.2,3.2,130
2020/04/24 21:12:00,36.2480,137.6330,5,3.6,37.6,0.8,2.2,17
2020/04/24 19:57:00,36.2430,137.6380,5,3.4,16.2,0.5,1.7,16
2020/04/24 06:31:00,36.2270,137.6150,3,3.3,14.9,0.3,1.8,16
2020/04/24 06:19:00,28.3370,129.5630,24,4.1,16.9,0.5,2.0,4
2020/04/24 05:39:00,36.2530,137.6400,5,3.0,21.5,0.4,1.5,10
2020/04/24 04:52:00,41.4800,141.9920,65,5.2,33.1,1.0,2.6,188
2020/04/24 01:38:00,35.8720,140.4930,37,4.2,60.6,0.9,2.2,69
2020/04/23 21:36:00,42.7630,143.1550,101,3.4,8.2,0.3,1.5,13
2020/04/23 21:03:00,36.2470,137.6450,6,4.3,41.9,0.9,2.4,48
2020/04/23 19:10:00,36.2170,137.6100,5,3.2,13.1,0.3,1.6,13
2020/04/23 14:16:00,36.2250,137.6580,5,3.7,36.5,0.8,2.0,29
2020/04/23 13:57:00,36.2350,137.6500,5,5.0,61.4,1.7,3.0,87
2020/04/23 13:52:00,36.2270,137.6530,1,4.6,52.4,1.0,2.8,51
2020/04/23 13:44:00,36.2250,137.6620,3,5.5,198.7,6.8,4.4,169
2020/04/23 12:26:00,36.9320,140.7500,15,4.2,95.5,2.9,3.0,89
2020/04/23 10:22:00,37.1120,141.1050,52,3.8,26.7,0.4,1.7,49
2020/04/22 02:47:00,36.2270,137.6580,4,3.6,51.9,1.5,3.2,28
2020/04/22 02:26:00,36.2270,137.6600,4,3.8,39.6,1.2,2.7,28
2020/04/21 01:08:00,34.6680,137.1600,12,3.1,42.3,0.6,1.3,10
2020/04/20 20:38:00,31.1880,130.4000,148,4.6,20.1,0.6,2.2,42
2020/04/20 17:11:00,26.7050,126.6870,109,4.3,4.3,0.1,1.0,4
2020/04/20 10:49:00,38.8430,142.1130,44,4.3,33.8,0.5,2.1,45
2020/04/20 05:39:00,38.8870,142.0980,46,6.2,242.6,7.0,4.3,433
2020/04/19 12:09:00,34.7550,137.2330,40,3.5,27.4,0.5,1.7,50
2020/04/18 17:26:00,27.1730,140.5070,477,6.8,14.7,1.1,2.7,227
2020/04/17 06:22:00,26.0220,128.6950,34,5.3,5.6,0.3,1.5,4
2020/04/16 13:15:00,35.8000,140.9770,27,3.7,9.3,0.3,1.5,15
2020/04/16 11:18:00,37.0730,141.1670,50,4.4,51.9,1.9,3.0,101
2020/04/15 16:19:00,26.3650,128.9200,36,5.2,6.2,0.3,1.7,4
2020/04/14 06:35:00,36.5200,140.5750,58,3.9,61.6,0.8,2.2,67
2020/04/13 19:16:00,36.7670,137.8780,5,4.2,74.6,1.3,2.9,27
2020/04/12 22:11:00,41.7270,141.9770,44,4.3,20.6,0.8,2.4,106
2020/04/12 00:44:00,36.1980,139.9600,53,5.0,595.5,16.6,5.0,288
2020/04/11 05:29:00,35.6300,141.0650,27,4.5,7.5,0.4,1.5,16
2020/04/10 23:41:00,35.2820,138.6970,11,2.0,2.7,0.1,0.2,1
2020/04/10 19:22:00,41.9330,142.3070,72,4.4,13.0,0.4,2.0,57
2020/04/10 00:45:00,36.5050,140.9450,54,4.1,27.1,0.4,1.9,55
2020/04/09 12:12:00,36.4020,141.0300,46,3.8,17.8,0.3,1.5,37
2020/04/09 00:28:00,40.3500,142.1830,45,3.7,8.6,0.2,1.1,14
2020/04/08 21:32:00,37.6470,140.5650,96,3.7,18.6,0.3,1.8,51
2020/04/08 19:44:00,39.6320,142.1020,48,3.7,28.2,0.4,1.7,32
2020/04/08 14:55:00,26.6630,126.6630,102,4.5,3.7,0.1,0.9,5
2020/04/08 02:53:00,31.6970,129.5580,10,4.3,222.0,4.2,3.3,36
2020/04/07 14:12:00,32.5450,132.1320,33,4.7,43.4,2.3,3.4,91
2020/04/06 05:00:00,37.2670,136.8120,12,4.0,69.4,2.6,3.2,32
2020/04/05 06:57:00,31.2670,129.9730,9,4.0,21.9,0.4,2.0,30
2020/04/05 05:46:00,34.6050,137.0680,7,3.3,12.3,0.3,1.1,4
2020/04/04 12:55:00,28.6530,129.2750,66,4.7,18.3,0.5,2.2,4
2020/04/03 14:30:00,34.4520,133.3680,12,4.1,66.5,1.5,2.5,92
2020/04/02 19:08:00,24.8030,125.3730,49,4.5,18.7,0.6,1.9,2
2020/04/02 00:33:00,35.6950,140.9130,13,4.2,78.5,2.2,2.9,32
2020/04/01 04:39:00,45.1070,141.8030,0,2.6,15.6,1.0,2.4,4
2020/03/31 20:24:00,36.3900,141.0370,47,4.7,51.1,1.6,3.1,149
2020/03/31 00:52:00,23.8520,123.3670,31,5.5,6.3,0.3,1.6,2
2020/03/30 17:15:00,35.3820,140.3680,28,4.1,16.6,0.9,2.1,42
2020/03/29 22:19:00,37.0750,140.7320,11,3.2,10.7,0.2,1.3,10
2020/03/29 12:39:00,24.1770,124.2070,10,5.0,6.6,0.3,1.5,4
2020/03/28 09:58:00,41.9220,142.3530,70,5.0,60.3,4.0,3.4,181
2020/03/27 23:11:00,34.2000,139.2450,12,3.4,11.8,0.2,1.4,4
2020/03/24 12:15:00,32.1400,131.4580,19,3.4,75.2,1.2,2.6,16
2020/03/24 00:31:00,34.0470,135.1550,6,2.5,13.3,0.2,0.8,1
2020/03/23 22:57:00,26.5550,128.7480,25,4.5,8.5,0.3,1.6,3
2020/03/22 20:52:00,34.0450,135.1270,6,3.1,27.9,0.3,1.3,4
2020/03/21 18:03:00,37.2080,141.4330,32,4.3,13.7,0.5,2.0,44
2020/03/21 13:58:00,35.6700,137.7380,11,4.1,155.5,1.7,2.7,76
2020/03/21 12:37:00,41.5500,142.0700,65,3.8,3.5,0.1,0.5,13
2020/03/19 01:32:00,42.1080,141.6530,34,4.0,7.6,0.2,1.5,43
2020/03/18 09:44:00,35.2980,133.1300,12,3.5,36.9,0.5,1.6,39
2020/03/17 21:38:00,37.1320,141.2470,61,3.9,11.7,0.2,1.2,35
2020/03/16 20:42:00,33.6720,130.4170,13,3.8,27.1,0.7,2.1,34
2020/03/15 19:09:00,36.1230,140.0770,64,3.8,16.1,0.4,1.8,64
2020/03/15 11:59:00,36.1080,138.3550,3,3.7,35.2,0.6,2.1,33
2020/03/15 09:53:00,36.1080,138.3520,1,3.1,11.5,0.2,1.5,6
2020/03/14 17:45:00,34.2100,135.1970,4,2.8,169.5,1.7,2.3,5
2020/03/13 22:06:00,33.2630,139.4950,11,4.4,10.5,0.3,1.6,1
2020/03/13 17:33:00,34.6670,131.9750,11,3.8,48.9,1.0,2.5,58
2020/03/13 12:59:00,32.7850,130.1250,7,2.4,3.0,0.0,-0.1,2
2020/03/13 07:15:00,32.8030,130.5470,12,3.8,21.1,0.6,2.0,49
2020/03/13 04:53:00,37.2850,136.8180,12,3.5,33.7,0.5,2.0,7
2020/03/13 02:36:00,37.2850,136.8250,12,3.6,32.2,0.5,1.5,11
2020/03/13 02:18:00,37.2780,136.8230,12,5.5,509.5,31.5,5.3,215
2020/03/11 14:29:00,32.1330,130.0580,10,3.5,16.2,0.4,1.8,14
2020/03/11 14:03:00,38.3100,141.9270,43,4.0,33.6,0.5,1.9,48
2020/03/11 13:04:00,39.6770,140.7380,12,4.4,292.3,7.7,3.9,48
2020/03/11 11:26:00,35.9000,137.6280,9,3.3,36.1,0.8,2.4,14
2020/03/09 04:28:00,33.3220,132.0280,59,4.7,65.8,2.3,3.2,208
2020/03/07 20:56:00,35.9600,140.3030,58,4.1,6.0,0.2,1.4,43
2020/03/07 04:15:00,26.4470,128.0670,19,3.5,7.1,0.1,0.7,5
2020/03/04 16:25:00,35.7720,141.0320,37,3.8,8.1,0.2,1.5,15
2020/03/03 18:31:00,30.3980,131.0970,32,4.4,11.9,0.3,1.6,12
2020/03/03 12:33:00,38.5880,139.3770,11,3.5,5.6,0.1,0.7,8
2020/03/03 11:59:00,37.0250,141.0730,18,4.2,38.7,1.3,2.7,34
2020/03/03 08:16:00,33.6130,130.3820,17,3.5,39.6,0.5,2.0,28
2020/03/03 07:43:00,43.2970,143.9380,0,3.9,31.5,0.6,2.2,27
2020/03/03 03:28:00,34.2120,135.1250,7,3.2,98.5,0.8,2.0,6
2020/02/28 05:41:00,32.0170,132.1600,20,4.0,11.7,0.2,1.1,10
2020/02/26 19:12:00,35.4430,140.4000,31,2.8,8.2,0.2,1.1,13
2020/02/25 12:12:00,36.1770,140.0050,51,3.3,13.2,0.2,1.2,24
2020/02/24 06:19:00,41.5970,140.7570,11,3.3,10.9,0.4,1.9,10
2020/02/23 21:57:00,45.0580,148.5830,175,4.9,10.9,0.3,1.8,18
2020/02/23 21:12:00,36.6320,141.1550,34,4.2,15.0,0.2,1.3,32
2020/02/22 07:38:00,40.3550,142.0820,50,3.7,19.5,0.4,1.7,20
2020/02/22 00:22:00,31.3120,130.5750,9,3.3,48.0,1.0,2.4,16
2020/02/20 15:33:00,35.3920,140.3150,27,2.8,11.8,0.3,0.9,6
2020/02/20 12:53:00,35.3950,140.3100,28,4.3,116.4,3.9,3.2,49
2020/02/20 00:50:00,43.3070,143.9450,5,4.6,222.4,6.0,3.5,39
2020/02/19 21:53:00,37.0520,140.4270,12,3.8,36.7,0.8,2.2,51
2020/02/19 04:15:00,32.6850,130.6000,11,3.5,96.5,1.4,2.8,28
2020/02/17 12:40:00,35.9920,140.2070,40,4.4,42.3,1.4,2.6,125
2020/02/17 00:39:00,35.6020,139.4880,25,2.8,12.6,0.3,1.2,5
2020/02/16 09:14:00,32.6530,130.7130,7,2.7,11.7,0.5,1.6,3
2020/02/14 21:11:00,31.7300,131.0820,4,2.5,28.1,0.4,1.4,2
2020/02/13 19:34:00,45.0550,149.1620,155,7.2,119.2,5.5,4.1,409
2020/02/13 12:55:00,27.5800,129.1500,29,4.1,22.0,0.5,2.2,3
2020/02/13 11:04:00,36.6300,140.6430,9,2.7,58.5,0.4,1.6,2
2020/02/12 19:37:00,37.3100,141.3580,87,5.4,119.4,5.4,4.0,340
2020/02/12 19:36:00,42.7000,141.9750,41,4.2,72.9,1.7,2.8,51
2020/02/11 22:02:00,34.2170,135.1450,5,2.3,48.9,0.5,1.6,2
2020/02/11 06:11:00,35.5780,139.4200,25,3.0,10.7,0.3,1.3,17
2020/02/09 16:36:00,35.8750,140.4580,37,3.7,32.9,0.7,1.8,48
2020/02/07 08:41:00,36.9880,140.6620,73,3.7,19.5,0.3,1.4,56
2020/02/06 20:19:00,36.3430,141.7250,54,5.7,20.3,2.0,2.9,189
2020/02/05 14:29:00,36.0930,137.5420,5,2.5,43.2,0.9,2.7,2
2020/02/05 10:00:00,43.2270,146.0950,45,4.4,39.1,0.8,2.3,21
2020/02/02 22:46:00,32.3750,130.6800,12,3.4,36.0,0.5,1.6,19
2020/02/02 20:11:00,28.8250,129.9220,26,4.5,9.7,0.5,2.1,2
2020/02/01 17:21:00,42.9830,145.9420,47,4.2,30.0,0.6,2.2,16
2020/02/01 02:07:00,35.9680,140.0630,63,5.3,203.3,6.6,4.4,312
2020/02/01 01:11:00,35.6730,140.7120,50,5.0,49.7,2.9,3.4,123
2020/01/31 20:29:00,37.3850,141.3480,34,3.6,6.9,0.2,1.0,16
2020/01/30 19:55:00,32.5930,130.6530,12,3.9,173.0,3.6,3.2,62
2020/01/30 11:54:00,33.0220,130.5530,9,3.6,56.8,0.8,2.2,32
2020/01/29 17:45:00,36.7950,140.5450,9,3.7,43.1,0.5,1.8,41
2020/01/29 08:39:00,27.3320,126.5320,14,5.7,2.9,0.3,1.0,2
2020/01/29 01:33:00,43.0150,144.8470,61,3.9,25.8,0.5,1.9,35
2020/01/28 23:59:00,38.8880,141.9700,49,3.9,28.8,0.4,1.7,22
2020/01/28 19:13:00,40.9820,142.0020,57,4.2,33.6,0.7,2.3,50
2020/01/28 16:21:00,32.6850,130.7180,13,2.6,5.4,0.1,0.8,1
2020/01/28 12:23:00,39.1650,142.5670,29,4.1,9.1,0.2,1.3,45
2020/01/28 10:36:00,43.3730,145.9830,96,5.5,103.1,3.4,3.6,135
2020/01/25 10:34:00,35.2670,140.6430,58,4.1,5.9,0.2,1.1,16
2020/01/23 16:13:00,34.6830,137.8480,34,3.7,26.3,0.5,2.1,39
2020/01/23 07:08:00,42.9930,145.7780,73,4.0,26.0,0.4,1.8,33
2020/01/22 19:38:00,37.0300,141.3170,49,3.5,13.4,0.3,1.4,51
2020/01/22 18:52:00,33.9020,134.4650,3,3.1,19.1,0.3,1.1,5
2020/01/21 19:18:00,36.4270,140.6470,53,4.2,89.2,1.6,3.2,120
2020/01/20 17:04:00,28.2580,129.9620,21,3.4,3.2,0.1,0.6,1
2020/01/20 08:46:00,33.9230,135.5050,52,3.5,23.5,0.3,1.3,19
2020/01/18 02:53:00,38.9030,142.0980,44,4.0,49.4,0.6,2.0,26
2020/01/17 02:39:00,33.6950,135.4770,23,3.4,33.5,0.4,1.3,20
2020/01/16 18:42:00,26.5400,127.7220,13,3.8,7.4,0.2,1.0,5
2020/01/16 18:36:00,26.5380,127.7230,14,4.2,36.2,0.9,2.5,6
2020/01/16 09:01:00,35.8800,137.5770,6,3.1,42.4,1.0,2.7,14
2020/01/15 20:31:00,42.9080,145.1170,91,4.8,34.7,1.0,2.6,79
2020/01/15 08:18:00,36.4320,140.6870,52,3.7,37.5,0.5,2.0,43
2020/01/14 13:25:00,36.1220,140.8750,52,4.9,43.8,1.3,2.8,150
2020/01/14 04:53:00,36.0770,139.8830,46,4.8,115.2,4.0,3.8,260
2020/01/13 03:34:00,36.9080,138.5770,3,2.9,9.9,0.2,0.7,5
2020/01/12 00:55:00,43.3200,146.3770,48,4.8,57.3,1.2,3.0,46
2020/01/08 11:57:00,37.1520,141.9930,41,4.7,6.6,0.3,1.6,60
2020/01/08 04:22:00,36.1430,139.8220,51,3.9,23.5,0.6,1.8,85
2020/01/08 00:32:00,36.9100,139.3900,5,2.7,21.6,0.3,1.5,6
2020/01/07 15:07:00,26.3550,127.6300,22,3.3,10.0,0.3,1.3,2
2020/01/06 22:46:00,42.9920,143.8220,18,3.4,20.1,0.5,1.8,9
2020/01/06 09:53:00,29.1670,130.4920,68,4.8,3.1,0.2,1.4,1
2020/01/06 09:20:00,29.1820,130.4870,68,4.9,3.8,0.3,1.6,1
2020/01/06 04:20:00,36.7480,140.5750,10,3.4,38.7,0.4,1.6,24
2020/01/06 02:05:00,34.8830,136.8170,14,3.1,9.2,0.2,1.1,18
2020/01/04 13:35:00,36.1800,140.0230,52,3.1,8.0,0.2,1.0,22
2020/01/03 17:08:00,44.0220,141.9250,0,1.8,13.5,0.4,1.8,2
2020/01/03 14:30:00,35.5050,136.6780,7,3.3,56.6,0.9,1.9,18
2020/01/03 10:19:00,40.1480,139.4850,204,4.8,9.2,0.2,1.4,85
2020/01/03 03:24:00,35.8100,141.1150,34,5.8,63.7,5.0,3.6,263
2019/12/29 00:56:00,28.2850,129.6000,32,4.0,18.9,0.3,1.7,4
2019/12/28 08:41:00,24.1350,123.8170,18,4.6,5.3,0.1,1.0,2
2019/12/27 14:10:00,37.9370,142.7630,29,4.8,15.3,0.6,2.2,63
2019/12/27 03:09:00,32.1380,130.0570,9,3.3,16.5,0.5,1.8,14
2019/12/26 19:59:00,32.1380,130.0580,8,3.0,12.7,0.3,1.3,6
2019/12/26 19:54:00,32.1370,130.0530,8,3.8,34.2,0.6,2.2,23
2019/12/26 18:26:00,38.5280,141.8150,49,4.7,106.3,1.4,2.7,109
2019/12/24 23:37:00,43.4970,146.1650,93,4.8,78.1,1.6,3.3,58
2019/12/22 21:33:00,38.9780,140.8950,7,4.4,311.3,6.8,3.9,102
2019/12/22 14:24:00,42.0650,140.4370,10,4.2,86.5,1.9,3.1,26
2019/12/21 07:44:00,40.2120,140.1820,17,3.3,26.9,0.5,1.8,14
2019/12/20 18:31:00,28.2970,129.5780,33,4.1,20.8,0.7,2.2,4
2019/12/20 05:28:00,30.5730,131.1530,30,4.5,14.3,0.4,1.8,12
2019/12/19 15:21:00,40.5120,142.1780,50,5.5,250.8,10.6,4.4,245
2019/12/19 09:23:00,36.2870,140.6680,89,4.1,41.2,1.2,2.7,85
2019/12/18 20:54:00,43.4080,145.9450,98,4.4,31.0,0.7,2.5,42
2019/12/18 08:35:00,27.3050,128.4320,47,5.1,105.2,2.9,3.6,10
2019/12/16 17:04:00,35.4680,138.9450,23,3.3,18.3,0.3,1.5,26
2019/12/16 06:52:00,42.7600,141.8950,31,4.4,61.8,1.7,3.2,68
2019/12/16 04:14:00,35.1530,140.5650,59,4.3,16.7,0.7,2.2,63
2019/12/15 12:33:00,36.6100,138.3570,1,2.9,15.8,0.2,0.8,8
2019/12/14 03:24:00,35.0300,139.4500,33,4.3,295.2,10.6,4.3,87
2019/12/12 04:24:00,42.7000,141.9820,36,3.1,7.7,0.2,1.2,15
2019/12/12 01:09:00,45.1050,141.8780,7,4.2,192.4,13.0,4.5,26
2019/12/11 18:39:00,37.7280,141.8000,41,5.3,62.1,1.5,3.0,211
2019/12/08 12:22:00,39.4480,142.7280,32,4.4,15.9,0.4,2.0,50
2019/12/07 12:34:00,37.3800,141.7770,41,4.6,70.3,2.9,3.5,118
2019/12/06 20:57:00,36.8000,140.5420,8,3.3,79.6,1.4,2.2,22
2019/12/06 14:39:00,36.9070,140.4320,81,3.5,9.4,0.2,1.3,36
2019/12/05 23:54:00,31.1120,131.4450,30,4.7,19.0,0.9,2.5,42
2019/12/05 22:35:00,36.8080,140.5450,8,4.6,728.8,17.0,4.3,154
2019/12/05 15:01:00,36.7750,140.5650,9,3.9,89.0,1.4,2.9,63
2019/12/05 13:58:00,43.0720,144.9970,61,4.1,44.3,0.9,2.5,39
2019/12/05 08:38:00,36.8080,140.5420,7,3.8,42.6,0.8,2.2,33
2019/12/04 19:35:00,36.9530,139.6800,7,4.8,457.7,20.0,5.2,187
2019/12/04 18:13:00,36.1370,139.8020,51,4.0,44.8,1.2,2.7,87
2019/12/04 13:27:00,36.9530,139.6820,7,3.9,311.7,3.7,3.1,40
2019/12/04 10:50:00,36.8050,140.5400,9,3.5,50.1,0.8,1.9,25
2019/12/04 10:38:00,36.8080,140.5380,9,4.9,432.7,9.1,4.5,252
2019/12/03 20:02:00,35.7330,139.9670,78,3.8,7.2,0.2,1.3,78
2019/12/03 10:18:00,36.1420,139.8170,52,4.7,254.7,6.3,3.8,260
2019/12/03 08:25:00,40.1980,142.0300,42,4.5,64.5,1.0,2.5,97
2019/12/03 07:54:00,24.2500,123.8000,17,4.2,11.8,0.3,1.4,3
2019/12/03 01:16:00,35.7980,137.4950,8,2.9,56.4,0.7,2.0,8
2019/11/29 23:57:00,24.8850,124.7650,11,4.4,3.3,0.1,0.5,2
2019/11/29 13:01:00,39.1250,143.0330,26,5.6,14.8,1.1,2.7,137
2019/11/28 16:41:00,42.8250,145.2480,49,4.7,82.8,2.1,3.2,56
2019/11/26 16:24:00,35.8020,137.4970,8,3.2,137.4,1.4,2.3,19
2019/11/26 15:09:00,34.0450,133.0630,16,4.6,95.5,2.5,3.2,202
2019/11/26 07:58:00,34.0450,133.0600,15,3.8,56.1,0.9,2.0,55
2019/11/25 12:22:00,36.2000,140.9570,45,3.9,22.6,0.5,1.5,39
2019/11/23 21:58:00,43.6170,147.1780,34,5.4,31.8,1.0,2.7,60
2019/11/23 08:44:00,36.2730,140.9030,38,3.7,18.1,0.5,2.2,22
2019/11/23 01:02:00,31.9370,131.8700,27,4.4,11.5,0.4,1.9,47
2019/11/22 18:05:00,31.9370,131.9120,24,5.2,35.5,1.6,3.0,135
2019/11/22 05:23:00,36.0700,139.8900,45,4.5,72.2,1.8,2.9,202
2019/11/20 06:20:00,37.0550,138.0470,10,2.9,31.6,0.4,1.8,2
2019/11/20 01:59:00,37.0580,138.0470,10,3.3,53.6,0.9,2.4,11
2019/11/19 18:39:00,40.6870,142.2480,45,3.6,9.2,0.2,0.9,9
2019/11/18 18:34:00,36.1200,139.8500,48,3.5,15.2,0.3,1.6,47
2019/11/18 08:00:00,36.4550,140.6000,56,3.7,55.6,1.1,2.6,85
2019/11/17 20:05:00,34.6380,139.0520,13,4.7,166.1,6.7,4.0,105
2019/11/17 19:20:00,36.4700,140.6150,59,3.5,32.6,0.3,1.5,34
2019/11/17 03:32:00,28.8000,129.9050,28,4.6,3.7,0.2,1.2,2
2019/11/16 18:17:00,38.3080,141.9070,64,4.0,46.8,0.6,2.3,78
2019/11/15 20:12:00,37.3580,138.8020,10,2.5,11.3,0.3,1.6,2
2019/11/15 09:39:00,36.0200,140.0770,62,3.7,9.4,0.4,1.5,55
2019/11/13 19:22:00,39.7550,141.8420,58,3.5,26.7,0.5,1.9,41
2019/11/13 01:07:00,34.8550,135.6200,8,3.2,20.3,0.4,1.5,19
2019/11/12 21:55:00,36.4270,141.0170,46,4.4,55.8,1.0,2.6,96
2019/11/12 08:25:00,36.0530,137.5700,7,3.5,122.7,3.4,3.7,22
2019/11/11 18:50:00,37.1380,140.3320,114,3.8,23.3,0.4,1.9,67
2019/11/11 01:28:00,38.6620,139.4670,14,3.8,27.0,0.6,1.9,23
2019/11/09 16:20:00,38.1730,141.6750,51,3.8,31.2,0.5,2.1,30
2019/11/08 21:23:00,34.0430,133.0580,15,3.2,19.6,0.3,0.9,7
2019/11/08 18:18:00,36.5400,140.8370,52,4.4,138.6,4.3,3.6,131
2019/11/08 06:25:00,34.2170,135.1500,5,2.6,79.5,0.6,1.7,3
2019/11/07 11:35:00,41.6480,141.9350,110,4.1,11.1,0.4,2.0,52
2019/11/07 07:03:00,40.9230,142.6970,21,4.5,11.9,0.5,2.0,44
2019/11/06 22:16:00,38.3150,141.8550,46,4.2,27.8,0.4,1.7,63
2019/11/06 11:17:00,36.0750,137.4520,9,3.1,58.7,1.2,3.0,18
2019/11/06 00:41:00,42.3470,143.0700,52,4.2,19.0,0.6,2.3,72
2019/11/05 01:49:00,34.8380,139.2800,10,2.4,10.7,0.3,1.6,5
2019/11/05 01:40:00,34.8400,139.2800,10,2.6,8.9,0.3,1.6,4
2019/11/04 11:50:00,36.6900,139.4150,6,3.4,40.8,0.6,2.0,14
2019/11/03 23:55:00,36.0350,139.9120,42,3.8,29.0,0.8,2.2,92
2019/11/03 14:02:00,37.2980,141.7770,42,5.0,53.3,1.1,2.8,185
2019/11/03 00:33:00,38.4600,142.2370,28,4.3,23.9,0.5,2.1,57
2019/11/02 00:38:00,28.3620,129.5020,35,4.2,21.4,0.4,1.5,4
2019/11/01 01:10:00,28.2770,129.4520,31,3.8,14.5,0.2,0.9,3
2019/10/31 09:27:00,33.5200,132.4120,45,3.7,46.9,0.8,2.1,48
2019/10/30 04:32:00,34.9770,135.5470,13,3.4,47.9,0.6,2.0,36
2019/10/28 22:28:00,36.4280,140.6550,53,3.5,18.4,0.2,1.4,31
2019/10/28 09:16:00,38.2120,141.7900,57,3.9,23.1,0.2,1.1,34
2019/10/28 06:33:00,38.7550,141.9970,55,4.0,45.2,0.7,1.9,34
2019/10/27 19:03:00,34.8330,135.6020,10,3.2,44.8,0.8,2.2,21
2019/10/26 22:10:00,35.0700,135.6470,7,2.7,14.0,0.2,0.6,3
2019/10/26 21:32:00,35.0720,135.6480,7,3.5,28.9,0.4,1.6,30
2019/10/23 17:26:00,38.4650,142.1400,45,4.2,25.7,0.4,1.8,40
2019/10/23 12:43:00,39.7570,141.8270,58,4.2,76.1,1.3,2.6,64
2019/10/22 17:06:00,42.3650,144.4480,31,4.4,12.9,0.3,1.8,38
2019/10/22 14:51:00,42.8700,145.5100,45,4.3,28.7,0.4,2.2,9
2019/10/21 04:07:00,40.0320,140.4850,5,3.5,89.0,1.7,3.4,21
2019/10/21 02:58:00,38.3300,141.6350,53,3.8,30.7,0.5,2.1,43
2019/10/20 13:42:00,41.9130,142.3250,70,4.1,11.6,0.4,1.8,36
2019/10/20 11:20:00,35.6550,139.4380,27,3.2,12.4,0.3,1.5,20
2019/10/19 21:36:00,32.6500,130.7280,13,3.0,12.6,0.3,1.5,8
2019/10/19 21:10:00,36.1970,139.9550,52,3.7,24.2,0.3,1.8,65
2019/10/19 18:08:00,38.6970,142.2450,36,4.5,30.5,0.6,2.1,67
2019/10/18 06:12:00,43.6100,144.4100,2,2.6,34.4,0.5,2.1,1
2019/10/17 22:27:00,32.6270,130.7550,3,2.4,53.3,1.3,3.0,2
2019/10/16 03:02:00,36.4680,140.5800,64,3.8,46.6,0.8,2.2,83
2019/10/15 20:29:00,34.6200,136.3820,11,3.3,43.8,0.8,2.0,20
2019/10/15 15:57:00,44.6870,142.2950,0,3.3,58.6,1.3,2.6,18
2019/10/15 08:14:00,44.3880,146.9320,116,5.4,7.1,0.3,1.6,30
2019/10/14 19:55:00,36.9620,138.6100,8,3.3,15.5,0.3,1.2,14
2019/10/14 13:01:00,33.8180,131.6870,16,3.9,31.6,0.6,2.0,51
2019/10/12 18:22:00,34.6730,140.6480,75,5.4,87.1,4.5,3.8,255
2019/10/10 00:52:00,41.5550,142.0550,66,3.8,7.6,0.1,1.0,19
2019/10/09 16:48:00,35.7150,139.6100,27,3.5,13.4,0.4,1.5,42
2019/10/09 16:31:00,42.3800,143.6330,54,4.1,19.0,0.6,2.2,45
2019/10/09 04:58:00,35.7980,140.1130,62,4.2,26.8,0.6,2.4,134
2019/10/07 16:25:00,41.7400,142.2850,66,4.0,7.7,0.2,1.6,20
2019/10/07 08:02:00,33.8350,132.3570,50,4.3,55.5,1.0,2.4,130
2019/10/07 07:59:00,37.0630,139.3450,8,2.5,62.3,0.7,2.2,2
2019/10/06 18:28:00,35.1970,140.5480,59,3.9,11.9,0.2,1.4,41
2019/10/06 05:18:00,28.1250,128.0820,12,5.1,2.4,0.2,1.1,2
2019/10/03 10:43:00,38.5450,142.1120,49,3.9,34.3,0.4,1.6,40
2019/10/03 09:12:00,36.8400,138.2630,12,2.7,14.5,0.4,1.7,4
2019/10/02 02:15:00,34.9750,138.1780,27,4.0,70.6,1.6,2.4,76
2019/10/01 18:07:00,36.1800,140.0050,51,3.3,37.3,0.5,1.7,60
2019/09/30 01:02:00,36.4570,140.6080,56,4.3,118.6,2.4,3.3,152
2019/09/29 19:29:00,36.5300,140.5430,53,3.6,21.7,0.4,2.1,56
2019/09/29 16:47:00,32.5620,130.6480,11,3.8,41.1,0.8,2.2,60
2019/09/28 08:47:00,32.4420,130.4680,13,3.5,11.7,0.3,1.5,23
2019/09/28 02:33:00,32.3630,129.8230,14,4.0,31.0,1.4,2.7,47
2019/09/27 22:25:00,35.4780,140.4300,31,3.3,19.5,0.4,1.3,14
2019/09/27 20:11:00,38.9170,141.9320,51,3.8,37.8,0.5,2.1,35
2019/09/25 17:28:00,39.3400,142.0620,48,4.4,71.6,1.9,3.2,81
2019/09/19 08:49:00,36.4170,140.6870,52,4.1,46.9,0.6,2.2,77
2019/09/19 00:22:00,44.3000,147.0620,130,4.4,6.2,0.3,1.2,13
2019/09/17 18:22:00,35.4970,139.0700,14,3.0,10.0,0.2,1.1,14
2019/09/16 01:27:00,41.2000,142.0470,58,4.5,27.7,0.6,2.2,64
2019/09/16 00:57:00,32.2630,131.9100,30,3.6,24.7,0.4,1.6,8
2019/09/15 17:15:00,35.6930,138.7180,12,3.0,48.3,0.7,1.5,15
2019/09/15 12:02:00,39.3380,142.0700,48,4.3,62.7,1.0,2.5,62
2019/09/14 12:57:00,40.9770,142.0120,58,3.7,13.3,0.2,1.3,15
2019/09/14 11:54:00,35.6470,140.1650,62,4.1,9.5,0.4,1.5,83
2019/09/14 04:23:00,37.3650,141.1030,28,3.7,20.5,0.3,1.3,20
2019/09/13 01:35:00,35.5550,140.1930,56,3.3,6.4,0.2,1.3,29
2019/09/12 01:44:00,37.7950,141.6650,52,4.5,16.8,0.5,1.9,81
2019/09/11 20:22:00,35.0530,137.6300,15,3.3,54.8,0.8,2.4,26
2019/09/08 02:24:00,32.6300,132.2680,34,3.8,6.8,0.3,1.5,12
2019/09/07 18:36:00,41.5720,142.0700,64,5.0,35.2,1.3,3.0,155
2019/09/07 17:01:00,39.6350,142.1080,48,4.0,43.8,0.7,2.5,54
2019/09/07 08:27:00,32.6430,130.6620,12,2.9,11.4,0.3,1.6,4
2019/09/07 07:55:00,36.7330,141.1630,30,4.1,21.4,0.4,1.8,38
2019/09/07 00:31:00,37.1200,138.6120,12,2.8,18.5,0.3,1.5,4
2019/09/06 21:09:00,43.4850,146.0420,73,3.8,13.0,0.3,1.7,23
2019/09/06 09:08:00,32.6870,130.7030,12,3.5,22.8,0.8,2.4,24
2019/09/06 00:02:00,37.4270,140.7480,84,3.7,24.4,0.6,2.4,40
2019/09/05 09:57:00,33.2970,135.4070,29,4.1,43.4,0.6,2.1,37
2019/09/04 19:54:00,39.6330,142.0820,48,3.9,40.2,0.6,2.1,36
2019/09/02 13:58:00,40.9880,142.0180,57,3.4,5.7,0.1,0.7,7
2019/08/31 18:03:00,35.8780,138.1280,11,4.1,29.8,0.6,2.2,108
2019/08/31 17:45:00,28.5550,129.6330,19,3.6,10.9,0.3,1.5,2
2019/08/31 08:32:00,35.5020,136.4500,11,3.7,53.5,0.8,2.2,27
2019/08/30 04:24:00,43.1380,145.8050,45,3.9,19.3,0.4,1.8,11
2019/08/29 08:46:00,40.9800,143.0270,21,6.1,37.6,2.2,3.2,287
2019/08/27 23:58:00,37.4580,137.2470,10,3.8,173.1,3.3,3.2,12
2019/08/27 03:47:00,27.0480,126.7770,120,4.6,3.4,0.1,0.8,3
2019/08/27 00:13:00,35.4980,139.0680,14,4.2,70.7,1.2,2.8,81
2019/08/25 03:51:00,41.4830,142.0280,63,4.1,27.2,0.5,2.1,44
2019/08/24 13:53:00,37.3870,142.4180,25,5.6,14.7,0.8,2.3,163
2019/08/24 08:45:00,24.3650,124.7070,54,5.2,12.9,0.4,1.6,5
2019/08/24 03:05:00,38.4030,141.8900,54,4.2,91.6,1.3,2.3,110
2019/08/24 01:39:00,38.8880,141.9680,49,3.9,29.8,0.4,1.7,23
2019/08/23 20:49:00,35.3500,140.0170,40,4.0,25.6,0.7,2.3,53
2019/08/21 12:35:00,42.3920,143.0620,26,4.3,32.6,0.6,2.3,38
2019/08/21 00:07:00,38.5450,139.3980,11,3.9,26.3,0.7,2.2,32
2019/08/20 21:52:00,28.0400,130.9180,75,5.0,5.0,0.4,1.8,5
2019/08/20 17:20:00,28.0280,130.2030,46,4.9,11.1,0.7,2.5,4
2019/08/20 09:30:00,34.9230,135.6420,10,2.9,16.0,0.3,1.2,8
2019/08/19 17:43:00,33.4070,130.1930,16,3.1,48.9,0.6,1.5,16
2019/08/18 19:06:00,38.5470,139.3970,11,4.4,28.2,1.1,2.7,60
2019/08/15 18:15:00,42.1480,143.8120,68,4.4,22.8,0.5,1.8,72
2019/08/15 17:52:00,37.1120,141.2270,62,3.8,25.2,0.5,2.2,48
2019/08/15 15:54:00,38.2330,141.8300,62,4.0,29.3,0.4,1.7,34
2019/08/15 15:06:00,40.7920,141.3230,91,4.5,63.4,2.5,3.3,120
2019/08/15 14:33:00,40.7920,141.3380,93,5.5,185.7,9.5,4.4,240
2019/08/14 07:02:00,38.8370,142.4070,49,4.3,19.5,0.5,2.0,50
2019/08/14 04:34:00,31.2450,130.6430,9,3.0,24.8,0.4,1.7,8
2019/08/10 12:33:00,32.7670,130.7230,10,3.1,14.6,0.4,1.7,10
2019/08/09 17:15:00,35.4770,138.9880,23,3.0,12.3,0.2,1.1,12
2019/08/08 19:39:00,33.8800,132.7620,42,3.7,11.4,0.2,1.2,47
2019/08/08 17:50:00,44.7250,141.7800,13,3.0,29.9,0.5,1.7,4
2019/08/08 06:28:00,24.3730,121.8680,38,6.4,1.9,0.3,0.9,2
2019/08/07 18:22:00,33.8800,132.7630,42,3.6,13.7,0.3,0.9,40
2019/08/04 19:23:00,37.7070,141.6320,45,6.4,246.5,15.1,4.6,597
2019/08/04 03:04:00,39.6630,141.5120,73,4.4,39.4,1.3,2.6,108
2019/08/01 19:31:00,43.0430,141.2250,8,3.1,18.5,0.6,1.8,9
2019/07/30 17:31:00,36.1900,137.9870,7,3.0,7.4,0.2,0.9,5
2019/07/30 15:52:00,42.6200,141.9930,28,4.2,46.4,1.8,2.9,33
2019/07/30 13:13:00,42.3700,143.1050,49,4.2,22.6,0.6,2.2,44
2019/07/30 05:38:00,32.9120,140.7770,59,5.9,48.2,2.3,3.2,201
2019/07/29 00:35:00,35.8120,140.9400,24,4.3,35.9,0.9,2.3,61
2019/07/28 03:31:00,33.1600,137.3970,393,6.6,44.4,3.6,3.3,494
2019/07/27 02:11:00,31.7570,131.9150,26,4.3,7.0,0.3,1.6,30
2019/07/25 07:14:00,35.1470,140.5680,58,5.1,46.9,2.1,3.2,156
2019/07/23 21:34:00,37.0820,139.3450,8,2.8,79.3,0.9,2.1,5
2019/07/23 15:28:00,35.6400,140.1630,67,3.9,7.8,0.3,1.4,57
2019/07/23 09:10:00,35.6600,140.7500,49,4.2,9.2,0.3,1.8,26
2019/07/23 05:47:00,25.1600,124.3150,111,5.0,19.5,0.4,1.7,5
2019/07/22 10:39:00,32.4300,130.4950,11,4.0,45.9,1.8,2.8,69
2019/07/22 06:15:00,26.8050,127.7380,17,4.2,3.0,0.1,0.6,2
2019/07/22 06:13:00,26.8020,127.7330,16,4.0,3.3,0.1,0.7,3
2019/07/21 23:01:00,42.2920,144.1780,70,4.4,22.1,0.5,2.0,74
2019/07/20 12:56:00,37.9670,140.6880,104,3.8,13.1,0.4,1.7,41
2019/07/20 10:27:00,36.3820,140.7800,56,3.7,11.9,0.2,1.3,48
2019/07/19 21:05:00,43.4020,145.7320,72,3.8,14.1,0.4,1.7,14
2019/07/19 14:19:00,35.6200,140.1170,68,3.6,10.1,0.4,1.6,36
2019/07/17 18:00:00,38.9650,141.6130,78,4.7,69.2,2.0,3.4,155
2019/07/17 00:25:00,37.1730,141.3880,47,4.3,71.8,1.8,2.9,116
2019/07/15 01:30:00,35.6350,140.6670,50,3.6,9.8,0.4,1.7,18
2019/07/14 22:23:00,42.7580,143.4220,107,4.0,30.3,0.9,2.6,71
2019/07/13 09:58:00,29.2350,128.1780,256,6.0,15.5,1.4,2.7,99
2019/07/12 06:21:00,23.9030,122.8970,29,5.5,3.1,0.2,0.9,2
2019/07/11 16:04:00,38.5520,139.4000,11,4.3,30.3,1.2,2.8,62
2019/07/11 05:19:00,38.8870,142.0830,45,4.1,19.0,0.3,1.6,31
2019/07/10 20:33:00,35.4680,136.7330,9,3.6,43.6,0.6,2.2,43
2019/07/10 17:22:00,38.6280,139.4250,11,3.5,9.4,0.2,0.9,10
2019/07/10 06:13:00,34.0600,135.0680,12,3.7,24.6,0.4,1.3,19
2019/07/09 20:33:00,47.0730,145.2800,489,5.6,3.8,0.3,1.5,59
2019/07/09 07:23:00,35.5830,139.9470,21,3.3,18.7,0.4,1.4,32
2019/07/09 01:24:00,36.4630,141.0450,44,3.6,24.4,0.4,1.8,21
2019/07/08 22:54:00,35.5050,139.0850,23,4.3,60.3,1.3,2.8,107
2019/07/08 18:51:00,35.3020,133.2830,7,2.8,8.9,0.1,0.8,8
2019/07/07 21:02:00,32.2530,130.5120,5,2.7,4.2,0.1,0.8,4
2019/07/07 09:56:00,32.7750,130.6480,13,3.1,7.7,0.2,1.4,10
2019/07/07 03:51:00,35.6530,140.7330,48,4.3,17.5,0.6,2.1,48
2019/07/05 16:43:00,35.0470,139.1020,5,3.3,28.1,0.4,1.6,9
2019/07/04 03:06:00,43.3480,146.1550,49,4.3,44.0,1.5,3.2,28
2019/07/03 02:15:00,38.6200,139.4150,12,3.4,11.5,0.2,1.1,11
2019/07/02 10:00:00,38.3670,141.6670,52,4.0,45.1,1.3,2.7,39
2019/07/02 00:20:00,37.2320,138.6200,14,3.2,6.4,0.1,0.9,10
2019/07/01 10:10:00,34.1600,132.3680,13,3.1,52.6,0.7,1.5,15
2019/07/01 09:37:00,41.1480,142.2820,51,5.2,29.8,1.0,2.7,137
2019/06/30 15:53:00,43.2730,142.4030,166,4.5,6.5,0.2,1.4,50
2019/06/30 10:13:00,36.0620,141.0970,42,4.3,11.9,0.3,1.5,35
2019/06/29 03:19:00,37.0520,140.4400,8,2.5,3.1,0.1,-0.1,2
2019/06/27 22:08:00,36.0830,139.7420,52,3.4,17.6,0.4,1.5,53
2019/06/27 13:21:00,32.2630,130.5070,6,3.0,4.6,0.1,0.5,9
2019/06/27 11:25:00,32.2670,130.5100,7,3.1,7.5,0.2,1.1,10
2019/06/27 10:40:00,32.2680,130.5130,8,3.0,6.9,0.2,0.7,4
2019/06/27 10:34:00,32.2670,130.5100,7,3.2,12.6,0.3,1.2,13
2019/06/27 10:32:00,32.2670,130.5100,7,3.5,16.2,0.3,1.5,19
2019/06/26 22:46:00,36.7070,140.6100,10,3.5,98.1,1.8,2.9,24
2019/06/26 13:17:00,43.8320,147.0400,99,4.5,12.2,0.3,1.4,21
2019/06/26 10:06:00,37.4620,137.2550,9,2.6,25.2,0.5,1.6,4
2019/06/26 02:08:00,35.4080,140.4020,57,3.4,8.0,0.2,1.1,19
2019/06/25 08:31:00,35.3100,135.9830,17,3.0,15.2,0.2,1.2,13
2019/06/24 22:25:00,35.0550,139.0980,7,2.3,9.2,0.1,0.1,3
2019/06/24 19:22:00,35.0670,139.1000,8,4.1,74.2,1.6,3.0,45
2019/06/24 09:11:00,34.9280,139.9630,61,5.2,108.8,3.6,3.8,270
2019/06/23 08:26:00,38.6120,139.3870,12,3.4,7.3,0.2,1.3,8
2019/06/22 20:45:00,36.4320,140.6830,52,3.7,23.1,0.3,1.4,24
2019/06/21 05:33:00,38.6070,139.4520,13,4.0,39.2,0.7,2.1,38
2019/06/20 06:18:00,35.4100,136.7380,12,3.3,35.0,0.4,1.4,20
2019/06/20 01:55:00,35.0100,140.1950,76,4.4,22.2,0.7,2.2,90
2019/06/19 14:15:00,38.6080,139.3880,12,3.4,14.4,0.3,1.3,9
2019/06/19 11:35:00,31.2000,131.5430,28,4.1,7.6,0.3,1.7,17
2019/06/19 05:58:00,34.4120,132.3280,5,2.4,11.0,0.2,1.2,3
2019/06/19 05:00:00,36.4270,140.6600,53,3.3,15.5,0.2,1.3,16
2019/06/19 03:54:00,38.5870,139.4050,12,3.3,15.9,0.3,1.4,6
2019/06/19 00:57:00,38.5600,139.3950,12,4.2,33.7,1.2,2.8,49
2019/06/19 00:27:00,38.6150,139.4450,12,3.1,14.9,0.1,0.4,5
2019/06/19 00:23:00,38.6120,139.4200,12,3.6,14.3,0.3,1.2,13
2019/06/18 23:57:00,38.5850,139.3950,12,3.3,10.3,0.2,1.2,6
2019/06/18 23:14:00,38.6380,139.4520,13,3.6,16.8,0.2,1.1,14
2019/06/18 22:41:00,38.5850,139.4080,12,4.1,21.1,0.5,1.8,31
2019/06/18 22:37:00,38.6200,139.4470,12,3.8,17.4,0.3,1.5,21
2019/06/18 22:27:00,38.6170,139.4900,13,4.0,13.4,0.6,1.4,32
2019/06/18 22:26:00,38.6500,139.5020,13,3.8,6.3,0.1,0.8,6
2019/06/18 22:22:00,38.6070,139.4780,14,6.7,653.4,28.6,5.3,482
2019/06/18 07:22:00,40.0500,140.5980,6,3.9,63.9,0.8,2.4,39
2019/06/17 17:18:00,35.9030,137.6320,9,3.5,43.5,1.1,2.8,21
2019/06/17 08:00:00,36.5150,140.5830,77,5.1,260.6,10.6,4.7,321
2019/06/15 18:10:00,32.8000,130.8280,6,3.1,32.8,1.0,2.4,15
2019/06/15 17:20:00,42.8800,144.9170,50,4.0,37.5,0.9,2.3,29
2019/06/15 13:47:00,39.0350,142.7450,29,4.7,15.5,0.3,1.6,61
2019/06/15 11:53:00,32.6430,130.6870,11,3.1,13.6,0.3,1.7,6
2019/06/15 05:54:00,32.2400,132.1330,18,4.1,19.5,0.5,1.9,20
2019/06/12 19:35:00,38.2320,141.6970,50,4.2,50.9,0.8,2.0,64
2019/06/11 10:59:00,35.8050,140.1900,60,3.7,9.4,0.3,1.5,68
2019/06/11 10:21:00,38.4150,141.6480,59,4.5,109.2,1.4,2.9,105
2019/06/11 10:12:00,31.5850,130.3280,7,2.9,38.7,0.5,1.9,7
2019/06/11 02:18:00,43.4280,146.6620,45,4.6,24.9,0.6,2.4,37
2019/06/11 00:25:00,34.9300,138.2300,29,4.0,62.1,1.4,2.6,93
2019/06/10 22:12:00,38.9020,142.1070,45,4.1,37.8,0.5,1.9,31
2019/06/10 11:08:00,37.4350,139.6820,4,2.7,3.6,0.1,0.1,2
2019/06/09 09:26:00,38.7370,141.5530,59,3.5,24.8,0.3,1.4,42
2019/06/09 05:33:00,39.0280,142.1300,49,3.9,40.9,0.5,1.8,53
2019/06/08 12:46:00,36.1870,139.9680,52,4.0,58.3,1.0,2.5,100
2019/06/07 19:08:00,35.8830,140.7320,22,4.0,25.5,0.5,2.1,36
2019/06/07 08:43:00,36.4770,141.0280,44,3.8,33.2,0.5,1.9,36
2019/06/06 05:15:00,36.0450,139.9320,43,3.8,42.0,0.8,2.1,79
2019/06/05 06:09:00,37.1500,141.2500,21,4.5,13.7,0.4,2.1,50
2019/06/04 13:40:00,29.0550,139.6620,445,6.2,3.2,0.2,1.1,48
2019/06/03 21:04:00,35.8720,138.1330,11,3.4,17.3,0.3,1.2,22
2019/06/03 01:57:00,34.1620,132.4630,17,3.2,17.1,0.3,1.7,20
2019/06/02 20:29:00,42.7880,142.6430,87,3.7,7.6,0.3,1.7,43
2019/06/02 12:18:00,42.7880,142.0020,36,3.6,17.0,0.5,2.0,29
2019/06/01 16:16:00,36.6200,139.4700,6,3.0,75.5,0.6,1.9,8
2019/06/01 07:58:00,35.3680,140.2930,35,4.7,45.8,2.8,3.4,101
2019/05/31 22:49:00,42.8180,141.9850,36,4.1,52.9,1.3,2.7,55
2019/05/31 14:27:00,42.8250,145.5180,46,3.6,14.1,0.3,1.6,13
2019/05/30 20:32:00,36.6850,140.6670,11,3.4,84.5,1.1,2.3,19
2019/05/30 15:20:00,33.7530,131.4970,13,3.1,40.2,0.7,1.8,7
2019/05/30 05:41:00,34.1050,135.1900,3,2.9,12.1,0.2,1.2,4
2019/05/30 01:02:00,43.5250,143.6420,9,3.9,55.2,1.4,2.4,37
2019/05/27 04:04:00,36.6920,140.6520,11,4.3,313.4,3.7,3.6,120
2019/05/26 09:11:00,36.0100,137.2900,13,3.1,31.2,0.4,1.9,15
2019/05/26 00:29:00,35.0530,139.1000,7,2.7,16.4,0.3,1.0,7
2019/05/25 15:40:00,34.4320,132.4120,19,3.2,45.9,0.5,1.9,21
2019/05/25 15:20:00,35.3570,140.2900,38,5.1,155.2,9.4,4.4,183
2019/05/24 12:40:00,35.9500,139.4130,106,4.1,19.4,0.7,2.3,141
2019/05/23 19:20:00,33.0720,130.4980,13,3.7,50.9,1.1,2.3,39
2019/05/23 14:13:00,27.9370,128.9070,45,3.9,17.2,0.5,2.0,3
2019/05/21 07:17:00,34.8900,135.5950,11,3.5,24.1,0.7,1.9,33
2019/05/20 07:49:00,35.0000,140.0770,17,3.9,11.8,1.2,2.5,14
2019/05/19 23:50:00,32.6350,132.2650,31,4.0,14.7,0.4,1.9,25
2019/05/18 10:18:00,38.9070,141.5880,78,4.6,75.2,2.1,3.5,151
2019/05/17 14:42:00,35.1850,132.5880,13,3.3,19.0,0.4,1.8,10
2019/05/15 21:38:00,28.1050,130.4150,24,4.0,2.7,0.2,1.3,1
2019/05/15 14:24:00,29.7430,130.6850,36,5.7,9.6,0.8,2.2,25
2019/05/14 05:29:00,33.1080,131.1980,3,3.2,19.3,0.4,1.9,13
2019/05/13 18:59:00,37.1550,141.2470,21,4.7,11.9,0.4,2.0,70
2019/05/12 15:07:00,32.7050,132.2930,37,4.3,39.3,1.4,2.8,50
2019/05/11 08:59:00,32.6900,132.2930,36,5.0,121.7,5.1,3.9,138
2019/05/10 20:40:00,31.7580,131.8950,27,4.7,10.7,0.6,2.1,74
2019/05/10 18:10:00,39.9020,139.9630,16,3.7,22.1,0.7,1.9,15
2019/05/10 09:07:00,31.7670,131.9480,24,4.9,15.8,0.7,2.5,79
2019/05/10 08:48:00,31.8000,131.9730,25,6.3,207.5,17.5,4.8,271
2019/05/10 07:44:00,31.7730,131.9530,23,4.4,6.3,0.3,1.6,16
2019/05/10 07:43:00,31.7850,131.9920,25,5.6,29.2,2.2,3.2,119
2019/05/08 18:02:00,32.6620,130.7220,7,2.0,4.5,0.1,0.8,1
2019/05/08 09:20:00,40.0730,142.1150,48,4.4,113.2,2.9,3.8,83
2019/05/08 08:24:00,24.8230,125.3800,50,3.9,21.5,0.3,1.5,2
2019/05/07 22:22:00,38.7820,142.0050,36,3.8,31.8,0.4,1.6,24
2019/05/07 12:30:00,32.6380,130.6930,14,3.1,25.2,0.7,1.9,11
2019/05/06 19:12:00,34.0920,135.1400,6,3.1,102.5,1.8,2.3,5
2019/05/06 14:13:00,38.9150,141.9370,51,3.8,23.8,0.4,1.8,27
2019/05/05 16:38:00,37.8600,138.1570,14,3.7,30.0,0.5,2.0,10
2019/05/05 04:51:00,38.7380,142.3130,38,4.7,22.4,0.3,1.7,70
2019/05/05 01:40:00,43.1770,146.4270,52,5.3,220.0,4.2,3.8,75
2019/05/04 21:34:00,42.7280,141.7370,133,4.2,16.3,0.4,1.9,56
2019/05/04 11:41:00,38.2980,141.8830,46,4.5,83.8,1.2,2.6,101
2019/05/04 09:19:00,39.1180,142.3820,36,4.4,29.4,0.4,1.8,54
2019/05/02 06:22:00,33.9300,135.4880,52,3.1,22.5,0.3,1.3,17
2019/05/01 00:43:00,36.2670,141.0070,42,4.5,25.8,0.5,1.9,52
2019/04/28 02:25:00,42.5600,142.8780,102,5.6,126.4,8.4,4.2,322
2019/04/28 00:30:00,26.6280,127.2550,68,4.1,7.1,0.2,1.2,5
2019/04/27 09:57:00,37.1720,141.3280,47,4.1,20.9,0.6,1.9,45
2019/04/26 04:04:00,42.6680,141.9720,28,3.3,23.2,0.6,2.0,22
2019/04/25 21:00:00,38.5380,141.5700,63,4.3,124.5,1.6,2.8,112
2019/04/25 00:19:00,43.6000,144.3780,2,2.3,67.2,1.4,2.8,1
2019/04/23 07:49:00,31.0770,131.5300,30,4.0,6.8,0.4,1.8,10
2019/04/23 05:33:00,33.9870,135.2950,6,3.4,60.3,0.9,1.6,10
2019/04/23 02:45:00,40.5480,143.8470,57,5.6,7.2,0.7,2.1,105
2019/04/21 11:48:00,34.2120,135.1350,7,3.4,63.4,0.7,2.0,13
2019/04/19 13:14:00,43.2530,146.3500,46,4.2,18.9,0.4,1.9,9
2019/04/18 14:01:00,24.0100,121.5130,20,6.5,1.5,0.2,1.0,1
2019/04/17 14:35:00,34.5230,132.8880,19,3.7,64.8,0.7,2.0,50
2019/04/16 18:47:00,36.4570,141.0300,44,3.7,35.5,0.6,2.1,35
2019/04/15 05:28:00,42.4850,144.8170,43,5.1,37.9,1.9,3.1,118
2019/04/14 20:38:00,35.3530,135.9220,10,2.1,24.7,0.3,1.5,1
2019/04/13 15:12:00,35.4170,140.2970,27,3.2,34.5,0.7,1.9,15
2019/04/13 12:23:00,35.9470,137.7020,9,4.1,114.1,2.7,3.1,79
2019/04/12 03:50:00,37.7600,141.1170,69,3.7,16.3,0.2,1.5,38
2019/04/11 17:18:00,40.3620,143.4030,5,6.2,25.3,1.6,3.0,255
2019/04/11 17:07:00,34.9870,133.8150,19,3.4,46.2,0.8,2.6,23
2019/04/10 04:19:00,37.1520,141.2030,35,4.0,49.0,0.4,1.7,59
2019/04/08 22:22:00,41.9520,142.3380,71,4.2,11.9,0.4,1.6,49
2019/04/08 13:12:00,26.3070,129.5720,45,5.6,7.8,0.2,1.5,8
2019/04/08 03:00:00,38.1830,141.6800,51,3.8,14.8,0.5,2.0,41
2019/04/07 10:02:00,38.1870,141.7900,64,4.2,79.7,2.5,3.3,90
2019/04/06 19:30:00,36.8700,140.8320,18,3.7,27.9,0.4,1.6,41
2019/04/05 18:56:00,30.3970,139.0080,414,5.9,7.5,0.6,2.0,125
2019/04/05 17:23:00,34.6830,140.1150,63,4.4,100.3,3.0,3.7,27
2019/04/04 12:04:00,42.4730,143.5550,71,4.0,17.0,0.4,1.9,47
2019/04/03 09:44:00,42.7520,141.9820,37,4.0,27.4,0.7,2.1,40
2019/04/03 05:29:00,41.9730,142.5350,62,4.3,7.5,0.2,1.4,42
2019/04/01 21:17:00,38.6180,141.8920,48,3.9,38.0,0.4,1.8,29
2019/03/30 19:59:00,41.4830,142.0280,63,3.9,19.5,0.3,1.9,20
2019/03/30 05:55:00,30.5880,131.1550,32,5.0,44.5,1.6,2.8,30
2019/03/30 03:00:00,38.1830,141.6900,50,4.1,55.7,0.5,1.9,62
2019/03/29 12:24:00,37.0330,141.1930,21,4.5,23.9,0.5,1.9,52
2019/03/29 05:38:00,36.9680,142.3920,16,4.4,11.6,0.3,1.6,50
2019/03/28 11:16:00,42.4470,143.6700,78,4.6,23.2,0.8,2.3,118
2019/03/27 15:39:00,32.1980,132.1050,18,3.9,14.5,0.2,1.3,3
2019/03/27 15:38:00,32.1630,132.1500,21,5.4,127.0,3.8,3.8,195
2019/03/27 09:11:00,32.1520,132.1550,15,5.4,49.6,2.0,3.3,148
2019/03/27 06:51:00,33.8330,134.9280,40,3.6,58.7,1.0,2.1,24
2019/03/26 03:30:00,37.3320,140.3030,99,4.1,9.1,0.5,1.5,54
2019/03/25 19:10:00,36.9120,141.1850,54,3.7,9.4,0.3,1.4,32
2019/03/25 18:27:00,37.3550,136.8550,6,2.9,8.5,0.1,0.6,3
2019/03/23 15:51:00,27.1180,128.4630,16,3.7,67.5,1.0,2.6,3
2019/03/23 08:26:00,36.6430,137.8550,4,2.4,1.3,0.1,-0.2,1
2019/03/23 07:40:00,36.6450,137.8550,4,2.6,2.6,0.1,0.2,3
2019/03/23 07:37:00,36.6430,137.8500,3,3.0,4.5,0.1,0.7,5
2019/03/22 08:20:00,36.8750,139.5300,7,3.0,24.0,0.4,1.7,13
2019/03/20 18:31:00,32.7870,130.6620,11,3.5,11.4,0.2,1.5,33
2019/03/19 23:35:00,34.3580,139.2280,7,3.1,69.2,1.4,2.8,1
2019/03/19 10:45:00,32.8570,130.8350,13,2.6,12.8,0.1,0.7,6
2019/03/18 09:33:00,40.0530,141.8050,57,3.7,53.9,0.6,2.3,47
2019/03/18 07:53:00,41.0430,142.4500,49,4.1,11.8,0.3,1.8,34
2019/03/18 03:24:00,34.9170,140.0830,19,3.1,7.2,0.2,1.2,7
2019/03/17 06:07:00,35.7380,140.9100,13,4.1,61.2,1.7,2.6,45
2019/03/16 22:41:00,32.4400,132.1700,29,3.8,15.8,0.3,1.5,20
2019/03/14 20:59:00,35.6600,140.7320,48,4.0,13.5,0.4,1.8,26
2019/03/13 13:48:00,33.8000,134.9130,43,5.3,162.0,6.5,3.7,307
2019/03/11 15:37:00,33.1900,132.7120,38,4.6,121.7,2.6,3.3,139
2019/03/11 03:34:00,36.1750,140.0480,52,3.3,9.0,0.2,1.1,29
2019/03/11 02:11:00,36.7620,142.4050,18,6.0,9.9,1.0,2.3,159
2019/03/10 15:43:00,31.8420,130.6900,9,2.8,28.6,0.5,1.9,6
2019/03/10 10:46:00,36.6370,140.9000,50,3.5,26.0,0.4,1.8,27
2019/03/09 13:02:00,37.1620,138.7020,13,3.2,15.8,0.4,1.2,9
2019/03/09 01:08:00,35.3720,136.6830,42,4.4,253.2,4.8,3.9,176
2019/03/07 04:26:00,38.7200,141.6330,70,4.6,140.3,2.6,3.4,143
2019/03/07 03:43:00,38.8870,141.9730,49,3.9,47.9,0.6,2.1,23
2019/03/06 06:18:00,32.7680,131.9270,48,3.7,9.7,0.3,1.4,30
2019/03/05 19:08:00,36.1470,140.0000,48,3.3,18.7,0.3,1.8,46
2019/03/03 20:04:00,35.8830,138.7080,6,3.7,32.7,0.5,2.2,43
2019/03/02 12:23:00,42.0070,146.8620,51,6.2,63.0,4.7,3.8,351
2019/03/02 06:03:00,36.4520,141.0520,44,4.4,84.7,1.6,2.7,93
2019/03/01 18:39:00,32.9570,131.0730,8,3.4,26.2,0.7,2.4,12
2019/03/01 14:15:00,32.9570,131.0800,7,2.7,5.1,0.1,1.0,3
2019/03/01 02:52:00,27.4470,128.6530,43,3.8,16.6,0.3,1.8,3
2019/02/27 22:34:00,42.7650,141.9830,31,3.5,18.3,0.5,2.0,28
2019/02/27 16:25:00,36.0550,137.5830,8,3.7,185.6,5.0,4.2,54
2019/02/27 09:55:00,38.3500,142.1380,40,4.6,19.8,0.4,1.9,75
2019/02/27 08:17:00,36.6680,140.9580,50,3.5,23.2,0.3,1.6,49
2019/02/26 23:08:00,32.6420,130.7000,10,3.1,19.9,0.4,2.0,11
2019/02/25 03:49:00,35.5380,136.3120,39,3.4,58.9,0.9,2.3,41
2019/02/24 09:33:00,37.4870,142.0000,34,4.8,16.8,0.5,2.1,113
2019/02/23 15:48:00,37.0120,141.8380,59,4.5,22.6,0.5,2.0,98
2019/02/23 14:30:00,32.5270,129.9350,14,4.4,74.9,1.6,2.9,102
2019/02/23 05:12:00,36.8320,140.5880,7,3.7,114.0,1.5,2.7,38
2019/02/23 02:03:00,42.7700,141.9820,30,3.9,31.0,1.1,2.4,31
2019/02/21 21:26:00,42.7600,141.9970,33,3.6,16.9,0.6,1.8,30
2019/02/21 21:22:00,42.7650,142.0030,33,5.8,560.5,40.0,5.5,289
2019/02/21 11:11:00,28.5620,129.9880,30,4.5,5.5,0.4,1.8,1
2019/02/20 20:24:00,36.0700,139.8530,43,3.7,16.9,0.2,1.3,64
2019/02/20 12:18:00,28.3120,130.3080,28,4.7,5.9,0.4,1.8,1
2019/02/20 01:24:00,38.8550,141.6050,74,4.2,44.2,0.6,2.2,92
2019/02/19 21:04:00,36.4620,137.6620,0,4.7,28.7,1.0,2.5,62
2019/02/19 17:57:00,34.7720,137.6450,29,3.5,11.4,0.3,1.3,39
2019/02/19 17:10:00,28.2080,129.5320,34,4.1,20.0,0.4,1.8,4
2019/02/19 17:06:00,36.4650,140.5220,58,3.8,40.6,0.7,2.3,86
2019/02/18 20:41:00,39.7580,141.8350,59,3.7,14.2,0.3,1.5,29
2019/02/18 20:00:00,38.7180,142.2120,40,4.0,24.2,0.3,1.5,40
2019/02/17 15:49:00,37.7080,140.0000,7,3.8,28.9,0.5,2.0,28
2019/02/16 19:01:00,25.4430,124.8280,12,5.5,3.6,0.2,1.0,2
2019/02/16 18:06:00,25.4130,124.8100,17,5.1,3.7,0.2,1.0,2
2019/02/16 17:42:00,39.7530,141.8400,58,3.7,30.4,0.5,1.8,42
2019/02/14 23:22:00,42.6900,142.2020,6,3.5,19.2,0.7,2.3,17
2019/02/14 12:49:00,36.8020,138.1320,7,2.4,7.4,0.2,1.5,2
2019/02/14 01:13:00,34.7570,139.3000,0,3.4,16.7,0.6,2.0,13
2019/02/14 00:30:00,34.7520,139.3050,4,2.6,7.6,0.2,1.0,2
2019/02/12 22:42:00,33.7980,134.9150,14,3.6,12.3,0.3,1.2,9
2019/02/12 16:12:00,34.7580,139.3030,2,2.5,8.5,0.2,1.2,2
2019/02/12 16:09:00,34.7420,139.3020,5,2.6,6.8,0.2,1.1,1
2019/02/11 19:07:00,33.5750,134.4430,34,3.8,30.2,0.6,1.9,19
2019/02/10 14:34:00,28.2730,129.5030,36,4.9,114.4,2.4,3.3,6
2019/02/10 05:37:00,36.0930,136.0330,13,3.2,35.5,0.5,2.0,10
2019/02/09 11:24:00,43.8170,145.7230,110,4.8,16.8,0.9,2.4,37
2019/02/09 08:06:00,36.0550,137.5880,7,3.0,80.1,1.9,3.2,13
2019/02/08 12:16:00,35.4220,133.8350,13,3.1,36.6,0.5,1.5,7
2019/02/08 06:34:00,35.1520,138.4270,21,4.0,112.0,2.1,3.4,75
2019/02/08 04:28:00,36.6230,138.3630,2,3.0,16.6,0.2,0.9,10
2019/02/07 16:57:00,41.8570,143.7900,29,4.9,21.8,0.8,2.4,59
2019/02/06 17:26:00,36.0180,139.9000,41,3.6,13.6,0.3,1.8,49
2019/02/06 10:14:00,35.2400,139.1600,14,3.1,17.0,0.3,1.7,20
2019/02/05 15:57:00,38.3430,141.8680,63,4.1,22.0,0.7,1.8,58
2019/02/03 10:01:00,37.0180,141.1280,50,4.0,24.0,0.6,2.0,49
2019/02/03 04:10:00,35.5720,141.0450,37,4.7,11.1,0.8,1.9,25
2019/02/03 00:00:00,32.2550,130.3100,10,2.9,9.9,0.2,1.3,8
2019/01/30 14:21:00,23.6930,122.3720,29,5.6,2.3,0.1,0.5,1
2019/01/30 08:44:00,36.2130,137.5180,3,3.0,29.4,0.6,2.2,8
2019/01/29 12:42:00,35.0050,141.1220,50,5.2,10.7,0.6,2.0,43
2019/01/29 03:22:00,33.9280,134.1530,37,3.9,63.9,1.0,2.1,43
2019/01/27 14:21:00,38.4880,141.6270,63,3.9,52.6,0.6,1.6,54
2019/01/26 17:23:00,40.2800,142.3270,38,5.6,294.1,9.1,4.7,277
2019/01/26 14:16:00,33.0150,130.5700,10,4.3,105.4,3.9,3.4,122
2019/01/26 14:08:00,43.1150,146.1180,51,3.9,10.1,0.2,1.6,9
2019/01/26 09:31:00,36.3680,139.9580,110,4.0,12.0,0.4,2.0,66
2019/01/26 06:22:00,30.2680,131.3970,22,4.5,8.4,0.2,1.6,6
2019/01/25 21:10:00,36.0550,137.5870,8,3.5,86.9,2.5,3.5,24
2019/01/25 14:41:00,31.8500,129.1780,7,4.6,8.4,0.3,1.7,28
2019/01/25 04:10:00,35.4520,135.9830,14,2.9,17.8,0.3,1.5,9
2019/01/24 21:15:00,26.8350,128.2100,45,4.1,27.0,0.8,2.3,6
2019/01/24 20:36:00,31.8570,129.1500,9,4.5,5.1,0.2,1.4,14
2019/01/24 05:04:00,37.0680,141.1850,49,3.5,11.6,0.2,1.1,17
2019/01/23 13:43:00,36.4550,140.6550,18,3.3,30.0,0.6,2.0,13
2019/01/23 00:06:00,35.8570,140.9320,33,3.4,19.6,0.3,1.4,11
2019/01/23 00:01:00,35.8470,140.9400,33,3.5,21.9,0.4,1.4,16
2019/01/22 07:04:00,35.9800,140.8030,55,4.0,12.1,0.3,1.7,32
2019/01/21 23:17:00,32.8720,132.3320,33,4.4,46.9,0.7,2.1,58
2019/01/21 19:32:00,33.0250,130.5500,10,3.5,46.1,0.7,2.0,25
2019/01/21 09:24:00,40.6980,142.6080,28,4.5,11.0,0.3,1.9,49
2019/01/19 14:22:00,36.5220,140.5720,58,3.9,75.5,0.9,2.4,69
2019/01/19 05:04:00,40.7380,142.5630,29,4.9,11.2,0.9,2.5,120
2019/01/19 04:00:00,40.2450,140.4030,9,3.1,10.6,0.3,1.4,9
2019/01/18 21:46:00,35.9200,140.4320,54,5.3,44.3,2.2,3.2,292
2019/01/18 18:22:00,26.2220,127.8470,14,2.6,42.4,0.6,1.6,1
2019/01/18 06:19:00,36.3980,137.9750,10,3.2,11.4,0.2,1.4,10
2019/01/18 04:55:00,32.8070,130.6200,14,3.5,12.0,0.2,1.6,36
2019/01/17 23:10:00,34.8750,137.8900,14,3.1,26.3,0.4,2.0,13
2019/01/17 22:49:00,33.7470,133.5580,6,2.5,12.9,0.2,0.6,1
2019/01/17 20:35:00,42.7300,141.8970,13,2.5,4.1,0.1,0.8,3
2019/01/17 16:04:00,34.7680,139.3150,10,2.9,14.6,0.4,1.7,7
2019/01/17 11:23:00,41.9700,142.5600,63,4.3,11.6,0.4,1.8,53
2019/01/16 05:20:00,38.7130,142.2350,38,3.9,11.6,0.2,1.2,24
2019/01/15 23:00:00,34.3930,134.7730,10,3.1,28.2,0.5,1.8,4
2019/01/15 16:38:00,36.4280,140.6550,53,3.6,16.6,0.3,1.4,30
2019/01/15 00:53:00,32.5170,132.1130,31,3.9,6.7,0.3,1.4,30
2019/01/14 13:23:00,36.1620,139.8100,53,4.9,211.5,5.1,3.8,285
2019/01/13 21:14:00,37.2400,141.3920,22,4.9,19.2,0.5,1.9,93
2019/01/13 09:18:00,39.6420,141.9980,41,3.7,17.6,0.2,1.2,36
2019/01/13 01:26:00,36.3950,136.4150,9,1.6,3.9,0.1,0.5,1
2019/01/11 11:06:00,34.8700,137.8870,14,3.5,19.2,0.4,1.7,29
2019/01/10 20:15:00,37.3120,138.8650,11,3.2,9.1,0.2,1.1,10
2019/01/08 21:39:00,30.5720,131.1630,30,6.0,78.5,3.5,3.7,106
2019/01/08 10:01:00,28.4280,129.4730,9,4.0,22.2,0.6,2.3,4
2019/01/08 01:35:00,35.0150,139.9150,52,4.1,64.1,1.0,2.8,78
2019/01/06 19:32:00,35.4130,137.7070,16,3.2,40.9,0.6,2.0,26
2019/01/06 17:34:00,38.6950,141.4730,102,4.5,70.1,2.7,3.5,148
2019/01/05 18:17:00,33.0250,130.5500,11,3.2,20.1,0.4,1.7,15
2019/01/05 15:32:00,31.2320,130.6870,109,4.0,23.3,0.7,2.4,37
2019/01/04 15:21:00,32.6620,130.6700,11,2.6,9.5,0.1,0.7,2
2019/01/03 18:48:00,33.0250,130.5580,11,3.2,28.1,0.5,1.7,11
2019/01/03 18:10:00,33.0270,130.5530,10,5.1,417.4,10.3,4.4,198
2019/01/02 18:44:00,36.1730,140.1120,51,3.9,44.0,0.6,2.2,78
2019/01/02 17:47:00,36.7080,140.9520,32,3.8,20.4,0.5,2.1,37
2018/12/31 23:10:00,37.3420,141.5600,45,5.0,24.1,0.7,2.3,154
2018/12/30 04:08:00,42.3270,143.1130,51,5.3,88.9,3.5,3.7,235
2018/12/29 05:12:00,34.1150,135.1150,5,2.9,79.1,1.2,2.3,4
2018/12/28 13:22:00,34.0220,135.1480,6,2.8,50.5,0.6,1.3,4
2018/12/27 09:54:00,36.4970,137.4880,7,3.4,16.5,0.4,1.7,17
2018/12/27 01:48:00,38.7180,142.2550,39,4.6,33.0,0.5,2.0,87
2018/12/25 14:44:00,31.7480,131.9830,26,4.1,8.9,0.3,1.4,15
2018/12/24 23:51:00,41.8150,141.4850,127,4.2,13.8,0.3,1.8,63
2018/12/24 09:51:00,34.1200,135.1180,4,2.7,48.7,0.8,2.0,3
2018/12/24 09:47:00,36.7970,140.5300,11,3.2,47.3,0.7,1.9,12
2018/12/24 07:37:00,34.1180,135.1180,4,2.6,25.8,0.5,1.5,2
2018/12/23 11:50:00,35.8100,138.1070,7,3.3,14.9,0.2,1.2,21
2018/12/23 11:41:00,42.6230,141.9600,31,3.5,26.7,0.7,1.9,26
2018/12/21 13:13:00,37.0650,141.1350,50,4.0,33.2,0.7,1.9,71
2018/12/21 06:01:00,42.6880,141.9700,32,3.5,15.4,0.5,1.7,26
2018/12/20 15:58:00,36.4980,137.4930,6,4.3,47.1,1.0,2.4,49
2018/12/20 14:16:00,23.9580,123.5880,32,4.5,5.9,0.2,1.0,2
2018/12/19 23:36:00,34.0000,133.7370,9,3.0,13.3,0.2,0.8,8
2018/12/19 00:18:00,38.2420,141.7280,49,3.9,33.4,0.3,1.3,23
2018/12/17 02:58:00,36.9230,138.4520,5,1.9,15.5,0.3,1.6,2
2018/12/16 01:28:00,39.2630,141.7180,62,4.6,93.0,3.2,3.5,144
2018/12/15 22:14:00,39.4880,140.4230,10,3.0,21.1,0.4,1.7,11
2018/12/14 17:04:00,37.8600,142.4830,44,4.8,15.8,0.5,2.2,91
2018/12/14 04:15:00,34.8150,135.6320,11,3.3,18.5,0.5,1.8,29
2018/12/13 04:54:00,36.0120,137.4120,8,3.1,73.3,1.3,2.9,17
2018/12/13 04:53:00,36.0120,137.4120,8,2.5,36.7,0.6,2.1,2
2018/12/12 17:50:00,36.4470,140.5780,56,4.3,94.6,2.1,3.4,161
2018/12/11 10:17:00,36.3670,140.9700,46,3.9,20.0,0.4,1.6,41
2018/12/11 09:26:00,43.6620,146.3600,106,4.7,19.9,0.5,2.3,29
2018/12/11 01:05:00,32.0600,130.8230,6,3.4,46.9,1.0,2.4,20
2018/12/10 20:27:00,36.4020,137.9730,10,3.0,8.0,0.2,1.0,7
2018/12/10 00:21:00,33.2400,138.0920,367,5.2,4.6,0.2,1.4,63
2018/12/09 00:36:00,42.7180,141.9120,29,4.0,69.1,2.3,3.0,45
2018/12/08 10:54:00,37.0300,141.3430,50,5.0,80.1,2.9,3.7,234
2018/12/08 08:33:00,32.7380,132.4800,31,3.9,28.0,0.4,1.6,29
2018/12/06 00:04:00,33.0820,130.5530,14,3.3,16.7,0.4,1.6,18
2018/12/04 15:06:00,34.5430,140.0620,44,4.5,42.8,1.2,2.6,51
2018/12/04 04:15:00,39.1970,142.3770,34,4.5,25.5,0.5,2.1,92
2018/12/03 23:41:00,35.9830,139.1250,12,2.9,25.3,0.4,1.6,12
2018/12/03 17:15:00,40.8650,141.4170,87,4.6,52.3,1.2,2.5,101
2018/12/03 17:08:00,33.8650,135.4070,48,4.0,60.8,1.1,2.7,78
2018/12/03 11:45:00,39.0700,142.1430,51,3.8,33.8,0.4,1.6,45
2018/12/02 19:09:00,43.0220,145.8480,43,4.2,19.0,0.4,1.6,16
2018/12/02 11:04:00,36.7530,140.5230,72,3.7,23.7,0.4,1.9,57
2018/12/01 18:56:00,42.9830,145.4000,48,3.9,31.2,0.6,2.3,15
2018/11/29 18:45:00,42.6970,141.9630,30,2.9,4.3,0.1,0.7,12
2018/11/29 02:49:00,36.6300,140.6380,9,2.8,69.6,0.5,1.5,2
2018/11/28 20:15:00,36.4420,141.0070,46,4.5,44.6,1.0,2.6,108
2018/11/28 11:23:00,41.3370,143.2220,11,5.7,29.3,1.8,2.9,219
2018/11/27 22:16:00,34.8530,139.2580,11,3.1,17.0,0.5,1.9,10
2018/11/27 08:33:00,36.0720,139.8630,44,5.0,172.0,6.4,4.1,303
2018/11/27 07:26:00,37.3830,141.7420,43,4.1,14.4,0.6,1.7,30
2018/11/26 22:04:00,38.9150,141.9350,51,3.9,24.2,0.5,1.8,32
2018/11/26 19:05:00,36.1780,140.9320,44,3.9,11.4,0.3,1.8,34
2018/11/26 10:21:00,36.2270,137.5630,4,2.6,22.6,0.3,1.5,3
2018/11/25 18:19:00,33.9220,134.5730,42,4.1,75.1,1.4,2.7,80
2018/11/25 15:44:00,36.2250,137.5600,4,2.6,46.7,0.5,1.9,2
2018/11/25 10:41:00,36.2270,137.5650,4,2.9,16.9,0.3,1.6,4
2018/11/25 07:46:00,38.9670,142.4430,34,4.1,10.4,0.3,1.5,39
2018/11/25 05:02:00,36.2300,137.5670,4,3.1,23.5,0.4,1.9,7
2018/11/25 00:32:00,36.2250,137.5650,4,2.9,21.2,0.5,1.8,4
2018/11/24 18:06:00,36.2270,137.5670,4,2.6,19.3,0.3,1.5,2
2018/11/24 01:29:00,24.8100,125.3680,49,3.8,12.6,0.2,1.1,2
2018/11/24 01:03:00,41.5680,142.0570,66,3.6,3.3,0.1,0.6,12
2018/11/23 23:30:00,37.0720,141.1720,50,5.0,144.8,3.8,3.6,235
2018/11/23 00:12:00,32.9520,131.0970,10,3.1,15.9,0.4,2.0,11
2018/11/21 07:28:00,35.7380,140.6800,50,3.7,11.0,0.4,1.7,25
2018/11/21 04:10:00,30.4000,130.1500,123,5.2,17.8,0.7,2.4,128
2018/11/20 15:10:00,41.4700,141.8620,28,4.1,23.0,0.4,1.9,53
2018/11/18 13:00:00,39.1670,140.6520,4,2.4,9.5,0.2,1.1,2
2018/11/18 12:48:00,39.1680,140.6500,4,2.0,3.7,0.1,0.3,1
2018/11/18 04:10:00,42.5830,141.9370,31,3.2,7.8,0.2,0.9,12
2018/11/16 11:49:00,39.6320,142.1030,48,4.1,64.6,1.6,2.6,46
2018/11/14 19:07:00,42.6970,141.9650,32,4.7,93.1,5.9,4.0,114
2018/11/14 18:09:00,43.3520,145.0300,113,3.7,23.6,0.4,1.9,23
2018/11/14 13:09:00,34.7320,139.8820,106,4.3,25.2,1.3,2.5,36
2018/11/12 10:44:00,42.8100,139.2230,33,4.4,12.0,0.3,1.7,25
2018/11/12 04:00:00,35.2400,140.2970,6,3.7,29.4,0.8,2.0,40
2018/11/11 17:14:00,36.3420,137.9350,11,3.2,14.5,0.4,1.5,12
2018/11/10 17:45:00,34.4320,136.2400,29,3.2,87.7,0.7,2.2,20
2018/11/10 06:50:00,38.9020,141.6270,72,3.5,14.0,0.2,1.1,26
2018/11/09 06:51:00,38.6580,142.1480,41,4.3,29.6,0.5,2.0,69
2018/11/09 04:35:00,36.7350,139.3580,7,3.0,33.6,0.4,1.4,8
2018/11/08 07:35:00,41.0250,140.7050,16,3.6,120.0,3.9,3.3,24
2018/11/08 00:54:00,42.5620,141.9370,24,3.2,14.3,0.4,1.8,14
2018/11/06 14:40:00,29.2800,130.5270,70,4.2,1.1,0.1,0.5,1
2018/11/05 23:47:00,29.2680,130.6080,62,4.9,2.3,0.2,1.2,1
2018/11/05 21:52:00,36.6600,138.2250,7,3.0,12.1,0.3,1.6,9
2018/11/05 20:10:00,32.6850,130.7150,9,2.8,12.3,0.3,1.2,7
2018/11/05 08:19:00,33.7270,135.2830,45,4.6,174.5,3.4,3.7,166
2018/11/05 04:26:00,44.6080,145.8050,20,6.3,64.6,3.1,3.6,99
2018/11/05 03:02:00,38.6880,141.8680,64,4.1,46.1,0.6,2.1,81
2018/11/04 22:08:00,41.7870,141.5370,108,4.2,9.5,0.2,1.5,65
2018/11/02 20:01:00,47.1420,147.1080,487,6.1,5.8,0.3,1.3,66
2018/11/02 16:54:00,33.6950,135.1950,44,5.4,299.8,5.4,4.0,280
2018/11/01 18:24:00,24.2470,123.7320,46,4.2,3.7,0.1,0.7,3
2018/11/01 10:36:00,42.7880,141.9800,37,3.5,36.8,0.8,2.4,28
2018/10/30 11:34:00,24.3070,123.4370,46,4.7,9.1,0.5,1.5,2
2018/10/30 11:29:00,37.3720,141.7100,44,4.4,24.0,0.8,2.6,63
2018/10/30 06:55:00,24.1350,123.6150,44,4.6,8.2,0.3,1.5,3
2018/10/29 23:29:00,40.3220,139.0650,18,4.3,14.4,0.3,1.6,37
2018/10/29 21:25:00,36.3970,141.0230,47,4.0,27.7,0.7,2.5,80
2018/10/29 10:27:00,31.7780,140.6850,86,5.4,6.3,0.3,1.7,42
2018/10/29 06:56:00,42.6780,145.3050,47,3.9,10.6,0.2,1.5,20
2018/10/29 02:31:00,35.7580,140.8630,10,3.8,44.9,1.1,2.3,23
2018/10/29 00:54:00,35.3800,136.8320,16,3.1,18.9,0.2,0.9,13
2018/10/28 23:46:00,36.8980,141.4500,63,4.2,13.3,0.3,1.6,87
2018/10/27 20:51:00,34.4250,135.8230,62,4.2,47.2,1.3,2.8,132
2018/10/27 20:39:00,40.1500,142.3720,37,4.8,27.3,1.1,2.6,101
2018/10/27 18:40:00,34.4330,136.2400,28,3.4,63.2,0.8,2.3,25
2018/10/27 14:33:00,33.0020,130.7700,2,2.6,17.8,0.5,1.8,2
2018/10/27 09:08:00,36.8020,141.3630,41,5.0,36.9,1.0,2.6,169
2018/10/27 01:02:00,34.0920,135.1900,4,3.2,35.7,0.4,1.7,9
2018/10/26 12:06:00,44.4370,145.6270,21,5.0,7.9,0.4,1.6,17
2018/10/26 12:05:00,44.5250,145.6550,20,5.5,33.7,1.5,3.1,66
2018/10/26 03:36:00,38.2780,141.8100,49,5.7,245.6,4.6,4.0,353
2018/10/25 18:18:00,42.7500,141.9850,36,3.6,20.9,0.6,1.9,25
2018/10/24 16:56:00,36.0730,137.4770,9,3.1,130.8,2.3,3.4,17
2018/10/24 01:04:00,23.9680,122.6020,28,6.3,6.1,0.6,2.0,3
2018/10/23 20:06:00,38.2700,141.8970,46,4.7,145.8,1.9,2.9,137
2018/10/23 13:35:00,23.9550,122.5950,26,6.1,6.4,0.5,1.7,2
2018/10/22 19:47:00,37.5170,141.4430,49,5.0,123.1,5.9,3.9,210
2018/10/22 08:48:00,42.3200,143.0230,53,3.9,7.3,0.2,1.4,24
2018/10/21 20:02:00,35.2500,140.5320,47,4.3,36.2,1.2,2.6,77
2018/10/21 12:17:00,35.8100,141.0080,29,3.6,9.2,0.5,1.4,8
2018/10/21 07:17:00,34.1680,131.4330,20,3.2,6.7,0.1,0.5,10
2018/10/21 05:13:00,37.8580,141.7570,53,4.5,30.1,0.7,2.3,103
2018/10/20 10:51:00,36.8770,141.3070,34,4.1,5.5,0.2,1.3,22
2018/10/20 07:43:00,42.7080,141.9850,36,3.3,11.7,0.3,1.5,17
2018/10/20 02:30:00,42.4000,142.8950,29,4.4,21.3,0.4,2.0,68
2018/10/19 08:43:00,32.7650,130.7580,11,2.6,6.2,0.2,0.9,4
2018/10/19 05:06:00,32.5850,130.6300,11,3.7,230.5,3.0,3.3,45
2018/10/18 21:12:00,42.8320,141.9930,33,4.1,64.9,1.6,2.8,34
2018/10/18 20:04:00,35.4530,136.2930,38,3.4,14.4,0.2,1.0,31
2018/10/18 14:18:00,35.5100,140.9620,41,4.9,14.7,0.7,2.2,68
2018/10/17 08:55:00,34.4330,136.2400,29,3.6,100.0,1.2,2.6,34
2018/10/16 08:34:00,38.7180,141.5480,57,4.0,53.1,0.5,2.1,57
2018/10/15 16:10:00,36.8070,139.3870,3,3.7,183.5,3.9,3.6,36
2018/10/15 12:20:00,42.5630,141.9980,35,2.7,4.3,0.1,0.8,4
2018/10/15 09:12:00,32.5820,130.6370,11,4.1,143.8,2.4,3.4,93
2018/10/15 04:09:00,32.8100,132.6680,28,3.0,12.9,0.2,0.7,6
2018/10/14 13:50:00,37.7000,141.7150,40,4.3,20.6,0.2,1.4,32
2018/10/14 09:30:00,38.3020,141.8570,47,4.0,34.1,0.4,1.5,41
2018/10/13 16:50:00,36.8950,139.4130,4,1.9,10.5,0.1,0.7,2
2018/10/13 01:00:00,42.6250,141.9600,28,3.7,16.5,0.7,1.9,25
2018/10/12 13:15:00,35.7450,140.6880,52,5.2,55.2,3.7,3.5,173
2018/10/12 10:42:00,42.7300,141.9770,34,3.1,9.2,0.2,1.0,14
2018/10/12 09:14:00,42.5920,141.9470,23,4.6,77.0,3.2,3.2,88
2018/10/11 17:52:00,34.0220,135.1500,6,3.1,53.9,0.7,1.7,8
2018/10/11 17:45:00,34.0200,135.1500,6,2.7,27.7,0.2,0.8,4
2018/10/11 00:48:00,35.4350,133.8320,8,2.9,24.4,0.3,1.3,4
2018/10/10 18:45:00,35.4350,133.8320,8,2.7,51.3,0.7,1.6,1
2018/10/10 17:57:00,42.6820,141.9750,32,3.5,14.1,0.2,1.5,27
2018/10/10 08:26:00,32.6580,130.7180,7,2.1,3.7,0.1,0.7,1
2018/10/10 04:58:00,39.0520,142.4520,33,4.4,21.9,0.6,2.0,74
2018/10/09 17:16:00,36.7230,140.6080,8,3.9,135.4,1.8,2.6,80
2018/10/09 13:16:00,41.0250,142.2780,47,4.0,15.1,0.5,2.0,29
2018/10/09 04:51:00,37.3000,141.7270,34,4.9,27.4,0.6,2.4,105
2018/10/09 02:45:00,42.6250,141.9580,32,4.3,113.8,3.3,3.4,75
2018/10/08 23:12:00,36.1770,140.0030,51,3.3,14.0,0.2,1.2,22
2018/10/08 21:54:00,42.6270,141.9620,32,4.3,91.5,2.9,3.2,82
2018/10/07 10:14:00,35.0370,137.5730,42,5.0,143.4,4.0,3.9,255
2018/10/06 23:12:00,42.5920,141.9920,38,3.9,19.4,0.6,2.0,34
2018/10/06 19:06:00,33.8770,135.2470,6,3.4,61.0,0.9,1.9,11
2018/10/06 15:19:00,36.6380,140.5400,10,2.6,35.0,0.3,1.2,3
2018/10/06 13:14:00,42.6800,141.9880,35,4.1,61.2,2.1,3.0,51
2018/10/05 08:58:00,42.5920,141.9650,31,5.2,402.6,17.5,5.1,153
2018/10/04 17:20:00,31.0880,131.5020,30,4.3,13.2,0.7,2.2,21
2018/10/04 02:12:00,36.5700,141.1320,47,4.0,25.7,0.6,2.1,63
2018/10/04 00:15:00,35.8080,140.9700,31,4.7,115.7,4.9,3.7,88
2018/10/03 22:57:00,32.7120,130.6500,11,2.5,2.1,0.1,0.2,2
2018/10/02 12:28:00,36.4280,141.0870,46,4.6,27.9,1.0,2.7,132
2018/10/01 21:10:00,40.3470,142.1850,44,3.7,9.2,0.2,1.2,15
2018/10/01 11:22:00,42.7930,142.0100,35,4.7,181.4,7.1,3.9,109
2018/09/30 17:54:00,42.5480,141.9880,37,4.9,390.2,13.6,4.5,183
2018/09/29 20:56:00,35.8070,140.9530,30,4.0,16.5,0.7,1.8,18
2018/09/29 18:26:00,42.7700,142.0000,35,4.2,38.7,1.9,2.6,69
2018/09/28 23:03:00,32.6570,130.6780,10,2.5,20.2,0.4,1.4,3
2018/09/28 04:32:00,37.1120,141.1020,52,4.0,53.4,1.1,2.6,46
2018/09/27 07:54:00,36.3900,137.8300,3,2.2,4.3,0.1,0.3,2
2018/09/27 06:13:00,42.5830,141.9900,37,3.3,25.2,0.6,2.1,16
2018/09/27 03:43:00,32.7120,130.6750,11,3.0,15.1,0.3,1.6,8
2018/09/27 02:01:00,36.9600,138.5430,9,2.8,8.9,0.2,1.0,3
2018/09/25 12:31:00,38.7180,142.2550,39,4.6,50.4,1.0,2.5,118
2018/09/24 18:17:00,42.6350,141.9970,41,4.3,60.4,2.5,3.3,70
2018/09/24 06:48:00,35.8820,140.4920,37,3.8,40.2,0.7,2.2,47
2018/09/24 06:00:00,42.7270,141.8800,15,2.8,9.6,0.3,1.7,6
2018/09/24 00:05:00,36.4500,140.6100,55,4.1,63.4,1.1,2.7,107
2018/09/22 07:02:00,31.9750,129.9430,9,3.6,18.9,0.7,2.2,17
2018/09/22 02:18:00,43.1720,146.4520,65,3.8,8.0,0.2,1.5,15
2018/09/21 09:29:00,36.8000,138.0980,8,3.5,33.9,1.2,2.8,14
2018/09/21 07:56:00,42.6400,141.9930,37,4.2,46.2,1.3,2.9,35
2018/09/21 00:18:00,26.6530,127.8570,11,3.6,18.6,0.4,1.1,2
2018/09/19 15:21:00,42.7850,142.0020,37,3.4,26.6,0.5,1.9,25
2018/09/19 09:01:00,36.6420,140.9330,49,4.0,113.8,2.5,3.1,78
2018/09/19 01:54:00,35.7980,141.8650,28,4.5,3.6,0.2,1.0,4
2018/09/19 01:21:00,38.4700,141.5980,57,5.0,325.5,5.2,4.2,145
2018/09/18 17:11:00,36.0480,139.7980,77,4.3,38.5,1.3,3.1,212
2018/09/18 06:42:00,42.7820,142.0200,34,3.2,21.5,0.4,1.6,18
2018/09/18 05:40:00,42.8200,141.9900,33,3.5,28.0,0.6,2.0,28
2018/09/17 23:42:00,43.4980,141.7320,6,3.6,39.6,1.0,2.4,13
2018/09/17 02:51:00,42.7170,141.8620,28,4.6,139.9,5.8,4.0,102
2018/09/16 20:57:00,28.6680,129.1430,21,3.5,12.1,0.2,1.3,2
2018/09/16 11:50:00,42.6250,143.3900,61,3.8,27.7,0.7,2.4,50
2018/09/16 01:24:00,26.6230,129.5930,43,6.0,4.0,0.3,1.4,6
2018/09/15 19:37:00,42.6300,141.9880,39,4.0,29.7,0.9,2.3,40
2018/09/15 18:43:00,36.7080,140.6070,8,3.7,111.8,1.4,2.5,34
2018/09/15 15:27:00,42.6550,141.8880,13,2.5,1.1,0.0,-0.6,1
2018/09/15 14:03:00,42.7280,141.9770,34,2.9,4.2,0.1,0.6,11
2018/09/15 09:51:00,34.8270,135.6280,11,2.7,8.6,0.2,0.7,9
2018/09/15 09:08:00,26.7170,129.6920,44,5.6,7.8,0.3,1.6,9
2018/09/14 17:31:00,42.6100,141.9730,40,4.0,46.8,2.1,2.7,50
2018/09/14 17:26:00,36.7250,140.6080,8,4.2,141.1,1.4,2.9,112
2018/09/14 14:45:00,36.7430,140.6100,6,3.9,113.4,1.5,2.6,43
2018/09/14 14:35:00,36.7400,140.6080,7,4.9,247.7,6.8,4.3,211
2018/09/14 10:55:00,36.5220,140.9520,19,4.4,20.0,0.4,2.1,31
2018/09/14 10:54:00,37.1080,140.9330,74,3.9,28.1,0.9,2.6,65
2018/09/14 10:10:00,36.9550,139.6480,9,3.2,63.4,0.7,1.8,22
2018/09/14 09:48:00,42.8030,141.9870,36,4.3,52.4,1.2,2.8,49
2018/09/14 09:21:00,36.0600,137.5650,9,3.0,22.6,0.4,1.8,10
2018/09/14 06:54:00,42.6770,141.9520,26,4.6,104.1,5.5,3.9,98
2018/09/13 15:06:00,42.6970,141.9850,35,3.9,18.5,0.6,2.1,42
2018/09/13 05:12:00,42.7150,142.0230,33,3.5,10.1,0.3,1.5,26
2018/09/13 01:34:00,42.6120,141.9480,31,4.2,56.1,2.3,3.0,62
2018/09/12 20:28:00,42.6070,141.9350,31,3.1,9.6,0.2,0.8,15
2018/09/12 18:24:00,42.6750,141.9850,33,4.5,84.7,3.8,3.4,53
2018/09/12 09:45:00,24.1450,123.7370,19,4.5,9.9,0.3,1.4,3
2018/09/12 04:39:00,42.7650,142.0020,38,3.4,20.8,0.4,1.9,19
2018/09/12 00:08:00,30.3920,131.1350,31,4.4,12.9,0.5,1.9,6
2018/09/11 22:57:00,42.6100,141.9480,32,3.5,19.8,0.4,1.7,32
2018/09/11 22:25:00,41.2470,142.3750,47,5.0,31.1,1.1,2.8,130
2018/09/11 20:51:00,42.6080,141.9730,36,3.6,37.3,0.9,2.1,28
2018/09/11 19:07:00,42.8200,141.9950,34,4.2,40.6,1.7,2.7,46
2018/09/11 14:25:00,32.0930,131.8880,24,4.0,32.4,0.5,1.9,21
2018/09/11 12:58:00,42.6950,141.9670,31,3.0,3.5,0.1,0.5,11
2018/09/11 12:54:00,42.7320,141.8870,13,4.3,42.3,1.9,3.1,30
2018/09/11 12:26:00,42.7270,141.9750,35,3.4,9.5,0.2,1.2,18
2018/09/11 04:58:00,42.7120,142.0050,31,4.5,67.2,2.1,3.1,75
2018/09/11 04:27:00,37.7750,141.0930,71,4.0,33.6,0.9,2.5,97
2018/09/10 23:58:00,35.0650,140.2250,35,4.7,123.3,3.1,3.6,85
2018/09/10 23:23:00,42.6130,141.9680,37,3.2,11.2,0.4,1.5,19
2018/09/10 17:50:00,34.4320,136.2400,29,3.3,52.0,0.5,1.7,22
2018/09/10 16:21:00,42.6750,141.9850,41,4.1,19.4,0.4,1.8,31
2018/09/10 15:37:00,42.7300,141.9700,32,3.4,16.4,0.2,1.3,18
2018/09/10 12:25:00,42.7050,141.9720,33,3.7,24.7,0.3,1.8,32
2018/09/10 05:51:00,42.5900,141.9480,28,3.8,30.0,0.5,1.9,36
2018/09/10 03:48:00,42.6780,141.9820,34,3.5,11.7,1.0,2.1,24
2018/09/10 02:19:00,42.6800,141.9950,31,3.2,10.5,0.2,1.2,20
2018/09/09 22:55:00,42.7800,141.9830,35,4.9,154.7,7.7,3.9,149
2018/09/09 20:37:00,39.0620,140.9180,100,3.8,12.3,0.3,1.6,41
2018/09/09 16:30:00,32.7320,130.6070,12,3.7,19.1,0.5,2.0,37
2018/09/09 06:10:00,42.6650,141.8870,17,3.0,5.1,0.1,0.9,10
2018/09/09 05:28:00,42.6050,141.8930,14,2.6,5.0,0.1,0.2,2
2018/09/09 03:12:00,42.7100,142.0150,34,4.1,12.3,0.3,1.7,39
2018/09/09 01:15:00,30.5670,131.1650,30,3.8,17.0,0.5,2.2,4
2018/09/08 23:11:00,42.7750,142.0200,37,3.6,31.5,0.6,2.1,24
2018/09/08 21:44:00,36.1480,137.4430,4,3.2,28.7,0.7,2.4,23
2018/09/08 21:00:00,42.6670,141.8920,16,3.2,10.5,0.5,1.6,14
2018/09/08 18:21:00,42.6950,141.9680,34,4.2,39.1,2.1,3.1,49
2018/09/08 17:03:00,42.5950,141.9400,31,3.4,9.5,0.2,1.2,21
2018/09/08 16:36:00,42.6270,141.9650,29,3.3,13.2,0.4,1.4,16
2018/09/08 16:21:00,42.7020,141.9550,38,4.0,27.7,1.0,2.4,45
2018/09/08 15:10:00,32.6430,130.7020,14,2.9,15.8,0.5,1.6,3
2018/09/08 08:51:00,42.7080,141.9600,36,3.7,14.1,0.4,1.6,24
2018/09/08 05:49:00,42.6170,141.9530,34,3.6,16.2,0.8,1.8,30
2018/09/08 05:37:00,42.6350,141.9700,32,3.4,17.7,0.5,1.6,19
2018/09/08 04:38:00,42.7120,141.9850,39,3.4,11.3,0.2,1.4,19
2018/09/08 01:28:00,42.6780,141.9870,34,4.0,18.6,1.3,2.5,31
2018/09/07 22:43:00,42.7450,142.0220,36,4.4,52.4,2.2,2.8,94
2018/09/07 20:24:00,32.5100,130.6650,8,3.2,23.5,0.5,1.6,12
2018/09/07 19:58:00,42.6780,141.9920,31,3.0,10.2,0.4,1.4,13
2018/09/07 18:11:00,42.6300,141.9680,35,3.9,26.7,0.7,2.0,30
2018/09/07 17:12:00,42.7180,141.9850,34,3.5,18.5,0.5,1.8,24
2018/09/07 15:42:00,42.7500,142.0250,37,3.6,18.1,0.6,2.0,25
2018/09/07 13:56:00,42.6850,141.9580,31,3.4,21.1,0.4,1.5,27
2018/09/07 13:41:00,42.7550,142.0130,34,3.2,29.9,0.6,2.0,17
2018/09/07 13:25:00,42.7000,141.9700,35,4.5,39.0,1.6,3.0,86
2018/09/07 10:40:00,42.6780,141.9700,33,3.3,14.2,0.5,1.9,25
2018/09/07 07:10:00,42.6100,141.9700,43,4.1,67.3,2.9,2.9,51
2018/09/07 04:48:00,42.6200,141.9650,35,4.1,47.2,2.2,2.8,50
2018/09/07 04:37:00,42.7250,141.9870,35,4.1,18.2,0.6,2.0,35
2018/09/07 04:31:00,42.6920,141.9670,33,3.5,25.5,0.6,2.1,29
2018/09/07 03:47:00,42.6200,141.9570,31,3.6,54.2,1.4,2.5,29
2018/09/07 01:41:00,42.6180,141.9600,33,4.2,45.9,1.1,2.7,52
2018/09/07 01:02:00,42.6050,141.9630,38,3.7,22.8,0.8,2.1,27
2018/09/07 00:46:00,42.5980,141.9520,37,3.7,8.6,0.3,1.4,22
2018/09/06 23:43:30,42.6800,145.2030,45,4.3,11.9,0.4,1.9,26
2018/09/06 23:43:00,42.7720,142.0050,35,4.1,68.8,1.3,2.8,55
2018/09/06 22:35:00,42.6120,141.9520,30,4.0,43.4,1.4,2.6,40
2018/09/06 21:36:00,42.6230,141.9780,35,3.9,25.3,0.5,1.9,17
2018/09/06 20:51:00,42.7150,141.9850,34,3.0,7.7,0.2,0.9,14
2018/09/06 18:00:00,42.7930,141.9870,34,3.2,15.4,0.3,1.7,20
2018/09/06 16:53:00,42.6870,141.9720,35,4.4,56.3,1.4,2.7,69
2018/09/06 16:28:00,42.7130,141.9820,37,3.5,13.2,0.5,1.7,23
2018/09/06 16:17:00,35.1930,132.5830,14,3.3,26.4,0.4,1.5,16
2018/09/06 15:52:00,42.5900,141.9650,33,3.4,34.1,0.8,2.2,22
2018/09/06 14:51:00,42.6520,141.9520,29,3.2,10.7,0.3,1.5,18
2018/09/06 14:39:00,42.7830,141.9780,35,4.2,41.6,1.3,2.7,34
2018/09/06 14:03:00,42.6000,141.9500,36,4.3,40.8,1.9,2.6,55
2018/09/06 13:01:00,42.6200,141.9570,33,3.6,14.8,0.5,1.7,41
2018/09/06 12:14:00,42.6080,141.9380,33,3.6,29.0,0.8,2.0,36
2018/09/06 11:19:00,42.6180,141.9970,38,3.3,22.9,0.8,2.4,21
2018/09/06 11:07:00,42.6900,141.9630,37,3.7,12.1,0.4,1.9,27
2018/09/06 10:58:00,42.6800,141.9870,34,3.3,12.4,0.4,1.6,27
2018/09/06 10:16:00,42.7120,141.9820,33,3.3,7.7,0.2,1.2,19
2018/09/06 09:16:00,42.6630,141.9930,35,3.8,14.7,0.7,1.8,30
2018/09/06 09:04:00,42.6120,141.9870,40,3.3,17.0,0.6,1.6,24
2018/09/06 08:42:00,42.6170,141.9730,40,3.5,16.6,0.6,1.8,25
2018/09/06 08:37:00,42.7780,142.0230,33,3.4,11.1,0.3,1.4,24
2018/09/06 08:15:00,42.6420,141.9550,34,3.3,24.0,0.6,2.0,20
2018/09/06 07:45:00,42.7800,141.9920,34,3.9,30.4,1.1,2.2,40
2018/09/06 07:44:00,42.6720,142.0180,38,3.4,8.4,0.2,1.0,10
2018/09/06 07:29:00,42.7400,141.9920,36,3.6,16.4,0.5,2.1,31
2018/09/06 07:20:00,42.6820,141.9970,37,3.5,27.3,0.3,1.6,24
2018/09/06 07:08:00,42.6670,141.9930,39,3.5,31.6,0.8,2.4,21
2018/09/06 06:57:00,42.6420,142.0070,38,3.7,39.4,1.2,2.0,32
2018/09/06 06:53:00,42.6270,141.9850,40,3.8,32.7,1.7,2.5,34
2018/09/06 06:32:00,42.7720,141.9800,35,3.9,116.6,2.8,3.3,50
2018/09/06 06:11:00,42.6700,142.0150,38,5.4,220.2,12.2,4.5,269
2018/09/06 06:06:00,42.6700,142.0030,33,3.5,18.8,0.7,2.2,28
2018/09/06 06:04:00,42.6850,141.9920,31,4.4,149.9,6.5,3.8,65
2018/09/06 05:20:00,42.6080,141.9730,39,4.1,45.8,1.3,2.8,46
2018/09/06 05:13:00,42.7980,141.9650,34,3.3,50.9,1.1,2.6,23
2018/09/06 04:57:00,42.6080,141.9420,39,3.2,9.4,0.2,1.0,20
2018/09/06 04:42:00,42.6520,142.0100,38,3.6,34.7,0.8,1.9,23
2018/09/06 04:39:00,42.6430,141.9900,38,3.9,43.4,1.4,2.5,38
2018/09/06 04:19:00,42.6900,141.9870,42,3.1,11.9,0.3,1.6,14
2018/09/06 04:10:00,42.6780,141.9880,32,4.7,113.5,4.8,3.8,102
2018/09/06 03:56:00,42.7000,141.9770,37,3.6,15.2,0.5,1.9,28
2018/09/06 03:46:00,42.6470,141.9070,23,2.8,3.1,0.1,0.8,8
2018/09/06 03:35:00,42.6880,141.9700,37,3.5,15.8,0.3,1.6,24
2018/09/06 03:32:00,42.7230,141.9980,34,4.6,48.8,2.0,3.0,69
2018/09/06 03:26:00,42.5700,141.9480,35,3.8,24.8,1.3,2.6,19
2018/09/06 03:25:00,42.6830,142.0070,36,4.0,30.7,1.4,2.6,32
2018/09/06 03:23:00,42.7970,141.9750,32,4.8,234.9,8.1,4.2,76
2018/09/06 03:20:00,42.5720,141.9480,36,5.5,133.8,6.0,3.9,196
2018/09/06 03:17:00,42.6270,141.9630,33,4.7,61.8,5.6,3.7,96
2018/09/06 03:15:00,42.6420,141.9570,28,3.6,27.0,1.0,2.2,21
2018/09/06 03:13:00,42.6850,141.9700,32,3.9,29.4,0.5,2.0,38
2018/09/06 03:11:00,42.5580,141.9480,31,4.5,10.9,1.1,2.0,23
2018/09/06 03:10:00,42.7150,142.0220,41,4.3,32.8,3.0,3.1,15
2018/09/06 03:08:00,42.6900,142.0070,37,6.7,1796.4,151.5,6.7,472
2018/09/05 10:26:00,43.2680,146.2750,46,4.4,122.6,3.4,3.3,31
2018/09/05 05:11:00,36.4750,141.3370,60,5.5,148.9,4.0,4.0,345
2018/09/03 17:13:00,34.5920,131.3450,15,3.8,15.1,0.5,1.7,37
2018/09/03 06:47:00,34.5900,131.3470,16,4.6,97.8,1.9,2.9,132
2018/09/03 06:46:00,36.3280,141.0000,42,3.8,15.4,0.3,1.6,30
2018/09/02 16:43:00,28.0420,129.3720,23,4.0,20.9,0.4,1.3,4
2018/09/02 00:43:00,28.0320,140.2180,459,5.6,2.2,0.2,0.9,1
2018/09/01 10:06:00,32.7130,130.6600,11,3.2,5.7,0.2,1.2,9
2018/08/31 21:24:00,33.6200,132.3830,45,3.9,41.2,0.8,2.2,47
2018/08/29 14:30:00,35.9870,140.0770,61,4.1,27.2,0.9,2.2,89
2018/08/29 09:46:00,32.6670,130.7120,12,3.2,16.2,0.6,2.0,16
2018/08/29 07:35:00,36.5530,140.7870,53,3.9,57.6,0.8,2.4,94
2018/08/29 05:58:00,39.7850,142.1680,23,3.7,23.5,0.4,1.9,42
2018/08/29 00:39:00,35.3470,139.1080,19,3.5,57.4,1.0,2.2,38
2018/08/28 19:53:00,34.8470,135.6230,12,4.0,170.0,3.2,2.9,104
2018/08/26 19:47:00,43.5880,144.2950,0,3.1,20.2,0.6,2.0,9
2018/08/25 06:30:00,40.3750,142.2820,40,4.2,24.1,0.6,2.4,47
2018/08/25 02:17:00,36.8000,140.5470,8,4.2,300.9,6.3,3.7,80
2018/08/25 00:00:00,35.1380,135.6870,6,3.3,11.6,0.1,0.9,17
2018/08/24 23:16:00,41.0930,142.6250,32,5.1,33.0,1.3,3.0,139
2018/08/23 03:31:00,32.4420,130.6770,6,2.3,4.2,0.1,0.0,1
2018/08/23 00:06:00,41.3150,142.6500,35,4.9,19.9,0.9,2.5,106
2018/08/22 18:23:00,32.7130,130.6620,12,4.1,54.2,2.7,3.2,81
2018/08/21 02:47:00,36.0450,139.8830,42,4.0,54.8,0.9,2.4,72
2018/08/20 19:45:00,24.2320,123.8470,17,4.4,9.2,0.2,0.9,2
2018/08/20 03:10:00,38.5470,141.0200,105,4.2,80.6,1.2,2.8,98
2018/08/18 15:39:00,40.1550,141.1770,11,3.2,25.4,0.3,1.6,16
2018/08/16 19:44:00,38.6170,141.8980,48,3.9,36.5,0.5,1.9,24
2018/08/16 16:25:00,38.8530,142.0530,46,3.8,51.3,0.7,2.1,25
2018/08/14 20:51:00,34.7520,137.4970,37,3.9,65.2,1.1,2.6,60
2018/08/14 12:35:00,35.1950,140.5480,59,4.7,28.5,0.9,2.5,103
2018/08/13 05:21:00,37.2620,141.2250,37,3.8,18.5,0.3,1.5,41
2018/08/11 19:32:00,37.0520,139.4700,8,2.9,21.5,0.3,1.5,6
2018/08/11 08:03:00,38.4230,142.1120,46,4.0,14.6,0.3,1.7,26
2018/08/11 06:11:00,37.1570,141.1950,20,5.0,73.7,1.6,3.1,208
2018/08/10 21:18:00,34.8800,138.3800,22,4.4,58.3,2.0,2.7,77
2018/08/10 08:27:00,37.0030,141.4650,51,3.8,11.7,0.4,1.5,22
2018/08/09 04:09:00,31.9030,129.9080,11,3.2,26.0,0.4,1.7,6
2018/08/08 18:07:00,37.1900,141.1950,21,4.9,78.6,2.3,3.4,195
2018/08/08 00:13:00,37.9150,143.9380,50,5.6,24.6,0.9,2.6,235
2018/08/07 05:10:00,35.5600,140.1720,73,4.2,9.6,0.3,1.7,92
2018/08/06 19:56:00,35.5520,141.0470,37,4.5,11.1,0.4,1.6,11
2018/08/05 17:44:00,41.4970,142.0120,62,4.2,26.5,0.5,2.0,45
2018/08/05 16:41:00,36.4130,139.7850,88,3.7,14.2,0.4,2.1,55
2018/08/03 23:39:00,40.9370,141.2120,9,3.2,87.9,1.8,2.6,9
2018/08/03 03:52:00,34.7980,139.3000,10,2.7,13.1,0.4,1.8,8
2018/08/01 13:01:00,37.0120,140.8400,95,3.8,24.8,0.4,1.8,54
2018/08/01 07:21:00,24.7180,125.4000,47,3.6,9.2,0.2,0.6,2
2018/08/01 04:00:00,35.3900,137.9430,12,3.1,15.0,0.3,1.2,17
2018/08/01 02:07:00,32.9850,131.0780,9,2.8,20.3,0.4,1.5,5
2018/07/31 17:42:00,37.1550,141.2280,21,5.8,113.7,5.9,4.0,303
2018/07/31 14:53:00,36.6180,138.3670,0,3.7,55.8,0.5,1.9,36
2018/07/29 18:43:00,34.8530,135.5930,10,3.1,8.4,0.2,0.8,14
2018/07/29 15:33:00,36.6030,140.9680,48,4.0,64.8,1.0,2.5,58
2018/07/29 15:21:00,36.1200,139.8470,49,3.6,21.7,0.3,1.6,67
2018/07/29 09:58:00,36.9530,139.6750,7,4.5,201.6,5.3,4.1,113
2018/07/28 02:57:00,35.1380,140.5780,59,4.2,7.8,0.3,1.7,41
2018/07/27 15:24:00,39.7580,141.8400,59,4.1,62.2,1.7,3.2,71
2018/07/26 14:36:00,41.9230,140.9450,10,2.3,18.2,0.4,1.5,3
2018/07/26 11:10:00,32.9400,131.0300,8,3.2,27.4,0.5,1.9,14
2018/07/26 02:46:00,37.5330,141.3870,51,4.5,36.1,1.1,2.3,81
2018/07/25 07:31:00,32.7220,130.7970,5,4.4,141.5,7.8,4.0,69
2018/07/24 06:37:00,44.6520,148.3320,150,5.0,7.6,0.3,1.6,25
2018/07/24 02:52:00,38.7270,141.9180,53,3.9,55.1,0.6,1.7,38
2018/07/23 22:51:00,41.9250,140.9530,11,2.5,20.3,0.4,1.7,4
2018/07/23 17:38:00,36.5320,140.9670,20,4.1,11.1,0.2,1.7,36
2018/07/23 17:30:00,27.2930,128.4530,48,3.9,22.9,0.4,1.8,4
2018/07/22 19:09:00,37.2450,141.5230,46,4.2,11.8,0.3,1.5,45
2018/07/22 06:46:00,37.0580,139.4770,9,2.7,60.7,0.7,1.9,5
2018/07/20 22:29:00,38.1570,141.7800,54,3.8,18.1,0.3,1.5,36
2018/07/20 05:07:00,40.3520,142.0850,50,3.8,24.7,0.4,1.9,23
2018/07/19 23:40:00,35.1150,132.7620,6,3.0,20.4,0.4,1.8,6
2018/07/19 21:31:00,34.0670,135.3730,8,3.5,33.3,0.5,1.5,17
2018/07/19 20:52:00,37.0780,141.1830,52,4.4,53.6,0.9,2.3,101
2018/07/18 16:44:00,35.8850,141.3070,39,4.5,9.5,0.3,1.5,26
2018/07/17 04:43:00,36.4330,140.6830,52,4.1,65.1,1.0,2.8,89
2018/07/17 04:34:00,36.4300,140.6920,52,4.8,130.2,3.5,3.6,180
2018/07/16 02:13:00,42.3200,142.9970,55,4.9,50.5,2.3,3.4,135
2018/07/16 01:10:00,35.3950,133.2930,10,3.1,23.8,0.8,2.3,8
2018/07/15 01:59:00,34.8250,135.5870,11,3.4,20.5,0.4,1.5,37
2018/07/14 18:13:00,38.8870,141.9720,49,4.0,39.8,0.6,1.9,38
2018/07/13 17:19:00,31.7980,128.8920,28,4.3,4.6,0.3,1.4,14
2018/07/12 17:39:00,38.2630,142.1570,39,4.9,57.3,1.6,3.2,153
2018/07/10 13:56:00,41.5480,142.0730,68,4.9,15.7,0.6,2.1,138
2018/07/09 22:54:00,35.2020,140.5400,58,3.6,5.8,0.2,1.2,22
2018/07/09 03:53:00,33.4320,130.3780,14,4.2,126.5,2.3,3.3,77
2018/07/09 02:40:00,33.4320,130.3780,14,3.5,25.8,0.5,1.8,25
2018/07/09 01:00:00,35.2020,140.5350,57,3.7,5.3,0.2,1.2,22
2018/07/08 15:45:00,34.8300,135.6180,10,3.9,35.9,0.7,1.9,88
2018/07/07 20:23:00,35.1650,140.5920,57,6.0,146.5,7.6,4.3,356
2018/07/05 23:55:00,32.4550,130.5450,11,3.8,25.3,0.3,1.6,57
2018/07/05 14:40:00,37.3520,141.5080,23,4.2,10.6,0.3,1.6,30
2018/07/03 22:33:00,36.2450,141.1270,46,3.9,15.2,0.3,1.7,37
2018/07/03 20:38:00,32.6250,132.1200,37,4.1,45.9,1.2,2.8,41
2018/07/02 20:53:00,41.1950,142.7000,39,5.0,36.2,1.4,3.1,144
2018/07/02 20:47:00,38.9170,141.9320,51,3.9,24.4,0.4,1.8,32
2018/07/02 02:27:00,41.4930,142.0630,64,4.9,34.5,0.9,2.6,163
2018/07/01 12:42:00,34.8570,135.6070,12,3.5,25.9,0.5,2.0,38
2018/07/01 11:22:00,43.5230,145.2820,131,4.3,26.3,0.7,2.1,28
2018/06/30 15:30:00,34.9400,137.6600,24,3.3,19.1,0.3,1.4,33
2018/06/29 14:15:00,32.9150,130.8530,7,2.3,6.6,0.1,-0.1,1
2018/06/29 14:05:00,35.1080,140.2630,13,4.3,35.9,1.3,2.7,25
2018/06/28 02:58:00,35.3680,140.4820,28,3.3,12.8,0.3,1.4,13
2018/06/27 14:28:00,38.5570,142.3220,38,4.1,15.9,0.3,1.6,42
2018/06/27 07:59:00,35.3300,140.3430,24,2.8,13.1,0.3,0.9,10
2018/06/27 04:16:00,35.3470,140.3370,25,4.1,59.7,1.2,2.3,23
2018/06/26 20:03:00,39.3380,142.0680,48,4.4,75.9,1.9,3.1,70
2018/06/26 19:46:00,35.3480,140.3450,26,4.3,136.1,3.6,3.1,78
2018/06/26 17:04:00,42.1870,143.3700,42,4.1,84.5,2.9,3.5,10
2018/06/26 17:00:00,34.9300,132.8720,12,5.0,296.9,7.2,4.1,185
2018/06/26 07:07:00,35.2950,133.3420,12,3.5,89.1,1.7,2.7,29
2018/06/24 18:42:00,28.3030,129.5850,33,3.3,4.0,0.1,0.5,2
2018/06/23 23:08:00,34.8320,135.6220,11,4.0,56.6,1.6,2.5,122
2018/06/22 06:20:00,36.6950,140.5830,10,3.5,97.6,0.9,2.5,24
2018/06/21 19:18:00,35.1320,140.2480,11,3.3,7.2,0.2,1.2,11
2018/06/21 15:53:00,35.1320,140.2420,11,3.8,22.6,0.8,2.2,22
2018/06/20 10:42:00,37.0970,140.5280,7,4.1,127.9,3.2,3.5,60
2018/06/20 05:28:30,34.8420,135.6280,13,3.2,16.3,0.3,1.3,16
2018/06/20 05:28:00,44.9980,141.8570,11,4.1,44.8,1.9,2.8,16
2018/06/20 03:47:00,34.8570,135.6130,11,3.4,40.0,0.8,2.2,37
2018/06/19 14:15:00,34.8330,135.6050,10,3.1,15.7,0.3,1.5,17
2018/06/19 13:29:00,35.6850,140.1200,69,3.9,9.9,0.3,1.6,99
2018/06/19 07:52:00,34.8450,135.6120,11,3.9,48.5,1.0,2.2,78
2018/06/19 06:50:00,34.8480,135.6100,12,3.5,47.2,0.9,2.1,40
2018/06/19 04:53:00,34.8430,135.6250,13,3.9,105.3,1.8,2.7,70
2018/06/19 00:35:00,34.8550,135.6100,11,2.8,7.9,0.2,1.0,8
2018/06/19 00:31:00,34.8580,135.6070,10,4.1,150.7,4.1,3.4,111
2018/06/18 16:31:00,34.8580,135.6100,11,3.5,58.5,1.2,2.5,42
2018/06/18 13:56:00,34.8330,135.6080,12,2.9,8.9,0.2,1.0,11
2018/06/18 12:36:00,34.8530,135.6320,12,3.3,18.9,0.3,1.4,28
2018/06/18 08:42:00,34.8530,135.6200,13,3.3,24.4,0.5,1.8,27
2018/06/18 08:18:00,34.8470,135.6200,12,3.0,9.1,0.2,0.7,15
2018/06/18 08:07:00,34.8530,135.6220,13,3.3,21.2,0.4,1.4,28
2018/06/18 08:02:00,34.8330,135.6100,12,3.3,22.9,0.7,1.6,22
2018/06/18 07:58:00,34.8430,135.6220,13,6.1,806.2,41.4,5.6,537
2018/06/18 06:36:00,42.8130,145.2230,48,4.3,20.9,0.9,2.4,37
2018/06/18 00:43:00,38.8420,142.1080,44,3.8,35.9,0.4,1.9,28
2018/06/17 15:27:00,36.4550,139.1720,14,4.6,124.9,3.2,3.6,222
2018/06/17 15:15:00,39.0320,142.3830,35,4.0,18.3,0.2,1.3,29
2018/06/17 09:31:00,32.6850,130.7120,12,3.0,13.8,0.3,1.5,9
2018/06/16 18:13:00,34.0180,134.7570,43,3.8,18.0,0.5,2.0,60
2018/06/16 15:45:00,35.3450,140.3330,25,2.8,24.3,0.5,1.1,8
2018/06/16 11:50:00,35.3400,140.3350,25,3.2,32.8,0.8,1.6,11
2018/06/16 11:22:00,35.3470,140.3300,26,4.2,65.4,1.4,2.5,44
2018/06/16 11:16:00,35.3470,140.3230,25,3.2,12.9,0.4,1.2,13
2018/06/16 11:09:00,35.3500,140.3230,26,4.4,145.3,4.3,3.3,68
2018/06/15 09:08:00,36.0580,137.5600,9,3.0,23.7,0.3,1.7,10
2018/06/14 22:51:00,34.9400,137.6630,24,3.7,60.5,0.9,2.5,59
2018/06/14 19:04:00,35.2380,140.2750,13,4.0,15.1,0.5,1.7,37
2018/06/14 12:07:00,35.1480,140.2850,12,3.0,16.4,0.3,1.5,7
2018/06/14 10:39:00,35.1980,140.3170,11,3.2,45.3,0.8,2.4,9
2018/06/14 07:14:00,35.6570,140.0900,67,3.9,8.3,0.3,1.5,92
2018/06/12 21:37:00,42.5870,145.3280,50,4.2,9.2,0.3,1.5,37
2018/06/12 05:09:00,35.1670,140.5750,17,4.9,48.2,1.7,3.2,62
2018/06/12 04:56:00,31.1980,131.5630,24,4.0,5.4,0.4,1.6,10
2018/06/12 04:54:00,31.1880,131.5580,28,5.6,73.0,6.2,4.2,135
2018/06/10 06:45:00,43.7880,145.9550,94,4.5,18.8,0.4,2.0,23
2018/06/09 22:50:00,35.2320,138.6230,17,3.6,50.3,1.0,2.8,36
2018/06/08 02:05:00,36.0480,137.5800,6,2.5,25.4,0.6,2.2,7
2018/06/07 21:18:00,35.8670,140.6380,52,4.2,6.3,0.3,1.5,24
2018/06/07 14:58:00,35.8600,140.2620,44,3.6,19.7,0.5,1.8,35
2018/06/06 22:41:00,35.3850,136.9630,5,2.6,9.4,0.1,0.7,4
2018/06/06 16:22:00,36.6370,140.5530,80,3.7,54.9,0.9,1.9,57
2018/06/06 06:51:00,32.5400,130.6720,9,3.3,24.3,0.5,1.5,19
2018/06/06 01:21:00,32.4470,132.1680,28,3.9,21.1,0.4,1.7,25
2018/06/04 20:19:00,36.0400,139.7980,76,3.5,10.9,0.2,1.0,45
2018/06/03 18:31:00,31.9580,130.1250,11,3.9,22.2,1.1,2.4,39
2018/06/03 15:17:00,33.9220,134.2420,9,2.8,70.3,1.0,2.4,5
2018/06/03 10:13:00,32.5380,130.6870,12,3.6,21.2,0.4,1.8,41
2018/06/03 02:20:00,35.6400,140.1250,70,3.8,7.2,0.4,1.4,43
2018/06/02 18:48:00,43.6570,148.0880,0,5.6,4.6,0.3,1.5,23
2018/06/02 15:04:00,36.0700,139.7830,46,3.6,9.9,0.3,1.6,68
2018/05/31 06:15:00,42.7580,144.2220,53,4.1,76.0,1.9,2.7,43
2018/05/30 21:27:00,43.4480,144.0050,0,2.9,45.3,1.2,2.7,5
2018/05/30 13:21:00,39.0680,140.9620,9,3.2,13.3,0.2,1.3,10
2018/05/30 06:10:00,33.9020,134.4720,11,3.8,27.1,0.6,1.8,25
2018/05/29 21:01:00,36.4070,140.6670,76,3.7,12.0,0.2,1.6,47
2018/05/29 00:47:00,38.3270,141.8720,46,4.2,48.0,0.8,1.9,70
2018/05/28 22:26:00,34.2150,135.1570,5,2.8,41.5,0.4,1.5,4
2018/05/28 20:52:00,32.3380,130.4950,6,3.4,62.2,1.0,2.3,17
2018/05/28 06:11:00,34.9900,132.5630,13,3.2,27.8,0.3,1.3,12
2018/05/27 09:37:00,36.9620,138.6020,6,2.5,4.8,0.1,0.0,3
2018/05/26 23:01:00,37.8050,141.7270,51,4.7,28.9,1.0,2.4,111
2018/05/26 07:02:00,32.0820,132.0880,28,4.2,12.7,0.4,1.8,34
2018/05/26 05:49:00,36.9420,138.6130,3,2.6,4.3,0.1,0.1,3
2018/05/26 01:34:00,36.6370,137.9020,10,2.9,6.6,0.2,0.3,3
2018/05/25 22:56:00,36.9320,138.5950,3,2.8,15.9,0.2,1.2,4
2018/05/25 21:28:00,36.9430,138.6080,5,2.8,7.7,0.1,1.0,2
2018/05/25 21:24:00,36.9230,138.6050,0,3.0,12.7,0.3,1.7,4
2018/05/25 21:23:00,36.9420,138.6120,3,3.1,10.9,0.3,1.1,8
2018/05/25 21:15:00,36.9350,138.6000,5,3.0,9.1,0.2,0.7,7
2018/05/25 21:13:00,36.9400,138.5880,6,5.2,144.0,6.4,3.8,188
2018/05/25 19:06:00,26.4580,127.2400,61,4.4,8.9,0.3,1.6,6
2018/05/25 16:13:00,32.6430,130.7030,7,2.5,8.3,0.3,1.4,3
2018/05/25 00:54:00,33.8450,134.9800,10,3.5,11.3,0.2,1.1,14
2018/05/24 01:25:00,33.1230,130.4450,10,4.1,29.8,0.7,2.1,54
2018/05/22 21:55:00,35.7380,140.6220,51,3.9,10.8,0.3,1.7,15
2018/05/22 11:35:00,36.0400,139.9130,42,3.5,11.3,0.2,1.0,38
2018/05/18 03:42:00,42.7250,145.4700,47,5.8,117.0,4.0,3.9,124
2018/05/18 02:56:00,35.4630,140.3850,28,2.9,6.9,0.1,0.9,16
2018/05/17 18:34:00,36.6330,139.4620,4,2.7,54.4,0.6,1.6,3
2018/05/17 12:12:00,35.7150,140.7300,52,5.3,60.4,4.0,3.5,242
2018/05/16 19:26:00,36.6380,137.8880,9,3.0,4.6,0.1,0.3,3
2018/05/16 14:43:00,32.7370,130.8070,13,3.4,36.3,1.0,2.4,19
2018/05/16 08:55:00,36.6400,137.8950,9,2.9,8.8,0.2,0.8,3
2018/05/16 00:18:00,35.2970,137.4650,11,2.6,8.4,0.1,0.4,5
2018/05/15 14:00:00,35.4920,139.0200,27,4.3,99.9,2.2,3.3,108
2018/05/15 07:46:00,39.6370,142.1070,49,3.7,50.0,0.8,2.0,32
2018/05/14 19:31:00,40.0580,142.6850,29,5.1,23.4,1.3,2.8,129
2018/05/13 01:49:00,38.5300,141.8150,50,4.8,71.7,3.0,3.7,146
2018/05/12 12:40:00,34.7420,136.7030,40,3.8,21.0,0.4,1.6,78
2018/05/12 11:10:00,36.6420,137.9020,10,2.8,6.0,0.1,0.3,3
2018/05/12 10:41:00,36.6330,137.9020,11,3.1,8.2,0.1,0.7,4
2018/05/12 10:29:00,36.6320,137.9000,11,5.2,127.8,6.3,3.7,173
2018/05/11 20:21:00,37.1370,141.0620,54,3.7,20.8,0.4,1.8,35
2018/05/11 08:34:00,26.7950,128.4150,31,3.9,9.8,0.3,1.3,2
2018/05/10 19:57:00,37.8180,141.7580,41,4.7,30.5,0.6,2.0,90
2018/05/10 10:17:00,36.3070,140.9570,38,3.4,28.4,0.6,1.7,13
2018/05/10 03:13:00,37.6000,138.2450,24,3.8,14.0,0.4,1.8,40
2018/05/08 02:00:00,33.9200,135.1200,11,3.6,88.2,0.9,1.8,14
2018/05/07 17:17:00,28.6850,129.1330,78,4.1,7.9,0.2,1.2,4
2018/05/07 05:01:00,39.5950,141.1600,98,5.1,60.7,3.0,3.5,202
2018/05/06 21:13:00,32.6570,130.6680,11,3.9,116.2,4.1,3.7,57
2018/05/06 07:15:00,40.0400,140.5420,9,4.1,65.7,1.3,2.6,49
2018/05/05 23:46:00,36.0270,140.0850,60,3.7,13.5,0.4,1.5,66
2018/05/05 21:47:00,41.9670,141.0070,12,3.1,75.7,1.4,2.5,8
2018/05/05 15:43:00,37.0820,141.1750,49,4.2,42.9,1.0,2.4,68
2018/05/04 21:57:00,32.0130,131.4350,17,2.6,20.7,0.4,1.9,7
2018/05/04 20:40:00,36.4830,141.0730,21,4.3,9.9,0.2,1.5,30
2018/05/04 02:17:00,35.6470,140.1670,69,4.1,8.0,0.5,1.9,100
2018/05/04 02:07:00,35.6500,140.1800,69,4.2,14.1,0.7,2.2,137
2018/05/03 14:22:00,32.2220,130.7070,7,3.1,18.5,0.4,1.4,14
2018/04/29 21:36:00,35.2100,135.5200,11,3.4,38.9,0.7,2.2,18
2018/04/29 21:31:00,41.1800,140.9630,7,3.3,115.2,2.0,3.1,14
2018/04/29 17:47:00,39.4880,140.4200,10,3.2,16.7,0.3,1.5,11
2018/04/29 14:35:00,35.1680,132.5880,10,3.2,43.9,0.7,2.2,9
2018/04/29 12:09:00,39.3400,142.0630,48,4.0,53.7,0.7,2.3,40
2018/04/28 20:27:00,36.4480,140.5980,56,3.7,20.4,0.4,1.9,46
2018/04/28 19:42:00,24.2370,123.8030,16,3.4,6.0,0.1,0.4,1
2018/04/28 14:08:00,32.5680,130.6950,12,3.6,19.0,0.4,1.9,32
2018/04/28 11:12:00,38.4720,141.6070,56,3.9,143.2,1.9,2.6,35
2018/04/28 03:42:00,35.1850,132.5700,11,3.6,24.5,0.7,1.8,18
2018/04/28 00:59:00,24.2470,123.7950,17,4.4,17.3,0.4,1.3,3
2018/04/24 17:53:00,43.2380,145.8250,87,5.4,127.5,4.5,4.0,147
2018/04/23 13:26:00,40.6880,142.2550,44,3.6,6.9,0.1,0.8,7
2018/04/23 05:49:00,34.2430,139.1380,9,4.3,23.5,0.7,2.3,3
2018/04/23 05:45:00,34.2430,139.1600,9,3.0,7.4,0.2,1.2,3
2018/04/23 01:01:00,35.1680,132.5900,11,4.1,107.9,2.2,3.2,82
2018/04/22 20:36:00,34.2320,139.1530,9,2.6,2.4,0.0,-0.2,1
2018/04/22 20:30:00,34.2370,139.1550,10,3.3,11.8,0.3,1.7,3
2018/04/21 18:47:00,35.5600,141.1030,33,5.1,34.5,2.7,3.1,97
2018/04/21 04:36:00,35.8620,137.5970,7,2.7,19.6,0.3,1.1,4
2018/04/20 19:45:00,42.7020,144.7070,51,4.5,23.2,1.2,2.4,47
2018/04/20 08:57:00,35.5080,138.9620,24,3.5,51.8,0.8,2.3,45
2018/04/19 20:38:00,40.1470,142.4650,34,4.8,19.5,1.0,2.6,105
2018/04/19 13:58:00,38.8530,141.6350,69,3.8,48.7,0.7,2.2,70
2018/04/18 01:53:00,37.0150,140.7650,10,3.6,11.6,0.3,1.3,29
2018/04/17 01:06:00,33.7900,135.3520,10,3.5,29.6,0.5,1.6,25
2018/04/16 17:55:00,33.4870,135.8080,30,3.4,6.9,0.1,0.8,11
2018/04/16 00:09:00,39.3950,142.5770,47,3.9,21.1,0.5,2.1,31
2018/04/14 15:13:00,34.8230,137.1270,6,4.5,240.1,3.9,3.9,163
2018/04/14 13:51:00,34.9500,137.2900,40,3.2,14.8,0.3,1.1,29
2018/04/14 10:36:00,34.8250,137.1270,6,3.6,26.3,0.5,2.0,37
2018/04/14 07:48:00,35.1930,132.5670,13,3.5,22.6,0.5,1.4,17
2018/04/14 04:00:00,43.1750,145.7370,53,5.4,269.7,11.4,4.6,144
2018/04/13 10:59:00,35.1920,132.5720,13,3.9,26.2,0.7,1.8,38
2018/04/12 22:37:00,38.3750,141.8580,56,4.7,179.3,3.0,3.3,154
2018/04/12 20:36:00,39.4150,143.2270,21,4.7,11.9,0.4,1.9,67
2018/04/12 08:02:00,37.4520,141.3880,37,4.2,25.8,0.5,2.0,77
2018/04/12 04:09:00,38.3180,141.7530,50,4.0,27.3,0.4,1.8,34
2018/04/10 23:24:00,31.2700,129.9750,7,4.0,31.1,0.8,2.3,37
2018/04/10 05:09:00,31.1470,131.3530,29,4.0,10.0,0.3,1.5,14
2018/04/09 13:50:00,35.1770,132.5770,9,3.2,19.3,0.4,1.4,10
2018/04/09 12:33:00,36.4280,140.6570,53,3.3,13.0,0.2,1.1,10
2018/04/09 07:34:00,35.1900,132.5730,12,3.2,21.0,0.4,1.7,13
2018/04/09 06:38:00,35.1950,132.5730,12,3.8,66.8,1.9,2.5,31
2018/04/09 05:05:00,35.1730,132.5870,9,4.6,166.4,5.8,3.7,101
2018/04/09 04:39:00,35.1680,132.5900,12,3.7,48.4,0.8,2.4,28
2018/04/09 04:33:00,35.1750,132.5800,9,3.3,24.4,0.5,1.5,10
2018/04/09 03:57:00,35.1680,132.5880,11,3.5,40.4,0.7,2.3,20
2018/04/09 03:46:00,35.1830,132.5720,10,3.7,29.8,0.5,2.0,24
2018/04/09 02:49:00,35.1630,132.5900,12,3.2,42.7,0.6,2.3,11
2018/04/09 02:30:00,35.1720,132.5870,9,4.0,43.6,1.1,2.6,40
2018/04/09 02:12:00,35.1750,132.5780,9,3.1,17.2,0.3,1.3,7
2018/04/09 02:10:00,35.1720,132.5830,10,4.9,258.5,9.6,4.1,158
2018/04/09 02:03:00,35.1850,132.5750,10,4.2,101.2,3.0,2.9,68
2018/04/09 01:57:00,35.1620,132.5930,11,3.3,34.5,0.4,2.0,11
2018/04/09 01:56:00,35.1830,132.5750,10,4.8,189.4,6.7,3.8,125
2018/04/09 01:48:00,35.1850,132.5780,10,3.2,34.9,0.7,2.1,10
2018/04/09 01:43:00,35.1670,132.5900,10,4.5,181.0,4.8,3.8,88
2018/04/09 01:32:00,35.1830,132.5870,12,6.1,676.2,35.5,5.5,378
2018/04/07 05:14:00,36.4720,140.5280,58,3.5,29.2,0.3,1.4,48
2018/04/04 16:37:00,37.3070,141.7330,44,4.5,22.3,0.6,2.2,79
2018/04/03 22:14:00,37.3170,138.9050,9,2.9,8.0,0.2,1.0,4
2018/04/03 21:06:00,36.7500,140.7080,95,3.8,18.0,0.5,1.8,51
2018/04/01 23:57:00,36.8030,140.5500,8,3.3,35.4,0.6,1.8,10
2018/03/31 17:05:00,36.4550,140.6020,55,3.8,36.0,0.7,2.2,60
2018/03/30 08:17:00,36.4420,140.6200,56,5.1,197.1,6.1,4.1,297
2018/03/30 01:30:00,39.7550,141.8430,58,3.7,29.2,0.5,2.0,44
2018/03/29 23:05:00,41.9080,142.3220,71,4.2,14.3,0.4,1.9,41
2018/03/29 10:55:00,34.2300,135.1680,5,2.6,41.6,0.4,1.6,1
2018/03/29 07:23:00,34.2280,135.1680,5,2.6,82.5,0.8,1.8,2
2018/03/29 07:19:00,34.2280,135.1680,5,3.1,94.7,1.0,2.1,3
2018/03/28 07:49:00,45.3570,141.7070,0,3.0,17.0,0.2,1.6,2
2018/03/27 18:40:00,36.4030,140.6630,52,3.6,12.3,0.2,1.1,35
2018/03/27 04:58:00,34.1800,135.0920,9,3.7,26.5,0.4,1.9,23
2018/03/26 18:44:00,36.1150,139.8480,53,3.9,49.2,1.0,2.7,106
2018/03/26 00:36:00,32.6400,140.7920,53,4.8,7.0,0.3,1.4,6
2018/03/26 00:22:00,37.7830,138.0400,21,4.0,25.9,0.5,2.1,26
2018/03/25 23:37:00,32.6420,140.8870,41,5.8,36.0,1.3,2.8,112
2018/03/25 14:08:00,37.3070,140.9430,61,3.5,12.2,0.3,1.5,27
2018/03/25 12:29:00,37.4570,141.2400,61,3.8,13.0,0.3,1.6,29
2018/03/24 04:27:00,40.2500,140.4050,11,3.3,36.1,0.5,1.9,16
2018/03/24 02:32:00,40.0570,142.0400,62,4.0,42.6,0.5,2.0,51
2018/03/23 07:15:00,36.4120,140.8170,27,3.6,34.1,0.4,1.9,25
2018/03/23 06:32:00,38.8800,142.0770,45,5.1,114.5,3.5,3.4,177
2018/03/23 04:51:00,36.8400,140.7930,13,3.4,23.3,0.3,1.3,12
2018/03/22 08:15:00,42.2450,141.4570,98,4.1,6.9,0.3,1.5,33
2018/03/20 08:05:00,34.6820,137.9800,12,2.9,4.6,0.1,0.6,7
2018/03/19 11:45:00,35.3200,141.0850,37,5.1,7.0,0.9,2.2,68
2018/03/18 12:59:00,35.5900,140.0920,71,3.9,26.3,0.7,2.3,117
2018/03/16 13:09:00,36.4320,140.6530,53,3.5,13.8,0.2,1.4,29
2018/03/15 20:33:00,42.2030,139.4950,8,2.9,7.8,0.2,1.0,2
2018/03/15 05:41:00,38.3030,141.8850,46,4.2,122.5,1.8,2.9,91
2018/03/13 15:54:00,35.4670,140.3930,32,3.6,21.0,0.6,2.1,24
2018/03/13 15:46:00,35.7300,140.6730,51,4.9,29.5,1.3,2.6,105
2018/03/13 15:10:00,24.2550,123.7870,17,4.4,12.5,0.3,1.3,3
2018/03/13 04:12:00,32.8670,130.8400,14,2.9,14.0,0.2,1.3,8
2018/03/12 19:21:00,27.2500,128.4270,48,4.6,46.7,1.0,2.3,5
2018/03/12 15:40:00,41.1480,142.6180,36,4.9,14.8,0.5,2.2,92
2018/03/12 14:54:00,34.6980,137.9750,11,2.7,1.8,0.0,-0.3,4
2018/03/11 15:55:00,28.7920,129.9480,36,4.4,2.6,0.2,1.0,2
2018/03/10 20:15:00,34.0200,132.2480,56,3.8,12.9,0.2,1.5,43
2018/03/10 19:48:00,24.2480,123.8150,14,3.1,3.1,0.1,-0.1,1
2018/03/10 17:27:00,34.9930,135.5530,12,3.2,18.3,0.2,0.9,14
2018/03/10 15:42:00,35.6500,139.5220,24,2.9,15.4,0.4,1.8,4
2018/03/10 09:20:00,41.6830,142.9620,30,3.8,11.4,0.3,1.6,5
2018/03/09 18:16:00,41.1780,141.2650,93,4.4,16.9,0.5,2.0,55
2018/03/08 13:35:00,24.2380,123.8480,15,3.7,3.3,0.1,0.5,2
2018/03/08 13:27:00,24.2380,123.8470,15,4.0,6.5,0.2,1.0,2
2018/03/06 21:19:00,26.6750,127.7700,46,4.2,29.8,0.8,2.4,7
2018/03/06 20:50:00,24.2430,123.8380,15,4.0,6.5,0.1,0.6,2
2018/03/06 01:30:00,36.4630,136.2170,17,3.5,14.8,0.3,1.2,10
2018/03/06 01:26:00,36.4650,136.2200,15,3.7,19.6,0.5,1.5,15
2018/03/05 15:31:00,35.5930,140.1130,69,3.7,6.8,0.3,1.5,48
2018/03/05 04:52:00,44.6150,148.1720,109,5.4,7.8,0.4,2.0,44
2018/03/03 23:38:00,24.2480,123.8200,13,3.3,2.6,0.1,0.1,2
2018/03/02 12:42:00,24.3320,122.9700,48,4.9,8.2,0.2,1.3,3
2018/03/02 11:44:00,24.2170,123.8570,20,4.0,4.8,0.1,0.8,2
2018/03/02 00:32:00,24.2400,123.8420,16,4.2,4.8,0.1,0.4,2
2018/03/01 23:11:00,24.2530,123.7950,15,4.4,10.9,0.2,1.0,2
2018/03/01 22:42:00,24.2480,123.8200,15,5.6,119.1,5.7,3.8,5
2018/03/01 04:47:00,34.2280,135.1750,5,2.9,174.5,1.9,2.4,3
2018/02/28 07:57:00,37.5320,141.7680,38,4.7,15.0,0.7,2.0,87
2018/02/27 08:08:00,36.2230,140.0850,54,4.3,108.5,2.0,3.2,154
2018/02/26 02:37:00,37.5220,141.7550,40,4.3,19.7,0.7,2.0,64
2018/02/26 01:28:00,37.5370,141.7620,40,5.8,108.5,5.9,3.9,390
2018/02/22 13:17:00,38.3350,141.7050,51,3.9,41.2,0.8,2.3,28
2018/02/22 07:56:00,35.8600,137.6050,5,3.2,31.0,1.0,2.3,13
2018/02/20 09:41:00,35.2170,135.7270,11,3.2,20.9,0.2,1.1,14
2018/02/19 18:48:00,36.6800,141.4070,52,4.2,9.9,0.3,1.7,59
2018/02/19 14:34:00,36.0500,139.8880,43,3.5,12.1,0.2,1.5,44
2018/02/19 04:03:00,36.6930,140.5880,9,3.7,168.2,2.1,2.8,43
2018/02/19 03:35:00,32.8970,132.1620,40,3.9,9.0,0.5,2.0,43
2018/02/19 03:31:00,32.9030,132.1620,40,5.0,123.0,3.5,3.8,216
2018/02/18 19:01:00,37.0950,140.2250,105,4.1,37.4,0.6,2.1,89
2018/02/17 06:38:00,38.4250,141.9800,57,4.5,184.7,2.4,3.0,115
2018/02/17 00:13:00,36.0580,139.8970,44,3.4,11.7,0.2,1.2,34
2018/02/16 07:52:00,35.4200,140.3500,29,3.1,11.8,0.4,1.6,11
2018/02/15 19:27:00,36.5330,141.1180,34,3.9,16.0,0.4,1.8,27
2018/02/15 10:06:00,36.6620,140.6050,9,3.1,66.7,0.6,1.9,11
2018/02/13 16:17:00,35.8630,137.5920,6,3.2,65.9,1.4,2.7,19
2018/02/13 14:39:00,35.8650,137.5930,6,4.1,99.8,2.7,3.1,81
2018/02/13 03:36:00,37.1400,141.3450,49,4.1,18.7,0.4,1.5,30
2018/02/11 23:49:00,42.9370,145.4900,46,4.0,29.2,0.9,2.4,16
2018/02/11 16:31:00,32.4450,140.4320,29,4.9,2.5,0.1,0.7,3
2018/02/11 04:14:00,36.2620,140.9350,38,4.2,52.5,1.4,2.9,44
2018/02/10 15:55:00,32.2570,130.3950,10,2.8,9.7,0.2,1.1,7
2018/02/08 23:34:00,36.0530,139.3450,55,4.2,58.0,1.0,2.7,142
2018/02/08 17:21:00,32.6550,130.6600,11,3.0,19.2,0.5,1.8,6
2018/02/06 22:57:00,36.6380,140.9030,51,3.7,94.1,1.1,2.6,62
2018/02/05 11:52:00,32.0170,130.3220,12,3.0,7.5,0.1,0.9,11
2018/02/04 22:56:00,24.1170,121.7030,10,6.5,1.4,0.2,0.9,1
2018/02/04 10:46:00,36.8050,139.3830,3,2.7,54.4,0.8,2.0,4
2018/02/02 23:52:00,39.3400,142.0780,48,3.8,29.2,0.5,2.0,47
2018/02/02 19:44:00,38.6170,141.8980,48,4.0,36.9,0.5,1.9,30
2018/02/01 15:48:00,28.2120,129.4150,19,4.2,26.0,0.5,1.8,4
2018/01/31 10:15:00,36.3400,141.0130,46,4.5,28.3,0.4,2.0,72
2018/01/31 05:11:00,42.0180,142.5900,62,4.7,18.3,1.1,2.8,128
2018/01/30 09:25:00,38.5370,141.8170,49,4.5,73.2,0.8,2.6,73
2018/01/30 08:42:00,41.0320,142.4120,32,4.2,6.9,0.3,1.6,32
2018/01/28 04:43:00,40.1180,142.4230,35,4.9,16.9,0.6,2.2,107
2018/01/27 03:11:00,38.2380,141.6100,63,4.5,89.8,1.3,2.9,115
2018/01/26 18:00:00,35.9780,139.4670,9,2.9,9.8,0.1,1.1,5
2018/01/26 12:07:00,36.6230,140.9970,47,4.0,22.9,0.7,2.2,54
2018/01/25 18:25:00,36.7320,141.1650,40,3.8,19.0,0.4,2.0,64
2018/01/24 22:55:00,37.4120,141.2570,60,4.2,32.6,0.6,2.3,87
2018/01/24 19:51:00,41.0080,142.4470,34,6.3,138.6,5.5,4.3,418
2018/01/24 13:25:00,36.5620,141.0800,33,3.9,22.8,0.3,1.6,38
2018/01/24 02:32:00,36.3180,140.8820,38,4.3,104.0,1.5,2.9,116
2018/01/23 16:17:00,35.4130,133.8450,11,3.6,110.3,1.9,2.4,24
2018/01/23 04:42:00,36.3670,139.2420,14,3.0,25.8,0.3,1.5,18
2018/01/21 15:15:00,34.9120,138.2600,25,3.7,88.4,1.6,2.8,46
2018/01/21 08:15:00,37.4250,139.6980,4,3.0,12.0,0.2,0.9,7
2018/01/19 21:00:00,43.5250,146.3780,81,4.7,22.7,0.7,2.2,34
2018/01/19 15:45:00,35.8780,138.0900,7,3.2,31.5,0.4,1.8,18
2018/01/19 08:22:00,35.7180,140.8600,9,3.8,51.4,1.4,2.1,18
2018/01/17 00:07:00,27.4100,128.6450,43,3.4,8.9,0.2,1.0,2
2018/01/16 18:49:00,42.8670,145.4570,64,4.1,19.9,0.6,2.1,33
2018/01/15 03:12:00,34.8470,139.2520,11,3.4,54.8,1.4,2.8,17
2018/01/14 18:07:00,41.9370,143.0470,41,4.7,27.5,1.3,2.9,98
2018/01/13 14:37:00,36.8000,140.5420,9,3.9,78.5,1.6,2.6,55
2018/01/13 08:56:00,38.6880,141.6730,65,3.9,60.5,0.6,2.0,52
2018/01/12 21:17:00,32.9500,131.0480,8,3.1,30.4,0.5,2.0,10
2018/01/10 23:37:00,40.2580,142.2430,41,3.8,20.1,0.3,1.7,20
2018/01/10 20:03:00,42.5220,142.4650,125,4.3,18.4,1.3,2.2,76
2018/01/10 07:30:00,35.4220,141.2120,32,5.2,7.8,1.0,2.2,76
2018/01/09 13:43:00,39.6330,142.1030,49,4.1,92.4,1.8,2.7,55
2018/01/09 05:52:00,33.7750,132.2050,57,4.3,25.4,0.7,2.3,119
2018/01/07 18:19:00,36.2930,141.0700,47,4.4,28.8,0.7,2.3,93
2018/01/07 11:23:00,38.8870,141.9730,49,3.9,18.0,0.4,1.5,19
2018/01/06 22:45:00,40.7080,142.6900,22,4.5,14.7,0.5,2.2,60
2018/01/06 20:30:00,27.9580,129.3070,15,3.5,2.7,0.0,-0.1,1
2018/01/06 09:26:00,34.8230,134.7570,15,3.0,138.6,1.1,1.5,6
2018/01/06 05:48:00,34.8520,139.2450,11,4.5,82.4,3.7,3.6,81
2018/01/06 04:38:00,34.8520,139.2530,12,4.4,54.6,1.4,3.0,41
2018/01/06 00:54:00,35.6430,140.0220,71,4.7,85.1,3.6,3.6,273
2018/01/05 11:02:30,35.8950,140.8900,41,4.5,27.7,1.0,2.3,54
2018/01/05 11:02:00,36.8700,136.9800,14,4.0,98.4,2.0,2.7,37
2018/01/04 15:20:00,35.6250,140.1200,72,3.8,6.5,0.4,1.6,45
2018/01/04 10:36:00,41.8900,143.0420,44,4.1,6.9,0.2,1.0,5
2018/01/04 04:29:00,36.4830,140.5970,59,3.6,43.3,0.7,1.8,35
2018/01/02 19:48:00,35.6520,139.9880,48,4.3,28.1,1.1,2.7,171
