Download Time:2026/07/17 12:36:37,Search Date:2000/01/01 - 2003/01/01 
Origin Time,Latitude[degree],Longitude[degree],Depth[km],Magnitude,Max Acc[gal],Max Vel[cm/s],Seismic Intensity,Number of stations
2003/01/01 23:18:00,36.4300,140.6300,55,4.0,27.4,0.4,1.9,18
2003/01/01 19:49:00,38.7300,141.1550,5,3.2,6.5,0.1,0.7,5
2003/01/01 07:29:00,44.7190,146.2890,203,5.1,9.5,0.4,1.8,50
2002/12/31 19:11:00,37.0660,141.4890,47,4.6,11.2,0.3,1.7,52
2002/12/30 12:08:00,35.2110,139.0170,0,3.1,28.4,0.3,1.5,2
2002/12/29 03:38:00,28.7870,129.3930,4,4.5,7.8,0.4,1.7,4
2002/12/28 13:06:00,28.3540,129.3410,19,3.5,36.3,0.8,2.3,2
2002/12/26 09:43:00,28.7890,129.3950,3,4.3,10.6,0.4,1.7,4
2002/12/23 05:31:00,36.2030,139.9840,55,4.1,61.4,1.5,3.1,79
2002/12/22 18:36:00,35.8750,137.5850,7,2.9,20.0,0.2,0.7,7
2002/12/21 16:04:00,32.9230,130.3480,14,3.4,24.0,0.5,1.7,6
2002/12/21 11:38:00,35.8750,137.5840,7,3.3,29.4,0.5,1.6,10
2002/12/20 03:48:00,33.9750,132.7290,46,3.8,47.7,0.7,2.4,28
2002/12/20 01:23:00,24.8060,125.4000,50,3.9,10.8,0.3,1.4,2
2002/12/19 21:19:00,40.8880,143.1240,14,4.7,12.0,0.4,2.1,41
2002/12/19 13:18:00,32.5650,130.6610,8,3.3,26.2,0.6,1.9,4
2002/12/18 00:48:00,40.1150,142.4510,35,4.6,11.6,0.4,1.9,46
2002/12/17 07:17:00,33.5330,135.5970,11,4.3,91.0,1.4,2.7,29
2002/12/14 05:15:00,36.7380,141.3720,47,4.5,10.0,0.3,1.7,47
2002/12/14 04:38:00,36.7380,141.3690,47,4.5,11.9,0.4,1.8,43
2002/12/12 00:34:00,34.0580,135.6490,51,3.3,7.5,0.1,0.5,4
2002/12/10 20:25:00,42.3330,144.6710,35,4.7,7.6,0.5,1.7,28
2002/12/09 19:26:00,28.3810,130.2710,32,4.1,7.2,0.4,1.7,1
2002/12/09 03:34:00,37.6260,141.6570,78,4.6,43.5,0.8,2.6,77
2002/12/07 08:50:00,28.4010,130.2660,32,4.7,13.0,1.0,2.5,2
2002/12/05 02:17:00,37.0760,141.1950,50,4.5,38.4,0.6,2.1,40
2002/12/05 00:53:00,38.7180,142.2610,37,4.9,278.5,9.4,4.5,115
2002/12/05 00:50:00,38.7100,142.3160,40,5.2,168.2,4.9,4.1,147
2002/12/04 23:37:00,24.2510,123.6230,16,4.1,3.8,0.1,0.6,1
2002/12/04 19:48:00,24.8420,123.7210,85,4.7,10.4,0.6,1.7,1
2002/12/04 14:17:00,41.7400,143.5130,32,4.7,18.8,0.8,2.3,32
2002/12/04 08:09:00,35.8700,137.5940,8,4.2,116.8,2.3,3.3,55
2002/12/02 08:02:00,38.6660,141.8790,54,4.6,88.8,1.2,2.4,54
2002/12/01 23:37:00,34.9530,139.8140,56,3.6,14.8,0.4,1.9,10
2002/12/01 19:48:00,39.7530,141.8410,57,4.2,32.8,0.4,1.7,32
2002/12/01 18:57:00,42.6630,143.9640,103,5.4,121.9,4.7,4.0,265
2002/11/30 16:15:00,42.5260,145.0110,46,5.2,23.4,1.3,2.7,77
2002/11/25 00:24:00,36.9260,138.2500,0,2.4,67.0,1.5,2.7,1
2002/11/24 14:07:00,29.2490,130.5650,74,4.6,2.6,0.2,1.3,1
2002/11/24 05:14:00,39.6310,142.1030,48,4.3,57.8,0.8,2.3,36
2002/11/23 03:27:00,33.8730,135.5950,26,3.5,36.1,0.6,1.7,19
2002/11/20 13:49:00,38.4810,140.5220,9,4.2,34.5,0.6,2.0,40
2002/11/19 18:38:00,35.4530,136.3020,13,3.8,30.5,0.4,1.5,6
2002/11/19 18:36:00,35.4530,136.3040,14,4.2,170.3,2.9,3.5,52
2002/11/17 20:56:00,36.3060,136.6840,7,3.2,40.9,0.8,2.4,4
2002/11/17 16:57:00,36.3080,136.6790,7,3.2,35.8,0.5,1.9,3
2002/11/17 13:55:00,47.1270,146.8270,496,7.0,44.9,2.8,3.5,306
2002/11/17 13:48:00,36.3010,136.6720,8,4.5,548.0,9.8,4.6,81
2002/11/16 23:11:00,36.3060,136.6740,8,3.4,73.5,0.8,2.6,5
2002/11/16 12:19:00,38.7110,141.1270,7,4.2,105.5,2.1,3.0,36
2002/11/15 09:08:00,36.3030,136.6770,7,3.3,75.6,1.3,3.0,6
2002/11/15 07:29:00,36.3050,136.6750,8,3.7,140.6,2.8,3.7,14
2002/11/11 06:25:00,34.1050,135.1790,6,3.3,47.5,0.8,2.0,7
2002/11/11 02:03:00,35.1410,135.6550,8,3.5,13.7,0.3,1.4,12
2002/11/10 19:35:00,32.7230,130.8010,11,3.6,20.9,0.6,2.0,13
2002/11/07 05:56:00,32.4250,131.8700,35,3.7,7.8,0.2,0.9,10
2002/11/06 10:04:00,35.8350,137.5850,7,2.8,18.9,0.2,0.6,2
2002/11/06 08:23:00,33.9250,135.4520,54,3.7,45.6,0.4,1.6,25
2002/11/04 13:36:00,32.4110,131.8700,35,5.7,268.2,12.7,4.9,289
2002/11/04 04:14:00,38.8360,142.1310,44,4.7,58.4,0.9,2.6,70
2002/11/03 19:37:00,35.1210,137.7770,45,3.9,18.0,0.4,1.8,25
2002/11/03 14:54:00,38.8360,142.1830,42,4.3,13.6,0.2,0.9,13
2002/11/03 12:39:00,38.9100,142.1160,43,4.9,6.0,0.3,0.8,3
2002/11/03 12:37:00,38.8960,142.1380,46,6.1,417.6,15.3,4.8,383
2002/11/03 10:52:00,41.4910,142.0080,63,4.1,14.4,0.3,1.7,14
2002/11/03 07:06:00,35.5210,140.6220,44,3.6,5.8,0.2,1.1,9
2002/11/02 09:52:00,40.3530,142.0760,50,4.0,10.1,0.3,1.5,11
2002/10/31 15:21:00,36.1610,136.2700,13,3.4,15.9,0.3,1.4,5
2002/10/31 12:15:00,42.8810,142.7310,114,4.1,19.0,0.6,1.9,48
2002/10/30 14:34:00,36.3060,138.2920,7,2.9,16.0,0.2,1.1,3
2002/10/29 18:55:00,34.1510,135.7390,55,3.8,55.5,0.9,2.3,41
2002/10/29 17:24:00,34.2760,131.9760,13,3.8,78.3,0.9,1.7,18
2002/10/29 08:26:00,42.3260,142.9930,54,4.2,12.5,0.3,1.8,40
2002/10/28 11:15:00,35.1660,133.1150,5,3.1,104.6,0.8,1.4,3
2002/10/27 13:27:00,35.1910,140.2370,13,3.1,10.5,0.1,0.9,2
2002/10/27 01:50:00,35.5710,136.4690,15,3.5,67.8,1.1,2.5,9
2002/10/26 19:43:00,37.0660,141.2050,51,4.8,44.3,1.4,2.6,91
2002/10/25 23:40:00,30.5040,130.1960,115,5.1,35.4,0.6,2.2,40
2002/10/25 19:49:00,36.7450,141.3740,49,4.3,4.8,0.1,1.0,18
2002/10/25 05:00:00,39.8180,139.9590,20,4.5,231.5,5.1,3.4,84
2002/10/24 09:52:00,35.3380,133.4020,12,3.6,31.4,0.6,2.1,18
2002/10/24 06:13:00,35.3400,133.4020,12,3.6,13.8,0.4,1.7,12
2002/10/23 06:22:00,35.1510,132.6740,11,4.4,79.6,1.8,3.0,55
2002/10/21 01:06:00,36.3680,141.1240,50,5.2,61.1,2.0,3.4,202
2002/10/19 17:58:00,37.0750,138.4200,14,3.0,6.1,0.1,0.2,1
2002/10/19 05:26:00,42.1260,142.2240,80,4.3,16.5,0.6,2.1,60
2002/10/18 10:10:00,35.1700,140.2300,12,3.2,9.7,0.3,1.5,3
2002/10/17 17:24:00,35.0110,132.8840,7,3.4,66.1,1.0,2.3,8
2002/10/16 13:04:00,35.8350,140.9020,34,4.8,31.1,1.7,2.7,48
2002/10/14 23:13:00,41.1510,142.2760,53,5.9,120.5,8.8,4.3,335
2002/10/14 02:07:00,40.3500,142.0780,50,4.1,24.4,0.5,1.9,14
2002/10/13 20:17:00,33.3530,132.3500,42,4.2,24.7,0.7,2.1,30
2002/10/13 19:06:00,33.3480,132.3550,43,4.7,95.6,2.8,3.6,191
2002/10/13 05:25:00,36.7400,139.4540,5,2.8,5.3,0.1,0.3,1
2002/10/13 04:28:00,36.4330,140.6940,54,4.2,50.5,1.2,2.8,29
2002/10/13 00:58:00,35.2730,139.4990,110,3.7,9.6,0.4,1.7,21
2002/10/12 19:59:00,37.7630,142.7660,29,5.6,19.8,1.1,2.6,168
2002/10/11 10:04:00,37.7260,142.7980,27,5.2,10.4,0.7,2.3,100
2002/10/11 02:22:00,42.6800,142.0040,12,3.6,17.0,0.9,2.3,12
2002/10/09 07:20:00,35.3560,133.7390,8,3.4,13.8,0.3,1.3,10
2002/10/08 14:02:00,32.4760,130.5660,10,3.7,21.9,0.2,1.2,26
2002/10/07 08:08:00,33.8250,134.9700,12,3.5,11.2,0.3,0.9,4
2002/10/06 14:44:00,34.1510,135.1790,7,2.7,20.9,0.2,1.2,2
2002/10/05 07:33:00,35.3180,140.5520,29,3.8,16.3,0.5,1.5,5
2002/10/04 13:05:00,36.1900,137.9990,6,3.1,6.8,0.2,1.0,2
2002/10/02 16:33:00,44.3770,146.7430,119,5.1,15.4,0.6,2.1,35
2002/10/01 09:05:00,35.4280,139.0190,23,3.6,16.8,0.3,1.6,12
2002/09/30 13:03:00,35.1680,133.1120,6,3.2,103.9,0.8,1.4,3
2002/09/30 10:53:00,34.9560,140.1040,65,4.2,7.6,0.3,1.6,30
2002/09/28 02:31:00,36.7400,141.2900,46,4.4,12.1,0.3,1.7,33
2002/09/26 19:12:00,42.5530,142.3160,97,4.2,11.5,0.3,1.8,50
2002/09/25 14:45:00,33.6110,131.9460,71,4.5,28.0,0.5,2.0,92
2002/09/24 09:20:00,31.9850,130.0010,10,3.8,15.8,0.5,2.1,16
2002/09/23 22:36:00,36.4100,138.0320,6,3.3,7.7,0.2,1.1,5
2002/09/23 09:41:00,35.3760,133.7420,8,3.3,16.9,0.3,1.3,9
2002/09/23 08:44:00,37.2530,138.6090,13,3.5,6.1,0.2,1.5,8
2002/09/22 09:36:00,35.2600,137.5000,49,4.2,57.2,0.7,2.1,66
2002/09/22 08:53:00,35.3210,133.2940,6,3.3,34.2,0.6,2.2,8
2002/09/19 13:17:00,31.1420,131.5350,36,4.1,6.5,0.3,1.4,9
2002/09/19 09:03:00,35.3580,133.7520,7,3.9,65.8,1.8,2.9,28
2002/09/19 04:58:00,38.7680,141.1440,9,4.1,93.2,1.3,2.2,33
2002/09/17 23:16:00,33.6460,135.2020,40,3.8,31.3,0.5,1.6,17
2002/09/17 01:07:00,35.3650,133.7270,9,3.9,57.5,1.2,2.8,40
2002/09/17 00:38:00,35.3650,133.7290,9,3.6,38.1,0.8,2.2,16
2002/09/16 13:57:00,35.3680,133.7390,9,3.5,16.5,0.3,1.3,12
2002/09/16 11:13:00,35.3660,133.7270,9,3.4,15.4,0.3,1.3,9
2002/09/16 10:40:00,35.3680,133.7170,11,3.6,26.9,0.5,1.7,14
2002/09/16 10:20:00,35.3650,133.7350,10,3.3,34.9,0.7,2.0,11
2002/09/16 10:10:00,35.3700,133.7390,10,5.3,311.2,17.0,4.9,230
2002/09/16 00:25:00,40.5630,142.0290,61,4.4,13.6,0.5,1.9,34
2002/09/13 07:36:00,35.3710,135.9700,17,3.8,12.1,0.2,1.3,13
2002/09/10 19:52:00,38.7080,141.4490,105,4.1,54.3,1.2,2.7,55
2002/09/10 17:54:00,35.9700,136.5700,10,3.6,30.1,0.4,1.8,12
2002/09/09 04:09:00,38.6030,141.1450,8,4.1,43.7,1.1,2.4,30
2002/09/08 18:10:00,38.7660,141.1420,9,3.5,21.7,0.3,1.0,11
2002/09/08 01:45:00,38.6060,141.1440,8,3.8,61.2,1.5,2.5,14
2002/09/08 00:11:00,35.9700,136.5700,10,3.9,48.1,0.7,2.0,27
2002/09/07 06:57:00,36.2300,139.3370,90,4.1,24.7,0.5,2.1,81
2002/09/04 18:06:00,35.4530,136.3450,39,4.1,71.2,1.0,2.6,64
2002/09/03 18:36:00,38.6030,141.1420,8,3.3,10.2,0.2,0.9,3
2002/09/03 17:28:00,35.0030,132.8840,9,3.7,38.8,0.5,2.0,11
2002/09/03 07:24:00,40.9800,142.0460,58,4.2,27.7,0.6,2.3,34
2002/09/02 18:17:00,34.0430,135.2690,8,4.0,47.7,0.8,1.8,39
2002/09/02 05:48:00,32.7260,130.8050,12,3.8,33.7,1.0,2.5,35
2002/09/02 03:00:00,35.1280,139.5040,101,3.7,12.3,0.3,1.6,37
2002/09/02 01:45:00,35.1080,135.9050,9,3.4,13.9,0.2,1.4,13
2002/09/01 02:50:00,41.9180,142.3010,65,4.2,5.5,0.2,1.3,21
2002/08/30 21:30:00,32.8500,130.6480,9,3.7,12.8,0.4,1.8,22
2002/08/30 21:16:00,32.8510,130.6460,9,3.2,3.7,0.1,0.6,5
2002/08/30 14:58:00,44.5200,148.9370,30,5.4,9.5,0.4,1.7,42
2002/08/29 18:04:00,41.9300,142.3190,67,4.6,37.2,1.2,2.8,92
2002/08/26 00:26:00,27.4740,128.6260,42,4.0,15.3,0.3,1.5,1
2002/08/25 03:41:00,43.0900,146.1190,44,5.8,233.3,7.6,4.0,157
2002/08/24 21:04:00,27.4490,128.5480,44,4.3,6.1,0.1,1.1,2
2002/08/24 08:22:00,38.2510,141.3190,15,4.3,16.3,0.3,1.7,29
2002/08/23 12:52:00,35.6760,140.0420,73,4.0,10.0,0.4,1.7,21
2002/08/23 11:19:00,40.1460,142.4040,36,4.7,26.4,0.5,2.0,59
2002/08/21 05:51:00,37.2000,138.5220,10,3.6,9.2,0.3,1.4,3
2002/08/18 09:01:00,36.1280,136.1770,11,4.5,88.7,2.9,3.4,90
2002/08/17 22:27:00,39.7960,141.2710,90,3.9,19.4,0.6,2.2,44
2002/08/15 04:16:00,36.4410,140.6150,57,4.1,30.7,0.7,2.2,32
2002/08/12 22:37:00,34.2710,135.6390,67,3.9,16.5,0.3,1.7,37
2002/08/12 06:55:00,41.0860,142.6340,26,5.0,26.9,0.9,2.7,108
2002/08/11 23:00:00,34.1030,135.9470,47,3.9,43.8,0.5,1.7,45
2002/08/11 07:56:00,34.7200,137.4520,41,4.3,37.0,0.9,2.3,49
2002/08/05 06:07:00,43.0700,145.0960,61,4.5,60.0,1.3,2.8,43
2002/08/05 05:57:00,40.3750,142.2660,41,4.2,14.9,0.3,1.7,19
2002/08/04 05:48:00,34.0550,135.1050,6,3.4,22.1,0.4,1.5,4
2002/08/03 18:02:00,34.2200,139.1420,10,2.7,3.7,0.1,0.6,1
2002/08/03 11:23:00,43.5060,147.5180,28,5.1,28.7,1.1,2.6,46
2002/08/03 08:11:00,29.3390,139.5850,449,6.2,7.9,0.4,1.9,79
2002/08/01 19:15:00,36.4510,140.6040,57,4.0,28.9,0.6,2.1,30
2002/08/01 18:15:00,36.4080,138.0190,5,3.0,6.5,0.1,0.8,3
2002/07/30 01:19:00,40.4780,141.2380,104,4.1,20.6,0.7,2.2,64
2002/07/30 00:36:00,35.9310,137.5620,9,3.4,45.9,1.0,2.6,9
2002/07/28 20:31:00,42.3210,143.0660,51,4.8,99.5,2.3,3.3,139
2002/07/27 17:59:00,36.4560,140.6170,58,4.5,89.7,2.0,3.3,80
2002/07/27 13:24:00,34.2030,139.1840,13,3.2,3.3,0.1,0.6,1
2002/07/25 21:31:00,43.5550,147.4560,12,5.6,22.3,0.9,2.7,86
2002/07/24 05:05:00,37.2310,142.3140,30,5.7,49.7,2.4,3.4,273
2002/07/22 21:23:00,35.8850,140.5070,33,3.3,11.7,0.2,1.2,10
2002/07/21 07:07:00,34.1860,135.9300,56,3.5,19.9,0.3,1.5,18
2002/07/20 05:00:00,35.5630,140.0900,72,3.9,7.4,0.2,1.4,17
2002/07/16 22:35:00,33.6600,133.4590,8,3.8,34.9,0.3,1.0,13
2002/07/16 20:57:00,30.7770,132.4960,61,5.1,11.9,0.7,2.3,50
2002/07/16 20:09:00,35.0710,135.6720,16,4.2,332.0,4.7,3.0,66
2002/07/16 04:58:00,31.9510,131.8200,34,4.4,20.4,1.0,2.6,58
2002/07/15 17:24:00,28.0870,129.6260,54,5.1,63.6,5.4,4.1,5
2002/07/15 12:55:00,28.6540,129.5800,40,3.9,8.1,0.3,1.5,2
2002/07/14 18:26:00,36.4080,138.0190,5,2.6,3.5,0.1,0.2,1
2002/07/13 23:19:00,28.6320,129.5650,41,4.4,17.0,1.1,2.7,3
2002/07/13 21:45:00,35.9980,140.1240,65,4.8,114.6,3.3,3.8,184
2002/07/12 22:35:00,40.3730,142.2790,40,4.4,30.4,0.8,2.7,29
2002/07/11 11:41:00,37.0060,138.7140,8,3.2,14.0,0.3,1.1,8
2002/07/10 23:48:00,41.6860,142.2580,56,4.8,23.9,0.8,2.4,120
2002/07/09 23:51:00,37.2710,138.6940,16,3.2,5.6,0.2,1.2,3
2002/07/09 22:53:00,36.3260,141.9720,60,4.8,6.4,0.3,1.5,46
2002/07/09 14:14:00,34.3430,139.2670,11,2.8,12.9,0.3,1.4,1
2002/07/08 16:00:00,30.3790,130.6210,4,3.3,82.1,1.2,2.6,1
2002/07/06 06:58:00,35.4150,136.7790,45,4.1,50.7,1.0,2.4,64
2002/07/05 18:23:00,24.8170,125.3950,50,4.1,18.0,0.5,1.7,2
2002/07/04 12:38:00,34.1430,133.4250,19,3.8,20.1,0.3,1.6,16
2002/07/03 18:57:00,41.5750,142.0510,63,4.4,10.5,0.3,1.6,37
2002/07/03 16:18:00,35.1550,135.6650,7,3.1,9.5,0.1,0.7,2
2002/07/01 20:49:00,33.9430,132.5100,47,4.0,17.5,0.5,1.7,35
2002/07/01 15:48:00,40.4380,141.6110,82,4.3,38.3,0.9,2.8,61
2002/06/29 02:19:00,43.5040,131.3920,589,7.2,12.5,1.1,2.5,313
2002/06/25 09:02:00,34.2330,139.2470,13,3.4,6.2,0.2,1.3,1
2002/06/21 23:15:00,40.1450,142.4680,35,4.8,41.7,1.0,2.8,66
2002/06/20 08:34:00,35.7430,140.7020,47,4.5,19.0,1.0,2.3,29
2002/06/19 18:16:00,36.1910,141.8040,58,5.0,15.5,0.5,2.0,67
2002/06/18 16:58:00,31.3360,131.7080,22,4.5,15.0,0.7,2.3,36
2002/06/17 17:36:00,32.6850,129.8800,10,3.6,160.6,2.2,3.1,13
2002/06/17 15:31:00,41.9260,142.3030,69,4.3,13.8,0.4,2.0,35
2002/06/16 11:38:00,36.5200,140.5840,60,3.8,54.7,1.1,2.2,29
2002/06/16 04:39:00,36.6260,141.1970,45,4.6,37.4,0.7,2.4,76
2002/06/15 01:28:00,37.3130,139.9090,9,3.5,142.9,2.1,2.9,11
2002/06/14 11:42:00,36.2150,139.9770,57,4.9,592.6,16.0,5.0,213
2002/06/12 22:55:00,34.2300,139.2220,13,3.1,4.9,0.2,1.1,1
2002/06/12 21:59:00,43.8790,146.0730,102,4.5,14.7,0.7,2.1,21
2002/06/07 00:40:00,24.8290,125.3950,51,3.9,23.9,0.4,1.5,2
2002/06/05 20:04:00,34.7450,139.2900,0,2.5,5.3,0.1,0.9,1
2002/06/05 19:40:00,34.7460,139.2970,2,2.9,7.2,0.1,0.9,1
2002/06/05 19:32:00,34.7380,139.2940,0,3.6,58.1,1.4,3.0,5
2002/06/05 18:25:00,34.7450,139.2950,1,3.5,19.3,0.5,2.0,3
2002/06/05 12:35:00,34.7400,139.2990,1,3.1,10.9,0.3,1.5,1
2002/06/05 02:21:00,24.8440,125.4050,50,4.7,58.0,2.2,2.9,3
2002/05/30 14:08:00,41.5010,142.0460,62,4.6,29.5,1.3,3.0,127
2002/05/29 01:45:00,23.9610,122.2770,30,5.9,2.8,0.3,1.3,2
2002/05/28 09:40:00,34.3860,139.2300,10,2.7,29.7,0.4,1.9,1
2002/05/28 09:33:00,34.3860,139.2500,8,4.4,11.9,0.4,1.9,2
2002/05/28 09:24:00,34.3830,139.2520,8,4.3,276.4,13.7,4.6,2
2002/05/27 17:31:00,35.1250,133.1400,9,3.9,157.9,1.4,2.6,37
2002/05/25 09:37:00,36.0760,139.8840,55,3.7,33.2,0.7,2.4,55
2002/05/25 06:32:00,37.3600,139.9650,9,3.7,115.7,2.0,2.9,24
2002/05/24 19:08:00,31.1190,131.5530,44,4.4,7.5,0.5,1.9,20
2002/05/23 19:23:00,35.2200,139.1020,10,3.1,40.3,0.4,1.8,3
2002/05/22 05:04:00,44.2770,146.7410,146,5.8,33.7,1.9,3.0,114
2002/05/20 22:19:00,32.6450,130.8110,14,4.2,46.2,1.3,2.9,73
2002/05/19 05:00:00,35.6450,140.2100,72,4.6,29.4,1.7,2.8,133
2002/05/18 18:38:00,34.2810,139.1920,12,3.0,6.4,0.1,1.0,1
2002/05/17 01:03:00,34.6650,140.6320,58,3.8,3.6,0.1,0.9,1
2002/05/16 14:14:00,37.2360,139.8440,6,3.5,34.7,0.5,1.9,7
2002/05/15 12:46:00,24.6470,121.7970,47,6.8,5.4,0.7,1.9,2
2002/05/14 14:26:00,26.2460,127.1400,53,4.4,6.8,0.2,1.1,5
2002/05/12 18:52:00,35.3550,136.7940,41,4.1,20.1,0.4,1.8,53
2002/05/12 18:17:00,34.9310,137.5420,37,3.9,47.6,1.1,2.8,51
2002/05/12 10:29:00,39.1510,141.1540,96,5.1,128.7,3.0,3.5,200
2002/05/10 05:27:00,35.4830,140.4250,32,3.6,11.5,0.4,1.5,7
2002/05/06 18:45:00,33.2930,131.9810,58,4.3,30.2,1.7,3.1,80
2002/05/06 17:12:00,38.4650,142.1490,40,5.0,125.6,2.9,3.7,145
2002/05/04 23:29:00,35.8930,140.0620,63,4.1,23.6,0.6,2.2,53
2002/05/04 20:35:00,35.4630,140.4050,32,4.6,49.4,3.7,3.3,73
2002/04/30 21:42:00,35.6510,139.5270,27,3.6,35.1,1.0,2.6,9
2002/04/28 22:23:00,24.1240,122.8220,16,5.6,5.5,0.6,1.8,2
2002/04/28 10:34:00,34.7080,136.0750,56,4.3,53.3,1.2,2.8,119
2002/04/26 20:51:00,43.3490,142.5280,0,3.3,36.4,0.7,2.5,6
2002/04/26 20:46:00,43.3520,142.5240,2,3.4,61.7,1.5,2.8,8
2002/04/23 15:59:00,34.2610,139.1800,12,2.9,5.9,0.2,1.1,1
2002/04/23 15:49:00,34.2580,139.1940,14,3.0,10.3,0.2,1.0,1
2002/04/22 19:03:00,36.3880,136.8290,11,3.7,56.6,0.8,2.4,25
2002/04/21 09:10:00,38.3350,141.6390,60,4.5,21.0,0.4,1.9,42
2002/04/21 06:30:00,41.5680,142.0910,65,4.7,41.7,1.8,3.2,123
2002/04/19 07:51:00,32.8410,131.2960,127,3.7,16.8,0.3,1.7,56
2002/04/18 05:33:00,32.7980,131.1410,4,3.3,71.9,1.2,2.9,5
2002/04/17 09:10:00,36.4500,140.6140,57,4.1,44.3,0.8,2.3,30
2002/04/16 23:56:00,28.3040,129.3930,33,3.8,13.0,0.4,1.6,2
2002/04/15 15:10:00,37.4200,141.7270,39,4.5,14.7,0.5,1.8,20
2002/04/15 15:02:00,38.6330,141.1220,7,3.0,1.8,0.1,0.0,1
2002/04/13 19:01:00,35.9050,139.6600,115,4.1,11.2,0.2,1.3,38
2002/04/13 16:54:00,37.0830,138.7600,13,3.9,66.5,1.3,2.4,27
2002/04/12 12:35:00,36.6930,139.5190,8,3.2,22.1,0.4,1.5,8
2002/04/11 23:16:00,34.9350,137.1200,40,4.2,53.3,1.1,2.3,68
2002/04/11 21:04:00,40.0480,142.6890,31,4.7,12.8,0.9,2.3,73
2002/04/11 01:55:00,37.0780,138.7600,13,4.0,47.7,1.1,2.1,26
2002/04/10 08:17:00,24.4860,123.7500,15,3.9,18.5,0.3,1.5,1
2002/04/07 09:06:00,24.2270,123.6480,18,3.7,3.7,0.1,0.7,1
2002/04/06 01:57:00,33.4280,132.5290,42,4.5,86.7,2.1,3.3,110
2002/04/04 08:42:00,41.4730,142.0080,59,5.3,79.0,2.8,3.4,217
2002/04/03 17:25:00,32.8810,130.6810,14,3.4,12.3,0.3,1.6,9
2002/04/02 22:13:00,37.0760,138.7590,12,3.9,71.7,1.9,2.6,31
2002/04/02 19:59:00,26.8260,128.4410,30,4.0,12.6,0.4,1.6,2
2002/04/02 13:53:00,34.3500,134.7190,14,3.2,10.6,0.3,0.8,3
2002/03/31 15:53:00,24.2320,121.9690,55,7.2,9.1,1.4,2.4,3
2002/03/30 19:15:00,41.5560,142.0630,66,4.3,5.9,0.2,1.2,22
2002/03/30 07:27:00,34.3260,139.1750,3,2.8,5.0,0.2,1.2,1
2002/03/30 07:12:00,34.3250,139.1820,4,2.6,3.2,0.1,0.7,1
2002/03/28 15:51:00,35.4600,139.1240,17,4.0,68.9,1.9,3.0,51
2002/03/28 12:56:00,35.5810,141.0990,39,4.4,11.7,0.8,2.1,9
2002/03/28 10:37:00,34.6360,140.6970,75,4.4,8.6,0.3,1.7,7
2002/03/28 07:50:00,37.0780,138.7520,13,4.1,52.8,1.2,2.4,34
2002/03/28 06:39:00,33.9510,135.6500,11,3.7,56.8,1.5,2.8,23
2002/03/28 05:06:00,35.4600,139.1290,17,3.9,39.3,1.0,2.4,43
2002/03/28 04:53:00,37.0680,138.7490,12,4.0,66.6,1.9,2.6,29
2002/03/28 04:42:00,33.9530,135.6490,11,3.6,70.6,1.7,2.9,23
2002/03/26 20:41:00,43.5920,144.6030,0,3.8,14.7,0.4,1.7,19
2002/03/25 22:58:00,33.8230,132.6140,46,4.7,140.0,3.5,3.7,185
2002/03/25 22:30:00,35.5310,139.0270,23,3.3,35.1,0.7,2.2,12
2002/03/24 20:08:00,33.4200,130.2180,8,3.2,7.1,0.1,0.1,3
2002/03/22 17:57:00,32.5150,129.9630,9,4.0,38.8,1.2,2.5,18
2002/03/20 22:09:00,36.2080,137.1750,8,3.8,74.7,1.4,2.4,32
2002/03/18 15:54:00,35.3300,133.3250,10,3.1,5.9,0.1,0.7,6
2002/03/17 09:52:00,35.2930,133.3340,8,3.3,42.5,0.9,1.8,10
2002/03/17 09:48:00,35.2930,133.3350,8,3.3,98.7,1.7,2.2,10
2002/03/17 03:01:00,36.1010,139.8750,49,4.1,42.8,0.9,2.6,76
2002/03/17 01:22:00,42.4900,143.5090,73,4.6,57.4,2.6,3.2,106
2002/03/16 16:23:00,36.7060,141.1400,43,4.4,22.9,0.4,1.7,31
2002/03/11 15:54:00,34.0760,134.4570,9,4.1,31.2,1.1,2.6,53
2002/03/11 11:54:00,37.0130,139.8440,6,3.2,14.9,0.2,1.6,6
2002/03/10 23:23:00,37.0110,139.8450,6,3.5,31.8,0.6,2.4,14
2002/03/09 12:57:00,37.1060,141.1250,51,4.5,23.4,0.7,2.2,43
2002/03/08 22:02:00,32.2250,131.9830,27,4.2,44.1,0.9,2.6,33
2002/03/08 01:53:00,37.0060,139.8400,7,3.4,32.6,0.6,2.0,13
2002/03/08 00:43:00,37.0080,139.8420,6,3.3,15.7,0.3,1.5,6
2002/03/07 05:12:00,39.5710,141.4960,76,3.9,22.2,0.4,1.9,46
2002/03/07 04:19:00,40.5710,142.4930,73,4.7,33.2,0.9,2.5,82
2002/03/06 07:12:00,35.2830,133.3300,15,4.5,324.4,5.8,3.7,112
2002/03/06 02:55:00,37.0080,139.8440,6,3.3,29.9,0.5,1.7,8
2002/03/02 20:39:00,40.3480,142.1580,56,4.8,46.5,1.4,3.1,71
2002/03/02 20:23:00,36.7180,136.6750,13,3.2,15.6,0.5,2.0,3
2002/03/01 09:48:00,35.1850,133.4190,7,3.5,60.1,1.7,3.1,12
2002/03/01 02:07:00,28.2910,129.5010,34,3.9,12.5,0.5,2.0,2
2002/02/26 23:04:00,35.0550,135.5140,11,3.7,21.6,0.5,1.9,21
2002/02/25 22:14:00,36.3630,140.7290,85,4.7,144.3,3.4,3.5,117
2002/02/25 05:44:00,33.8330,134.3470,10,3.7,35.5,0.6,2.1,13
2002/02/23 11:20:00,35.3110,140.2670,65,3.9,11.6,0.3,1.6,28
2002/02/22 07:34:00,33.7780,139.4220,19,4.0,3.6,0.1,0.7,1
2002/02/21 15:14:00,36.0500,139.9050,45,3.6,24.3,0.6,2.0,56
2002/02/21 04:51:00,40.7260,140.4700,15,3.3,17.3,0.3,1.0,7
2002/02/20 11:48:00,28.3210,129.4880,36,3.6,6.4,0.1,0.8,2
2002/02/19 00:05:00,33.8900,135.1240,8,3.6,39.8,0.5,1.4,20
2002/02/18 07:25:00,36.4130,138.0520,8,3.2,7.4,0.1,0.8,3
2002/02/16 22:46:00,42.1700,142.5030,24,3.7,5.3,0.3,1.5,4
2002/02/16 17:21:00,34.4880,139.3000,10,2.8,11.5,0.3,1.3,1
2002/02/14 10:12:00,41.4660,142.0610,64,5.0,39.5,1.7,3.1,188
2002/02/13 18:54:00,38.7650,141.1400,9,4.5,169.3,2.8,3.0,47
2002/02/12 22:44:00,36.5880,141.0820,48,5.5,305.0,13.5,4.6,302
2002/02/11 10:10:00,35.7850,141.0890,35,5.0,31.2,1.9,3.1,101
2002/02/06 02:39:00,33.7480,135.3970,4,3.0,17.4,0.3,1.4,3
2002/02/05 19:57:00,36.1800,140.1050,69,4.4,45.2,2.1,2.8,122
2002/02/04 06:02:00,33.6010,135.2440,38,4.4,57.2,1.5,2.8,38
2002/02/03 19:12:00,37.1110,141.0200,64,3.8,11.7,0.2,1.0,17
2002/02/03 05:03:00,35.7680,140.5050,47,3.8,13.3,0.5,1.7,14
2002/02/02 05:09:00,37.4050,138.9450,11,4.3,51.2,1.4,2.5,44
2002/02/01 17:48:00,35.1900,133.4250,8,3.3,31.4,0.7,2.3,12
2002/01/29 18:50:00,36.7460,140.8820,58,4.2,54.2,0.7,2.3,37
2002/01/29 08:45:00,37.7660,141.8210,39,4.8,31.7,0.5,2.0,87
2002/01/29 08:42:00,37.7600,141.8330,39,4.6,31.0,0.4,2.0,54
2002/01/27 16:09:00,39.3180,142.4110,46,5.3,254.4,5.6,4.0,188
2002/01/24 16:31:00,35.3600,133.3200,9,3.3,8.4,0.3,1.5,13
2002/01/24 16:08:00,35.3630,133.3200,9,4.5,122.1,3.5,3.5,100
2002/01/23 12:09:00,41.2350,142.2340,57,4.4,17.0,0.4,1.9,41
2002/01/21 08:55:00,42.5350,144.7760,47,4.7,23.2,1.4,2.6,38
2002/01/20 05:21:00,34.7150,139.4090,0,2.6,10.6,0.2,1.3,2
2002/01/19 18:06:00,43.7150,147.3580,32,5.6,34.7,1.2,2.9,66
2002/01/18 16:46:00,34.7460,139.6220,20,4.0,284.5,10.0,4.3,19
2002/01/16 22:33:00,23.9370,125.2980,77,5.6,7.2,0.4,1.6,4
2002/01/15 21:59:00,35.8860,140.6120,44,4.3,10.6,0.5,1.8,23
2002/01/13 09:34:00,33.7150,132.7340,41,3.9,14.3,0.2,1.2,16
2002/01/12 09:18:00,25.8040,125.1980,0,5.5,4.0,0.3,1.2,2
2002/01/12 02:28:00,34.2630,139.1870,10,2.9,5.7,0.2,1.0,1
2002/01/10 00:41:00,34.2330,139.7250,117,4.8,26.9,1.6,3.0,84
2002/01/06 18:35:00,36.3950,141.0290,47,4.2,30.8,0.7,2.4,52
2002/01/04 16:34:00,33.9560,135.6370,12,4.0,70.6,2.2,3.1,29
2002/01/04 14:00:00,34.9900,138.2940,16,3.7,13.4,0.4,2.0,6
2002/01/04 13:19:00,33.9450,135.6320,12,3.9,75.7,1.5,2.8,27
2002/01/04 12:08:00,33.9430,135.6290,11,3.6,51.9,0.8,2.1,15
2002/01/04 11:05:00,35.1280,135.7720,13,3.5,38.5,0.9,2.2,26
2002/01/03 23:38:00,34.2750,139.2350,10,3.1,14.2,0.5,2.0,1
2002/01/01 09:33:00,35.5350,138.9790,20,3.5,10.5,0.3,1.3,10
2002/01/01 05:19:00,36.4150,138.0500,8,3.4,9.9,0.2,1.2,7
2001/12/30 17:37:00,35.2000,133.4140,10,3.5,63.0,1.2,2.7,13
2001/12/29 19:49:00,24.2460,123.6460,18,4.1,8.0,0.2,1.1,2
2001/12/29 07:34:00,34.2850,139.1950,9,2.9,8.6,0.2,1.2,1
2001/12/29 01:13:00,34.2430,139.2140,12,3.3,18.1,0.3,1.7,1
2001/12/28 23:38:00,34.2400,139.2150,12,2.7,6.1,0.1,0.9,1
2001/12/28 20:23:00,34.2780,139.2020,10,3.2,12.5,0.3,1.6,1
2001/12/28 13:36:00,38.5760,141.2790,111,4.0,47.9,0.7,2.5,71
2001/12/28 12:07:00,34.2710,139.1940,10,2.9,9.2,0.3,1.6,1
2001/12/28 10:31:00,36.6750,137.7490,0,4.0,33.1,0.6,2.0,16
2001/12/28 09:41:00,24.0410,122.7620,28,5.6,7.5,0.7,1.9,2
2001/12/28 03:28:00,35.4510,135.8920,7,4.2,38.1,1.4,2.7,19
2001/12/27 16:50:00,35.4500,140.4590,39,3.4,7.0,0.2,1.0,5
2001/12/25 20:10:00,34.7110,137.1350,12,3.8,54.4,0.8,2.1,18
2001/12/23 01:41:00,38.0780,140.9700,96,4.5,95.1,2.0,3.2,134
2001/12/21 16:02:00,28.5070,128.9650,19,4.0,12.3,0.3,0.9,2
2001/12/21 06:21:00,24.3010,123.6230,20,4.2,23.1,0.5,2.1,3
2001/12/20 09:32:00,28.2920,129.4950,35,4.5,76.0,1.4,2.5,4
2001/12/19 00:07:00,35.3310,139.4940,101,3.8,20.4,0.7,2.3,41
2001/12/18 13:02:00,23.8920,122.8110,12,7.3,72.3,5.2,3.7,3
2001/12/17 23:48:00,32.7580,130.8460,6,3.4,16.7,0.5,2.0,12
2001/12/16 13:48:00,37.1480,139.9420,7,4.1,44.9,1.6,3.1,41
2001/12/16 07:13:00,35.2930,133.3500,7,3.1,17.0,0.4,1.7,5
2001/12/14 21:00:00,39.3600,142.3310,17,4.5,22.7,0.7,2.1,42
2001/12/11 18:40:00,42.6300,144.7360,69,4.6,58.7,2.1,3.1,56
2001/12/10 16:40:00,34.3600,139.1500,7,3.1,46.2,1.0,2.3,1
2001/12/10 14:05:00,28.3170,129.4400,34,3.8,49.8,1.5,3.0,3
2001/12/10 08:17:00,37.0480,138.4940,15,3.1,35.3,0.7,1.7,3
2001/12/10 00:45:00,37.0480,138.4950,15,3.5,39.9,1.0,1.9,8
2001/12/10 00:37:00,33.2250,132.0450,49,3.8,7.9,0.3,1.5,24
2001/12/09 23:40:00,37.0480,138.4920,16,3.5,19.8,0.5,2.1,8
2001/12/09 23:29:00,37.0460,138.4940,15,3.0,11.7,0.3,1.4,2
2001/12/09 13:06:00,34.3630,139.1540,7,4.5,138.6,4.0,3.6,19
2001/12/09 05:29:00,28.2490,129.4880,36,5.8,190.0,13.2,4.5,9
2001/12/09 05:08:00,28.2770,129.4360,34,4.0,4.5,0.2,1.5,2
2001/12/08 07:07:00,37.1530,139.9550,5,4.5,139.0,3.5,3.7,57
2001/12/08 04:07:00,35.5400,139.1450,24,4.5,108.5,2.9,3.6,98
2001/12/05 13:16:00,32.2580,131.2750,64,3.8,14.2,0.3,1.5,34
2001/12/04 08:10:00,34.9210,135.4090,6,3.4,56.7,0.8,2.2,4
2001/12/02 22:02:00,39.3980,141.2630,122,6.4,391.6,16.3,4.9,565
2001/12/01 11:26:00,36.0030,139.0400,141,4.1,15.7,0.5,2.1,70
2001/11/27 13:28:00,43.0370,141.0280,1,3.9,53.6,0.8,2.4,30
2001/11/25 12:07:00,36.4250,138.0500,9,3.0,3.5,0.0,-0.2,1
2001/11/25 05:22:00,37.1780,141.4120,46,4.8,53.7,1.2,2.6,62
2001/11/25 01:29:00,33.1670,141.1970,72,4.6,8.0,0.2,1.2,1
2001/11/24 11:56:00,25.1870,125.2560,70,5.1,34.9,1.6,2.5,5
2001/11/21 19:25:00,42.0110,142.5890,60,4.5,24.7,0.8,2.4,101
2001/11/21 02:27:00,33.2330,131.7700,68,3.9,5.0,0.2,1.4,7
2001/11/20 23:13:00,35.4160,133.8990,11,3.3,9.2,0.1,0.7,7
2001/11/17 05:34:00,34.5910,136.9970,35,3.8,21.6,0.5,2.3,46
2001/11/17 01:32:00,35.6180,140.0790,73,4.4,26.7,1.0,2.7,102
2001/11/16 06:33:00,35.3660,133.3020,9,3.6,31.6,1.2,2.6,18
2001/11/14 15:43:00,35.3660,133.2590,10,3.0,8.8,0.2,1.5,7
2001/11/13 16:45:00,39.3360,142.0680,48,4.7,204.0,5.9,4.3,110
2001/11/13 08:48:00,35.4830,138.9290,24,3.8,41.9,0.6,1.9,30
2001/11/12 20:30:00,41.3350,142.1380,56,4.4,9.2,0.5,2.0,45
2001/11/12 03:13:00,33.3680,137.5520,382,5.7,11.5,0.7,2.1,52
2001/11/09 12:40:00,35.7600,140.7640,25,3.4,14.3,0.2,1.4,9
2001/11/09 12:14:00,35.9080,137.6470,8,3.9,364.1,6.5,3.7,20
2001/11/08 02:14:00,36.1400,140.0890,65,3.6,12.6,0.3,1.6,29
2001/11/06 03:12:00,37.1030,138.5390,13,2.6,10.0,0.2,1.0,2
2001/11/02 07:43:00,36.0510,139.9400,48,3.9,58.5,1.5,2.7,60
2001/10/31 06:04:00,28.5240,128.3250,122,5.2,18.4,1.6,2.8,12
2001/10/29 03:07:00,34.1630,136.0120,54,3.6,6.7,0.2,0.9,22
2001/10/28 12:24:00,36.3830,141.0850,47,4.3,30.5,0.8,2.6,66
2001/10/28 10:09:00,37.1380,137.8340,14,4.1,26.1,0.8,2.1,23
2001/10/27 03:05:00,34.8660,137.1320,12,3.4,43.8,0.3,1.4,13
2001/10/25 20:12:00,35.4160,136.7890,13,3.7,15.0,0.3,1.5,27
2001/10/22 02:58:00,33.1200,131.1700,8,3.4,33.1,0.9,2.9,15
2001/10/18 06:30:00,36.0860,139.8550,49,4.3,137.2,3.6,3.5,108
2001/10/17 08:17:00,32.7610,130.8480,6,3.3,19.2,0.3,1.7,10
2001/10/17 00:49:00,43.0590,139.1910,32,4.5,22.2,0.9,2.5,27
2001/10/16 05:46:00,33.9730,135.4870,54,3.7,42.5,0.5,1.7,24
2001/10/15 01:53:00,33.8300,135.4200,23,4.3,83.8,2.1,3.0,50
2001/10/12 23:11:00,34.9280,133.9590,10,3.3,27.2,0.3,1.4,11
2001/10/12 19:08:00,34.9280,133.9590,10,3.4,40.3,0.5,1.8,10
2001/10/12 19:04:00,34.9280,133.9600,10,3.1,30.0,0.3,1.4,9
2001/10/12 00:09:00,41.9700,142.5210,63,4.4,10.9,0.4,1.9,35
2001/10/11 13:38:00,34.6850,137.5550,30,3.8,15.8,0.3,1.7,21
2001/10/08 11:23:00,35.3010,133.3200,8,4.1,43.7,1.3,2.5,27
2001/10/04 11:19:00,36.8510,138.6950,0,3.5,10.4,0.2,0.8,6
2001/10/04 02:26:00,46.2820,149.1270,324,6.0,38.1,1.4,3.2,79
2001/10/03 20:10:00,34.0230,133.0470,13,3.7,32.1,0.4,1.7,7
2001/10/02 23:02:00,35.8910,139.5250,74,3.7,27.2,0.4,1.8,41
2001/10/02 21:14:00,33.4230,135.3320,25,4.6,34.4,1.6,2.8,44
2001/10/02 17:20:00,37.7280,141.8140,41,5.4,110.2,4.1,3.8,234
2001/10/01 22:53:00,33.9010,135.1550,6,2.9,16.1,0.3,1.1,2
2001/10/01 02:45:00,35.0180,132.3690,13,3.7,46.3,0.5,1.5,10
2001/09/29 19:58:00,36.7250,136.8690,13,3.3,11.9,0.3,1.3,10
2001/09/29 06:37:00,35.7450,140.6820,49,3.8,3.6,0.2,0.9,2
2001/09/29 02:07:00,41.9360,142.1360,54,4.2,11.7,0.3,1.6,22
2001/09/28 11:16:00,36.6500,139.4590,11,3.5,72.3,0.7,2.5,21
2001/09/27 18:14:00,34.8700,137.1140,15,4.3,128.0,2.1,2.9,112
2001/09/25 05:11:00,33.3390,140.4500,50,3.5,3.3,0.1,0.4,1
2001/09/25 04:57:00,36.3080,140.0970,71,4.5,45.3,1.4,3.0,109
2001/09/25 04:35:00,36.3130,140.1000,71,4.3,34.3,1.1,2.8,101
2001/09/23 21:29:00,33.7700,133.6290,7,3.0,13.8,0.1,0.5,1
2001/09/22 19:16:00,35.3800,133.3020,11,3.6,20.5,0.6,1.8,7
2001/09/22 18:11:00,35.0350,136.9270,41,4.2,26.2,0.5,2.0,74
2001/09/18 06:10:00,35.9510,140.9250,34,4.2,15.2,0.5,1.9,18
2001/09/18 04:24:00,35.4230,139.8090,45,4.2,183.3,8.7,4.0,86
2001/09/17 20:39:00,41.1730,142.2640,54,4.1,17.7,0.4,1.7,25
2001/09/17 18:49:00,34.9280,132.3770,16,3.7,28.2,0.5,1.6,17
2001/09/17 17:57:00,35.0350,132.8900,14,3.9,41.2,0.5,1.9,33
2001/09/17 11:21:00,31.7360,132.0180,28,4.7,16.3,0.7,2.3,60
2001/09/16 02:03:00,38.6050,141.1790,12,3.4,10.9,0.2,0.8,2
2001/09/13 05:43:00,33.8460,136.2140,45,4.4,37.1,0.7,1.9,54
2001/09/12 17:32:00,31.2860,131.6310,42,4.3,26.4,1.4,2.8,19
2001/09/09 04:45:00,24.5690,124.7630,59,4.6,3.9,0.1,0.7,1
2001/09/08 23:29:00,34.2680,134.6170,13,3.4,32.2,0.4,2.0,3
2001/09/06 10:40:00,37.4930,141.5000,52,4.5,71.4,1.5,2.5,71
2001/09/06 01:29:00,33.1110,132.0230,50,4.3,27.0,0.8,2.3,76
2001/09/04 23:54:00,36.7530,141.4990,45,5.2,54.2,2.4,3.2,204
2001/09/03 00:03:00,36.3900,141.1400,45,4.6,22.4,0.6,2.2,70
2001/08/30 05:52:00,31.4840,131.8730,28,4.6,22.1,1.2,2.8,46
2001/08/28 19:02:00,35.3150,133.3140,8,3.1,15.8,0.3,1.4,5
2001/08/26 14:23:00,35.3700,133.2590,12,3.9,36.0,0.9,2.4,31
2001/08/26 03:13:00,44.6400,141.7640,247,4.8,3.4,0.1,0.8,6
2001/08/25 22:21:00,35.1500,135.6570,10,5.1,195.8,5.0,3.8,241
2001/08/24 21:44:00,33.9800,132.7390,48,4.3,66.0,2.0,2.8,90
2001/08/24 18:48:00,41.0300,142.3660,43,5.2,53.4,3.7,3.8,167
2001/08/20 19:42:00,36.4630,140.6050,55,4.0,49.1,0.9,2.7,47
2001/08/20 13:12:00,25.8470,126.2100,45,5.7,17.7,0.6,2.2,6
2001/08/19 11:10:00,35.8860,136.7950,11,3.4,31.1,0.4,1.6,10
2001/08/18 07:26:00,25.8920,126.2080,43,6.3,37.7,1.3,2.9,6
2001/08/16 21:54:00,34.0580,135.1020,10,3.2,31.4,0.4,0.7,1
2001/08/16 05:32:00,42.2080,142.4660,65,4.5,24.2,0.9,2.6,63
2001/08/14 20:03:00,34.6460,131.9150,9,3.4,11.6,0.2,0.8,5
2001/08/14 05:11:00,41.0080,142.4190,43,6.2,91.2,5.0,4.0,414
2001/08/13 02:24:00,34.1750,135.1420,9,3.0,3.2,0.1,-0.3,3
2001/08/11 17:29:00,35.2810,133.3250,15,3.6,71.3,1.2,2.0,13
2001/08/10 23:14:00,35.1300,140.2520,38,3.1,3.1,0.1,0.3,1
2001/08/10 15:42:00,34.1500,135.1150,9,4.3,107.1,1.7,2.8,54
2001/08/07 19:58:00,34.2350,139.2100,14,3.6,15.7,0.4,1.6,1
2001/08/06 08:16:00,37.4100,138.8320,8,2.9,14.2,0.3,1.7,3
2001/08/04 20:43:00,37.3360,141.8240,44,4.9,73.1,2.0,3.4,92
2001/08/03 12:27:00,34.4800,139.2200,9,3.3,4.2,0.1,0.4,1
2001/08/03 05:25:00,36.7310,138.2540,10,2.5,1.4,0.0,-0.5,1
2001/08/02 14:16:00,34.0080,135.1570,8,3.9,97.5,1.8,2.3,23
2001/07/31 13:59:00,36.0810,141.6240,49,4.9,15.1,0.5,2.1,77
2001/07/31 04:10:00,35.3700,133.3000,11,3.3,11.7,0.3,1.6,8
2001/07/26 03:33:00,36.0300,139.8090,85,4.2,37.0,0.8,2.4,85
2001/07/25 05:10:00,31.9080,131.8110,32,4.1,9.4,0.6,2.0,19
2001/07/24 09:26:00,37.8050,141.9240,55,4.8,65.9,1.2,2.8,67
2001/07/21 14:36:00,35.3750,136.9170,10,3.6,13.8,0.3,1.2,16
2001/07/21 11:40:00,35.2530,139.0120,2,2.9,5.7,0.1,0.6,2
2001/07/21 09:24:00,35.7360,140.6940,51,4.0,5.5,0.3,1.2,8
2001/07/20 06:02:00,36.1700,139.8220,56,4.8,315.4,10.2,4.3,204
2001/07/18 07:47:00,39.7430,141.3810,86,4.3,19.1,0.5,2.0,70
2001/07/12 23:53:00,32.7880,131.9330,55,3.9,5.5,0.2,1.3,28
2001/07/11 02:22:00,36.1150,139.9000,48,3.8,21.3,0.4,1.8,50
2001/07/08 12:34:00,35.7450,140.6820,51,3.7,7.9,0.3,1.3,11
2001/07/06 03:57:00,36.6330,140.9340,53,4.5,131.3,3.0,3.3,62
2001/07/05 22:12:00,42.9480,145.2360,61,4.9,51.9,2.6,3.2,78
2001/07/01 23:40:00,35.8580,137.5470,9,3.5,58.2,1.0,2.4,10
2001/07/01 16:31:00,35.8560,137.5440,9,3.8,76.6,1.0,2.5,20
2001/06/30 17:13:00,33.9880,132.7390,47,4.0,34.5,0.6,2.3,30
2001/06/29 06:37:00,41.9860,142.2790,59,4.1,9.2,0.2,1.4,15
2001/06/27 14:51:00,34.2230,139.2120,9,3.8,10.8,0.5,2.1,1
2001/06/26 18:46:00,43.5230,146.9830,59,5.0,23.1,0.8,2.6,44
2001/06/25 01:27:00,35.6130,139.5540,32,4.0,34.8,1.1,2.6,26
2001/06/24 05:38:00,28.3310,129.4010,34,3.7,24.6,0.5,2.1,2
2001/06/24 04:04:00,34.1480,135.1220,8,3.3,7.5,0.1,0.0,5
2001/06/23 04:53:00,34.1680,135.1790,7,3.1,11.8,0.2,0.0,2
2001/06/21 21:54:00,42.4300,142.5480,34,4.4,25.9,1.2,2.6,60
2001/06/21 13:24:00,42.4410,142.5580,33,4.1,12.6,0.4,1.9,25
2001/06/21 08:34:00,34.9110,136.7850,15,3.8,95.3,1.5,3.0,32
2001/06/17 13:04:00,34.1480,135.1020,8,2.8,2.1,0.0,-1.0,1
2001/06/17 02:31:00,25.2670,123.8000,139,5.0,3.0,0.1,0.6,1
2001/06/16 17:42:00,37.0460,138.2690,12,2.9,6.9,0.2,1.3,2
2001/06/13 17:06:00,35.5330,138.9890,23,3.7,112.0,1.8,2.9,20
2001/06/13 09:59:00,31.3110,129.0030,14,4.6,8.0,0.4,1.8,18
2001/06/13 02:52:00,36.8360,135.5720,22,4.5,18.9,0.5,1.8,48
2001/06/11 13:22:00,36.3900,141.2550,57,4.4,53.7,1.0,2.6,85
2001/06/10 07:01:00,35.8530,137.5700,10,3.4,27.4,0.5,1.7,7
2001/06/09 08:04:00,34.4480,133.2300,14,3.1,3.0,0.0,-0.7,2
2001/06/07 18:20:00,32.8210,130.0630,13,3.5,43.6,1.5,2.3,16
2001/06/06 09:36:00,36.7830,139.4070,9,3.1,14.2,0.4,1.6,2
2001/06/05 03:44:00,34.2850,139.1370,10,3.2,7.2,0.4,1.7,1
2001/06/03 21:01:00,34.9880,138.1170,31,3.9,49.2,0.9,2.7,36
2001/06/03 11:33:00,34.9850,138.1140,32,4.2,78.6,1.6,2.9,71
2001/06/03 01:19:00,34.2600,139.1320,6,4.6,34.7,1.9,3.1,3
2001/06/01 11:16:00,34.9900,138.1100,32,4.0,67.0,1.3,2.9,52
2001/06/01 07:02:00,36.4360,140.6670,52,3.5,33.0,0.5,2.0,20
2001/06/01 00:41:00,34.9750,138.1170,32,4.8,144.3,3.5,3.5,150
2001/05/31 08:59:00,36.1860,139.8100,55,4.5,163.9,2.9,3.6,159
2001/05/31 05:10:00,36.0150,140.4070,58,4.0,5.6,0.3,1.5,5
2001/05/31 01:52:00,34.9780,138.1170,32,4.1,59.5,1.2,2.8,14
2001/05/30 08:07:00,34.9250,132.7020,10,3.1,18.1,0.2,0.9,1
2001/05/29 22:39:00,33.9630,135.6140,14,3.6,20.5,0.4,1.9,10
2001/05/27 10:18:00,33.9250,132.3080,55,4.0,9.3,0.2,1.2,16
2001/05/25 15:55:00,35.7510,140.6900,50,4.8,33.8,2.0,2.7,53
2001/05/25 09:41:00,44.3210,148.7030,30,6.6,24.4,3.4,3.4,97
2001/05/25 08:39:00,40.5930,142.5110,30,4.6,16.1,0.4,2.1,32
2001/05/24 13:23:00,35.8930,140.1440,74,4.2,20.0,0.8,2.2,74
2001/05/23 08:59:00,34.3060,136.3390,41,3.6,26.8,0.3,1.7,15
2001/05/22 21:54:00,34.9210,132.7020,9,3.3,25.4,0.4,1.6,5
2001/05/22 14:21:00,42.6100,144.2840,55,4.2,15.6,0.3,1.7,15
2001/05/22 07:26:00,35.4650,140.4070,34,3.3,3.7,0.1,0.3,1
2001/05/21 12:53:00,36.3100,140.1270,59,3.8,24.6,0.4,2.0,15
2001/05/19 00:35:00,35.8160,137.4440,11,3.8,41.3,0.8,2.2,18
2001/05/18 03:57:00,36.9900,139.8390,10,3.7,115.1,3.0,3.1,26
2001/05/16 01:18:00,34.2780,132.6070,46,4.2,47.4,0.8,2.2,22
2001/05/12 12:32:00,30.4370,131.0150,35,4.5,4.9,0.2,1.5,7
2001/05/11 22:57:00,34.2360,139.2600,12,3.4,11.2,0.3,1.7,1
2001/05/09 19:48:00,33.4660,132.7250,43,4.1,24.4,0.3,1.6,16
2001/05/08 06:27:00,42.3180,143.1240,55,4.6,64.1,1.6,3.1,79
2001/05/07 23:33:00,27.3670,128.3650,47,4.8,107.4,2.2,3.2,7
2001/05/06 05:48:00,34.4650,134.8320,17,3.8,19.2,0.3,1.4,14
2001/05/01 22:01:00,34.2580,139.2590,7,4.2,22.6,1.2,2.7,8
2001/04/30 11:02:00,43.7650,147.3510,19,5.2,27.7,0.7,2.6,60
2001/04/29 10:40:00,42.0200,142.5290,57,4.3,16.3,0.5,2.1,56
2001/04/29 10:13:00,33.8800,131.9250,15,3.4,8.7,0.1,0.6,11
2001/04/27 02:49:00,43.0230,145.8760,83,5.9,222.1,12.0,4.7,278
2001/04/25 23:40:00,32.7880,132.3510,42,5.6,259.2,11.8,4.6,267
2001/04/25 22:08:00,37.0680,141.1750,57,4.2,93.4,1.6,2.9,63
2001/04/25 15:35:00,35.2530,133.3750,11,3.1,18.5,0.4,1.8,2
2001/04/23 15:39:00,35.3830,133.3150,12,3.8,84.4,2.0,3.0,18
2001/04/23 09:04:00,42.4750,143.4130,55,4.2,24.4,1.0,2.7,67
2001/04/21 08:31:00,36.6310,139.4500,11,3.4,14.5,0.1,0.8,5
2001/04/20 19:05:00,42.7280,145.3830,44,4.6,36.2,1.0,2.6,33
2001/04/20 01:45:00,36.0460,139.8000,63,4.0,42.6,0.9,2.4,100
2001/04/19 08:51:00,35.3050,133.2950,12,3.2,35.2,0.6,1.8,3
2001/04/17 09:40:00,35.6180,141.1200,40,4.8,131.3,5.4,3.6,51
2001/04/16 19:05:00,35.4760,135.9170,14,4.0,91.8,3.1,3.3,84
2001/04/15 17:54:00,33.7030,135.5190,16,3.7,44.5,1.0,2.5,38
2001/04/14 20:09:00,37.0480,137.0990,18,3.6,65.2,1.4,2.8,22
2001/04/14 10:44:00,35.1800,133.4340,9,3.8,52.2,1.1,2.8,23
2001/04/14 08:16:00,42.7280,145.3390,48,5.4,46.5,1.8,3.0,91
2001/04/12 16:02:00,37.2580,141.7140,44,5.0,84.9,1.5,3.0,151
2001/04/12 01:24:00,24.4540,123.7500,12,3.8,25.8,0.3,1.6,1
2001/04/11 20:43:00,37.2810,138.6140,14,3.3,12.4,0.4,1.5,7
2001/04/11 04:08:00,34.8130,136.9090,14,3.4,36.5,0.5,1.5,16
2001/04/10 10:04:00,35.3010,140.3640,98,4.5,34.9,2.2,3.2,112
2001/04/06 20:15:00,36.8850,135.5370,13,4.2,11.7,0.3,1.7,20
2001/04/06 20:07:00,40.3830,141.6580,72,3.7,22.7,0.4,1.7,24
2001/04/05 07:22:00,39.4150,141.7630,105,4.3,51.4,1.3,2.6,97
2001/04/04 03:03:00,35.0060,138.1050,31,3.4,21.6,0.4,1.6,3
2001/04/04 00:29:00,35.0080,138.1120,31,3.6,10.9,0.1,0.9,9
2001/04/04 00:04:00,34.9950,138.0990,33,4.0,24.0,0.4,2.1,61
2001/04/03 23:57:00,34.9980,138.1050,33,5.1,240.9,12.0,4.4,218
2001/04/03 21:14:00,33.7830,132.0260,67,4.4,37.6,1.8,3.0,162
2001/04/03 04:54:00,40.6060,141.8960,62,5.4,157.7,6.5,4.2,254
2001/04/01 17:44:00,36.8130,139.3800,10,3.4,14.5,0.4,1.7,6
2001/04/01 17:30:00,36.8110,139.3740,9,3.9,103.8,2.8,3.5,39
2001/03/31 07:00:00,36.8150,139.3770,10,3.5,22.1,0.5,1.7,6
2001/03/31 06:17:00,36.8160,139.3790,8,3.5,16.8,0.3,1.7,8
2001/03/31 06:09:00,36.8150,139.3870,8,4.9,305.8,16.4,4.9,99
2001/03/31 04:25:00,36.8150,139.3800,9,3.8,100.4,3.4,3.4,21
2001/03/30 12:47:00,35.2980,133.3640,10,3.1,17.7,0.5,1.9,4
2001/03/30 04:50:00,35.0100,135.5300,16,3.7,49.0,0.6,2.1,35
2001/03/28 07:28:00,35.2200,133.4200,6,2.9,46.2,1.0,2.6,1
2001/03/26 18:59:00,33.9810,132.7420,49,3.9,32.7,0.5,2.1,24
2001/03/26 07:25:00,34.1030,132.7220,47,3.8,24.8,0.7,1.8,19
2001/03/26 05:41:00,34.1110,132.7170,49,5.0,177.4,7.6,4.2,190
2001/03/26 05:36:00,37.0310,138.1270,13,3.6,40.1,1.2,2.4,13
2001/03/26 02:16:00,33.9430,132.7070,48,3.9,31.3,0.9,2.5,108
2001/03/25 19:43:00,32.7610,130.4850,9,3.4,9.3,0.3,0.9,7
2001/03/25 19:19:00,34.0250,132.7470,51,4.4,83.4,2.0,3.3,128
2001/03/25 09:10:00,33.9950,132.7470,50,3.8,22.7,0.4,1.9,29
2001/03/25 02:19:00,33.9760,132.7420,50,3.8,36.4,0.7,1.9,28
2001/03/24 22:37:00,33.9810,132.7120,47,4.1,22.7,0.8,2.1,48
2001/03/24 17:02:00,34.0030,132.7450,51,4.2,45.7,0.9,2.3,61
2001/03/24 16:25:00,34.0260,132.7320,46,4.2,88.1,2.0,3.3,68
2001/03/24 15:48:00,34.0100,132.7300,46,4.2,48.2,1.1,2.6,63
2001/03/24 15:28:00,34.1230,132.7050,51,6.4,852.6,33.8,5.7,560
2001/03/23 20:30:00,43.8360,147.9560,8,5.8,19.8,0.8,2.4,82
2001/03/23 07:44:00,33.5200,135.4420,21,3.8,119.0,1.2,2.4,20
2001/03/22 06:04:00,24.9570,125.3210,45,4.1,13.0,0.3,1.1,1
2001/03/20 20:40:00,36.4460,141.1020,44,4.4,19.9,0.4,2.1,57
2001/03/18 17:46:00,35.4260,133.3020,13,3.3,7.9,0.2,0.7,4
2001/03/16 12:24:00,35.8230,137.5550,10,3.5,130.9,1.8,2.7,15
2001/03/12 11:58:00,35.7250,140.6690,52,4.1,18.3,1.1,2.5,21
2001/03/12 06:36:00,31.3370,131.7010,32,4.3,9.7,0.6,2.2,20
2001/03/12 04:14:00,35.4160,133.2970,11,2.7,0.9,0.0,-0.8,1
2001/03/10 18:04:00,32.7260,130.7980,11,3.4,6.7,0.2,1.0,8
2001/03/09 05:06:00,37.0700,139.4500,10,3.9,311.1,4.4,3.0,48
2001/03/09 03:43:00,31.6640,131.8550,37,4.0,7.8,0.3,1.5,9
2001/03/08 01:53:00,35.3180,133.3270,9,2.8,10.0,0.2,0.5,2
2001/03/06 19:36:00,31.7330,131.9680,27,4.3,9.5,0.6,2.1,37
2001/03/06 14:32:00,36.6310,140.9770,52,4.6,217.5,4.7,4.1,136
2001/03/05 20:08:00,28.5910,129.0730,77,4.9,54.2,2.0,3.3,4
2001/03/05 12:16:00,35.2000,133.0890,11,3.5,9.0,0.1,1.0,4
2001/03/04 19:20:00,32.6910,130.7610,11,3.7,26.4,0.8,2.4,38
2001/03/04 15:52:00,34.2710,139.2600,4,3.1,8.1,0.2,1.4,1
2001/03/03 19:11:00,35.2310,138.3870,23,3.8,57.4,1.1,2.3,23
2001/03/02 18:52:00,32.4260,131.9100,38,3.8,11.3,0.4,2.0,26
2001/03/02 07:30:00,33.4300,135.1340,44,3.9,24.1,0.7,2.3,38
2001/03/02 06:39:00,34.2080,135.1970,6,2.8,1.6,0.0,-0.8,1
2001/02/27 08:29:00,24.4290,125.2160,50,4.7,9.3,0.4,1.4,1
2001/02/26 15:08:00,37.1660,142.2540,39,5.4,18.0,0.9,2.4,118
2001/02/26 14:58:00,46.4300,144.7590,415,6.2,21.7,0.8,2.4,133
2001/02/26 13:57:00,27.5420,128.5480,42,3.8,17.4,0.3,1.8,1
2001/02/26 12:48:00,33.9200,135.4020,57,3.5,14.7,0.2,1.5,22
2001/02/25 14:05:00,34.7700,139.5900,28,4.3,228.7,19.3,4.3,44
2001/02/25 06:54:00,37.1960,142.2530,24,5.8,66.1,2.5,3.5,249
2001/02/23 22:25:00,35.3030,133.3190,9,3.1,40.0,0.6,1.6,2
2001/02/23 08:58:00,35.4610,134.4850,10,3.7,34.4,0.5,1.8,21
2001/02/23 07:23:00,34.7460,137.5600,40,4.9,119.4,3.8,3.6,179
2001/02/21 03:05:00,32.3660,131.2830,79,3.8,11.3,0.3,1.5,24
2001/02/18 23:05:00,35.4310,140.3550,33,3.4,11.0,0.3,1.3,5
2001/02/18 16:17:00,36.1000,139.9000,47,3.8,25.8,0.5,2.0,59
2001/02/18 09:57:00,35.2050,133.4140,11,3.7,29.3,0.5,1.9,15
2001/02/16 02:19:00,35.4660,134.5120,11,3.9,51.1,0.6,2.0,45
2001/02/15 05:33:00,36.9200,139.7040,9,3.6,135.0,1.6,2.6,20
2001/02/13 01:19:00,34.3300,139.1520,7,3.9,44.3,1.4,2.7,1
2001/02/11 12:51:00,39.1250,142.4130,56,4.3,26.2,0.4,1.7,37
2001/02/11 09:38:00,35.4230,133.2870,12,2.7,1.3,0.0,-0.6,1
2001/02/11 09:17:00,35.4210,133.2940,13,4.3,174.7,10.6,4.4,70
2001/02/11 01:18:00,37.9260,140.6300,118,3.9,51.2,0.9,2.5,61
2001/02/10 17:45:00,37.2480,138.6070,15,3.6,12.8,0.3,1.5,8
2001/02/10 08:51:00,35.9080,137.5850,12,3.3,23.3,0.4,1.7,7
2001/02/09 07:10:00,34.9660,135.6250,11,3.5,105.9,1.5,2.5,11
2001/02/08 19:01:00,24.3140,125.2260,44,4.9,16.0,1.0,2.2,1
2001/02/08 14:41:00,24.2390,125.3100,45,5.8,38.0,1.6,2.8,5
2001/02/08 14:12:00,33.9060,134.4970,14,4.2,114.7,2.7,3.5,92
2001/02/08 00:24:00,39.0600,140.7820,13,3.9,51.7,0.9,2.2,24
2001/02/05 10:46:00,34.3880,134.7490,13,3.6,25.5,0.5,1.7,16
2001/02/05 04:17:00,37.3600,140.9200,77,4.3,81.3,1.3,2.8,106
2001/02/05 03:34:00,34.1980,135.2100,7,3.4,145.7,2.0,2.9,10
2001/02/04 20:51:00,38.3250,140.6120,11,3.2,6.9,0.1,0.5,5
2001/02/03 09:24:00,35.5000,134.4900,11,3.2,12.4,0.1,0.8,5
2001/02/02 08:10:00,35.5000,139.0770,18,4.2,196.5,4.5,3.9,69
2001/02/01 01:50:00,35.4650,134.4950,11,3.9,41.2,0.7,2.1,33
2001/01/29 09:59:00,36.5050,140.4800,53,3.7,23.1,0.5,2.1,44
2001/01/29 07:19:00,35.8580,137.5950,10,3.4,114.6,2.6,2.6,10
2001/01/27 16:54:00,38.3310,140.6050,13,3.4,74.4,0.8,2.1,10
2001/01/26 21:29:00,35.5000,134.4890,11,3.2,5.9,0.1,0.6,5
2001/01/26 17:42:00,29.4070,129.3860,26,4.2,5.5,0.3,1.7,2
2001/01/26 08:42:00,35.0860,135.6750,14,3.9,108.7,2.1,2.7,71
2001/01/25 21:33:00,34.0580,135.0990,11,4.2,109.7,1.3,2.0,16
2001/01/25 19:45:00,33.9650,134.5390,53,4.4,74.6,1.7,3.1,131
2001/01/25 16:18:00,35.4650,134.5090,12,3.4,12.5,0.1,0.8,13
2001/01/25 02:11:00,35.4610,134.5050,12,3.1,8.0,0.1,0.6,4
2001/01/24 00:03:00,35.4650,134.4820,9,4.2,72.1,1.1,2.5,87
2001/01/23 21:14:00,35.4000,133.2940,12,3.5,17.1,0.5,2.0,11
2001/01/22 13:20:00,35.3910,133.2940,13,3.7,59.6,2.3,3.2,14
2001/01/22 10:39:00,35.4950,134.4820,12,3.2,7.1,0.2,1.2,3
2001/01/22 09:43:00,37.1980,136.7900,18,3.8,38.2,0.7,2.3,15
2001/01/21 02:49:00,35.5050,134.4850,12,3.6,18.8,0.3,1.9,22
2001/01/21 01:46:00,35.4680,134.4800,12,3.7,31.6,0.4,1.7,24
2001/01/20 21:22:00,35.4660,134.4840,12,3.2,16.8,0.2,0.9,3
2001/01/20 20:59:00,35.4680,134.4770,11,3.5,25.9,0.4,1.1,15
2001/01/20 13:13:00,35.5030,134.4840,12,3.6,7.5,0.2,1.5,5
2001/01/20 08:48:00,35.4780,134.4940,12,3.7,10.1,0.4,2.0,13
2001/01/20 07:24:00,35.4960,134.4870,11,4.5,45.8,1.5,3.1,75
2001/01/20 07:05:00,35.4800,134.4950,12,3.8,27.3,0.8,2.5,26
2001/01/20 06:25:00,35.4850,134.4900,11,4.0,42.0,1.7,2.9,54
2001/01/20 05:38:00,35.4900,134.4890,11,3.1,10.9,0.4,1.8,3
2001/01/20 05:27:00,35.4960,134.4820,12,4.1,29.9,0.9,2.4,42
2001/01/20 05:20:00,35.5050,134.4770,12,4.7,81.5,2.4,3.2,91
2001/01/19 08:11:00,36.5230,140.5820,57,3.8,110.7,2.0,2.6,50
2001/01/16 18:06:00,35.1850,133.4240,9,3.4,126.5,3.8,3.7,13
2001/01/16 15:45:00,36.9610,138.7720,13,3.9,66.7,1.3,2.7,32
2001/01/16 04:44:00,41.4900,142.0040,63,4.1,27.7,0.6,1.9,28
2001/01/15 23:20:00,35.4700,134.5090,9,4.4,103.7,2.0,3.0,52
2001/01/15 22:25:00,35.3660,133.2920,12,3.6,10.6,0.3,1.6,4
2001/01/14 08:55:00,35.4730,134.5070,12,4.1,45.2,1.0,2.6,52
2001/01/14 07:57:00,34.8660,140.6670,64,4.0,10.2,0.4,1.9,11
2001/01/13 23:52:00,35.4650,134.5020,11,3.6,25.1,0.5,1.6,32
2001/01/12 18:27:00,35.4700,134.5100,10,3.8,55.4,0.6,1.9,24
2001/01/12 08:00:00,35.4660,134.4890,10,5.4,129.5,5.7,4.1,273
2001/01/10 19:09:00,32.8060,131.1260,6,3.9,390.7,13.9,5.0,52
2001/01/09 13:37:00,33.5880,132.3650,50,4.6,60.7,1.7,3.1,152
2001/01/08 01:14:00,24.4610,123.7500,10,3.6,30.7,0.3,1.1,1
2001/01/07 02:56:00,35.3850,133.2940,13,3.6,20.2,0.6,2.0,10
2001/01/06 11:48:00,35.3780,137.0950,48,4.6,132.4,3.3,3.5,171
2001/01/05 05:15:00,33.7780,132.5290,47,4.0,51.1,0.8,2.5,71
2001/01/05 00:30:00,34.0610,135.0990,10,3.0,22.3,0.3,0.8,2
2001/01/04 22:31:00,37.4230,139.7150,6,3.6,29.2,0.8,2.2,14
2001/01/04 15:08:00,36.9560,138.7590,14,3.7,44.2,1.0,2.4,24
2001/01/04 13:18:00,36.9610,138.7590,14,5.1,422.9,25.3,5.0,215
2001/01/03 23:47:00,43.6060,147.7210,48,5.6,32.7,1.0,2.9,119
2001/01/02 19:53:00,37.2650,138.6020,15,4.4,38.1,1.3,2.7,59
2001/01/02 15:32:00,35.3710,133.3050,11,3.6,22.6,0.9,2.2,10
2001/01/01 16:00:00,35.2630,133.3570,11,3.2,43.5,0.9,2.3,5
2000/12/31 23:37:00,33.6350,132.7920,11,3.8,42.6,0.7,1.6,13
2000/12/31 22:51:00,35.3980,133.3100,11,3.4,6.4,0.2,1.1,5
2000/12/30 17:18:00,35.3230,133.3100,13,3.2,20.7,0.3,1.4,3
2000/12/29 11:48:00,35.9380,139.3370,17,3.2,15.3,0.2,1.3,6
2000/12/28 14:24:00,34.2360,139.1470,9,3.4,7.3,0.4,1.6,1
2000/12/28 13:25:00,34.2460,139.1590,7,3.3,5.2,0.2,1.2,1
2000/12/26 02:08:00,35.3950,133.2940,12,3.1,5.2,0.2,1.0,3
2000/12/22 19:13:00,44.4800,147.3710,141,6.5,96.3,6.1,4.0,247
2000/12/21 17:44:00,35.3910,133.2920,13,3.3,10.5,0.4,1.6,8
2000/12/21 01:11:00,35.4050,133.2990,10,2.7,1.0,0.0,-0.5,1
2000/12/20 21:22:00,35.3860,133.2970,12,3.5,29.0,0.7,2.1,9
2000/12/20 10:04:00,35.3910,133.2950,13,3.8,42.0,1.7,2.8,14
2000/12/20 01:32:00,34.1860,135.3540,9,3.2,14.6,0.1,0.7,8
2000/12/19 06:18:00,35.3930,133.2940,13,4.1,126.2,6.1,4.1,40
2000/12/15 05:48:00,35.3780,133.2800,11,3.1,2.9,0.1,0.0,2
2000/12/13 10:01:00,35.3780,133.2820,10,3.3,4.2,0.1,0.6,3
2000/12/12 18:21:00,34.2200,139.2440,13,3.4,12.6,0.3,1.6,1
2000/12/11 02:44:00,34.8830,137.8900,39,3.6,18.0,0.3,1.6,15
2000/12/10 21:30:00,39.1330,141.3990,79,4.0,45.3,0.6,2.1,56
2000/12/09 17:03:00,35.3950,133.2800,12,3.2,6.1,0.1,1.1,3
2000/12/09 02:48:00,36.6800,141.3250,46,4.2,18.7,0.4,1.9,36
2000/12/08 06:14:00,43.2500,144.4160,129,4.2,24.3,0.9,2.2,39
2000/12/08 04:42:00,35.2630,133.3650,13,3.4,19.6,0.4,1.8,16
2000/12/08 02:22:00,35.1960,133.1340,8,3.2,5.1,0.1,0.5,4
2000/12/07 23:09:00,35.3700,133.2850,12,4.2,94.1,4.8,3.9,86
2000/12/07 20:03:00,32.1580,129.9960,12,3.8,81.2,2.3,3.3,19
2000/12/06 15:12:00,42.6630,143.3990,87,4.2,29.2,1.1,2.6,53
2000/12/06 07:38:00,34.2410,139.1490,12,3.8,18.5,0.6,2.3,1
2000/12/05 01:47:00,35.8450,141.1570,37,5.3,41.1,2.7,3.3,122
2000/12/04 10:22:00,27.3720,128.3660,49,4.6,39.9,0.9,2.5,5
2000/12/03 06:12:00,42.1000,142.8410,44,3.9,24.7,0.7,2.2,18
2000/12/02 00:58:00,35.3680,133.2870,11,3.2,8.7,0.2,1.2,2
2000/12/01 03:46:00,33.5710,132.2200,53,4.1,20.2,0.6,2.2,75
2000/11/29 21:35:00,35.3080,133.3320,8,2.9,11.6,0.3,1.6,7
2000/11/29 16:02:00,35.3200,133.2950,9,3.2,12.5,0.3,1.5,2
2000/11/27 21:53:00,35.7310,140.6250,50,3.7,2.5,0.1,0.4,1
2000/11/27 10:48:00,35.3750,133.3100,12,3.0,2.8,0.0,0.0,1
2000/11/26 16:31:00,36.5580,140.4340,100,3.7,17.8,0.4,2.0,41
2000/11/26 08:16:00,35.2960,133.3640,9,3.1,50.9,1.3,2.7,5
2000/11/26 04:42:00,40.6130,142.3630,84,4.2,18.1,0.5,2.0,31
2000/11/23 13:15:00,35.3780,133.3020,12,3.7,26.1,0.9,2.4,17
2000/11/22 04:34:00,35.3900,133.2940,11,2.7,2.7,0.1,0.2,1
2000/11/22 03:52:00,33.1350,131.9410,52,3.8,11.5,0.5,2.2,29
2000/11/20 09:20:00,33.9700,136.2290,14,3.4,11.6,0.2,0.9,4
2000/11/20 01:53:00,24.4760,123.7530,9,3.6,42.7,0.6,2.0,1
2000/11/19 22:43:00,24.4670,123.7510,8,4.2,68.6,1.4,2.7,2
2000/11/19 15:44:00,35.3660,133.3120,13,3.4,19.6,0.6,1.9,15
2000/11/19 14:53:00,24.4720,123.7510,9,3.7,26.6,0.3,1.6,1
2000/11/19 11:41:00,35.3410,133.3050,12,3.4,29.4,0.6,1.6,14
2000/11/18 18:13:00,35.3800,133.2990,11,3.4,8.7,0.3,1.3,4
2000/11/18 17:19:00,37.3530,141.7950,44,4.3,16.4,0.6,1.9,36
2000/11/17 23:22:00,36.1730,140.0900,51,3.8,49.1,1.1,2.5,52
2000/11/17 21:05:00,35.3460,133.2990,10,3.2,6.8,0.1,1.1,3
2000/11/17 18:56:00,35.4000,133.3090,12,3.6,10.0,0.4,1.4,5
2000/11/17 17:54:00,24.4790,123.7530,10,4.3,58.8,1.3,2.6,2
2000/11/16 18:31:00,37.4830,141.6020,51,5.0,124.2,6.2,3.6,164
2000/11/15 23:19:00,42.7430,144.5460,57,4.5,68.0,2.1,3.1,52
2000/11/14 12:53:00,42.4830,144.9160,46,5.2,45.9,3.2,3.5,85
2000/11/14 05:01:00,32.8730,132.4460,37,3.6,16.1,0.3,0.8,4
2000/11/14 04:15:00,37.7380,139.3740,11,3.0,11.4,0.1,0.5,2
2000/11/14 04:13:00,35.7530,140.1340,74,4.0,18.4,0.6,2.3,28
2000/11/14 01:15:00,35.3750,133.3400,9,3.2,8.0,0.2,1.4,2
2000/11/14 01:11:00,24.4740,123.7550,8,4.4,68.2,2.0,3.2,3
2000/11/14 00:57:00,42.4500,144.9260,45,5.9,50.6,4.8,3.7,144
2000/11/13 18:32:00,35.3710,133.2870,12,3.9,27.3,0.9,2.5,21
2000/11/12 19:38:00,35.1660,133.1300,9,3.6,103.2,2.2,3.1,17
2000/11/12 14:15:00,35.7330,139.9620,55,3.8,11.8,0.7,1.9,24
2000/11/11 21:56:00,35.3780,133.3000,11,3.3,7.1,0.2,1.3,3
2000/11/10 19:09:00,35.3100,133.3200,10,3.3,86.0,1.5,2.4,9
2000/11/09 20:06:00,35.3180,133.2940,8,3.1,13.7,0.3,1.7,2
2000/11/07 06:53:00,35.1780,133.1290,8,3.3,59.8,1.2,2.6,3
2000/11/07 00:38:00,35.2300,133.3890,7,3.3,151.2,4.1,3.6,6
2000/11/06 05:22:00,35.3550,133.3050,9,3.1,10.5,0.2,1.2,3
2000/11/06 01:36:00,35.3550,133.3170,8,2.8,7.2,0.2,1.1,2
2000/11/05 12:50:00,35.3230,133.3100,11,2.9,7.0,0.1,0.5,1
2000/11/05 11:54:00,35.2810,133.3570,13,3.4,20.8,0.5,1.9,4
2000/11/05 08:58:00,35.3550,133.3050,9,3.0,14.0,0.3,1.5,3
2000/11/05 03:00:00,35.1900,133.4250,12,3.8,126.3,4.2,3.8,40
2000/11/05 00:28:00,35.2510,133.3700,11,3.0,14.3,0.4,1.4,2
2000/11/04 10:48:00,35.3560,133.3020,9,3.5,43.8,0.9,2.5,17
2000/11/04 07:15:00,35.3550,133.3150,8,3.7,31.0,1.4,2.8,16
2000/11/04 04:29:00,35.3810,133.2890,11,3.4,33.6,1.0,2.3,7
2000/11/03 20:43:00,35.3580,133.2950,10,3.3,8.3,0.2,1.4,3
2000/11/03 20:20:00,35.3530,133.2970,8,3.3,13.6,0.3,1.7,3
2000/11/03 16:53:00,35.3610,133.2940,10,3.4,15.9,0.4,1.9,17
2000/11/03 16:33:00,35.3600,133.2900,10,4.5,95.6,3.9,3.6,77
2000/11/03 12:37:00,35.4530,133.2470,14,3.7,7.4,0.2,1.2,4
2000/11/03 09:40:00,35.3630,133.2920,10,3.4,8.5,0.2,1.4,6
2000/11/02 22:25:00,35.4100,133.2450,12,3.3,4.2,0.1,0.7,4
2000/11/02 21:21:00,34.4510,132.6500,31,3.7,40.1,0.6,2.2,32
2000/11/01 19:09:00,35.3660,133.2890,9,3.1,4.1,0.1,0.7,2
2000/10/31 04:20:00,34.3980,139.2070,12,4.7,163.3,5.4,4.0,23
2000/10/31 02:21:00,35.3060,133.3090,12,3.5,28.4,0.5,1.9,14
2000/10/31 01:48:00,34.3030,136.3050,36,3.4,21.4,0.3,1.3,20
2000/10/31 01:43:00,34.2860,136.3420,44,5.5,544.4,14.6,4.9,299
2000/10/30 15:58:00,35.1910,133.4270,10,3.8,53.5,1.2,2.4,18
2000/10/29 15:29:00,35.3360,133.3000,9,3.2,9.0,0.2,1.2,4
2000/10/28 20:08:00,35.2800,133.3470,9,3.3,112.5,1.9,3.2,5
2000/10/28 18:30:00,35.3580,133.2790,10,3.1,4.7,0.1,0.5,2
2000/10/28 13:48:00,38.4550,140.0820,12,3.3,37.3,0.8,2.0,5
2000/10/26 16:06:00,36.9180,139.7040,10,3.5,29.9,0.4,1.4,11
2000/10/26 00:19:00,34.0810,135.5940,68,3.8,39.1,0.5,1.7,53
2000/10/25 17:46:00,35.3910,133.2950,12,3.2,10.0,0.3,1.4,1
2000/10/25 08:03:00,35.1910,133.4220,11,3.3,56.3,1.7,2.9,11
2000/10/24 08:24:00,35.2310,133.3820,14,3.6,24.4,0.4,1.8,17
2000/10/24 08:11:00,35.7550,140.1120,75,4.2,16.3,0.8,2.2,73
2000/10/24 07:43:00,35.2480,133.3800,12,3.6,53.3,1.3,2.7,18
2000/10/23 17:45:00,36.4610,140.6140,56,3.9,51.2,1.2,2.7,38
2000/10/23 08:48:00,35.2150,133.3940,10,3.4,9.3,0.2,0.7,5
2000/10/22 10:41:00,34.0230,135.1990,11,3.6,184.1,2.8,2.7,20
2000/10/22 09:06:00,35.4480,133.2540,12,3.4,17.9,0.7,2.0,12
2000/10/22 00:12:00,35.3080,133.3040,9,3.2,34.2,0.6,1.4,2
2000/10/21 21:44:00,40.9610,141.9730,58,4.0,36.2,0.6,2.3,28
2000/10/21 07:40:00,35.3900,133.2970,12,3.6,18.3,0.8,2.3,13
2000/10/21 04:49:00,35.3900,133.2970,10,3.3,3.4,0.1,0.2,2
2000/10/20 18:04:00,35.3850,133.3090,9,3.1,2.9,0.1,0.4,3
2000/10/19 16:25:00,36.9200,139.7020,11,4.0,232.5,8.2,4.4,69
2000/10/19 14:53:00,35.3000,133.3290,9,3.2,26.3,0.5,1.6,3
2000/10/19 08:03:00,35.3800,133.2690,10,3.5,42.6,2.3,3.2,11
2000/10/18 23:39:00,35.2230,133.2940,11,3.7,89.8,2.1,2.6,23
2000/10/18 14:22:00,35.2880,133.3170,12,3.6,72.4,1.3,2.5,25
2000/10/18 12:58:00,36.9230,139.6970,9,4.5,398.3,16.5,5.0,114
2000/10/18 12:04:00,30.9310,131.5330,53,4.5,7.7,0.4,1.7,18
2000/10/18 08:05:00,35.3810,133.2970,11,3.7,38.0,1.3,2.6,22
2000/10/18 00:00:00,35.3150,133.3190,9,3.4,82.8,1.3,2.4,15
2000/10/17 22:17:00,35.1910,133.4250,12,4.2,206.5,8.2,4.1,97
2000/10/17 22:10:00,35.2930,133.2970,8,3.7,130.7,2.5,3.0,22
2000/10/15 20:33:00,42.6000,143.6730,77,4.0,32.2,0.7,2.4,49
2000/10/14 20:19:00,34.1130,140.5190,87,4.9,54.4,2.4,3.3,81
2000/10/14 08:01:00,35.3710,133.3140,11,3.8,54.6,2.1,2.9,15
2000/10/14 03:36:00,35.3150,133.3270,10,3.4,45.9,0.7,1.7,17
2000/10/13 10:44:00,35.2700,133.3500,10,3.6,92.4,2.3,3.2,13
2000/10/13 01:54:00,35.4100,133.3140,10,3.1,25.2,0.9,2.5,3
2000/10/12 17:07:00,35.3360,133.3170,11,3.5,38.4,1.4,2.8,15
2000/10/12 08:24:00,37.7010,141.0550,76,3.9,17.6,0.5,2.0,23
2000/10/12 07:09:00,35.3730,133.2840,10,3.5,31.1,1.7,2.8,15
2000/10/12 05:35:00,37.9380,139.5940,12,4.1,212.7,4.9,3.9,49
2000/10/12 03:53:00,35.3630,133.2970,10,3.6,26.7,1.2,2.7,18
2000/10/11 23:03:00,35.1210,138.2940,26,3.6,94.9,1.8,2.8,24
2000/10/11 21:15:00,35.4080,133.2770,10,3.1,14.0,0.7,2.2,4
2000/10/11 19:47:00,35.4150,133.3250,9,2.5,60.8,1.2,2.5,1
2000/10/11 15:15:00,35.5330,139.7190,86,4.1,21.8,0.8,2.2,50
2000/10/11 14:08:00,35.4250,133.2990,10,3.1,27.0,0.9,2.2,2
2000/10/10 21:58:00,35.3730,133.3020,11,4.4,106.9,5.4,3.9,82
2000/10/10 19:24:00,32.4350,130.5050,10,3.6,34.3,0.8,2.2,17
2000/10/10 17:19:00,35.3660,133.2940,11,3.7,26.2,0.8,2.1,17
2000/10/10 13:04:00,34.8780,132.8400,17,3.4,15.5,0.2,1.0,6
2000/10/10 11:07:00,35.4160,133.2990,9,3.2,42.7,1.9,2.8,4
2000/10/10 08:53:00,34.3280,139.1850,3,2.8,6.7,0.2,1.1,1
2000/10/10 02:26:00,35.3150,133.3170,8,3.4,99.2,2.2,2.9,5
2000/10/09 19:50:00,35.3150,133.3150,8,3.5,13.4,0.2,1.0,3
2000/10/09 19:24:00,35.2710,133.3450,12,3.6,36.4,0.5,1.8,17
2000/10/09 06:59:00,35.3180,133.3090,8,3.5,16.8,0.3,1.6,4
2000/10/09 02:20:00,33.8650,135.7120,58,3.6,74.0,1.0,2.7,46
2000/10/09 01:14:00,35.2350,133.3740,13,3.4,138.7,4.0,3.8,7
2000/10/08 21:34:00,35.3510,133.3220,8,3.4,13.4,0.6,2.1,4
2000/10/08 20:59:00,35.3660,133.3020,9,3.8,55.6,3.7,3.4,33
2000/10/08 20:51:00,35.3710,133.3090,9,5.0,128.5,13.4,4.5,102
2000/10/08 14:17:00,35.3260,133.3290,9,3.5,11.5,0.3,1.6,6
2000/10/08 13:17:00,35.1400,133.1490,8,5.5,427.3,14.6,4.8,150
2000/10/08 06:37:00,35.1960,133.1300,10,3.5,154.9,2.9,3.2,8
2000/10/08 06:21:00,35.2200,133.3850,8,3.6,13.4,0.5,2.0,7
2000/10/08 06:08:00,35.3360,133.2940,7,4.0,25.8,0.9,2.2,13
2000/10/08 01:08:00,35.1930,133.4240,9,3.6,20.5,0.5,1.9,3
2000/10/07 18:32:00,35.3130,133.3200,8,3.9,168.6,4.7,3.7,25
2000/10/07 17:54:00,35.2760,133.3500,9,3.4,15.6,0.4,1.6,3
2000/10/07 16:10:00,35.3630,133.3250,9,3.7,13.6,0.3,1.8,7
2000/10/07 12:14:00,35.3180,133.3140,8,3.5,12.0,0.3,1.5,2
2000/10/07 12:03:00,35.3750,133.3120,9,4.2,102.5,4.3,3.6,42
2000/10/07 10:27:00,35.2480,133.3750,11,3.8,95.6,1.6,2.8,30
2000/10/07 08:30:00,35.2400,133.3800,10,3.6,48.7,1.2,2.2,18
2000/10/07 08:24:00,35.1900,133.4270,10,3.4,51.8,0.9,2.0,8
2000/10/07 08:19:00,42.3000,143.0000,60,4.6,23.4,0.7,2.5,32
2000/10/07 08:17:00,35.3830,133.2850,9,3.9,74.4,5.5,3.9,6
2000/10/07 07:49:00,35.2710,133.3600,13,3.8,93.7,1.7,2.7,34
2000/10/07 06:38:00,35.3610,133.2940,11,4.2,73.2,3.8,3.5,39
2000/10/07 06:22:00,35.3130,133.3200,12,3.9,108.3,2.8,3.2,30
2000/10/07 04:59:00,35.3000,133.4000,10,4.9,262.5,9.4,4.3,55
2000/10/07 04:56:00,35.2500,133.3700,11,3.7,40.4,0.8,2.2,21
2000/10/07 04:26:00,35.2080,133.4290,9,3.2,7.6,0.1,1.0,2
2000/10/06 23:13:00,35.2950,133.2870,8,4.1,124.0,3.7,3.3,32
2000/10/06 22:57:00,35.1830,133.4220,8,3.9,51.8,1.9,3.0,22
2000/10/06 21:29:00,35.3230,133.3190,9,3.8,25.0,0.5,1.9,19
2000/10/06 20:04:00,35.1950,133.4220,10,3.6,56.2,1.0,2.3,3
2000/10/06 19:57:00,35.2730,133.3420,13,4.0,66.5,1.6,2.6,23
2000/10/06 18:54:00,35.2730,133.3490,12,3.7,117.5,2.2,2.7,11
2000/10/06 17:33:00,35.2860,133.3640,10,3.6,7.2,0.2,1.2,2
2000/10/06 17:05:00,35.3730,133.3050,13,3.5,12.7,0.6,2.1,5
2000/10/06 16:54:00,35.1850,133.4150,9,3.7,24.7,0.4,2.2,4
2000/10/06 16:38:00,35.3250,133.3290,8,3.4,30.4,0.6,2.0,8
2000/10/06 16:25:00,35.1950,133.4220,13,3.8,14.6,0.2,1.5,8
2000/10/06 16:21:00,35.3250,133.3200,10,4.2,52.0,4.2,3.6,27
2000/10/06 14:52:00,35.3610,133.3070,11,4.4,65.2,4.9,3.9,52
2000/10/06 14:43:00,35.3180,133.3190,11,4.1,29.9,0.6,2.2,45
2000/10/06 14:00:00,35.2650,133.3650,10,3.8,69.6,3.7,3.5,3
2000/10/06 13:56:00,35.4000,133.2850,11,3.4,6.3,0.1,0.8,4
2000/10/06 13:30:00,35.2780,133.3450,11,7.3,1142.4,146.4,6.6,523
2000/10/06 13:24:00,34.1830,135.1900,9,3.1,5.4,0.1,-0.1,1
2000/10/04 20:00:00,36.4580,140.6290,56,4.0,31.3,0.5,2.0,73
2000/10/03 13:18:00,33.8780,132.8070,46,4.2,37.7,0.6,2.0,41
2000/10/03 13:13:00,40.1560,143.3940,0,5.9,25.3,2.4,3.3,189
2000/10/03 12:09:00,29.3840,129.4550,31,4.1,2.2,0.2,1.1,1
2000/10/03 11:59:00,34.0500,139.3750,18,4.4,7.2,0.3,1.5,1
2000/10/03 05:30:00,36.4180,140.6970,52,3.7,17.5,0.4,1.9,20
2000/10/02 17:04:00,29.4660,129.4250,25,4.4,4.2,0.3,1.5,1
2000/10/02 16:44:00,29.4110,129.4580,30,5.7,8.0,0.5,1.9,2
2000/10/02 16:29:00,29.3890,129.3980,30,5.2,9.3,0.7,2.2,2
2000/10/02 14:21:00,29.4020,129.4060,31,4.6,11.6,0.9,2.5,2
2000/10/01 03:30:00,34.2510,139.2340,9,3.6,29.0,0.7,2.3,1
2000/09/30 23:24:00,35.5130,139.7290,84,3.7,6.4,0.2,1.1,7
2000/09/29 19:14:00,36.4600,140.5700,56,3.7,42.1,0.7,2.5,31
2000/09/29 11:29:00,35.5280,139.7070,84,3.3,1.1,0.0,-0.3,1
2000/09/29 09:56:00,35.5100,139.7150,85,4.1,16.3,0.6,2.2,30
2000/09/29 08:56:00,35.5250,139.7320,86,4.5,37.1,2.1,3.0,87
2000/09/28 08:58:00,29.7910,129.9050,24,4.0,5.9,0.1,0.6,1
2000/09/27 10:56:00,31.9560,132.1960,16,4.2,9.5,0.2,1.2,14
2000/09/27 06:14:00,43.1180,145.9860,50,4.3,105.5,3.5,3.5,33
2000/09/25 12:52:00,32.7080,130.7680,9,3.5,3.0,0.1,0.7,8
2000/09/25 11:23:00,32.7010,130.7610,10,3.8,60.9,1.7,3.0,24
2000/09/25 11:15:00,32.7030,130.7630,9,4.0,80.6,1.6,3.2,40
2000/09/24 21:03:00,34.2310,139.2570,12,3.9,21.3,0.8,2.3,1
2000/09/24 02:42:00,42.4430,142.1080,63,4.2,8.1,0.3,1.7,15
2000/09/22 07:43:00,35.9410,140.8370,40,4.3,33.5,1.6,2.1,33
2000/09/18 15:24:00,34.6030,139.2170,11,3.6,25.3,0.7,2.4,5
2000/09/17 14:18:00,37.8030,140.7620,98,3.9,58.1,1.0,2.7,58
2000/09/15 23:43:00,36.6110,140.9590,50,4.3,63.4,1.3,2.8,54
2000/09/14 07:34:00,39.8610,139.6640,12,3.5,9.1,0.2,1.4,2
2000/09/14 02:23:00,40.1730,143.4630,5,4.9,4.7,0.3,1.6,36
2000/09/13 19:08:00,42.8360,145.1360,52,4.4,48.0,1.2,2.4,44
2000/09/11 08:02:00,34.5180,139.2190,1,4.1,34.1,1.5,3.0,3
2000/09/11 07:58:00,34.5130,139.2370,9,3.7,17.0,0.9,2.2,3
2000/09/11 07:49:00,34.5160,139.2200,9,5.3,72.4,6.5,3.9,46
2000/09/11 01:05:00,35.1350,135.7520,15,3.8,50.4,0.6,1.6,25
2000/09/10 22:36:00,33.6700,135.4720,46,3.8,16.7,0.3,1.5,22
2000/09/09 20:48:00,36.0300,139.6490,67,4.2,48.0,1.2,2.5,86
2000/09/09 19:24:00,35.5460,135.0890,11,3.8,116.1,1.3,2.5,32
2000/09/07 14:51:00,33.4930,132.3700,49,4.3,21.0,0.6,2.1,81
2000/09/03 21:35:00,42.0560,142.3990,62,4.0,7.6,0.3,1.5,20
2000/09/03 20:01:00,42.9910,146.7580,52,5.2,29.8,1.2,2.8,69
2000/09/01 06:13:00,35.7130,140.6240,52,4.1,15.2,1.0,2.2,17
2000/08/30 14:23:00,33.0310,132.1350,47,3.9,10.2,0.4,1.8,22
2000/08/30 10:37:00,34.0680,139.3750,18,4.4,41.1,2.9,3.1,11
2000/08/29 16:19:00,43.0930,145.5180,48,4.2,76.1,2.3,3.2,23
2000/08/29 12:38:00,34.1730,139.2840,18,2.4,99.5,2.2,3.1,1
2000/08/29 12:08:00,34.3860,139.2350,6,4.3,312.3,7.7,4.3,7
2000/08/29 11:13:00,34.3910,139.2140,7,3.6,400.2,5.2,3.8,1
2000/08/29 11:11:00,34.3830,139.1950,8,3.1,94.3,1.9,3.1,1
2000/08/29 11:00:00,34.3800,139.2250,9,4.9,274.9,14.0,4.7,11
2000/08/28 17:20:00,37.7800,142.7730,41,4.8,35.6,1.3,2.6,100
2000/08/27 22:13:00,24.4790,123.7480,9,3.9,33.0,0.4,1.7,2
2000/08/27 20:19:00,34.5350,135.6450,11,3.4,38.5,0.6,1.6,13
2000/08/27 16:54:00,39.7210,139.4290,23,4.3,11.6,0.3,1.7,35
2000/08/27 13:13:00,34.5350,135.6470,11,4.1,239.0,5.9,3.6,93
2000/08/27 09:45:00,33.9000,139.3890,16,4.6,3.4,0.1,0.8,1
2000/08/27 08:42:00,35.7560,140.1370,77,4.2,17.4,0.5,1.9,65
2000/08/27 06:54:00,32.6530,130.0650,14,3.8,47.7,1.2,2.7,18
2000/08/27 00:30:00,42.1760,142.5430,32,4.7,58.1,2.6,3.5,94
2000/08/25 22:17:00,42.7610,144.8680,75,4.5,33.3,1.0,2.6,54
2000/08/25 22:12:00,32.1610,131.7950,37,4.1,78.8,1.2,2.5,31
2000/08/24 08:16:00,34.3930,139.2470,9,2.9,41.7,1.2,2.6,1
2000/08/23 23:57:00,34.0880,139.3690,19,4.8,56.1,3.2,3.1,9
2000/08/23 23:39:00,34.1110,139.3920,16,3.7,20.3,0.6,1.9,1
2000/08/23 07:46:00,35.4230,139.0250,20,3.6,77.3,1.4,2.7,27
2000/08/23 06:21:00,34.2130,139.2600,13,3.9,17.8,0.9,2.3,1
2000/08/23 02:17:00,34.2400,139.2420,9,3.5,19.8,0.4,1.9,1
2000/08/22 21:00:00,34.5010,139.2140,9,4.0,31.6,1.5,2.7,3
2000/08/21 21:27:00,36.0760,139.9540,47,3.6,40.3,0.7,2.1,30
2000/08/21 15:18:00,35.0310,135.8050,15,3.8,34.7,0.5,1.9,28
2000/08/21 08:07:00,34.4830,139.2050,9,3.6,19.9,0.5,2.1,2
2000/08/21 00:48:00,34.1380,139.2890,17,4.2,17.3,0.9,2.4,1
2000/08/20 22:45:00,34.4910,139.2050,11,3.9,40.1,1.0,2.6,5
2000/08/20 16:51:00,34.1130,139.3470,17,4.1,11.1,0.5,1.9,1
2000/08/20 16:24:00,34.0910,139.3690,20,4.8,60.7,3.4,3.4,19
2000/08/20 05:46:00,34.2950,139.1670,8,4.1,53.8,3.5,3.5,1
2000/08/20 02:26:00,43.6160,147.1210,62,5.7,62.7,3.4,3.6,116
2000/08/19 22:58:00,34.3050,139.1900,5,3.1,15.1,0.4,1.8,1
2000/08/19 21:41:00,36.2780,141.4840,41,5.4,19.8,1.3,2.5,106
2000/08/19 16:38:00,36.2260,139.7940,56,3.8,35.6,1.0,2.4,41
2000/08/19 12:44:00,34.3760,139.2240,3,3.0,155.6,2.5,3.0,1
2000/08/19 09:55:00,34.3550,139.1870,6,3.0,24.8,0.5,2.0,1
2000/08/19 08:50:00,34.3030,139.1920,7,3.3,18.8,0.6,2.1,1
2000/08/19 06:05:00,37.6260,138.8240,22,3.5,7.3,0.1,1.1,5
2000/08/19 04:36:00,35.5410,138.9950,22,3.7,126.0,2.2,2.9,29
2000/08/18 22:51:00,34.3780,139.2440,2,3.4,247.2,7.3,4.0,3
2000/08/18 22:47:00,36.2710,141.5220,43,4.6,13.7,0.4,2.0,47
2000/08/18 15:21:00,34.2960,139.1970,8,3.4,22.4,0.7,2.3,1
2000/08/18 12:49:00,34.2950,139.1700,7,4.9,98.0,7.4,3.9,1
2000/08/18 12:26:00,34.2930,139.1690,8,3.0,10.3,0.4,1.9,1
2000/08/18 11:08:00,34.1760,139.3150,15,4.5,29.0,1.8,2.9,3
2000/08/18 10:52:00,34.2100,139.2540,11,6.0,100.0,7.5,4.1,25
2000/08/18 04:53:00,35.6950,139.7050,36,3.6,41.9,1.1,2.4,28
2000/08/18 02:27:00,30.8170,129.7980,15,4.0,14.6,0.3,1.6,16
2000/08/16 11:00:00,34.1730,139.3370,11,4.5,22.1,0.9,2.4,4
2000/08/16 07:00:00,34.1530,139.3070,16,4.5,19.1,1.1,2.5,1
2000/08/16 06:46:00,34.2030,139.3970,10,4.4,26.5,1.7,2.6,2
2000/08/16 06:31:00,34.1360,139.3220,17,3.9,38.6,1.2,2.4,2
2000/08/16 06:26:00,34.1260,139.3670,17,3.9,13.3,0.4,1.8,1
2000/08/16 06:02:00,34.1210,139.3470,18,3.9,15.7,0.5,1.7,1
2000/08/16 05:47:00,34.1280,139.3570,19,3.9,21.1,0.9,2.2,1
2000/08/16 05:27:00,34.1300,139.3320,16,4.2,24.0,1.4,2.5,2
2000/08/16 05:21:00,42.9800,146.8060,60,5.7,88.2,5.3,3.9,128
2000/08/16 04:59:00,34.0850,139.3370,21,4.1,21.4,1.1,2.3,2
2000/08/16 04:53:00,34.1180,139.3450,18,4.0,12.1,0.5,1.8,1
2000/08/16 04:38:00,34.1350,139.3540,13,4.3,11.0,0.4,1.9,1
2000/08/16 04:32:00,34.0650,139.3250,22,4.5,18.8,0.8,2.1,2
2000/08/16 04:24:00,34.1730,139.3050,15,4.2,31.9,1.7,2.7,7
2000/08/16 04:08:00,34.1280,139.3150,18,4.2,18.9,1.1,2.6,2
2000/08/16 04:03:00,34.1230,139.3450,17,4.6,28.6,1.6,2.6,6
2000/08/16 03:48:00,34.1410,139.3500,15,4.0,15.5,0.8,2.1,2
2000/08/16 03:32:00,34.1300,139.3450,16,4.7,30.6,2.8,2.8,5
2000/08/16 03:19:00,34.1300,139.2890,18,4.6,18.9,0.9,2.6,2
2000/08/16 03:09:00,34.1450,139.3490,16,4.0,18.0,0.6,1.8,1
2000/08/16 02:37:00,34.1780,139.2700,14,4.9,90.5,4.7,3.9,10
2000/08/16 02:22:00,34.1560,139.3050,17,4.8,34.0,1.7,3.1,9
2000/08/16 02:07:00,34.1630,139.3090,16,4.3,19.2,0.9,2.4,2
2000/08/16 01:57:00,34.1730,139.3070,15,3.7,12.0,0.3,1.8,1
2000/08/16 01:50:00,34.1500,139.3140,17,4.2,8.9,0.6,1.7,1
2000/08/16 01:28:00,34.1680,139.3090,13,3.8,2.1,0.1,0.4,1
2000/08/16 00:55:00,34.1780,139.2950,13,4.7,33.4,2.5,3.0,7
2000/08/16 00:12:00,34.1280,139.3540,17,4.3,21.2,0.8,2.2,3
2000/08/16 00:03:00,34.1680,139.3690,13,4.6,33.5,1.7,2.9,6
2000/08/15 23:02:00,34.1560,139.3190,15,4.4,24.2,1.3,2.8,5
2000/08/15 22:47:00,34.1580,139.3250,15,4.3,30.4,1.6,2.5,3
2000/08/15 17:16:00,34.2350,139.2540,12,3.4,14.7,0.5,2.1,1
2000/08/15 14:37:00,34.2260,139.2640,15,3.8,17.0,0.4,1.9,1
2000/08/15 08:18:00,32.0100,131.9010,22,4.2,8.5,0.5,1.9,9
2000/08/15 03:55:00,36.2060,140.0370,52,3.9,141.1,3.5,3.2,67
2000/08/15 03:39:00,34.2000,139.2600,13,4.5,52.9,2.5,3.1,4
2000/08/15 01:32:00,34.3950,139.8990,43,4.0,8.5,0.3,1.1,1
2000/08/15 00:37:00,34.0880,139.4250,17,4.2,39.9,1.4,2.5,1
2000/08/14 16:33:00,35.7660,140.1520,74,4.0,27.6,0.7,2.2,47
2000/08/13 17:32:00,34.3030,139.1420,7,4.1,22.0,0.9,2.6,1
2000/08/13 15:46:00,34.2210,139.2590,14,3.8,23.0,0.9,2.4,1
2000/08/13 02:19:00,34.2480,139.2240,11,4.1,32.9,0.6,2.3,1
2000/08/12 02:39:00,35.0800,138.3520,26,3.5,23.9,0.7,2.3,11
2000/08/11 22:47:00,42.1660,140.6740,13,3.4,69.5,1.2,2.6,7
2000/08/11 22:22:00,34.3680,139.1920,4,3.5,80.8,1.8,2.9,1
2000/08/11 02:25:00,37.0310,138.0220,12,3.5,19.1,0.3,1.5,6
2000/08/10 13:40:00,34.2150,139.2440,23,4.4,22.1,1.4,2.7,1
2000/08/10 11:37:00,32.7730,130.8060,13,4.0,70.8,1.7,3.2,57
2000/08/09 19:03:00,34.2800,139.1940,8,3.4,13.6,0.6,2.0,1
2000/08/09 12:06:00,34.2610,139.2470,1,4.0,33.5,1.0,2.7,1
2000/08/09 12:02:00,34.2500,139.2250,7,3.9,30.1,0.9,2.6,1
2000/08/09 04:29:00,34.2450,139.1690,8,4.0,22.9,0.7,2.3,1
2000/08/09 01:25:00,34.3730,139.2420,10,2.9,64.1,1.5,2.8,1
2000/08/08 14:58:00,34.1830,139.3120,15,4.2,13.2,0.8,2.1,2
2000/08/08 09:12:00,37.0310,138.0250,14,3.7,57.1,1.4,3.0,8
2000/08/08 02:59:00,34.2250,139.2440,13,3.9,27.7,1.0,2.5,1
2000/08/07 23:25:00,34.2400,139.2400,15,3.9,23.5,0.7,2.3,1
2000/08/07 14:23:00,29.0460,131.0880,89,5.2,30.3,0.7,2.2,35
2000/08/07 12:01:00,36.8600,135.5850,20,3.9,2.1,0.1,0.4,7
2000/08/07 02:38:00,34.1400,139.3650,17,4.2,21.8,0.8,2.3,1
2000/08/06 20:55:00,34.2010,139.2900,13,4.4,26.7,1.9,3.0,1
2000/08/06 16:28:00,28.8620,140.0650,430,7.3,22.6,1.9,2.9,229
2000/08/06 10:14:00,32.7060,130.7610,9,3.2,1.6,0.0,0.0,3
2000/08/06 03:26:00,34.2260,139.2500,14,4.4,3.5,0.1,0.8,2
2000/08/05 13:15:00,34.2450,139.2720,12,4.4,63.7,3.1,3.4,1
2000/08/05 12:55:00,34.2350,139.2070,11,3.7,25.4,1.0,2.6,1
2000/08/05 08:55:00,34.2610,139.1790,11,3.8,29.9,0.9,2.6,1
2000/08/05 07:06:00,41.7730,142.8760,38,3.9,1.3,0.1,0.3,2
2000/08/05 02:49:00,34.2410,139.2640,11,4.1,33.5,1.1,2.7,1
2000/08/05 01:37:00,34.2480,139.2550,9,3.6,26.4,0.6,2.2,1
2000/08/04 16:18:00,34.2430,139.2340,12,4.5,92.6,3.8,3.6,3
2000/08/04 13:45:00,34.2250,139.2140,4,3.9,21.6,0.9,2.3,1
2000/08/04 07:35:00,34.2360,139.2590,13,4.7,30.6,1.0,2.5,1
2000/08/04 05:47:00,34.2350,139.2370,16,4.2,32.1,1.1,2.7,2
2000/08/04 05:28:00,34.2400,139.2170,12,3.7,27.8,0.7,2.4,1
2000/08/04 04:55:00,34.2300,139.2570,14,3.5,21.4,0.6,2.1,1
2000/08/04 04:23:00,34.2560,139.1540,9,4.5,64.2,3.6,3.4,2
2000/08/04 03:54:00,34.2410,139.2500,12,4.0,40.6,1.1,2.7,1
2000/08/04 03:21:00,34.3350,139.2120,6,3.6,35.7,0.9,2.7,1
2000/08/04 02:19:00,34.2410,139.2240,11,4.1,23.6,0.8,2.4,1
2000/08/04 01:47:00,34.2450,139.2320,11,4.1,47.3,1.6,3.0,1
2000/08/04 00:48:00,34.2430,139.2390,13,4.1,29.9,1.1,2.5,1
2000/08/04 00:42:00,34.2360,139.2220,11,4.5,37.4,0.9,2.7,3
2000/08/04 00:13:00,34.2260,139.2190,15,3.4,99.5,1.1,2.3,1
2000/08/04 00:09:00,34.2430,139.2250,14,3.8,23.7,0.5,2.2,1
2000/08/03 23:57:00,34.2360,139.2270,14,4.0,31.6,0.8,2.6,1
2000/08/03 23:26:00,34.2360,139.2290,13,4.5,36.7,1.6,3.0,5
2000/08/03 23:23:00,34.2310,139.2450,12,3.9,24.6,0.6,2.2,1
2000/08/03 22:18:00,34.2460,139.2350,12,6.2,129.1,8.5,4.3,10
2000/08/03 22:01:00,34.2200,139.2290,15,3.3,13.2,0.2,1.3,1
2000/08/03 21:54:00,34.2330,139.2300,13,4.0,16.3,0.6,2.3,1
2000/08/03 21:42:00,34.1230,139.3300,12,4.0,12.7,0.3,1.6,1
2000/08/03 21:39:00,34.2210,139.2140,15,3.7,17.0,0.6,2.1,1
2000/08/03 21:22:00,34.1030,139.3300,20,4.7,25.3,1.3,2.7,5
2000/08/03 21:13:00,34.2330,139.2590,10,5.3,93.5,5.3,3.7,7
2000/08/03 21:06:00,34.2460,139.2440,11,4.1,26.4,0.7,2.4,1
2000/08/03 20:46:00,34.2450,139.2470,10,4.2,27.7,1.2,2.7,1
2000/08/03 20:39:00,34.2200,139.2450,14,4.0,35.0,4.2,2.8,1
2000/08/03 20:32:00,34.2460,139.2350,12,3.9,24.0,0.9,2.5,1
2000/08/03 20:27:00,34.1830,139.3170,15,4.9,35.4,2.4,3.2,5
2000/08/03 20:16:00,34.2210,139.2570,11,4.0,21.1,0.7,2.3,1
2000/08/03 20:03:00,34.2950,139.2220,3,3.7,19.0,0.5,2.0,1
2000/08/03 19:58:00,34.2310,139.2390,14,3.8,14.6,0.8,2.2,1
2000/08/03 19:47:00,34.2210,139.2490,12,3.9,30.3,0.7,2.2,1
2000/08/03 19:31:00,34.2060,139.2370,15,4.0,19.4,0.6,2.1,1
2000/08/03 19:11:00,34.2250,139.2520,13,4.3,3.9,0.1,0.4,1
2000/08/03 19:07:00,34.2110,139.2590,14,4.1,10.6,0.6,1.9,1
2000/08/03 18:59:00,34.1510,139.2970,16,4.2,11.7,0.8,2.1,1
2000/08/03 18:47:00,34.2250,139.2550,12,3.9,19.3,0.8,2.2,1
2000/08/03 18:04:00,34.2030,139.2640,13,4.7,8.3,0.3,1.6,4
2000/08/03 17:48:00,34.2100,139.2590,14,3.8,13.0,0.6,2.0,1
2000/08/03 17:33:00,34.2110,139.2300,12,4.5,3.4,0.1,0.3,1
2000/08/03 17:24:00,34.2100,139.2550,15,4.8,7.5,0.3,1.6,4
2000/08/03 17:00:00,34.2230,139.2540,13,4.5,5.3,0.2,1.4,2
2000/08/03 16:53:00,34.2100,139.2770,15,4.2,44.4,2.7,3.3,2
2000/08/03 16:48:00,34.2110,139.2600,14,4.0,19.0,0.8,2.4,1
2000/08/03 16:08:00,34.4600,139.2270,10,3.8,25.4,0.5,2.1,5
2000/08/03 14:30:00,31.1190,131.4410,36,5.1,29.4,2.2,3.2,43
2000/08/03 08:29:00,34.2550,139.2820,12,3.7,28.5,0.8,2.3,1
2000/08/03 06:42:00,34.2210,139.2790,16,5.1,86.4,7.1,4.0,14
2000/08/03 06:28:00,34.2200,139.2900,13,4.1,37.7,1.9,3.1,1
2000/08/03 06:14:00,34.2160,139.2820,15,4.5,30.8,2.1,3.0,1
2000/08/02 20:08:00,31.1110,131.4600,35,4.3,6.3,0.4,1.7,15
2000/08/02 19:44:00,34.1730,139.3290,17,4.7,32.9,2.4,3.1,5
2000/08/02 19:23:00,34.1760,139.3120,16,5.0,44.9,2.6,3.2,5
2000/08/02 07:40:00,34.5200,139.2140,9,3.6,12.6,0.5,1.8,2
2000/08/02 06:18:00,34.5150,139.2340,10,4.1,36.8,1.0,2.6,4
2000/08/02 01:26:00,34.1750,139.3100,15,4.1,15.3,0.5,2.0,1
2000/07/31 23:52:00,34.4080,139.1940,9,3.2,26.5,0.8,2.2,1
2000/07/31 10:22:00,34.1830,139.2900,16,3.9,16.0,0.4,1.5,7
2000/07/31 08:53:00,34.2800,139.1340,8,4.3,16.4,1.1,2.5,1
2000/07/30 22:16:00,34.1660,139.3490,16,4.7,28.5,1.6,3.0,7
2000/07/30 21:49:00,34.0080,139.3900,18,5.7,97.2,4.9,3.7,23
2000/07/30 21:25:00,33.9650,139.3970,18,6.4,209.9,26.8,4.9,162
2000/07/30 17:36:00,34.2060,139.2570,13,4.3,32.1,1.3,2.7,8
2000/07/30 14:41:00,35.7100,140.6440,51,3.5,6.1,0.2,1.2,5
2000/07/30 11:56:00,34.2030,139.2970,10,3.2,78.9,1.9,3.0,1
2000/07/30 09:18:00,34.0130,139.3770,14,5.8,152.8,13.3,4.3,29
2000/07/30 07:06:00,34.4010,139.2140,8,3.8,29.2,0.7,2.4,3
2000/07/30 01:22:00,39.6260,142.1230,53,4.3,88.2,1.4,2.7,38
2000/07/30 00:16:00,34.1910,139.2540,12,4.7,43.1,1.7,2.9,9
2000/07/29 21:32:00,34.1950,139.2670,13,4.4,19.9,0.7,2.2,8
2000/07/29 16:07:00,34.1980,139.2800,14,3.8,11.8,0.3,1.6,1
2000/07/29 07:34:00,34.1780,139.3020,14,3.5,13.5,0.3,1.6,1
2000/07/29 07:18:00,34.1650,139.3120,14,4.5,38.4,1.9,3.1,10
2000/07/29 06:16:00,34.1780,139.2750,14,4.0,17.2,0.8,2.3,7
2000/07/29 03:41:00,34.1860,139.3220,15,4.3,18.0,0.9,2.4,1
2000/07/29 01:48:00,34.1700,139.3140,15,4.2,16.6,0.8,2.4,7
2000/07/28 22:32:00,34.1500,139.3020,15,4.8,50.4,2.9,3.4,12
2000/07/28 22:06:00,34.1650,139.0500,15,4.7,30.2,2.3,3.0,11
2000/07/28 20:24:00,34.4980,139.2590,7,3.2,16.2,0.5,2.1,1
2000/07/28 13:53:00,34.2050,139.2500,11,3.9,12.0,0.5,1.9,4
2000/07/28 13:39:00,34.2110,139.2070,15,4.6,47.7,2.1,3.1,9
2000/07/28 09:56:00,34.3030,139.2840,11,3.4,17.7,0.5,2.1,7
2000/07/27 15:12:00,34.4660,139.1490,11,4.0,29.8,1.3,2.6,5
2000/07/27 15:07:00,34.4530,139.1690,8,4.4,61.2,3.6,3.5,12
2000/07/27 11:12:00,34.1660,139.3170,14,5.3,73.5,5.2,3.5,8
2000/07/27 10:59:00,34.3060,139.2790,10,3.5,32.6,1.1,2.6,1
2000/07/27 10:49:00,34.1930,139.2890,12,5.6,195.6,21.7,5.0,21
2000/07/26 19:09:00,34.2130,139.2240,9,4.6,55.8,2.6,3.3,4
2000/07/26 16:24:00,33.6680,133.4600,11,4.1,40.9,1.1,2.6,48
2000/07/26 05:18:00,34.1460,139.3690,16,3.9,14.8,0.7,1.9,1
2000/07/26 04:18:00,34.1280,139.3670,16,4.2,36.2,1.3,2.5,1
2000/07/26 04:15:00,34.1430,139.3670,17,4.2,31.2,0.9,2.4,3
2000/07/26 03:57:00,34.1310,139.3500,18,3.6,24.8,1.2,2.2,5
2000/07/26 03:48:00,34.1030,139.3970,10,4.2,32.2,1.7,2.5,1
2000/07/26 03:36:00,34.1180,139.3500,18,5.0,72.1,5.8,3.5,14
2000/07/26 00:16:00,34.2650,139.2390,11,3.5,25.8,0.7,2.3,1
2000/07/25 20:18:00,34.1330,139.3550,18,4.4,20.6,1.1,2.3,2
2000/07/25 17:10:00,34.1660,139.3520,16,4.6,29.6,1.9,3.1,2
2000/07/25 16:12:00,34.1600,139.3400,17,4.8,36.6,1.7,3.0,6
2000/07/25 12:26:00,34.1510,139.3390,20,3.9,11.5,0.5,1.6,1
2000/07/25 02:50:00,34.3780,139.2040,5,3.6,142.2,5.0,3.5,1
2000/07/24 23:24:00,34.3810,139.2050,3,2.9,88.2,2.0,2.8,1
2000/07/24 23:22:00,34.3810,139.2090,3,3.3,70.1,2.1,2.9,1
2000/07/24 22:34:00,34.4030,139.2020,3,3.0,29.4,0.5,2.1,1
2000/07/24 18:10:00,34.1230,139.2790,16,4.2,27.6,1.6,2.9,2
2000/07/24 18:04:00,34.1200,139.3040,17,5.1,17.3,1.1,2.6,4
2000/07/24 17:44:00,34.3700,139.1970,6,4.7,247.4,13.9,4.5,11
2000/07/24 15:28:00,34.2110,139.2550,9,3.8,23.8,1.1,2.5,1
2000/07/24 09:39:00,34.1410,139.3100,18,4.3,17.3,0.6,2.1,1
2000/07/24 09:12:00,34.2010,135.1440,10,3.2,70.5,2.4,3.3,4
2000/07/24 08:06:00,34.1560,139.2940,19,4.1,21.8,1.2,2.7,1
2000/07/24 07:22:00,34.1380,139.2890,18,4.3,24.9,1.0,2.5,3
2000/07/24 07:07:00,34.2150,139.1450,10,3.5,10.2,0.4,1.9,1
2000/07/24 06:52:00,34.2010,139.2370,9,5.5,106.7,6.2,4.1,20
2000/07/24 06:36:00,34.1730,139.2750,14,4.6,33.9,2.1,2.9,2
2000/07/24 06:26:00,34.1410,139.3170,19,5.3,52.6,4.2,3.3,11
2000/07/24 06:19:00,34.1900,139.2840,15,4.1,14.8,0.8,2.4,1
2000/07/24 06:12:00,34.1750,139.3270,15,4.3,19.7,0.6,2.1,1
2000/07/24 05:53:00,34.1660,139.3120,16,4.2,16.9,0.8,2.2,2
2000/07/24 05:34:00,34.1760,139.3120,15,3.9,16.0,0.6,2.2,1
2000/07/24 05:27:00,34.2000,139.2900,14,4.2,13.3,0.8,2.2,1
2000/07/24 05:22:00,34.2630,139.2620,13,3.7,27.1,1.0,2.4,1
2000/07/24 05:07:00,34.1780,139.3190,15,4.4,28.1,1.1,2.8,3
2000/07/24 04:13:00,34.1750,139.3040,17,4.2,14.4,0.6,1.9,2
2000/07/24 04:11:00,34.1780,139.2870,13,4.4,26.2,0.9,2.5,1
2000/07/24 04:04:00,34.1610,139.2670,16,4.4,26.0,1.0,2.7,4
2000/07/24 04:00:00,34.1910,139.2740,15,4.7,52.3,4.1,3.4,5
2000/07/24 03:01:00,34.1960,139.2920,13,4.0,18.4,0.8,2.3,1
2000/07/24 02:13:00,34.1550,139.2890,15,5.0,37.1,1.9,3.0,6
2000/07/24 01:35:00,34.2330,139.2470,15,3.8,19.8,0.8,2.4,1
2000/07/23 17:15:00,34.2250,139.2820,15,3.9,16.3,0.5,1.9,1
2000/07/23 12:58:00,34.1900,139.3140,13,4.6,13.5,0.6,1.9,2
2000/07/23 12:15:00,34.2700,139.2590,8,5.2,115.2,4.9,4.0,7
2000/07/23 12:02:00,34.2600,139.2500,9,4.2,39.1,1.0,2.5,1
2000/07/23 11:46:00,34.3750,139.2300,2,3.1,222.7,3.8,3.3,1
2000/07/23 11:34:00,34.3750,139.2200,10,3.2,198.3,2.4,3.4,1
2000/07/23 11:10:00,34.1580,139.2370,18,4.4,30.2,1.1,2.6,1
2000/07/23 10:33:00,34.2610,139.2720,8,3.9,47.8,1.2,2.5,1
2000/07/23 06:57:00,34.3650,139.2120,17,3.5,57.7,1.2,2.7,1
2000/07/23 03:10:00,32.7200,130.7730,11,3.4,24.1,0.4,2.0,12
2000/07/23 01:46:00,33.8860,134.3340,10,4.0,311.7,7.4,3.5,21
2000/07/23 00:24:00,34.2060,139.2440,15,4.4,27.5,1.0,2.4,1
2000/07/22 20:27:00,34.4550,139.1740,5,4.1,66.7,1.8,3.2,5
2000/07/22 03:58:00,34.2410,139.2500,13,3.4,11.8,0.2,1.5,1
2000/07/22 03:44:00,34.2310,139.2620,12,4.1,39.4,1.0,2.7,1
2000/07/22 01:49:00,34.2530,139.2670,10,3.7,23.7,0.6,2.3,1
2000/07/21 20:51:00,43.2580,145.6640,90,4.4,48.2,1.1,2.5,35
2000/07/21 20:35:00,34.2400,139.2440,16,3.9,21.5,0.5,2.1,1
2000/07/21 20:06:00,34.2400,139.2490,14,4.0,16.8,0.4,1.8,1
2000/07/21 19:36:00,34.2380,139.2520,15,4.3,40.8,1.4,2.8,3
2000/07/21 18:13:00,34.2360,139.2500,15,4.0,25.2,0.6,2.3,1
2000/07/21 16:56:00,34.2350,139.2150,14,4.5,43.4,1.7,2.9,3
2000/07/21 14:16:00,35.2260,141.3070,46,5.6,12.7,1.1,2.6,33
2000/07/21 11:36:00,34.2310,139.2600,13,4.0,31.2,0.8,2.4,1
2000/07/21 07:29:00,36.5060,141.1120,48,4.2,35.7,1.0,2.5,34
2000/07/21 06:05:00,34.2230,139.2420,16,4.0,19.7,0.5,2.0,1
2000/07/21 03:39:00,36.5250,141.0940,49,6.0,322.4,17.0,4.9,356
2000/07/21 03:05:00,34.2300,139.2590,13,3.9,24.0,1.1,2.4,1
2000/07/20 23:23:00,34.2300,139.2750,12,4.3,25.8,1.7,2.7,1
2000/07/20 19:16:00,34.2360,139.2640,11,3.7,17.7,0.4,1.9,1
2000/07/20 15:18:00,34.1750,139.2750,6,4.4,13.4,0.8,2.2,1
2000/07/20 14:55:00,42.5630,144.3360,56,4.1,13.2,0.5,1.8,29
2000/07/20 13:03:00,34.2280,139.2570,14,3.8,27.1,0.7,2.3,1
2000/07/20 12:53:00,34.2330,139.2550,12,4.2,20.9,1.0,2.5,1
2000/07/20 12:45:00,34.1800,139.3270,18,4.2,12.7,0.4,2.0,1
2000/07/20 12:38:00,34.2300,139.2640,13,3.8,21.2,0.5,2.1,1
2000/07/20 12:29:00,34.2330,139.2570,12,4.2,32.9,1.4,2.9,1
2000/07/20 12:19:00,34.2250,139.2400,13,4.0,23.2,1.0,2.5,1
2000/07/20 12:10:00,34.2110,139.2620,14,5.1,60.5,2.7,3.3,4
2000/07/20 12:01:00,34.2200,139.2590,11,3.9,24.8,0.7,2.3,1
2000/07/20 11:39:00,34.1960,139.2640,8,4.2,20.6,1.1,2.5,1
2000/07/20 11:31:00,34.2030,139.2570,13,3.8,14.7,0.9,2.4,1
2000/07/20 11:19:00,34.2230,139.2490,5,4.9,11.1,0.4,1.8,2
2000/07/20 10:48:00,34.2130,139.2770,13,4.2,22.7,0.8,2.5,1
2000/07/20 09:34:00,34.2010,139.2590,15,4.0,27.9,0.9,2.3,1
2000/07/20 09:23:00,34.1980,139.2750,15,4.5,18.6,0.8,2.3,1
2000/07/20 06:56:00,35.1950,137.2490,42,4.0,42.4,1.0,2.8,44
2000/07/20 06:18:00,34.1630,139.3050,14,5.2,48.6,4.3,3.2,10
2000/07/20 02:48:00,34.2730,139.1690,8,3.0,24.0,0.5,2.1,1
2000/07/20 02:39:00,34.2850,139.1950,7,3.2,17.5,0.4,1.8,1
2000/07/20 02:32:00,34.3000,139.1920,5,4.9,83.1,5.2,3.9,1
2000/07/20 00:02:00,34.2900,139.1900,9,3.5,14.4,0.5,1.9,1
2000/07/19 21:25:00,42.7830,144.7430,53,3.9,13.0,0.2,1.5,21
2000/07/19 21:20:00,34.1600,139.3320,18,4.0,18.9,0.8,2.4,1
2000/07/19 21:10:00,34.3050,139.2090,4,3.2,17.0,0.4,1.9,1
2000/07/19 21:01:00,34.2330,139.1970,6,4.5,14.0,0.6,2.2,1
2000/07/19 20:48:00,34.2330,139.2500,12,4.5,47.8,1.0,2.8,6
2000/07/19 20:46:00,34.2410,139.2590,13,3.9,32.5,1.2,2.8,1
2000/07/19 20:40:00,34.2410,139.2500,10,2.9,12.4,0.3,1.7,2
2000/07/19 20:06:00,34.2730,139.2120,7,4.2,54.0,2.0,3.1,1
2000/07/19 20:00:00,34.2450,139.1890,8,4.4,57.0,2.4,3.2,1
2000/07/19 17:16:00,34.1450,139.3490,17,3.9,17.7,0.4,1.9,1
2000/07/19 11:34:00,34.1300,139.3890,19,4.0,42.8,1.2,2.6,1
2000/07/19 08:01:00,34.2700,135.4450,8,2.7,2.3,0.1,0.0,1
2000/07/19 05:01:00,35.6850,140.7300,50,4.2,15.9,0.5,1.8,7
2000/07/19 02:51:00,34.2210,139.2570,10,3.9,24.0,0.7,2.3,1
2000/07/18 21:22:00,34.1580,139.3290,16,4.7,29.7,1.0,2.7,7
2000/07/18 20:59:00,34.1530,139.3200,19,3.7,15.2,0.4,1.7,1
2000/07/18 20:52:00,34.2680,135.4450,9,2.7,2.0,0.1,0.0,1
2000/07/18 14:44:00,34.1860,139.2590,11,4.2,18.0,0.9,2.4,2
2000/07/17 21:44:00,34.2430,139.2550,13,3.9,27.6,1.0,2.4,1
2000/07/17 08:00:00,35.3750,133.4190,17,4.3,137.5,3.0,3.6,96
2000/07/16 09:14:00,24.8620,125.3780,50,4.1,22.7,0.6,2.0,2
2000/07/16 01:32:00,35.4710,139.4540,105,3.8,8.6,0.3,1.7,34
2000/07/15 15:49:00,34.2230,139.2090,7,4.3,35.1,1.5,2.7,1
2000/07/15 15:04:00,34.4450,139.1940,10,4.0,68.3,1.6,3.1,6
2000/07/15 14:48:00,34.1710,139.3020,17,4.4,25.6,1.3,2.9,3
2000/07/15 13:11:00,34.1700,139.3190,16,3.7,18.2,0.4,1.9,1
2000/07/15 11:16:00,34.1530,139.3140,18,4.3,5.0,0.2,1.2,1
2000/07/15 10:30:00,34.4260,139.2500,5,6.3,125.2,5.2,4.1,128
2000/07/15 10:11:00,34.4150,139.2520,5,4.4,275.3,13.2,4.6,9
2000/07/15 10:05:00,34.1360,139.2990,19,4.1,53.5,0.7,2.3,1
2000/07/15 08:03:00,34.1550,139.2900,16,4.3,13.2,0.7,2.0,1
2000/07/15 07:17:00,34.4030,139.2300,4,3.0,54.8,1.2,2.8,1
2000/07/15 06:27:00,34.1500,139.2850,16,4.3,30.9,1.3,2.8,2
2000/07/15 06:11:00,34.1930,139.2790,17,4.1,2.0,0.1,0.7,1
2000/07/15 06:05:00,34.1800,139.2440,15,3.6,12.1,0.4,1.6,1
2000/07/15 05:50:00,34.1810,139.2700,16,3.8,11.2,0.5,1.9,1
2000/07/15 05:28:00,34.1800,139.2790,16,4.1,19.6,0.7,2.2,1
2000/07/15 05:18:00,34.4080,139.2270,6,3.9,558.6,12.3,4.6,1
2000/07/15 05:07:00,34.1750,139.2970,115,3.8,17.5,0.5,2.1,1
2000/07/15 04:50:00,34.1800,139.2820,15,4.3,29.7,1.3,2.8,2
2000/07/15 04:23:00,34.1880,139.3020,15,4.3,19.6,0.7,2.3,2
2000/07/15 03:38:00,34.1500,139.3200,18,4.1,22.3,0.4,1.8,1
2000/07/15 03:28:00,34.1460,139.3150,18,3.3,97.6,7.5,4.1,19
2000/07/15 03:06:00,34.3950,139.2670,8,3.3,74.1,2.6,3.3,1
2000/07/14 20:32:00,34.2100,139.2590,13,3.7,11.4,0.4,1.8,1
2000/07/14 19:19:00,34.1960,139.2640,10,5.3,99.8,4.7,3.8,11
2000/07/14 15:19:00,34.1910,139.2470,13,3.7,11.8,0.3,1.6,1
2000/07/14 15:03:00,34.4180,139.1950,7,3.9,50.0,2.0,3.0,1
2000/07/14 12:22:00,34.3750,139.1970,5,3.7,90.2,2.1,3.0,1
2000/07/14 07:27:00,34.4300,139.2140,8,4.2,58.9,1.3,2.9,5
2000/07/14 03:55:00,34.1910,139.2820,12,4.6,38.3,1.8,3.0,5
2000/07/14 00:01:00,34.3260,139.2490,11,3.7,82.8,2.1,3.3,1
2000/07/13 20:03:00,34.1730,139.2800,17,3.9,20.4,0.9,2.6,1
2000/07/13 18:00:00,34.2150,139.2150,11,3.6,15.3,0.8,2.2,1
2000/07/13 16:24:00,34.3380,139.2370,6,3.7,71.4,1.9,3.2,1
2000/07/13 16:17:00,34.2030,139.1970,10,4.1,17.4,0.5,2.0,1
2000/07/13 13:46:00,34.1980,139.2920,15,4.2,17.5,0.6,2.1,1
2000/07/13 08:52:00,34.1800,139.2670,17,4.0,12.1,0.5,2.0,1
2000/07/13 06:20:00,34.1410,139.3040,20,4.3,25.6,1.1,2.8,2
2000/07/13 04:25:00,34.1800,139.2550,7,5.3,110.8,8.2,4.2,8
2000/07/13 04:19:00,34.1880,139.3020,15,4.2,7.1,0.2,1.4,1
2000/07/13 01:55:00,34.2030,139.2390,15,3.9,16.0,0.6,2.1,1
2000/07/13 01:48:00,34.1730,139.3070,17,4.0,10.7,0.5,2.0,2
2000/07/12 23:07:00,34.1360,139.2840,15,4.6,55.1,2.2,3.2,6
2000/07/12 21:34:00,34.1610,139.2950,18,4.2,26.7,0.9,2.6,1
2000/07/12 21:02:00,35.8560,137.5750,11,2.9,1.2,0.0,-1.0,1
2000/07/12 20:43:00,34.4080,139.2400,8,3.8,56.1,1.8,3.2,3
2000/07/12 19:24:00,34.1910,139.2850,15,4.0,4.9,0.1,0.7,1
2000/07/12 17:43:00,34.1950,139.2970,15,4.1,9.5,0.3,1.6,2
2000/07/12 16:49:00,34.3750,139.1940,6,3.9,136.0,7.1,4.0,2
2000/07/12 16:11:00,34.1850,139.3140,17,4.0,17.6,0.7,2.2,1
2000/07/12 16:03:00,34.1750,139.3370,15,4.3,21.2,0.9,2.4,1
2000/07/12 15:37:00,34.1630,139.2240,13,3.9,45.3,2.5,3.2,4
2000/07/12 15:27:00,34.1950,139.2590,12,4.4,29.1,1.5,2.7,1
2000/07/12 15:10:00,34.2010,139.3090,10,4.3,23.6,1.2,2.2,2
2000/07/12 14:49:00,34.1900,139.2690,15,4.3,44.3,2.0,3.1,2
2000/07/12 14:43:00,34.1750,139.3140,16,4.1,18.7,0.5,2.1,3
2000/07/12 14:31:00,34.1900,139.2600,16,4.1,17.0,0.6,2.1,1
2000/07/12 14:16:00,34.2010,139.2590,15,4.0,20.5,0.7,2.0,1
2000/07/12 14:08:00,34.1760,139.3340,16,4.3,22.2,0.9,2.4,2
2000/07/12 13:35:00,34.1910,139.2600,15,3.8,33.1,1.0,2.5,1
2000/07/12 12:49:00,34.2050,139.3220,17,4.4,13.5,0.7,1.9,1
2000/07/12 12:36:00,34.2330,139.2600,13,4.2,43.7,1.3,2.7,3
2000/07/12 12:19:00,34.1980,139.2890,17,5.1,52.4,3.6,3.4,14
2000/07/12 12:12:00,34.1860,139.3140,17,4.1,13.9,0.5,2.0,1
2000/07/12 04:25:00,34.2000,139.2790,15,5.0,6.7,0.3,1.7,5
2000/07/12 03:23:00,34.2350,139.2300,14,4.9,5.7,0.3,1.3,4
2000/07/12 01:29:00,36.2130,140.9640,44,4.7,58.3,1.6,2.6,52
2000/07/11 23:42:00,34.1850,139.2290,14,4.2,13.4,0.7,2.1,1
2000/07/11 23:24:00,34.2000,139.2440,8,4.2,34.6,0.8,2.4,1
2000/07/11 22:44:00,34.2260,139.2590,14,3.9,22.8,0.8,2.3,1
2000/07/11 22:10:00,34.2030,139.2670,13,4.7,37.5,2.4,3.0,7
2000/07/11 22:04:00,34.3600,139.2450,5,3.6,86.4,2.9,3.5,1
2000/07/11 21:21:00,34.2250,139.2550,13,4.2,34.4,1.2,2.6,1
2000/07/11 20:43:00,34.1960,139.2340,16,4.8,43.1,1.9,3.0,6
2000/07/11 20:27:00,34.2330,139.2270,14,4.1,26.7,1.1,2.6,1
2000/07/11 20:20:00,34.2310,139.2400,16,4.5,29.9,1.1,2.7,3
2000/07/11 20:08:00,34.2280,139.2490,14,3.9,25.8,0.6,2.3,1
2000/07/11 19:24:00,34.2210,139.2550,14,4.5,48.8,1.4,2.9,4
2000/07/11 19:19:00,34.2300,139.2320,14,3.9,21.2,0.5,2.1,1
2000/07/11 19:06:00,34.3110,139.2440,7,4.0,50.6,2.0,3.1,1
2000/07/11 19:00:00,34.2060,139.2040,9,4.2,23.8,0.6,2.1,1
2000/07/11 18:57:00,34.2160,139.2270,16,4.2,3.1,0.2,1.0,2
2000/07/11 18:44:00,34.2260,139.2540,13,4.6,48.9,3.1,3.4,5
2000/07/11 17:55:00,34.2230,139.2600,17,4.1,28.6,0.7,2.3,1
2000/07/11 17:43:00,34.2060,139.2420,16,4.3,42.6,1.6,2.9,1
2000/07/11 14:11:00,34.1950,139.2750,13,4.4,31.5,1.2,2.8,4
2000/07/11 13:57:00,34.2110,139.3340,15,4.8,39.9,1.6,2.9,8
2000/07/11 05:43:00,33.6850,135.5390,28,3.6,21.7,0.4,1.6,15
2000/07/11 02:01:00,36.2230,140.9390,40,4.4,75.1,1.6,3.0,58
2000/07/11 01:49:00,34.1600,139.3070,15,4.2,19.7,0.8,2.3,2
2000/07/11 01:38:00,34.1730,139.2740,18,4.5,28.6,1.4,2.8,9
2000/07/11 01:28:00,34.1430,139.2890,17,4.2,21.6,0.8,2.4,1
2000/07/10 04:15:00,34.2100,139.2970,16,4.5,42.2,3.2,3.3,6
2000/07/09 21:18:00,24.4810,123.7480,10,3.7,28.8,0.2,0.8,1
2000/07/09 18:53:00,34.2230,139.2420,15,3.8,20.6,0.6,2.3,1
2000/07/09 08:00:00,34.2280,139.1340,10,2.6,125.4,2.1,3.4,2
2000/07/09 06:31:00,34.3930,139.2590,5,3.4,94.0,1.6,3.2,1
2000/07/09 05:38:00,34.2750,139.0940,3,4.5,19.3,1.4,2.6,4
2000/07/09 05:27:00,34.2360,139.2600,15,3.8,24.3,0.6,2.1,1
2000/07/09 04:53:00,34.2300,139.2590,15,4.0,35.1,0.9,2.5,1
2000/07/09 03:57:00,34.2250,139.2500,14,6.1,141.2,10.4,4.3,46
2000/07/09 03:41:00,34.2010,139.2770,14,4.2,26.7,1.1,2.7,1
2000/07/09 03:03:00,34.1960,139.2690,15,4.1,21.4,0.8,2.4,1
2000/07/09 02:56:00,34.2030,139.2740,15,3.9,16.3,0.8,2.2,1
2000/07/09 02:34:00,34.2260,139.2550,12,3.7,16.3,0.4,1.9,1
2000/07/09 02:26:00,34.2230,139.2570,15,4.2,46.8,1.7,3.0,1
2000/07/09 02:20:00,34.2280,139.2570,15,4.4,30.7,1.2,2.6,2
2000/07/09 02:18:00,34.2110,139.2600,14,3.9,18.4,0.7,2.3,1
2000/07/09 01:52:00,34.2280,139.2600,16,4.7,31.6,1.5,2.7,6
2000/07/09 01:49:00,34.2160,139.2850,13,5.3,44.5,2.5,3.3,7
2000/07/09 01:03:00,34.2150,139.2250,15,4.1,17.0,0.4,1.9,1
2000/07/09 00:40:00,34.2200,139.2490,15,4.6,52.7,1.7,3.1,6
2000/07/08 22:34:00,34.1930,139.2900,17,4.6,55.9,2.7,3.4,8
2000/07/08 15:47:00,34.2110,139.2520,16,4.5,33.8,2.3,3.1,3
2000/07/07 21:28:00,34.1900,139.2690,14,4.1,19.8,0.6,2.1,2
2000/07/07 20:50:00,34.1950,139.2800,17,3.9,12.3,0.4,1.8,3
2000/07/07 20:34:00,34.1960,139.2870,18,4.1,24.4,0.8,2.5,2
2000/07/07 16:55:00,34.2080,139.2520,16,3.8,30.4,0.6,2.3,1
2000/07/07 11:45:00,34.2180,139.2540,15,5.1,71.7,3.2,3.5,12
2000/07/07 04:19:00,34.2010,139.2670,12,4.4,9.4,0.8,2.1,1
2000/07/07 04:15:00,34.2030,139.2800,15,4.6,14.2,0.5,2.0,5
2000/07/07 03:59:00,34.2150,139.2400,16,4.9,20.1,1.0,2.7,14
2000/07/07 03:31:00,34.2200,139.2620,15,4.9,17.2,1.1,2.4,5
2000/07/07 02:01:00,34.2030,139.3020,18,4.2,4.7,0.3,1.3,2
2000/07/07 01:53:00,34.1930,139.2600,17,4.1,14.7,0.7,2.2,1
2000/07/07 01:14:00,34.2130,139.2620,16,4.0,31.5,0.7,2.3,1
2000/07/07 00:48:00,34.2000,139.2640,16,4.5,37.8,2.3,3.0,2
2000/07/06 23:59:00,34.2050,139.2370,17,5.2,67.2,2.3,3.3,6
2000/07/06 23:52:00,34.2010,139.2820,17,4.4,40.0,1.3,2.9,6
2000/07/06 23:22:00,34.2150,139.2550,13,3.9,17.1,0.4,2.0,1
2000/07/06 23:16:00,34.2010,139.2650,14,3.7,41.8,1.9,3.0,8
2000/07/06 23:06:00,34.2100,139.2470,16,4.1,20.6,0.8,2.3,1
2000/07/06 22:54:00,34.1250,139.2700,11,4.2,19.0,0.7,2.4,2
2000/07/06 22:38:00,34.2010,139.2640,16,4.6,13.9,0.5,2.1,6
2000/07/06 22:23:00,34.1900,139.2240,13,4.3,4.8,0.2,1.1,1
2000/07/06 22:20:00,34.2160,139.2440,16,4.5,38.6,1.9,3.0,4
2000/07/06 22:13:00,34.2010,139.2720,15,4.1,19.3,0.6,2.2,1
2000/07/06 22:09:00,34.2030,139.2470,16,4.3,54.5,1.5,2.8,2
2000/07/06 22:01:00,34.2200,139.2570,15,4.0,18.7,0.6,2.1,2
2000/07/06 21:59:00,34.2000,139.2500,18,4.1,24.9,0.9,2.6,1
2000/07/06 21:27:00,34.2150,139.2540,17,3.8,26.2,0.6,2.4,2
2000/07/06 21:26:00,34.2230,139.2790,16,3.8,24.8,0.9,2.4,2
2000/07/06 19:48:00,34.2050,139.2770,18,4.3,22.9,1.2,2.7,4
2000/07/06 19:13:00,34.2130,139.2670,18,4.4,36.5,1.4,2.9,5
2000/07/06 16:44:00,34.1460,139.3270,18,4.1,9.9,0.4,1.6,1
2000/07/06 15:27:00,34.1760,139.3100,15,4.5,33.8,2.2,3.0,3
2000/07/06 13:09:00,36.4350,142.3990,72,5.0,35.1,0.9,2.7,58
2000/07/06 13:07:00,34.2060,139.2850,18,4.7,51.6,2.2,3.2,11
2000/07/06 05:10:00,34.1410,139.3490,17,4.3,16.8,1.1,2.3,2
2000/07/06 04:46:00,34.2080,139.2820,13,4.1,32.8,1.2,2.8,1
2000/07/05 15:26:00,34.2200,139.2270,13,3.5,20.5,0.5,2.1,1
2000/07/05 12:56:00,34.1500,139.3240,19,4.3,17.7,0.9,2.3,2
2000/07/05 12:42:00,34.1650,139.3190,17,4.7,26.4,1.8,3.0,8
2000/07/05 11:21:00,34.1410,139.2990,19,5.1,60.4,4.1,3.7,15
2000/07/05 10:48:00,34.1650,139.3220,17,4.0,15.6,0.6,2.1,1
2000/07/05 10:16:00,34.1880,139.2950,15,4.1,20.9,0.8,2.5,1
2000/07/05 09:42:00,34.1550,139.2850,14,3.9,17.9,0.4,1.8,1
2000/07/05 08:16:00,41.2460,141.4980,85,4.1,29.8,1.3,2.7,20
2000/07/05 06:51:00,34.1610,139.3320,17,4.7,25.7,1.3,2.5,7
2000/07/05 04:49:00,34.1310,139.3550,19,4.0,12.8,0.7,1.8,1
2000/07/04 16:10:00,34.1930,139.3100,16,4.3,17.4,0.7,2.2,1
2000/07/04 15:53:00,34.1130,139.3250,17,5.2,49.2,3.6,3.5,12
2000/07/04 15:35:00,34.1200,139.3520,21,4.4,14.3,0.6,1.9,2
2000/07/04 14:22:00,34.1300,139.3540,18,4.1,18.3,0.5,2.0,1
2000/07/04 13:43:00,34.1330,139.3440,19,4.1,13.4,0.5,1.9,1
2000/07/04 12:24:00,34.1280,139.3540,20,4.1,23.4,1.4,2.3,1
2000/07/04 11:37:00,34.1160,139.3470,21,4.0,20.9,0.6,2.1,1
2000/07/04 03:18:00,34.1480,139.2500,15,3.8,13.1,0.4,1.7,1
2000/07/04 02:34:00,34.1610,139.3440,17,3.9,13.1,0.4,1.9,1
2000/07/04 00:26:00,34.1380,139.3540,16,3.9,14.6,0.6,2.0,1
2000/07/03 23:48:00,34.1510,139.2990,18,4.1,10.2,0.6,1.7,1
2000/07/03 23:36:00,34.1480,139.3100,19,4.0,10.9,0.4,1.8,1
2000/07/03 23:28:00,34.1510,139.3190,16,4.4,22.8,0.9,2.4,4
2000/07/03 22:24:00,31.1060,131.5880,36,4.9,21.9,1.3,2.8,45
2000/07/03 21:42:00,34.1510,139.3400,19,4.0,11.6,0.3,1.7,2
2000/07/03 14:37:00,33.1450,133.8990,39,4.2,23.9,0.9,2.5,18
2000/07/03 14:17:00,34.1530,139.3150,17,4.0,11.9,0.4,1.5,1
2000/07/03 14:09:00,34.1330,139.3450,17,4.1,19.0,1.1,2.2,1
2000/07/03 13:36:00,34.1250,139.3520,21,4.3,33.2,1.1,2.6,4
2000/07/03 12:36:00,34.1250,139.3400,18,4.8,50.9,3.7,3.2,12
2000/07/03 12:15:00,34.1450,139.3100,18,4.7,25.2,1.1,2.6,4
2000/07/03 11:40:00,34.1700,139.3040,16,4.0,22.7,0.7,2.2,1
2000/07/03 11:23:00,34.1480,139.3290,18,4.3,13.1,0.7,2.0,2
2000/07/03 11:14:00,34.1330,139.3170,14,3.9,18.1,0.7,1.9,1
2000/07/03 11:02:00,34.1350,139.3270,19,4.6,52.4,3.5,3.2,3
2000/07/03 09:53:00,34.1410,139.3320,19,4.6,21.5,1.1,2.5,4
2000/07/03 09:50:00,34.1350,139.2970,18,4.3,15.1,0.6,2.0,2
2000/07/03 09:45:00,34.1480,139.3470,18,4.1,15.3,0.6,1.8,1
2000/07/03 06:59:00,34.1960,139.2520,15,4.1,16.1,0.8,2.3,2
2000/07/03 05:27:00,34.1400,139.3270,19,4.0,26.5,1.1,2.3,1
2000/07/03 05:09:00,34.1210,139.3420,20,4.5,5.8,0.4,1.7,3
2000/07/03 05:03:00,34.1560,139.3240,18,5.5,112.7,6.9,4.3,46
2000/07/03 04:42:00,34.1830,139.2420,20,4.9,17.3,0.8,2.2,14
2000/07/03 02:18:00,34.2030,139.2970,10,4.4,35.6,1.1,2.5,1
2000/07/02 18:33:00,34.1260,139.3250,20,4.1,13.2,0.4,1.4,2
2000/07/02 17:57:00,34.1400,139.3240,19,4.2,23.9,1.1,2.4,2
2000/07/02 08:28:00,34.1610,139.3440,18,4.8,28.8,1.6,2.8,6
2000/07/02 02:48:00,34.1650,139.3600,18,4.1,20.7,0.6,2.1,2
2000/07/02 02:30:00,34.2080,139.3470,18,4.2,16.6,1.0,2.5,1
2000/07/02 00:00:00,34.1730,139.3220,20,4.5,15.6,0.8,2.5,4
2000/07/01 23:22:00,34.1480,139.3400,19,4.1,15.2,0.4,1.8,2
2000/07/01 22:39:00,34.2050,139.2840,15,3.8,11.5,0.4,1.9,1
2000/07/01 18:39:00,34.1930,139.2540,15,4.4,31.7,2.3,3.1,1
2000/07/01 18:06:00,34.2110,139.2520,12,3.5,11.9,0.3,1.8,1
2000/07/01 16:53:00,34.1910,139.2570,13,4.4,32.5,1.3,2.8,1
2000/07/01 16:02:00,34.2080,139.2190,15,6.4,233.1,17.4,4.9,78
2000/07/01 14:46:00,34.2050,139.2720,18,3.9,15.6,0.5,2.0,1
2000/07/01 13:09:00,34.2030,139.2690,18,4.3,5.2,0.3,1.6,2
2000/07/01 12:49:00,34.2100,139.2800,18,4.6,9.4,0.5,1.9,3
2000/07/01 12:08:00,34.2030,139.2800,18,4.4,21.1,1.0,2.4,3
2000/07/01 09:10:00,34.1950,139.2970,19,4.2,40.2,1.3,2.8,5
2000/07/01 05:34:00,37.3030,141.6870,46,5.1,44.3,1.5,2.7,66
2000/07/01 03:57:00,34.2000,139.2700,18,4.5,33.1,1.6,2.7,5
2000/07/01 02:41:00,34.2380,139.2790,16,4.8,52.1,1.5,2.9,9
2000/06/30 20:42:00,34.1900,139.2790,19,4.5,19.8,0.9,2.6,11
2000/06/30 18:54:00,34.1250,139.2920,18,4.3,27.8,1.3,2.3,9
2000/06/30 10:52:00,34.1510,139.3190,21,4.1,17.2,0.5,1.9,6
2000/06/30 01:28:00,34.1500,139.3370,19,4.5,34.5,1.6,2.6,9
2000/06/30 01:14:00,34.1600,139.3470,18,4.1,13.8,0.5,1.9,5
2000/06/30 01:04:00,34.1550,139.3240,19,4.7,35.0,1.5,3.0,11
2000/06/30 00:52:00,34.1430,139.3390,19,4.4,23.2,1.1,2.3,11
2000/06/29 23:26:00,34.1030,139.2970,10,4.5,19.6,0.5,1.9,8
2000/06/29 23:01:00,34.1360,139.3570,19,4.1,13.8,0.5,1.8,4
2000/06/29 22:07:00,34.0950,139.3320,23,4.7,43.0,2.9,3.0,9
2000/06/29 21:51:00,34.1310,139.3500,21,4.3,16.8,0.7,2.0,5
2000/06/29 21:13:00,34.1280,139.3440,20,4.3,27.2,1.0,2.4,4
2000/06/29 19:10:00,34.1360,139.3400,20,4.0,14.4,0.3,1.6,1
2000/06/29 18:53:00,34.1360,139.3300,21,4.8,42.9,3.5,3.1,17
2000/06/29 17:59:00,34.1200,139.3500,21,4.5,39.0,1.5,2.7,7
2000/06/29 15:30:00,34.1310,139.3470,20,5.6,73.8,3.7,3.4,34
2000/06/29 14:54:00,34.1280,139.3570,20,4.7,43.3,1.6,2.7,8
2000/06/29 13:53:00,34.1280,139.3540,17,5.1,42.1,3.5,3.2,12
2000/06/29 13:48:00,34.1010,139.3500,19,4.4,29.5,1.1,2.4,7
2000/06/29 13:02:00,34.1460,139.3550,17,5.4,55.4,3.0,3.4,35
2000/06/29 12:34:00,34.2460,139.1870,11,5.0,72.1,2.9,3.5,5
2000/06/29 12:11:00,34.2500,139.1740,7,5.2,63.3,4.2,3.8,12
2000/06/29 12:00:00,34.1280,139.3690,17,3.5,17.5,0.6,2.1,5
2000/06/29 11:56:00,34.2330,139.1920,12,5.0,4.5,0.4,1.6,5
2000/06/29 10:16:00,34.1160,139.3620,17,4.6,37.2,1.8,2.8,10
2000/06/29 09:52:00,34.1400,139.3490,16,4.1,12.5,0.6,1.8,4
2000/06/29 08:50:00,34.1460,139.3650,16,4.2,16.6,0.7,2.1,5
2000/06/29 07:40:00,34.1110,139.3320,18,4.3,19.9,1.1,2.3,6
2000/06/29 07:17:00,34.0930,139.3870,16,4.1,91.0,2.1,3.2,5
2000/06/29 02:02:00,34.1230,139.3640,15,4.3,41.7,1.7,2.9,10
2000/06/29 01:31:00,34.1330,139.3620,17,4.3,21.6,1.1,2.2,6
2000/06/29 01:21:00,34.1250,139.3340,12,4.6,23.7,1.1,2.7,15
2000/06/29 01:15:00,34.1150,139.3590,16,5.1,33.1,1.4,2.8,9
2000/06/29 00:14:00,34.2150,139.3350,16,3.7,27.0,0.9,2.6,1
2000/06/28 23:20:00,34.2030,139.3270,16,4.2,20.8,0.8,2.4,6
2000/06/28 22:50:00,34.1400,139.3740,16,4.2,13.3,0.8,2.1,5
2000/06/28 21:33:00,34.0930,139.3950,17,4.3,87.4,3.6,3.2,5
2000/06/28 18:37:00,34.1310,139.3590,17,4.1,11.1,0.5,2.0,1
2000/06/28 18:25:00,34.1830,139.3590,14,5.0,74.9,3.5,3.6,11
2000/06/28 15:38:00,34.1030,139.3970,0,4.5,33.7,1.8,2.8,9
2000/06/28 15:16:00,34.0910,139.3870,17,4.0,31.4,1.6,2.6,5
2000/06/28 14:20:00,34.1060,139.3500,17,4.4,20.4,1.3,2.4,5
2000/06/28 12:40:00,34.0950,139.4000,17,4.5,88.3,4.0,3.5,8
2000/06/28 12:14:00,34.1150,139.3720,16,4.4,23.8,1.1,2.6,6
2000/06/28 12:08:00,34.0930,139.3890,17,4.1,29.9,1.6,2.4,6
2000/06/28 10:52:00,34.1030,139.3750,15,4.0,34.8,1.5,2.4,5
2000/06/28 04:26:00,34.0880,139.4440,13,3.9,32.7,1.4,2.4,2
2000/06/28 00:22:00,34.1000,139.3920,15,4.2,27.7,1.3,2.7,2
2000/06/27 22:43:00,34.0960,139.4000,18,4.0,24.6,1.5,2.5,2
2000/06/27 21:34:00,34.1030,139.4970,14,4.3,39.1,1.8,2.6,2
2000/06/27 21:11:00,34.0950,139.3820,14,4.3,23.2,1.1,2.5,2
2000/06/27 20:24:00,34.0930,139.3920,15,4.2,19.2,1.4,2.4,2
2000/06/27 19:08:00,34.0800,139.4150,17,4.0,35.4,1.2,2.3,2
2000/06/27 18:55:00,34.1100,139.4340,15,4.2,26.3,1.0,2.5,2
2000/06/27 18:21:00,34.0910,139.4200,17,4.0,31.8,0.9,2.5,2
2000/06/27 18:07:00,34.0760,139.3840,16,3.9,32.0,1.0,2.4,2
2000/06/27 17:33:00,34.0780,139.4140,13,3.9,29.7,1.6,2.3,1
2000/06/27 17:31:00,34.1730,139.4090,23,4.3,23.4,0.8,2.2,3
2000/06/27 17:09:00,34.0880,139.4040,16,4.2,47.8,1.3,2.6,2
2000/06/27 16:04:00,34.0960,139.4090,15,4.2,83.3,2.9,3.3,11
2000/06/27 15:11:00,34.0860,139.4000,14,4.6,71.1,1.7,3.1,7
2000/06/27 14:25:00,34.0850,139.4070,15,4.5,47.6,2.1,2.9,11
2000/06/27 14:05:00,34.0900,139.4100,13,4.3,40.7,1.1,2.7,5
2000/06/27 14:01:00,34.0850,139.3790,11,4.0,35.4,1.2,2.6,2
2000/06/27 12:56:00,34.1030,139.4970,0,3.5,32.6,1.0,2.1,7
2000/06/27 11:44:00,34.0850,139.4470,13,3.8,39.0,1.3,2.3,7
2000/06/27 10:02:00,34.0900,139.4520,13,3.7,16.8,0.7,1.9,7
2000/06/27 05:15:00,34.0780,139.4990,7,2.8,1.0,0.0,-0.7,6
2000/06/25 16:24:00,31.1110,131.5650,39,4.2,8.7,0.4,1.9,11
2000/06/25 15:34:00,31.0270,131.6080,48,5.9,105.4,7.3,4.3,110
2000/06/25 07:39:00,36.1630,140.1440,5,3.2,4.8,0.1,0.6,1
2000/06/25 06:11:00,41.2760,141.0630,73,3.9,19.1,0.7,2.1,13
2000/06/23 17:26:00,36.5180,140.8420,50,4.1,42.4,0.9,2.6,35
2000/06/22 20:36:00,36.8480,135.5170,13,4.6,18.2,0.4,1.8,42
2000/06/20 13:15:00,32.7000,130.7530,11,3.6,3.9,0.1,0.7,20
2000/06/18 10:03:00,32.6910,130.7480,11,3.6,37.2,0.8,2.2,36
2000/06/15 20:11:00,29.3360,132.1080,89,5.8,25.7,0.6,2.3,88
2000/06/13 15:29:00,32.7010,130.7580,8,3.6,12.4,0.3,1.7,24
2000/06/13 06:44:00,36.8160,135.5750,8,4.3,14.8,0.4,1.8,24
2000/06/13 01:54:00,42.8810,144.7160,59,4.6,67.0,4.1,3.8,39
2000/06/12 04:57:00,36.8510,135.5500,5,3.9,10.9,0.3,1.5,21
2000/06/10 08:32:00,30.4360,138.2320,528,6.5,8.5,0.5,2.0,89
2000/06/10 05:39:00,32.7160,130.7680,10,3.9,48.2,1.7,2.9,74
2000/06/09 16:54:00,41.3410,140.0410,9,3.8,49.3,1.0,2.3,7
2000/06/09 04:25:00,32.6950,130.7500,9,3.5,29.3,0.7,2.3,28
2000/06/08 19:12:00,32.6910,130.7550,9,3.7,50.9,1.4,2.8,38
2000/06/08 18:58:00,32.6900,130.7530,11,3.9,62.8,2.4,3.4,69
2000/06/08 13:40:00,32.6950,130.7580,10,3.3,2.7,0.1,0.0,8
2000/06/08 11:39:00,32.7010,130.7530,11,3.6,38.0,1.1,2.3,23
2000/06/08 11:25:00,32.6900,130.7510,11,3.8,36.5,1.3,2.7,25
2000/06/08 11:15:00,32.6960,130.7450,10,3.5,2.7,0.1,0.2,12
2000/06/08 11:02:00,32.6950,130.7530,10,3.5,3.3,0.1,0.4,10
2000/06/08 10:05:00,32.7050,130.7580,11,3.7,35.6,1.1,2.5,30
2000/06/08 09:59:00,32.6960,130.7580,10,3.4,3.0,0.1,0.1,10
2000/06/08 09:39:00,32.7080,130.7600,11,3.9,115.7,2.9,3.4,42
2000/06/08 09:38:00,32.6910,130.7550,11,3.2,0.8,0.0,-1.0,1
2000/06/08 09:32:00,32.6980,130.7530,10,4.8,267.5,10.6,4.7,164
2000/06/07 13:03:00,36.8330,135.5720,14,4.0,2.7,0.1,0.3,14
2000/06/07 06:16:00,36.8400,135.5470,22,6.1,213.0,7.3,4.3,268
2000/06/06 23:57:00,29.3710,131.5350,88,6.1,64.2,1.3,3.0,173
2000/06/06 02:22:00,33.7130,135.1390,47,3.8,11.9,0.3,1.3,23
2000/06/05 09:54:00,35.7210,136.1090,10,4.7,145.7,4.0,3.4,144
2000/06/04 20:40:00,37.8850,141.7740,61,4.6,89.3,1.8,3.1,53
2000/06/04 08:40:00,35.8400,137.7720,12,3.1,7.5,0.1,0.1,2
2000/06/04 01:15:00,36.4860,141.0790,46,4.0,43.0,1.0,2.6,15
2000/06/03 17:54:00,35.6800,140.7150,48,6.0,149.1,10.0,4.4,162
2000/06/03 17:50:00,37.5150,139.6200,13,3.6,101.3,1.5,2.8,7
2000/06/03 13:38:00,38.6430,141.4480,106,4.0,94.7,1.4,3.1,35
2000/06/03 07:17:00,34.8330,137.2470,37,3.5,17.1,0.2,1.3,24
2000/06/02 21:26:00,32.5300,132.1060,39,4.2,22.4,0.6,2.2,53
2000/06/02 15:06:00,34.0250,135.3900,62,4.0,29.6,0.5,1.7,68
2000/05/31 17:59:00,36.0910,137.9750,10,3.1,3.1,0.1,-0.1,5
2000/05/30 23:28:00,37.0260,141.2650,53,4.3,25.9,0.9,2.1,33
2000/05/26 17:57:00,33.9080,135.2570,12,3.4,128.0,1.5,1.7,17
2000/05/24 19:23:00,41.3200,142.6740,49,4.5,13.6,0.4,2.0,18
2000/05/23 08:56:00,32.0630,132.2010,20,4.4,15.3,0.4,1.9,34
2000/05/22 12:18:00,36.1480,139.8540,48,3.4,14.8,0.2,1.0,8
2000/05/21 23:19:00,42.5580,143.5480,59,4.1,40.8,2.1,2.9,28
2000/05/21 10:42:00,35.0310,135.8090,15,3.8,78.6,1.4,2.7,83
2000/05/20 23:39:00,34.9250,135.6200,16,3.7,59.1,1.2,2.4,54
2000/05/19 02:29:00,32.0750,132.2050,23,4.4,18.7,1.0,2.5,45
2000/05/18 21:53:00,35.6180,140.0850,72,3.6,13.6,0.4,1.7,7
2000/05/17 12:04:00,32.0800,132.2150,21,4.1,15.4,0.4,1.8,32
2000/05/16 19:40:00,36.4450,140.7090,51,4.6,184.3,5.4,4.0,95
2000/05/16 05:43:00,34.9730,135.4940,15,3.6,30.9,0.6,2.0,43
2000/05/16 04:09:00,34.9660,135.4970,16,4.3,105.3,2.1,3.3,144
2000/05/13 18:33:00,42.4010,144.6640,49,4.1,6.4,0.2,1.5,5
2000/05/13 04:08:00,35.1860,132.9240,14,3.6,94.1,1.7,3.0,10
2000/05/11 06:36:00,35.8700,139.6840,53,3.8,7.6,0.2,1.3,19
2000/05/11 03:15:00,32.8030,130.6460,8,3.4,4.0,0.1,0.2,13
2000/05/10 10:32:00,32.8050,130.6410,8,3.8,10.4,0.5,1.7,38
2000/05/09 22:51:00,25.0670,125.2350,39,4.3,21.5,0.6,1.9,2
2000/05/08 18:45:00,36.3830,140.9690,45,4.4,83.7,2.5,3.0,65
2000/05/04 11:02:00,33.6830,132.3850,55,4.0,23.2,0.9,2.6,64
2000/05/02 23:33:00,35.2980,139.0740,17,3.8,80.4,1.2,2.4,13
2000/04/30 09:19:00,33.2530,132.1580,52,4.0,11.3,0.3,1.4,41
2000/04/30 00:06:00,33.3230,131.4780,10,3.4,4.0,0.1,0.1,4
2000/04/29 21:29:00,33.3300,131.4910,11,3.3,7.5,0.2,0.9,6
2000/04/29 20:30:00,36.0280,140.0900,66,3.5,16.6,0.4,1.9,23
2000/04/29 18:38:00,33.3310,131.4880,10,3.3,7.0,0.1,0.9,6
2000/04/29 18:35:00,33.3280,131.4810,11,4.0,31.2,1.4,2.8,67
2000/04/28 12:39:00,34.7380,136.0420,12,3.4,36.4,0.5,1.8,26
2000/04/28 11:42:00,33.9000,135.6340,55,4.2,239.0,11.1,4.4,77
2000/04/28 00:19:00,37.9210,138.1520,12,3.6,2.5,0.1,0.1,3
2000/04/26 05:09:00,37.5730,140.0120,14,3.8,9.5,0.3,1.3,7
2000/04/26 04:48:00,37.5750,140.0170,14,4.3,154.3,5.2,4.1,41
2000/04/25 10:32:00,34.1880,135.1240,10,3.4,11.1,0.2,0.6,8
2000/04/24 02:42:00,36.4500,141.1650,45,4.2,21.2,0.3,1.9,19
2000/04/22 21:55:00,34.0950,134.4340,11,3.5,15.8,0.3,1.7,17
2000/04/21 20:07:00,35.7350,135.7370,350,5.7,11.4,0.2,1.5,97
2000/04/21 19:12:00,35.3710,140.4700,30,3.2,1.2,0.0,-0.7,6
2000/04/17 14:23:00,35.8410,137.7700,12,3.5,64.8,1.0,2.3,12
2000/04/16 01:57:00,37.0050,138.3940,16,3.4,1.4,0.0,-0.8,1
2000/04/15 05:26:00,36.2210,139.9890,53,3.9,62.2,1.5,3.1,54
2000/04/15 02:41:00,33.6250,135.3840,46,4.8,126.9,3.7,3.6,139
2000/04/14 22:04:00,34.2400,139.1590,9,3.3,11.2,0.2,1.2,7
2000/04/14 21:53:00,34.2350,139.1690,7,3.5,10.0,0.4,1.8,8
2000/04/13 11:07:00,33.5830,131.9380,73,4.0,8.6,0.2,1.1,38
2000/04/13 06:51:00,40.1300,142.4430,37,4.8,29.7,0.8,2.4,26
2000/04/12 20:18:00,34.9800,135.6670,17,3.4,15.4,0.2,1.2,21
2000/04/12 04:36:00,35.6410,140.6650,52,3.9,13.3,0.7,1.8,16
2000/04/12 03:05:00,35.6430,140.6840,54,4.1,13.3,1.0,2.3,15
2000/04/12 00:08:00,41.3700,139.9490,13,4.3,148.9,3.2,3.3,14
2000/04/11 18:47:00,37.4250,136.7050,20,3.9,11.0,0.2,1.4,13
2000/04/11 12:10:00,36.4280,140.6820,56,3.7,73.8,0.9,2.3,22
2000/04/11 11:31:00,33.8430,134.9770,15,4.0,45.8,0.8,2.5,67
2000/04/10 09:34:00,24.3040,123.6990,20,4.2,27.7,0.5,1.9,2
2000/04/10 06:30:00,36.2030,140.0970,55,4.6,217.6,6.9,4.2,132
2000/04/08 14:57:00,34.7880,136.4740,13,3.1,2.0,0.0,-0.5,5
2000/04/07 17:49:00,37.0050,138.4000,16,3.4,1.2,0.0,-0.6,4
2000/04/07 15:54:00,37.0060,138.3940,17,4.1,39.9,1.8,2.9,18
2000/04/06 10:14:00,36.3630,140.9220,45,4.3,33.4,1.0,2.7,38
2000/04/02 21:25:00,32.5130,131.1410,146,4.5,90.4,1.5,3.2,217
2000/04/01 03:26:00,42.5090,140.8190,8,3.3,44.1,1.1,2.6,2
2000/04/01 03:12:00,42.5070,140.8240,8,4.6,328.1,13.5,4.6,31
2000/03/31 23:31:00,36.3760,140.9400,41,4.2,48.1,1.1,2.9,33
2000/03/31 19:55:00,42.5220,140.8290,8,3.1,59.3,1.2,2.7,2
2000/03/31 15:35:00,42.5200,140.8480,8,2.8,33.1,0.9,2.1,2
2000/03/31 11:05:00,42.5320,140.8290,6,3.3,35.3,0.7,2.4,2
2000/03/31 09:29:00,42.5050,140.8280,9,3.3,71.4,1.6,3.1,1
2000/03/31 07:00:00,42.5170,140.8090,8,3.7,50.0,1.2,2.6,6
2000/03/31 06:33:00,42.5190,140.8130,7,3.4,40.9,0.9,2.5,3
2000/03/31 05:52:00,42.5240,140.8110,6,3.4,41.5,1.2,2.6,1
2000/03/31 04:59:00,42.5270,140.8110,8,3.5,67.2,1.8,2.8,3
2000/03/31 03:42:00,42.5120,140.8240,8,3.3,36.2,0.7,2.4,2
2000/03/31 03:38:00,42.5190,140.8180,8,3.1,25.2,0.5,2.0,1
2000/03/31 02:47:00,42.5220,140.8490,8,3.1,88.4,1.4,3.2,1
2000/03/31 02:08:00,42.5120,140.8190,8,3.3,76.1,1.8,2.9,1
2000/03/31 00:51:00,42.5350,140.8340,6,2.7,37.7,0.7,2.5,1
2000/03/30 23:33:00,42.5070,140.8360,8,3.1,47.7,1.1,2.5,1
2000/03/30 22:38:00,42.5100,140.8310,7,3.3,112.5,3.5,3.1,2
2000/03/30 22:01:00,42.5190,140.8080,6,3.6,35.3,1.0,2.4,2
2000/03/30 21:45:00,42.5140,140.8430,7,3.2,64.1,1.3,2.9,2
2000/03/30 21:12:00,42.5200,140.8490,6,3.2,68.6,1.1,2.8,2
2000/03/30 19:30:00,42.5270,140.8080,7,3.8,28.2,1.0,2.7,3
2000/03/30 18:51:00,42.5140,140.8290,8,4.0,252.9,6.2,4.3,10
2000/03/30 18:23:00,42.5100,140.8180,8,3.7,48.5,1.9,2.9,4
2000/03/30 18:17:00,42.5220,140.8260,6,4.1,6.0,0.2,1.1,2
2000/03/30 17:22:00,42.5220,140.8490,7,3.2,28.3,0.6,2.4,1
2000/03/30 17:13:00,42.5250,140.8130,7,4.3,240.5,8.9,4.1,11
2000/03/30 17:06:00,42.5140,140.8410,8,3.3,75.1,2.2,3.1,2
2000/03/30 17:02:00,42.5100,140.8240,8,3.3,72.6,1.6,2.9,2
2000/03/30 16:53:00,42.5190,140.8490,8,3.2,35.5,1.3,2.3,1
2000/03/30 16:33:00,42.5240,140.8180,6,3.3,55.8,1.4,2.7,2
2000/03/30 16:14:00,42.5170,140.8230,8,3.4,38.0,0.8,2.5,3
2000/03/30 15:59:00,42.5020,140.8960,10,3.1,25.0,0.7,2.3,1
2000/03/30 15:56:00,42.5050,140.8260,7,3.4,104.3,1.9,3.2,2
2000/03/30 15:44:00,42.5120,140.8160,8,3.4,56.2,1.3,2.8,2
2000/03/30 15:31:00,42.5250,140.8130,7,3.3,29.4,0.6,2.3,2
2000/03/30 15:27:00,42.5150,140.8190,8,3.3,59.6,1.1,2.7,2
2000/03/30 15:09:00,42.5290,140.8480,7,3.5,61.3,2.0,2.9,2
2000/03/30 14:51:00,42.5170,140.8190,6,3.1,15.2,0.3,1.1,1
2000/03/30 14:45:00,42.5350,140.8480,10,3.0,36.0,0.6,2.4,2
2000/03/30 14:36:00,42.5270,140.8230,6,3.1,48.2,0.9,2.6,1
2000/03/30 14:30:00,42.5150,140.8210,8,3.5,52.3,1.4,2.4,4
2000/03/30 14:02:00,42.5140,140.8490,11,3.9,406.7,11.4,4.4,6
2000/03/30 13:57:00,42.5200,140.8180,8,3.6,24.4,0.8,2.5,3
2000/03/30 13:53:00,42.5170,140.8480,8,3.1,48.2,1.2,2.6,2
2000/03/30 13:35:00,42.5090,140.8290,8,3.5,156.1,3.2,3.8,3
2000/03/30 13:22:00,42.5220,140.8460,7,3.5,134.2,3.1,3.5,2
2000/03/30 13:01:00,42.5100,140.8230,8,3.5,66.9,1.7,2.6,1
2000/03/30 12:53:00,42.5270,140.8430,7,3.6,124.9,3.7,3.7,2
2000/03/30 12:43:00,42.5240,140.8310,10,3.5,99.1,2.8,3.1,4
2000/03/30 12:37:00,42.5170,140.8140,7,3.7,111.4,2.6,3.3,6
2000/03/30 12:28:00,42.5090,140.8290,8,3.2,87.1,1.8,3.3,1
2000/03/30 11:59:00,42.5200,140.8410,7,3.0,46.2,0.8,2.5,2
2000/03/30 11:52:00,42.5200,140.8460,8,3.2,29.2,0.5,2.2,1
2000/03/30 11:48:00,42.5240,140.8130,6,3.7,54.4,2.0,3.3,6
2000/03/30 11:44:00,42.5170,140.8240,8,3.6,80.6,1.8,2.9,5
2000/03/30 11:40:00,42.5220,140.8490,7,2.7,31.5,0.7,2.3,1
2000/03/30 11:13:00,42.5300,140.8260,7,3.2,26.6,0.8,2.3,2
2000/03/30 11:08:00,42.5240,140.8430,8,2.9,32.6,0.7,2.2,2
2000/03/30 11:05:00,42.5220,140.8240,7,3.0,36.5,0.7,2.4,1
2000/03/30 11:01:00,42.5240,140.8360,6,2.8,33.9,0.7,2.3,1
2000/03/30 10:55:00,42.5220,140.8390,7,2.8,29.5,0.5,2.2,2
2000/03/30 10:46:00,42.5200,140.8460,8,3.3,59.8,1.9,2.8,2
2000/03/30 10:42:00,42.5200,140.8260,8,3.2,58.7,1.1,2.8,2
2000/03/30 10:32:00,42.5200,140.8240,8,3.5,56.3,1.1,2.9,4
2000/03/30 10:27:00,42.5270,140.8230,7,3.5,24.0,0.8,2.4,2
2000/03/30 10:24:00,42.5390,140.8080,6,3.3,52.9,1.1,2.7,1
2000/03/30 10:17:00,42.5300,140.8210,6,3.4,60.8,1.3,2.8,2
2000/03/30 10:09:00,42.5290,140.8460,7,3.8,160.1,5.6,3.9,3
2000/03/30 10:06:00,42.5190,140.8390,6,2.8,124.2,2.7,3.1,1
2000/03/30 09:32:00,42.5240,140.8490,6,3.0,23.4,0.4,2.0,1
2000/03/30 09:26:00,42.5150,140.8210,7,3.4,74.2,2.3,2.8,2
2000/03/30 09:20:00,42.5090,140.8360,6,3.5,13.6,0.3,1.4,2
2000/03/30 09:12:00,42.5120,140.8160,8,4.3,74.4,3.0,3.3,9
2000/03/30 08:34:00,42.5270,140.8490,7,3.7,5.9,0.3,1.1,2
2000/03/30 06:23:00,42.5250,140.8430,7,3.4,10.0,0.2,1.0,1
2000/03/30 06:09:00,42.5240,140.8330,8,3.4,3.7,0.1,0.4,1
2000/03/30 05:21:00,42.5190,140.8230,8,4.0,204.9,4.1,3.8,7
2000/03/30 05:16:00,42.5250,140.8190,7,3.6,27.9,0.8,2.3,4
2000/03/30 03:20:00,42.5200,140.8210,8,3.9,180.7,3.7,3.7,9
2000/03/30 02:54:00,42.5250,140.8190,7,4.0,178.9,3.6,3.8,11
2000/03/30 01:26:00,42.5250,140.8410,7,3.5,147.2,3.5,3.5,3
2000/03/30 01:12:00,42.5190,140.8210,10,3.6,24.4,0.6,2.2,3
2000/03/30 00:20:00,42.5270,140.8180,7,3.6,65.9,1.3,3.0,3
2000/03/30 00:16:00,42.5200,140.8260,8,3.2,12.6,0.3,1.4,1
2000/03/30 00:03:00,42.5100,140.8390,10,3.3,30.9,0.5,2.2,2
2000/03/29 23:50:00,42.5220,140.8290,7,3.3,33.2,0.7,2.3,1
2000/03/29 23:25:00,42.5220,140.8240,7,3.1,23.1,0.4,2.1,1
2000/03/29 23:12:00,42.5270,140.8330,7,3.7,113.2,3.1,3.5,2
2000/03/29 22:51:00,42.5220,140.8390,7,3.3,26.3,0.6,2.2,1
2000/03/29 21:23:00,42.5240,140.8390,6,3.5,132.5,3.5,3.3,2
2000/03/29 21:03:00,42.5270,140.8310,7,3.4,97.8,2.6,3.2,3
2000/03/29 20:58:00,42.5220,140.8240,10,3.3,67.6,1.5,3.2,3
2000/03/29 20:01:00,42.5240,140.8260,7,3.6,155.5,3.9,3.6,7
2000/03/29 19:40:00,42.5270,140.8160,7,3.5,57.5,1.2,2.9,5
2000/03/29 18:35:00,42.5250,140.8330,5,3.4,80.4,3.0,3.4,3
2000/03/29 18:21:00,42.5250,140.8360,7,3.5,69.8,1.5,3.0,2
2000/03/29 17:22:00,42.5290,140.8210,7,4.1,141.8,4.3,3.7,10
2000/03/29 15:56:00,34.7400,137.2600,37,3.9,11.5,0.4,1.8,34
2000/03/29 13:09:00,42.5340,140.8190,6,3.4,69.7,1.6,2.8,2
2000/03/29 09:42:00,42.5200,140.8440,9,3.4,48.1,1.9,3.0,3
2000/03/29 07:08:00,42.5240,140.8190,10,3.3,53.6,1.4,2.6,4
2000/03/29 05:57:00,32.9560,131.0310,10,3.4,46.1,0.6,2.3,13
2000/03/26 04:08:00,35.7810,137.5740,14,3.3,31.2,0.4,1.2,6
2000/03/25 22:02:00,37.2860,138.4950,14,4.0,135.7,3.9,3.2,11
2000/03/24 23:00:00,35.9010,136.7570,10,4.0,234.0,4.0,3.6,73
2000/03/24 20:12:00,35.8960,138.7420,11,3.3,126.0,1.8,3.0,10
2000/03/21 17:51:00,28.4860,129.4050,18,3.8,25.7,0.8,2.3,3
2000/03/20 06:26:00,37.9900,141.5020,78,5.0,200.1,5.4,4.0,117
2000/03/19 12:49:00,37.2850,138.6120,14,4.3,20.9,0.7,2.2,28
2000/03/18 11:08:00,34.4030,134.8120,14,4.1,43.4,0.9,2.2,58
2000/03/15 23:33:00,35.2060,135.5500,15,3.4,26.1,0.3,1.1,17
2000/03/14 20:15:00,32.8810,130.8660,11,2.8,2.7,0.0,0.0,1
2000/03/13 06:58:00,34.8760,139.6220,33,3.9,18.2,0.5,1.7,12
2000/03/12 02:49:00,32.8830,130.8710,12,3.4,8.3,0.2,1.3,10
2000/03/11 22:53:00,34.1330,135.1150,12,3.1,4.9,0.1,0.2,5
2000/03/10 09:36:00,34.2280,139.0240,10,3.9,7.4,0.2,1.6,9
2000/03/09 19:16:00,31.9330,130.7950,8,3.1,3.5,0.1,0.5,5
2000/03/09 14:20:00,36.1580,140.1370,6,3.2,5.3,0.1,0.8,2
2000/03/09 14:17:00,31.9330,130.7900,6,3.1,2.3,0.0,0.2,3
2000/03/09 13:51:00,31.9350,130.7910,7,3.3,6.4,0.2,1.5,8
2000/03/07 23:25:00,35.9400,136.3440,10,3.2,22.1,0.3,1.0,10
2000/03/07 22:00:00,34.0880,135.2570,9,2.9,15.3,0.2,0.6,3
2000/03/07 17:10:00,39.8410,140.9590,6,3.8,16.9,0.7,2.3,1
2000/03/06 16:30:00,35.4830,140.4090,36,3.7,44.4,1.0,2.7,17
2000/03/04 19:52:00,36.1560,140.1090,53,3.6,27.7,0.6,2.0,25
2000/03/04 12:35:00,36.4610,140.6040,56,3.7,20.0,0.4,1.9,17
2000/03/04 09:34:00,31.9800,130.3450,6,3.5,13.9,0.5,1.9,16
2000/03/03 09:23:00,35.1710,136.7170,16,3.6,36.9,0.5,1.8,53
2000/03/01 05:11:00,34.1850,135.3290,9,3.2,15.7,0.2,0.6,10
2000/02/29 19:15:00,37.7300,138.3300,25,4.3,88.1,3.0,3.5,25
2000/02/29 10:08:00,35.2210,135.3940,11,2.9,2.0,0.0,-0.3,2
2000/02/28 19:30:00,32.9950,131.1730,11,4.1,83.5,1.6,3.2,55
2000/02/28 05:10:00,36.4780,140.5320,57,3.4,26.7,0.3,1.5,16
2000/02/27 01:19:00,35.2060,135.5450,15,3.2,8.4,0.1,0.3,8
2000/02/27 00:03:00,35.2050,135.5440,15,3.9,69.6,1.2,2.5,96
2000/02/25 15:25:00,39.2150,141.9360,16,3.8,131.3,1.8,2.7,19
2000/02/25 15:13:00,25.2690,123.9530,126,5.2,22.7,0.6,2.1,5
2000/02/24 14:55:00,37.8450,140.1450,15,3.9,22.0,0.7,2.2,17
2000/02/23 18:21:00,38.6080,142.0290,56,4.2,45.9,0.7,2.0,16
2000/02/22 13:59:00,31.9730,130.4350,11,3.2,44.5,0.5,2.0,15
2000/02/21 15:45:00,33.0200,130.3560,11,3.4,20.0,0.4,1.5,22
2000/02/20 22:58:00,42.5830,144.1030,56,4.5,29.7,1.1,2.0,18
2000/02/19 22:33:00,42.3230,143.0490,55,4.6,63.0,1.5,3.1,24
2000/02/18 22:38:00,39.0210,140.9050,12,3.7,13.2,0.2,1.4,11
2000/02/17 23:01:00,32.5600,129.9860,10,3.9,20.5,0.6,2.3,28
2000/02/17 08:28:00,34.1700,135.4570,9,3.2,26.0,0.5,1.9,11
2000/02/14 22:22:00,41.3750,142.3380,67,4.3,15.4,0.7,2.2,14
2000/02/12 12:01:00,33.7150,133.7290,44,4.0,31.8,0.5,1.9,40
2000/02/11 22:29:00,37.2900,141.6840,45,4.5,34.2,0.8,2.4,33
2000/02/11 20:57:00,35.5010,139.0450,18,4.2,158.4,4.1,3.8,54
2000/02/11 20:32:00,42.0630,142.5780,57,4.0,8.2,0.3,1.7,6
2000/02/11 16:08:00,39.0250,140.9090,13,5.0,65.4,1.9,3.1,52
2000/02/09 13:12:00,31.8510,130.2830,10,3.3,56.5,0.8,1.7,11
2000/02/09 11:36:00,32.0000,130.4100,9,3.2,20.2,0.3,1.3,7
2000/02/08 15:22:00,31.2270,131.5330,43,3.8,11.4,0.5,1.8,9
2000/02/08 12:21:00,37.4810,141.3190,63,4.1,18.8,0.3,1.5,16
2000/02/06 04:43:00,36.7110,139.3740,10,4.1,126.0,4.7,3.7,30
2000/02/04 16:53:00,36.3180,140.6100,92,3.4,30.3,0.5,1.9,15
2000/02/03 04:07:00,36.5150,137.4720,8,3.6,47.9,0.7,2.1,23
2000/01/31 12:09:00,36.0830,139.9390,46,3.6,39.5,0.6,1.8,19
2000/01/31 02:29:00,36.0830,139.9290,46,3.2,11.9,0.2,1.4,8
2000/01/30 19:46:00,35.3880,133.8240,10,3.2,62.8,0.5,1.3,9
2000/01/29 01:39:00,26.1260,124.5560,160,5.9,16.7,0.6,1.8,6
2000/01/28 23:21:00,42.9830,146.7110,56,6.8,415.7,18.6,5.1,160
2000/01/28 20:28:00,36.6030,140.9970,40,4.8,76.8,2.4,3.4,48
2000/01/27 20:51:00,34.7180,136.3520,15,3.2,32.4,0.6,2.4,14
2000/01/27 16:53:00,34.1400,135.2550,9,2.8,24.4,0.3,0.8,4
2000/01/27 13:53:00,34.6250,137.0370,9,3.4,89.1,1.7,2.6,9
2000/01/27 12:31:00,34.2050,135.1990,9,3.0,12.3,0.2,0.2,4
2000/01/27 11:51:00,34.6230,137.0390,8,3.5,159.1,2.9,3.0,18
2000/01/25 18:02:00,43.4580,145.8260,71,4.7,51.6,1.2,2.7,23
2000/01/24 21:50:00,37.1310,141.5640,46,4.5,36.9,1.0,2.3,43
2000/01/23 16:40:00,30.2660,131.0210,22,5.2,97.7,5.9,3.8,21
2000/01/22 06:48:00,34.9150,140.6620,78,4.1,7.1,0.3,1.5,8
2000/01/17 20:56:00,33.8380,131.4100,17,4.0,99.4,1.4,2.7,86
2000/01/17 13:10:00,35.9330,137.5690,10,3.2,19.6,0.2,1.3,6
2000/01/16 21:39:00,36.2500,136.3050,10,3.1,85.1,1.9,2.3,5
2000/01/15 16:29:00,37.8210,142.6180,34,4.6,7.6,0.3,1.6,9
2000/01/14 09:22:00,38.7400,141.7830,68,4.3,36.6,0.5,2.1,11
2000/01/13 08:02:00,33.4750,132.8520,46,4.2,62.7,1.0,2.3,46
2000/01/12 11:09:00,36.4530,140.5870,58,4.4,127.6,3.1,3.6,78
2000/01/10 22:25:00,36.2510,136.2990,11,3.6,223.9,4.4,3.1,22
2000/01/10 18:10:00,38.8780,140.6800,13,3.6,49.5,0.7,2.3,6
2000/01/10 17:33:00,38.8760,140.6820,13,4.2,60.5,1.3,2.9,13
2000/01/09 22:41:00,36.5500,139.3640,14,3.3,2.1,0.0,0.0,1
2000/01/09 13:02:00,37.2760,141.7000,46,5.0,47.1,1.2,2.9,83
2000/01/07 19:35:00,35.8680,137.5820,9,3.6,103.9,2.6,2.9,37
2000/01/07 04:51:00,35.8680,137.5840,10,3.3,59.6,1.2,2.1,9
2000/01/06 20:40:00,35.0530,135.8120,14,3.7,55.4,1.2,2.3,48
2000/01/06 13:53:00,35.8460,139.2440,9,2.9,9.4,0.2,1.3,6
2000/01/01 14:34:00,38.8700,142.0760,49,4.2,8.3,0.2,1.0,4
