Origin Time,Latitude[degree],Longitude[degree],Depth[km],Magnitude,Max Acc[gal],Max Vel[cm/s],Seismic Intensity,Number of stations,Tsunami_ID
2000/01/09 13:02:00,37.273,141.703,46,5.0,47.1,1.2,2.9,83,
2000/01/15 16:29:00,37.818,142.622,34,4.6,7.6,0.3,1.6,9,
2000/01/23 16:40:00,30.262,131.023,22,5.2,97.7,5.9,3.8,21,
2000/01/24 21:50:00,37.128,141.567,46,4.5,36.9,1.0,2.3,43,
2000/01/25 18:02:00,43.455,145.83,71,4.7,51.6,1.2,2.7,23,
2000/01/28 20:28:00,36.6,141.0,40,4.8,76.8,2.4,3.4,48,
2000/01/28 23:21:00,42.98,146.715,56,6.8,415.7,18.6,5.1,160,
2000/01/29 01:39:00,26.122,124.558,160,5.9,16.7,0.6,1.8,6,
2000/02/11 16:08:00,39.022,140.912,13,5.0,65.4,1.9,3.1,52,
2000/02/11 22:29:00,37.287,141.687,45,4.5,34.2,0.8,2.4,33,
2000/02/19 22:33:00,42.32,143.053,55,4.6,63.0,1.5,3.1,24,
2000/02/20 22:58:00,42.58,144.107,56,4.5,29.7,1.1,2.0,18,
2000/02/25 15:13:00,25.265,123.955,126,5.2,22.7,0.6,2.1,5,
2000/03/20 06:26:00,37.987,141.505,78,5.0,200.1,5.4,4.0,117,
2000/04/01 03:12:00,42.505,140.828,8,4.6,328.1,13.5,4.6,31,
2000/04/02 21:25:00,32.51,131.143,146,4.5,90.4,1.5,3.2,217,
2000/04/10 06:30:00,36.2,140.1,55,4.6,217.6,6.9,4.2,132,
2000/04/13 06:51:00,40.127,142.447,37,4.8,29.7,0.8,2.4,26,
2000/04/15 02:41:00,33.622,135.387,46,4.8,126.9,3.7,3.6,139,
2000/04/21 20:07:00,35.732,135.74,350,5.7,11.4,0.2,1.5,97,
2000/05/16 19:40:00,36.442,140.712,51,4.6,184.3,5.4,4.0,95,
2000/05/24 19:23:00,41.317,142.678,49,4.5,13.6,0.4,2.0,18,
2000/06/03 17:54:00,35.677,140.718,48,6.0,149.1,10.0,4.4,162,
2000/06/04 20:40:00,37.882,141.777,61,4.6,89.3,1.8,3.1,53,
2000/06/05 09:54:00,35.718,136.112,10,4.7,145.7,4.0,3.4,144,
2000/06/06 23:57:00,29.367,131.537,88,6.1,64.2,1.3,3.0,173,
2000/06/07 06:16:00,36.837,135.55,22,6.1,213.0,7.3,4.3,268,
2000/06/08 09:32:00,32.695,130.755,10,4.8,267.5,10.6,4.7,164,
2000/06/10 08:32:00,30.432,138.235,528,6.5,8.5,0.5,2.0,89,
2000/06/13 01:54:00,42.878,144.72,59,4.6,67.0,4.1,3.8,39,
2000/06/15 20:11:00,29.332,132.11,89,5.8,25.7,0.6,2.3,88,
2000/06/22 20:36:00,36.845,135.52,13,4.6,18.2,0.4,1.8,42,
2000/06/25 15:34:00,31.023,131.61,48,5.9,105.4,7.3,4.3,110,
2000/06/27 14:25:00,34.082,139.41,15,4.5,47.6,2.1,2.9,11,
2000/06/27 15:11:00,34.083,139.403,14,4.6,71.1,1.7,3.1,7,
2000/06/28 12:40:00,34.092,139.403,17,4.5,88.3,4.0,3.5,8,
2000/06/28 15:38:00,34.1,139.4,0,4.5,33.7,1.8,2.8,9,
2000/06/28 18:25:00,34.18,139.362,14,5.0,74.9,3.5,3.6,11,
2000/06/29 01:15:00,34.112,139.362,16,5.1,33.1,1.4,2.8,9,
2000/06/29 01:21:00,34.122,139.337,12,4.6,23.7,1.1,2.7,15,
2000/06/29 10:16:00,34.113,139.365,17,4.6,37.2,1.8,2.8,10,
2000/06/29 11:56:00,34.23,139.195,12,5.0,4.5,0.4,1.6,5,
2000/06/29 12:11:00,34.247,139.177,7,5.2,63.3,4.2,3.8,12,
2000/06/29 12:34:00,34.243,139.19,11,5.0,72.1,2.9,3.5,5,
2000/06/29 13:02:00,34.143,139.358,17,5.4,55.4,3.0,3.4,35,
2000/06/29 13:53:00,34.125,139.357,17,5.1,42.1,3.5,3.2,12,
2000/06/29 14:54:00,34.125,139.36,20,4.7,43.3,1.6,2.7,8,
2000/06/29 15:30:00,34.128,139.35,20,5.6,73.8,3.7,3.4,34,
2000/06/29 17:59:00,34.117,139.353,21,4.5,39.0,1.5,2.7,7,
2000/06/29 18:53:00,34.133,139.333,21,4.8,42.9,3.5,3.1,17,
2000/06/29 22:07:00,34.092,139.335,23,4.7,43.0,2.9,3.0,9,
2000/06/29 23:26:00,34.1,139.3,10,4.5,19.6,0.5,1.9,8,
2000/06/30 01:04:00,34.152,139.327,19,4.7,35.0,1.5,3.0,11,
2000/06/30 01:28:00,34.147,139.34,19,4.5,34.5,1.6,2.6,9,
2000/06/30 20:42:00,34.187,139.282,19,4.5,19.8,0.9,2.6,11,
2000/07/01 02:41:00,34.235,139.282,16,4.8,52.1,1.5,2.9,9,
2000/07/01 03:57:00,34.197,139.273,18,4.5,33.1,1.6,2.7,5,
2000/07/01 05:34:00,37.3,141.69,46,5.1,44.3,1.5,2.7,66,
2000/07/01 12:49:00,34.207,139.283,18,4.6,9.4,0.5,1.9,3,
2000/07/01 16:02:00,34.205,139.222,15,6.4,233.1,17.4,4.9,78,
2000/07/02 00:00:00,34.17,139.325,20,4.5,15.6,0.8,2.5,4,
2000/07/02 08:28:00,34.158,139.347,18,4.8,28.8,1.6,2.8,6,
2000/07/03 04:42:00,34.18,139.245,20,4.9,17.3,0.8,2.2,14,
2000/07/03 05:03:00,34.153,139.327,18,5.5,112.7,6.9,4.3,46,
2000/07/03 05:09:00,34.118,139.345,20,4.5,5.8,0.4,1.7,3,
2000/07/03 09:53:00,34.138,139.335,19,4.6,21.5,1.1,2.5,4,
2000/07/03 11:02:00,34.132,139.33,19,4.6,52.4,3.5,3.2,3,
2000/07/03 12:15:00,34.142,139.313,18,4.7,25.2,1.1,2.6,4,
2000/07/03 12:36:00,34.122,139.343,18,4.8,50.9,3.7,3.2,12,
2000/07/03 22:24:00,31.102,131.59,36,4.9,21.9,1.3,2.8,45,
2000/07/04 15:53:00,34.11,139.328,17,5.2,49.2,3.6,3.5,12,
2000/07/05 06:51:00,34.158,139.335,17,4.7,25.7,1.3,2.5,7,
2000/07/05 11:21:00,34.138,139.302,19,5.1,60.4,4.1,3.7,15,
2000/07/05 12:42:00,34.162,139.322,17,4.7,26.4,1.8,3.0,8,
2000/07/06 13:07:00,34.203,139.288,18,4.7,51.6,2.2,3.2,11,
2000/07/06 13:09:00,36.432,142.402,72,5.0,35.1,0.9,2.7,58,
2000/07/06 15:27:00,34.173,139.313,15,4.5,33.8,2.2,3.0,3,
2000/07/06 22:20:00,34.213,139.247,16,4.5,38.6,1.9,3.0,4,
2000/07/06 22:38:00,34.198,139.267,16,4.6,13.9,0.5,2.1,6,
2000/07/06 23:59:00,34.202,139.24,17,5.2,67.2,2.3,3.3,6,
2000/07/07 00:48:00,34.197,139.267,16,4.5,37.8,2.3,3.0,2,
2000/07/07 03:31:00,34.217,139.265,15,4.9,17.2,1.1,2.4,5,
2000/07/07 03:59:00,34.212,139.243,16,4.9,20.1,1.0,2.7,14,
2000/07/07 04:15:00,34.2,139.283,15,4.6,14.2,0.5,2.0,5,
2000/07/07 11:45:00,34.215,139.257,15,5.1,71.7,3.2,3.5,12,
2000/07/08 15:47:00,34.208,139.255,16,4.5,33.8,2.3,3.1,3,
2000/07/08 22:34:00,34.19,139.293,17,4.6,55.9,2.7,3.4,8,
2000/07/09 00:40:00,34.217,139.252,15,4.6,52.7,1.7,3.1,6,
2000/07/09 01:49:00,34.213,139.288,13,5.3,44.5,2.5,3.3,7,
2000/07/09 01:52:00,34.225,139.263,16,4.7,31.6,1.5,2.7,6,
2000/07/09 03:57:00,34.222,139.253,14,6.1,141.2,10.4,4.3,46,
2000/07/09 05:38:00,34.272,139.097,3,4.5,19.3,1.4,2.6,4,
2000/07/10 04:15:00,34.207,139.3,16,4.5,42.2,3.2,3.3,6,
2000/07/11 01:38:00,34.17,139.277,18,4.5,28.6,1.4,2.8,9,
2000/07/11 13:57:00,34.208,139.337,15,4.8,39.9,1.6,2.9,8,
2000/07/11 18:44:00,34.223,139.257,13,4.6,48.9,3.1,3.4,5,
2000/07/11 19:24:00,34.218,139.258,14,4.5,48.8,1.4,2.9,4,
2000/07/11 20:20:00,34.228,139.243,16,4.5,29.9,1.1,2.7,3,
2000/07/11 20:43:00,34.193,139.237,16,4.8,43.1,1.9,3.0,6,
2000/07/11 22:10:00,34.2,139.27,13,4.7,37.5,2.4,3.0,7,
2000/07/12 01:29:00,36.21,140.967,44,4.7,58.3,1.6,2.6,52,
2000/07/12 03:23:00,34.232,139.233,14,4.9,5.7,0.3,1.3,4,
2000/07/12 04:25:00,34.197,139.282,15,5.0,6.7,0.3,1.7,5,
2000/07/12 12:19:00,34.195,139.292,17,5.1,52.4,3.6,3.4,14,
2000/07/12 23:07:00,34.133,139.287,15,4.6,55.1,2.2,3.2,6,
2000/07/13 04:25:00,34.177,139.258,7,5.3,110.8,8.2,4.2,8,
2000/07/14 03:55:00,34.188,139.285,12,4.6,38.3,1.8,3.0,5,
2000/07/14 19:19:00,34.193,139.267,10,5.3,99.8,4.7,3.8,11,
2000/07/15 10:30:00,34.423,139.253,5,6.3,125.2,5.2,4.1,128,
2000/07/18 21:22:00,34.155,139.332,16,4.7,29.7,1.0,2.7,7,
2000/07/19 20:48:00,34.23,139.253,12,4.5,47.8,1.0,2.8,6,
2000/07/19 21:01:00,34.23,139.2,6,4.5,14.0,0.6,2.2,1,
2000/07/20 02:32:00,34.297,139.195,5,4.9,83.1,5.2,3.9,1,
2000/07/20 06:18:00,34.16,139.308,14,5.2,48.6,4.3,3.2,10,
2000/07/20 09:23:00,34.195,139.278,15,4.5,18.6,0.8,2.3,1,
2000/07/20 11:19:00,34.22,139.252,5,4.9,11.1,0.4,1.8,2,
2000/07/20 12:10:00,34.208,139.265,14,5.1,60.5,2.7,3.3,4,
2000/07/21 03:39:00,36.522,141.097,49,6.0,322.4,17.0,4.9,356,
2000/07/21 14:16:00,35.223,141.31,46,5.6,12.7,1.1,2.6,33,
2000/07/21 16:56:00,34.232,139.218,14,4.5,43.4,1.7,2.9,3,
2000/07/23 12:15:00,34.267,139.262,8,5.2,115.2,4.9,4.0,7,
2000/07/23 12:58:00,34.187,139.317,13,4.6,13.5,0.6,1.9,2,
2000/07/24 02:13:00,34.152,139.292,15,5.0,37.1,1.9,3.0,6,
2000/07/24 04:00:00,34.188,139.277,15,4.7,52.3,4.1,3.4,5,
2000/07/24 06:26:00,34.138,139.32,19,5.3,52.6,4.2,3.3,11,
2000/07/24 06:36:00,34.17,139.278,14,4.6,33.9,2.1,2.9,2,
2000/07/24 06:52:00,34.198,139.24,9,5.5,106.7,6.2,4.1,20,
2000/07/24 17:44:00,34.367,139.2,6,4.7,247.4,13.9,4.5,11,
2000/07/24 18:04:00,34.117,139.307,17,5.1,17.3,1.1,2.6,4,
2000/07/25 16:12:00,34.157,139.343,17,4.8,36.6,1.7,3.0,6,
2000/07/25 17:10:00,34.163,139.355,16,4.6,29.6,1.9,3.1,2,
2000/07/26 03:36:00,34.115,139.353,18,5.0,72.1,5.8,3.5,14,
2000/07/26 19:09:00,34.21,139.227,9,4.6,55.8,2.6,3.3,4,
2000/07/27 10:49:00,34.19,139.292,12,5.6,195.6,21.7,5.0,21,
2000/07/27 11:12:00,34.163,139.32,14,5.3,73.5,5.2,3.5,8,
2000/07/28 13:39:00,34.208,139.21,15,4.6,47.7,2.1,3.1,9,
2000/07/28 22:06:00,34.162,139.053,15,4.7,30.2,2.3,3.0,11,
2000/07/28 22:32:00,34.147,139.305,15,4.8,50.4,2.9,3.4,12,
2000/07/29 07:18:00,34.162,139.315,14,4.5,38.4,1.9,3.1,10,
2000/07/30 00:16:00,34.188,139.257,12,4.7,43.1,1.7,2.9,9,
2000/07/30 09:18:00,34.01,139.38,14,5.8,152.8,13.3,4.3,29,
2000/07/30 21:25:00,33.962,139.4,18,6.4,209.9,26.8,4.9,162,
2000/07/30 21:49:00,34.005,139.393,18,5.7,97.2,4.9,3.7,23,
2000/07/30 22:16:00,34.163,139.352,16,4.7,28.5,1.6,3.0,7,
2000/08/02 19:23:00,34.173,139.315,16,5.0,44.9,2.6,3.2,5,
2000/08/02 19:44:00,34.17,139.332,17,4.7,32.9,2.4,3.1,5,
2000/08/03 06:14:00,34.213,139.285,15,4.5,30.8,2.1,3.0,1,
2000/08/03 06:42:00,34.218,139.282,16,5.1,86.4,7.1,4.0,14,
2000/08/03 14:30:00,31.115,131.443,36,5.1,29.4,2.2,3.2,43,
2000/08/03 17:00:00,34.22,139.257,13,4.5,5.3,0.2,1.4,2,
2000/08/03 17:24:00,34.207,139.258,15,4.8,7.5,0.3,1.6,4,
2000/08/03 17:33:00,34.208,139.233,12,4.5,3.4,0.1,0.3,1,
2000/08/03 18:04:00,34.2,139.267,13,4.7,8.3,0.3,1.6,4,
2000/08/03 20:27:00,34.18,139.32,15,4.9,35.4,2.4,3.2,5,
2000/08/03 21:13:00,34.23,139.262,10,5.3,93.5,5.3,3.7,7,
2000/08/03 21:22:00,34.1,139.333,20,4.7,25.3,1.3,2.7,5,
2000/08/03 22:18:00,34.243,139.238,12,6.2,129.1,8.5,4.3,10,
2000/08/03 23:26:00,34.233,139.232,13,4.5,36.7,1.6,3.0,5,
2000/08/04 00:42:00,34.233,139.225,11,4.5,37.4,0.9,2.7,3,
2000/08/04 04:23:00,34.253,139.157,9,4.5,64.2,3.6,3.4,2,
2000/08/04 07:35:00,34.233,139.262,13,4.7,30.6,1.0,2.5,1,
2000/08/04 16:18:00,34.24,139.237,12,4.5,92.6,3.8,3.6,3,
2000/08/06 16:28:00,28.858,140.068,430,7.3,22.6,1.9,2.9,229,
2000/08/07 14:23:00,29.042,131.09,89,5.2,30.3,0.7,2.2,35,
2000/08/15 03:39:00,34.197,139.263,13,4.5,52.9,2.5,3.1,4,
2000/08/16 00:03:00,34.165,139.372,13,4.6,33.5,1.7,2.9,6,
2000/08/16 00:55:00,34.175,139.298,13,4.7,33.4,2.5,3.0,7,
2000/08/16 02:22:00,34.153,139.308,17,4.8,34.0,1.7,3.1,9,
2000/08/16 02:37:00,34.175,139.273,14,4.9,90.5,4.7,3.9,10,
2000/08/16 03:19:00,34.127,139.292,18,4.6,18.9,0.9,2.6,2,
2000/08/16 03:32:00,34.127,139.348,16,4.7,30.6,2.8,2.8,5,
2000/08/16 04:03:00,34.12,139.348,17,4.6,28.6,1.6,2.6,6,
2000/08/16 04:32:00,34.062,139.328,22,4.5,18.8,0.8,2.1,2,
2000/08/16 05:21:00,42.977,146.81,60,5.7,88.2,5.3,3.9,128,
2000/08/16 07:00:00,34.15,139.31,16,4.5,19.1,1.1,2.5,1,
2000/08/16 11:00:00,34.17,139.34,11,4.5,22.1,0.9,2.4,4,
2000/08/18 10:52:00,34.207,139.257,11,6.0,100.0,7.5,4.1,25,
2000/08/18 11:08:00,34.173,139.318,15,4.5,29.0,1.8,2.9,3,
2000/08/18 12:49:00,34.292,139.173,7,4.9,98.0,7.4,3.9,1,
2000/08/18 22:47:00,36.268,141.525,43,4.6,13.7,0.4,2.0,47,
2000/08/19 21:41:00,36.275,141.487,41,5.4,19.8,1.3,2.5,106,
2000/08/20 02:26:00,43.613,147.125,62,5.7,62.7,3.4,3.6,116,
2000/08/20 16:24:00,34.088,139.372,20,4.8,60.7,3.4,3.4,19,
2000/08/23 23:57:00,34.085,139.372,19,4.8,56.1,3.2,3.1,9,
2000/08/25 22:17:00,42.758,144.872,75,4.5,33.3,1.0,2.6,54,
2000/08/27 00:30:00,42.173,142.547,32,4.7,58.1,2.6,3.5,94,
2000/08/27 09:45:00,33.897,139.392,16,4.6,3.4,0.1,0.8,1,
2000/08/28 17:20:00,37.777,142.777,41,4.8,35.6,1.3,2.6,100,
2000/08/29 11:00:00,34.377,139.228,9,4.9,274.9,14.0,4.7,11,
2000/09/03 20:01:00,42.988,146.762,52,5.2,29.8,1.2,2.8,69,
2000/09/11 07:49:00,34.513,139.223,9,5.3,72.4,6.5,3.9,46,
2000/09/14 02:23:00,40.17,143.467,5,4.9,4.7,0.3,1.6,36,
2000/09/29 08:56:00,35.522,139.735,86,4.5,37.1,2.1,3.0,87,
2000/10/02 14:21:00,29.398,129.408,31,4.6,11.6,0.9,2.5,2,
2000/10/02 16:29:00,29.385,129.4,30,5.2,9.3,0.7,2.2,2,
2000/10/02 16:44:00,29.407,129.46,30,5.7,8.0,0.5,1.9,2,
2000/10/03 13:13:00,40.153,143.398,0,5.9,25.3,2.4,3.3,189,
2000/10/06 13:30:00,35.275,133.348,11,7.3,1142.4,146.4,6.6,523,
2000/10/07 04:59:00,35.3,133.4,10,4.9,262.5,9.4,4.3,55,
2000/10/07 08:19:00,42.3,143.0,60,4.6,23.4,0.7,2.5,32,
2000/10/08 13:17:00,35.137,133.152,8,5.5,427.3,14.6,4.8,150,
2000/10/08 20:51:00,35.368,133.312,9,5.0,128.5,13.4,4.5,102,
2000/10/14 20:19:00,34.11,140.522,87,4.9,54.4,2.4,3.3,81,
2000/10/18 12:04:00,30.927,131.535,53,4.5,7.7,0.4,1.7,18,
2000/10/18 12:58:00,36.92,139.7,9,4.5,398.3,16.5,5.0,114,
2000/10/31 01:43:00,34.283,136.345,44,5.5,544.4,14.6,4.9,299,
2000/10/31 04:20:00,34.395,139.21,12,4.7,163.3,5.4,4.0,23,
2000/11/03 16:33:00,35.357,133.293,10,4.5,95.6,3.9,3.6,77,
2000/11/14 00:57:00,42.447,144.93,45,5.9,50.6,4.8,3.7,144,
2000/11/14 12:53:00,42.48,144.92,46,5.2,45.9,3.2,3.5,85,
2000/11/15 23:19:00,42.74,144.55,57,4.5,68.0,2.1,3.1,52,
2000/11/16 18:31:00,37.48,141.605,51,5.0,124.2,6.2,3.6,164,
2000/12/04 10:22:00,27.368,128.368,49,4.6,39.9,0.9,2.5,5,
2000/12/05 01:47:00,35.842,141.16,37,5.3,41.1,2.7,3.3,122,
2000/12/22 19:13:00,44.478,147.375,141,6.5,96.3,6.1,4.0,247,
2001/01/03 23:47:00,43.603,147.725,48,5.6,32.7,1.0,2.9,119,
2001/01/04 13:18:00,36.958,138.762,14,5.1,422.9,25.3,5.0,215,
2001/01/06 11:48:00,35.375,137.098,48,4.6,132.4,3.3,3.5,171,
2001/01/09 13:37:00,33.585,132.368,50,4.6,60.7,1.7,3.1,152,
2001/01/12 08:00:00,35.463,134.492,10,5.4,129.5,5.7,4.1,273,
2001/01/20 05:20:00,35.502,134.48,12,4.7,81.5,2.4,3.2,91,
2001/01/20 07:24:00,35.493,134.49,11,4.5,45.8,1.5,3.1,75,
2001/02/08 14:41:00,24.235,125.312,45,5.8,38.0,1.6,2.8,5,
2001/02/08 19:01:00,24.31,125.228,44,4.9,16.0,1.0,2.2,1,
2001/02/23 07:23:00,34.743,137.563,40,4.9,119.4,3.8,3.6,179,
2001/02/25 06:54:00,37.193,142.257,24,5.8,66.1,2.5,3.5,249,
2001/02/26 14:58:00,46.428,144.763,415,6.2,21.7,0.8,2.4,133,
2001/02/26 15:08:00,37.163,142.258,39,5.4,18.0,0.9,2.4,118,
2001/02/27 08:29:00,24.425,125.218,50,4.7,9.3,0.4,1.4,1,
2001/03/05 20:08:00,28.587,129.075,77,4.9,54.2,2.0,3.3,4,
2001/03/06 14:32:00,36.628,140.98,52,4.6,217.5,4.7,4.1,136,
2001/03/23 20:30:00,43.833,147.96,8,5.8,19.8,0.8,2.4,82,
2001/03/24 15:28:00,34.12,132.708,51,6.4,852.6,33.8,5.7,560,
2001/03/26 05:41:00,34.108,132.72,49,5.0,177.4,7.6,4.2,190,
2001/03/31 06:09:00,36.812,139.39,8,4.9,305.8,16.4,4.9,99,
2001/04/03 04:54:00,40.603,141.9,62,5.4,157.7,6.5,4.2,254,
2001/04/03 23:57:00,34.995,138.108,33,5.1,240.9,12.0,4.4,218,
2001/04/10 10:04:00,35.298,140.367,98,4.5,34.9,2.2,3.2,112,
2001/04/12 16:02:00,37.255,141.717,44,5.0,84.9,1.5,3.0,151,
2001/04/14 08:16:00,42.725,145.343,48,5.4,46.5,1.8,3.0,91,
2001/04/17 09:40:00,35.615,141.123,40,4.8,131.3,5.4,3.6,51,
2001/04/20 19:05:00,42.725,145.387,44,4.6,36.2,1.0,2.6,33,
2001/04/25 23:40:00,32.785,132.353,42,5.6,259.2,11.8,4.6,267,
2001/04/27 02:49:00,43.02,145.88,83,5.9,222.1,12.0,4.7,278,
2001/04/30 11:02:00,43.762,147.355,19,5.2,27.7,0.7,2.6,60,
2001/05/07 23:33:00,27.363,128.367,47,4.8,107.4,2.2,3.2,7,
2001/05/08 06:27:00,42.315,143.128,55,4.6,64.1,1.6,3.1,79,
2001/05/12 12:32:00,30.433,131.017,35,4.5,4.9,0.2,1.5,7,
2001/05/25 08:39:00,40.59,142.515,30,4.6,16.1,0.4,2.1,32,
2001/05/25 09:41:00,44.318,148.707,30,6.6,24.4,3.4,3.4,97,
2001/05/25 15:55:00,35.748,140.693,50,4.8,33.8,2.0,2.7,53,
2001/05/31 08:59:00,36.183,139.813,55,4.5,163.9,2.9,3.6,159,
2001/06/01 00:41:00,34.972,138.12,32,4.8,144.3,3.5,3.5,150,
2001/06/03 01:19:00,34.257,139.135,6,4.6,34.7,1.9,3.1,3,
2001/06/13 02:52:00,36.833,135.575,22,4.5,18.9,0.5,1.8,48,
2001/06/13 09:59:00,31.308,129.005,14,4.6,8.0,0.4,1.8,18,
2001/06/17 02:31:00,25.263,123.802,139,5.0,3.0,0.1,0.6,1,
2001/06/26 18:46:00,43.52,146.987,59,5.0,23.1,0.8,2.6,44,
2001/07/05 22:12:00,42.945,145.24,61,4.9,51.9,2.6,3.2,78,
2001/07/06 03:57:00,36.63,140.937,53,4.5,131.3,3.0,3.3,62,
2001/07/20 06:02:00,36.167,139.825,56,4.8,315.4,10.2,4.3,204,
2001/07/24 09:26:00,37.802,141.928,55,4.8,65.9,1.2,2.8,67,
2001/07/31 13:59:00,36.078,141.627,49,4.9,15.1,0.5,2.1,77,
2001/08/04 20:43:00,37.333,141.827,44,4.9,73.1,2.0,3.4,92,
2001/08/14 05:11:00,41.005,142.423,43,6.2,91.2,5.0,4.0,414,
2001/08/16 05:32:00,42.205,142.47,65,4.5,24.2,0.9,2.6,63,
2001/08/18 07:26:00,25.888,126.21,43,6.3,37.7,1.3,2.9,6,
2001/08/20 13:12:00,25.843,126.212,45,5.7,17.7,0.6,2.2,6,
2001/08/24 18:48:00,41.027,142.37,43,5.2,53.4,3.7,3.8,167,
2001/08/25 22:21:00,35.147,135.66,10,5.1,195.8,5.0,3.8,241,
2001/08/26 03:13:00,44.638,141.768,247,4.8,3.4,0.1,0.8,6,
2001/08/30 05:52:00,31.48,131.875,28,4.6,22.1,1.2,2.8,46,
2001/09/03 00:03:00,36.387,141.143,45,4.6,22.4,0.6,2.2,70,
2001/09/04 23:54:00,36.75,141.502,45,5.2,54.2,2.4,3.2,204,
2001/09/06 10:40:00,37.49,141.503,52,4.5,71.4,1.5,2.5,71,
2001/09/09 04:45:00,24.565,124.765,59,4.6,3.9,0.1,0.7,1,
2001/09/17 11:21:00,31.733,132.02,28,4.7,16.3,0.7,2.3,60,
2001/09/25 04:57:00,36.305,140.1,71,4.5,45.3,1.4,3.0,109,
2001/10/02 17:20:00,37.725,141.817,41,5.4,110.2,4.1,3.8,234,
2001/10/02 21:14:00,33.42,135.335,25,4.6,34.4,1.6,2.8,44,
2001/10/04 02:26:00,46.28,149.132,324,6.0,38.1,1.4,3.2,79,
2001/10/17 00:49:00,43.057,139.195,32,4.5,22.2,0.9,2.5,27,
2001/10/31 06:04:00,28.52,128.327,122,5.2,18.4,1.6,2.8,12,
2001/11/12 03:13:00,33.365,137.555,382,5.7,11.5,0.7,2.1,52,
2001/11/13 16:45:00,39.333,142.072,48,4.7,204.0,5.9,4.3,110,
2001/11/21 19:25:00,42.008,142.593,60,4.5,24.7,0.8,2.4,101,
2001/11/24 11:56:00,25.183,125.258,70,5.1,34.9,1.6,2.5,5,
2001/11/25 01:29:00,33.163,141.2,72,4.6,8.0,0.2,1.2,1,
2001/11/25 05:22:00,37.175,141.415,46,4.8,53.7,1.2,2.6,62,
2001/12/02 22:02:00,39.395,141.267,122,6.4,391.6,16.3,4.9,565,
2001/12/08 04:07:00,35.537,139.148,24,4.5,108.5,2.9,3.6,98,
2001/12/08 07:07:00,37.15,139.958,5,4.5,139.0,3.5,3.7,57,
2001/12/09 05:29:00,28.245,129.49,36,5.8,190.0,13.2,4.5,9,
2001/12/09 13:06:00,34.36,139.157,7,4.5,138.6,4.0,3.6,19,
2001/12/11 18:40:00,42.627,144.74,69,4.6,58.7,2.1,3.1,56,
2001/12/14 21:00:00,39.357,142.335,17,4.5,22.7,0.7,2.1,42,
2001/12/18 13:02:00,23.888,122.812,12,7.3,72.3,5.2,3.7,3,
2001/12/20 09:32:00,28.288,129.497,35,4.5,76.0,1.4,2.5,4,
2001/12/23 01:41:00,38.075,140.973,96,4.5,95.1,2.0,3.2,134,
2001/12/28 09:41:00,24.037,122.763,28,5.6,7.5,0.7,1.9,2,
2002/01/10 00:41:00,34.23,139.728,117,4.8,26.9,1.6,3.0,84,
2002/01/12 09:18:00,25.8,125.2,0,5.5,4.0,0.3,1.2,2,
2002/01/16 22:33:00,23.933,125.3,77,5.6,7.2,0.4,1.6,4,
2002/01/19 18:06:00,43.712,147.362,32,5.6,34.7,1.2,2.9,66,
2002/01/21 08:55:00,42.532,144.78,47,4.7,23.2,1.4,2.6,38,
2002/01/24 16:08:00,35.36,133.323,9,4.5,122.1,3.5,3.5,100,
2002/01/27 16:09:00,39.315,142.415,46,5.3,254.4,5.6,4.0,188,
2002/01/29 08:42:00,37.757,141.837,39,4.6,31.0,0.4,2.0,54,
2002/01/29 08:45:00,37.763,141.825,39,4.8,31.7,0.5,2.0,87,
2002/02/11 10:10:00,35.782,141.092,35,5.0,31.2,1.9,3.1,101,
2002/02/12 22:44:00,36.585,141.085,48,5.5,305.0,13.5,4.6,302,
2002/02/13 18:54:00,38.762,141.143,9,4.5,169.3,2.8,3.0,47,
2002/02/14 10:12:00,41.463,142.065,64,5.0,39.5,1.7,3.1,188,
2002/02/25 22:14:00,36.36,140.732,85,4.7,144.3,3.4,3.5,117,
2002/03/02 20:39:00,40.345,142.162,56,4.8,46.5,1.4,3.1,71,
2002/03/06 07:12:00,35.28,133.333,15,4.5,324.4,5.8,3.7,112,
2002/03/07 04:19:00,40.568,142.497,73,4.7,33.2,0.9,2.5,82,
2002/03/09 12:57:00,37.103,141.128,51,4.5,23.4,0.7,2.2,43,
2002/03/17 01:22:00,42.487,143.513,73,4.6,57.4,2.6,3.2,106,
2002/03/25 22:58:00,33.82,132.617,46,4.7,140.0,3.5,3.7,185,
2002/03/31 15:53:00,24.228,121.97,55,7.2,9.1,1.4,2.4,3,
2002/04/04 08:42:00,41.47,142.012,59,5.3,79.0,2.8,3.4,217,
2002/04/06 01:57:00,33.425,132.532,42,4.5,86.7,2.1,3.3,110,
2002/04/11 21:04:00,40.045,142.693,31,4.7,12.8,0.9,2.3,73,
2002/04/15 15:10:00,37.417,141.73,39,4.5,14.7,0.5,1.8,20,
2002/04/21 06:30:00,41.565,142.095,65,4.7,41.7,1.8,3.2,123,
2002/04/21 09:10:00,38.332,141.643,60,4.5,21.0,0.4,1.9,42,
2002/04/28 22:23:00,24.12,122.823,16,5.6,5.5,0.6,1.8,2,
2002/05/04 20:35:00,35.46,140.408,32,4.6,49.4,3.7,3.3,73,
2002/05/06 17:12:00,38.462,142.153,40,5.0,125.6,2.9,3.7,145,
2002/05/12 10:29:00,39.148,141.157,96,5.1,128.7,3.0,3.5,200,
2002/05/15 12:46:00,24.643,121.798,47,6.8,5.4,0.7,1.9,2,
2002/05/19 05:00:00,35.642,140.213,72,4.6,29.4,1.7,2.8,133,
2002/05/22 05:04:00,44.275,146.745,146,5.8,33.7,1.9,3.0,114,
2002/05/29 01:45:00,23.957,122.278,30,5.9,2.8,0.3,1.3,2,
2002/05/30 14:08:00,41.498,142.05,62,4.6,29.5,1.3,3.0,127,
2002/06/05 02:21:00,24.84,125.407,50,4.7,58.0,2.2,2.9,3,
2002/06/12 21:59:00,43.877,146.077,102,4.5,14.7,0.7,2.1,21,
2002/06/14 11:42:00,36.212,139.98,57,4.9,592.6,16.0,5.0,213,
2002/06/16 04:39:00,36.623,141.2,45,4.6,37.4,0.7,2.4,76,
2002/06/18 16:58:00,31.332,131.71,22,4.5,15.0,0.7,2.3,36,
2002/06/19 18:16:00,36.188,141.807,58,5.0,15.5,0.5,2.0,67,
2002/06/20 08:34:00,35.74,140.705,47,4.5,19.0,1.0,2.3,29,
2002/06/21 23:15:00,40.142,142.472,35,4.8,41.7,1.0,2.8,66,
2002/06/29 02:19:00,43.502,131.395,589,7.2,12.5,1.1,2.5,313,
2002/07/09 22:53:00,36.323,141.975,60,4.8,6.4,0.3,1.5,46,
2002/07/10 23:48:00,41.683,142.262,56,4.8,23.9,0.8,2.4,120,
2002/07/13 21:45:00,35.995,140.127,65,4.8,114.6,3.3,3.8,184,
2002/07/15 17:24:00,28.083,129.628,54,5.1,63.6,5.4,4.1,5,
2002/07/16 20:57:00,30.773,132.498,61,5.1,11.9,0.7,2.3,50,
2002/07/24 05:05:00,37.228,142.318,30,5.7,49.7,2.4,3.4,273,
2002/07/25 21:31:00,43.552,147.46,12,5.6,22.3,0.9,2.7,86,
2002/07/27 17:59:00,36.453,140.62,58,4.5,89.7,2.0,3.3,80,
2002/07/28 20:31:00,42.318,143.07,51,4.8,99.5,2.3,3.3,139,
2002/08/03 08:11:00,29.335,139.588,449,6.2,7.9,0.4,1.9,79,
2002/08/03 11:23:00,43.503,147.522,28,5.1,28.7,1.1,2.6,46,
2002/08/05 06:07:00,43.067,145.1,61,4.5,60.0,1.3,2.8,43,
2002/08/12 06:55:00,41.083,142.638,26,5.0,26.9,0.9,2.7,108,
2002/08/18 09:01:00,36.125,136.18,11,4.5,88.7,2.9,3.4,90,
2002/08/23 11:19:00,40.143,142.408,36,4.7,26.4,0.5,2.0,59,
2002/08/25 03:41:00,43.087,146.123,44,5.8,233.3,7.6,4.0,157,
2002/08/29 18:04:00,41.927,142.323,67,4.6,37.2,1.2,2.8,92,
2002/08/30 14:58:00,44.517,148.942,30,5.4,9.5,0.4,1.7,42,
2002/09/16 10:10:00,35.367,133.742,10,5.3,311.2,17.0,4.9,230,
2002/09/25 14:45:00,33.608,131.948,71,4.5,28.0,0.5,2.0,92,
2002/10/02 16:33:00,44.375,146.747,119,5.1,15.4,0.6,2.1,35,
2002/10/11 10:04:00,37.723,142.802,27,5.2,10.4,0.7,2.3,100,
2002/10/12 19:59:00,37.76,142.77,29,5.6,19.8,1.1,2.6,168,
2002/10/13 19:06:00,33.345,132.358,43,4.7,95.6,2.8,3.6,191,
2002/10/14 23:13:00,41.148,142.28,53,5.9,120.5,8.8,4.3,335,
2002/10/16 13:04:00,35.832,140.905,34,4.8,31.1,1.7,2.7,48,
2002/10/21 01:06:00,36.365,141.127,50,5.2,61.1,2.0,3.4,202,
2002/10/25 05:00:00,39.815,139.962,20,4.5,231.5,5.1,3.4,84,
2002/10/25 23:40:00,30.5,130.198,115,5.1,35.4,0.6,2.2,40,
2002/10/26 19:43:00,37.063,141.208,51,4.8,44.3,1.4,2.6,91,
2002/11/03 12:37:00,38.893,142.142,46,6.1,417.6,15.3,4.8,383,
2002/11/03 12:39:00,38.907,142.12,43,4.9,6.0,0.3,0.8,3,
2002/11/04 04:14:00,38.833,142.135,44,4.7,58.4,0.9,2.6,70,
2002/11/04 13:36:00,32.408,131.872,35,5.7,268.2,12.7,4.9,289,
2002/11/17 13:48:00,36.298,136.675,8,4.5,548.0,9.8,4.6,81,
2002/11/17 13:55:00,47.125,146.832,496,7.0,44.9,2.8,3.5,306,
2002/11/24 14:07:00,29.245,130.567,74,4.6,2.6,0.2,1.3,1,
2002/11/30 16:15:00,42.523,145.015,46,5.2,23.4,1.3,2.7,77,
2002/12/01 18:57:00,42.66,143.968,103,5.4,121.9,4.7,4.0,265,
2002/12/02 08:02:00,38.663,141.883,54,4.6,88.8,1.2,2.4,54,
2002/12/04 14:17:00,41.737,143.517,32,4.7,18.8,0.8,2.3,32,
2002/12/04 19:48:00,24.838,123.723,85,4.7,10.4,0.6,1.7,1,
2002/12/05 00:50:00,38.707,142.32,40,5.2,168.2,4.9,4.1,147,
2002/12/05 00:53:00,38.715,142.265,37,4.9,278.5,9.4,4.5,115,
2002/12/05 02:17:00,37.073,141.198,50,4.5,38.4,0.6,2.1,40,
2002/12/07 08:50:00,28.397,130.268,32,4.7,13.0,1.0,2.5,2,
2002/12/09 03:34:00,37.623,141.66,78,4.6,43.5,0.8,2.6,77,
2002/12/10 20:25:00,42.33,144.675,35,4.7,7.6,0.5,1.7,28,
2002/12/14 04:38:00,36.735,141.372,47,4.5,11.9,0.4,1.8,43,
2002/12/14 05:15:00,36.735,141.375,47,4.5,10.0,0.3,1.7,47,
2002/12/18 00:48:00,40.112,142.455,35,4.6,11.6,0.4,1.9,46,
2002/12/19 21:19:00,40.885,143.128,14,4.7,12.0,0.4,2.1,41,
2002/12/29 03:38:00,28.783,129.395,4,4.5,7.8,0.4,1.7,4,
2002/12/31 19:11:00,37.063,141.492,47,4.6,11.2,0.3,1.7,52,
2003/01/01 07:29:00,44.717,146.293,203,5.1,9.5,0.4,1.8,50,
2003/01/06 13:43:00,41.063,142.355,45,4.9,50.1,1.9,3.2,108,
2003/01/07 03:27:00,42.345,143.057,52,4.6,57.2,2.1,3.1,99,
2003/01/07 20:44:00,38.978,142.505,33,4.6,11.8,0.2,1.4,23,
2003/01/09 13:14:00,36.417,141.132,47,4.7,89.4,2.2,3.4,143,
2003/01/09 22:24:00,37.343,141.587,44,4.6,15.9,0.3,1.8,51,
2003/01/15 18:02:00,41.968,142.558,62,4.5,14.1,0.4,2.0,45,
2003/01/16 12:42:00,27.318,128.888,27,5.1,23.4,1.3,2.9,3,
2003/01/19 04:50:00,33.872,137.243,45,5.3,11.9,0.7,2.2,57,
2003/01/21 13:19:00,36.36,141.032,47,5.0,75.6,1.2,2.8,124,
2003/01/23 21:42:00,33.9,137.273,35,4.5,16.5,0.4,2.0,37,
2003/01/27 16:16:00,38.77,142.283,36,4.7,29.8,0.7,2.2,54,
2003/01/28 15:09:00,41.053,143.255,34,4.9,5.5,0.3,1.4,29,
2003/01/28 20:09:00,41.328,142.075,25,4.5,25.6,1.1,2.8,64,
2003/02/06 02:37:00,35.08,135.567,15,4.5,91.0,1.7,2.6,109,
2003/02/12 18:02:00,33.75,140.812,61,4.5,5.6,0.1,0.9,1,
2003/02/12 22:13:00,34.058,139.392,16,4.7,18.0,0.9,2.5,10,
2003/02/14 10:54:00,36.422,140.653,55,4.7,97.7,2.4,3.3,84,
2003/02/16 12:03:00,37.398,141.152,63,5.0,114.9,4.0,3.7,249,
2003/02/19 14:02:00,44.117,141.85,222,6.1,28.0,1.6,3.0,273,
2003/02/24 02:00:00,41.935,142.443,65,4.6,13.3,0.9,2.5,94,
2003/03/03 07:47:00,37.683,141.787,41,5.3,95.8,4.8,3.7,308,
2003/03/13 03:04:00,27.328,127.118,127,5.4,12.8,0.6,1.9,7,
2003/03/13 12:13:00,36.087,139.858,47,4.8,195.3,5.8,4.2,247,
2003/03/16 00:06:00,37.337,141.747,41,4.7,29.6,0.9,2.4,52,
2003/03/16 14:35:00,42.495,143.008,100,4.6,119.3,6.4,3.9,124,
2003/03/26 04:08:00,33.135,132.308,10,4.5,48.9,1.3,2.9,99,
2003/03/27 10:10:00,40.153,142.42,36,4.7,20.8,0.6,2.2,69,
2003/04/08 03:28:00,36.37,141.96,24,5.8,12.7,1.3,2.5,152,
2003/04/08 04:17:00,36.068,139.912,47,4.6,130.4,3.1,3.3,182,
2003/04/12 13:28:00,31.993,130.265,10,4.8,167.3,5.7,4.1,114,
2003/04/17 03:00:00,40.957,142.345,40,5.4,64.0,3.1,3.7,242,
2003/04/21 10:18:00,36.535,140.852,53,4.6,135.8,3.5,3.7,112,
2003/04/25 07:40:00,36.4,141.142,50,4.7,32.0,0.7,2.6,118,
2003/04/29 10:04:00,39.635,142.13,45,4.8,63.1,1.2,2.9,53,
2003/04/29 22:53:00,43.525,147.687,18,5.9,41.2,1.7,3.0,155,
2003/05/10 11:46:00,35.808,140.112,70,4.5,29.9,1.1,2.7,155,
2003/05/11 16:28:00,36.558,140.81,54,4.5,70.9,1.7,2.7,58,
2003/05/12 00:57:00,35.865,140.088,47,5.2,125.7,9.1,4.0,285,
2003/05/12 00:59:00,35.872,140.072,50,4.6,33.5,1.6,2.8,184,
2003/05/17 23:33:00,35.735,140.653,47,5.1,72.2,6.1,3.8,196,
2003/05/18 03:23:00,35.863,137.598,7,4.5,326.3,9.1,4.7,182,
2003/05/23 19:08:00,38.767,142.025,55,4.5,43.2,0.6,1.8,23,
2003/05/26 18:24:00,38.805,141.682,71,7.0,1571.3,60.0,6.2,796,
2003/05/26 18:39:00,38.822,141.672,66,4.7,106.1,1.6,2.8,51,
2003/05/26 18:42:00,38.825,141.623,72,4.5,68.5,1.1,2.5,73,
2003/05/26 18:48:00,38.862,141.665,65,4.6,79.7,1.4,2.9,80,
2003/05/26 18:49:00,38.86,141.605,74,4.8,16.4,0.2,1.2,26,
2003/05/26 19:09:00,38.788,141.605,70,4.6,91.7,1.3,3.0,102,
2003/05/26 22:34:00,38.885,141.6,76,4.8,143.0,3.3,3.6,130,
2003/05/27 00:44:00,38.947,141.665,69,4.9,237.3,5.9,4.0,147,
2003/05/28 06:24:00,38.847,141.625,73,4.6,53.5,0.6,2.2,79,
2003/05/31 03:58:00,33.403,131.87,65,4.5,24.3,1.1,2.8,105,
2003/05/31 18:42:00,38.852,141.618,74,4.7,117.5,2.4,3.4,127,
2003/06/01 05:38:00,38.857,141.612,74,4.5,85.9,2.1,3.0,77,
2003/06/05 15:06:00,28.148,130.315,40,4.7,8.2,0.5,2.1,2,
2003/06/06 11:34:00,35.528,140.993,46,4.6,7.6,0.5,1.8,20,
2003/06/09 18:59:00,36.418,140.705,54,4.6,133.3,3.8,3.7,146,
2003/06/10 16:24:00,38.927,141.67,67,4.9,131.8,3.5,3.8,156,
2003/06/10 17:40:00,23.572,121.688,92,6.2,4.8,0.4,1.7,2,
2003/06/12 04:46:00,41.582,139.437,21,4.6,27.1,0.6,2.0,45,
2003/06/16 18:34:00,36.838,141.265,77,5.0,79.9,2.4,3.6,219,
2003/06/19 23:04:00,38.538,141.958,89,4.6,37.2,0.7,2.2,49,
2003/06/20 09:29:00,40.812,143.403,26,4.9,14.0,0.8,2.5,41,
2003/06/28 20:19:00,38.808,141.58,72,4.5,77.9,1.8,3.0,95,
2003/07/03 08:52:00,42.368,144.957,33,5.8,45.7,2.9,3.4,143,
2003/07/06 08:30:00,32.69,135.945,38,4.7,17.9,0.5,1.9,34,
2003/07/08 13:30:00,42.437,145.117,41,5.2,21.4,1.0,2.5,73,
2003/07/10 02:15:00,29.763,130.105,59,5.2,9.6,0.6,2.2,15,
2003/07/18 12:32:00,38.282,141.585,75,4.8,106.9,2.7,3.2,106,
2003/07/21 19:04:00,38.8,141.608,71,4.5,75.3,1.3,3.0,80,
2003/07/26 00:13:00,38.43,141.167,12,5.5,289.6,9.7,4.6,269,
2003/07/26 07:13:00,38.402,141.173,12,6.2,367.6,30.6,5.2,392,
2003/07/26 07:16:00,38.455,141.167,12,4.5,17.4,0.3,1.7,31,
2003/07/26 10:22:00,38.453,141.167,13,4.8,110.2,4.3,3.6,170,
2003/07/26 16:56:00,38.497,141.192,12,5.3,94.4,4.0,3.8,223,
2003/07/27 15:26:00,46.817,139.15,487,7.1,22.8,3.3,3.0,344,
2003/07/28 04:08:00,38.455,141.152,14,5.0,141.4,3.9,3.7,165,
2003/07/28 16:24:00,36.79,141.247,53,4.7,33.2,0.9,2.6,74,
2003/08/04 20:57:00,36.438,140.615,58,4.9,439.1,11.7,4.8,198,
2003/08/06 21:15:00,43.335,147.268,41,5.1,20.6,0.7,2.6,43,
2003/08/14 23:46:00,33.56,133.982,37,4.6,51.0,1.1,2.5,97,
2003/08/16 10:26:00,42.46,143.615,71,4.5,71.5,1.4,2.9,73,
2003/08/18 18:59:00,35.8,140.112,69,4.6,47.0,2.7,3.3,201,
2003/08/19 13:27:00,29.17,129.082,7,4.9,2.3,0.2,1.0,1,
2003/08/22 22:44:00,38.97,141.655,70,4.6,87.3,1.7,3.0,106,
2003/08/30 09:31:00,42.938,145.338,47,4.7,46.9,1.0,2.7,38,
2003/08/30 19:06:00,41.812,142.673,55,5.2,84.9,4.9,3.7,157,
2003/09/11 04:32:00,42.673,143.895,97,4.9,122.5,3.5,3.7,147,
2003/09/20 12:55:00,35.215,140.303,70,5.8,118.9,5.5,4.0,361,
2003/09/25 10:31:00,29.095,129.942,65,4.8,5.6,0.4,1.8,1,
2003/09/26 04:50:00,41.778,144.078,42,8.0,988.4,132.3,6.3,657,
2003/09/26 05:05:00,41.833,144.432,32,5.1,19.8,0.7,2.2,49,
2003/09/26 05:10:00,41.762,143.792,29,5.8,73.3,2.2,3.4,105,
2003/09/26 05:25:00,42.482,143.812,59,4.5,103.4,4.7,3.7,31,
2003/09/26 05:57:00,41.702,143.793,40,5.6,28.0,2.0,3.1,97,
2003/09/26 06:02:00,41.748,144.402,31,5.5,15.0,1.4,2.7,54,
2003/09/26 06:08:00,41.707,143.695,21,7.1,661.4,50.4,5.9,553,
2003/09/26 06:54:00,42.043,143.777,38,4.7,17.2,0.6,2.3,27,
2003/09/26 07:20:00,42.057,143.733,41,5.2,44.1,2.2,3.3,77,
2003/09/26 07:24:00,42.262,143.595,47,4.6,57.7,2.1,3.0,50,
2003/09/26 08:11:00,42.808,145.0,46,4.8,77.0,2.0,3.4,73,
2003/09/26 11:35:00,41.967,144.563,39,5.8,32.4,4.9,3.8,134,
2003/09/26 12:29:00,41.695,143.865,46,5.2,10.8,1.2,2.6,54,
2003/09/26 12:51:00,42.183,144.807,28,5.2,12.4,0.9,2.3,47,
2003/09/26 15:27:00,42.185,144.78,27,6.1,70.4,5.7,4.0,166,
2003/09/26 19:11:00,42.052,144.187,57,4.6,15.9,0.5,2.1,15,
2003/09/27 05:38:00,42.022,144.732,34,6.0,64.0,5.5,3.8,152,
2003/09/27 17:06:00,42.732,144.345,59,5.2,121.2,6.5,4.0,99,
2003/09/28 01:07:00,42.327,144.375,49,5.1,29.1,1.8,3.0,98,
2003/09/28 07:23:00,42.188,142.972,51,5.2,56.1,2.2,3.4,157,
2003/09/28 08:04:00,42.192,144.73,29,5.1,14.1,1.0,2.6,59,
2003/09/28 09:23:00,42.265,143.323,43,5.0,62.2,4.1,3.6,95,
2003/09/28 13:18:00,42.6,144.815,48,5.5,41.0,1.9,2.9,92,
2003/09/28 23:13:00,42.007,144.793,35,4.9,11.0,0.7,2.2,33,
2003/09/29 01:51:00,41.873,145.537,19,5.5,6.5,0.8,2.3,51,
2003/09/29 05:59:00,42.025,144.95,28,5.2,6.8,0.4,1.7,35,
2003/09/29 06:29:00,42.165,144.848,27,5.0,11.6,0.5,2.1,36,
2003/09/29 11:37:00,42.357,144.557,43,6.5,110.3,9.7,4.2,291,
2003/09/29 16:50:00,42.397,144.058,64,5.5,70.0,4.8,3.7,155,
2003/09/29 23:22:00,42.08,144.485,39,5.7,45.9,3.8,3.6,117,
2003/09/29 23:27:00,42.387,144.685,39,4.6,15.2,0.5,2.0,31,
2003/09/30 06:22:00,41.57,144.197,25,5.8,5.1,0.9,2.2,38,
2003/09/30 08:24:00,41.985,144.992,32,5.0,3.7,0.2,1.1,13,
2003/10/01 10:30:00,41.958,145.08,31,5.3,13.0,0.8,2.2,43,
2003/10/02 01:23:00,42.055,144.557,38,5.2,10.7,1.1,2.6,52,
2003/10/03 13:45:00,41.918,143.547,33,4.9,14.1,0.8,2.2,44,
2003/10/04 05:38:00,42.222,142.922,55,4.7,44.9,1.1,2.8,69,
2003/10/04 08:11:00,38.712,141.688,74,4.5,79.1,1.3,2.8,106,
2003/10/04 12:10:00,42.203,145.055,28,4.8,11.3,0.4,2.1,33,
2003/10/04 23:41:00,41.558,142.058,69,4.7,14.8,0.7,2.3,50,
2003/10/05 00:29:00,36.003,137.283,13,4.5,120.6,2.9,3.4,168,
2003/10/07 01:28:00,41.967,142.542,64,4.5,26.2,0.7,2.4,83,
2003/10/07 04:26:00,42.237,144.745,28,5.6,23.9,1.3,2.8,81,
2003/10/07 17:00:00,42.275,145.03,24,4.9,9.0,0.5,1.9,32,
2003/10/07 20:40:00,42.275,144.818,28,4.7,9.4,0.6,2.1,27,
2003/10/08 02:41:00,42.505,144.805,47,5.2,34.7,1.5,3.0,70,
2003/10/08 18:07:00,42.562,144.673,51,6.4,124.2,14.3,4.4,225,
2003/10/08 22:32:00,42.267,144.805,28,5.7,65.3,4.5,3.8,138,
2003/10/09 00:18:00,42.255,144.433,31,4.9,30.1,1.1,2.7,57,
2003/10/09 08:15:00,42.25,144.763,28,5.9,33.2,2.4,3.3,123,
2003/10/09 15:52:00,41.66,143.615,25,5.4,14.4,1.3,2.6,58,
2003/10/10 21:58:00,42.097,144.915,26,5.1,20.1,1.0,2.6,43,
2003/10/11 09:09:00,41.86,144.443,28,6.1,83.3,6.5,4.0,163,
2003/10/11 10:11:00,43.722,147.835,0,5.5,9.9,0.4,2.0,49,
2003/10/12 03:26:00,41.757,143.825,48,5.5,62.6,2.6,3.3,98,
2003/10/12 15:19:00,36.845,135.64,24,4.7,8.4,0.3,1.2,24,
2003/10/14 21:39:00,41.695,144.32,26,5.3,13.1,1.2,2.8,41,
2003/10/15 16:30:00,35.61,140.052,74,5.1,86.6,6.7,4.0,271,
2003/10/18 18:32:00,43.423,143.843,8,4.5,72.1,1.6,3.0,65,
2003/10/20 08:27:00,43.018,145.168,96,4.7,94.4,2.4,3.5,52,
2003/10/27 11:15:00,24.157,123.603,42,4.7,7.2,0.4,1.6,1,
2003/10/29 06:48:00,43.6,147.737,31,6.0,46.6,2.8,3.3,145,
2003/10/31 10:06:00,37.828,142.698,33,6.8,47.4,3.6,3.3,424,
2003/10/31 23:15:00,38.575,139.937,158,5.1,65.7,1.5,2.8,148,
2003/11/01 04:32:00,41.312,142.668,37,4.6,7.3,0.4,1.7,31,
2003/11/01 09:26:00,37.825,143.288,39,5.2,5.6,0.3,1.5,41,
2003/11/01 22:10:00,37.77,143.275,46,6.2,5.0,1.1,2.0,77,
2003/11/02 08:44:00,42.252,144.413,31,4.9,41.2,1.5,3.0,54,
2003/11/02 11:58:00,37.823,143.115,44,5.6,10.9,1.0,2.4,79,
2003/11/03 16:11:00,37.482,142.508,21,5.2,7.4,0.2,1.3,36,
2003/11/12 17:27:00,33.17,137.057,398,6.5,112.4,3.5,3.8,415,
2003/11/14 02:16:00,28.473,130.143,35,4.6,6.2,0.3,1.8,1,
2003/11/14 02:25:00,28.475,130.125,36,4.8,8.3,0.6,2.2,2,
2003/11/14 07:39:00,41.833,142.2,70,4.8,27.6,1.2,2.9,122,
2003/11/15 02:05:00,42.137,144.395,26,5.0,8.1,1.0,2.3,27,
2003/11/15 03:44:00,36.428,141.168,48,5.8,139.6,5.9,4.0,374,
2003/11/23 07:00:00,35.572,141.13,39,5.1,161.5,6.3,3.5,88,
2003/11/24 18:48:00,42.317,142.998,55,4.8,46.8,1.4,3.1,92,
2003/11/24 21:18:00,42.313,143.005,52,5.3,102.0,2.6,3.4,216,
2003/11/30 12:45:00,31.97,130.332,10,4.8,117.9,3.4,3.5,79,
2003/12/03 23:11:00,42.39,144.818,35,5.6,43.6,2.4,3.3,107,
2003/12/08 16:20:00,41.185,142.057,58,4.9,43.0,1.2,2.8,98,
2003/12/12 10:46:00,42.482,143.033,59,5.0,43.6,3.0,3.3,129,
2003/12/13 12:32:00,34.555,134.3,15,4.6,226.4,5.1,3.9,131,
2003/12/19 06:26:00,42.933,146.445,58,4.8,26.0,0.6,2.3,34,
2003/12/22 17:47:00,42.33,144.695,34,5.7,36.8,1.9,3.1,173,
2003/12/22 21:07:00,37.883,138.257,16,4.7,119.1,4.2,3.7,68,
2003/12/27 06:35:00,42.258,144.435,30,5.2,18.3,0.9,2.6,66,
2003/12/29 10:31:00,42.417,144.758,39,6.0,82.8,3.5,3.7,187,
2003/12/30 16:35:00,43.025,146.967,51,5.5,17.3,0.6,2.4,73,
2004/01/02 13:41:00,42.352,144.82,33,4.9,13.7,0.7,2.1,38,
2004/01/02 18:22:00,34.178,140.415,64,4.5,25.8,1.0,2.4,12,
2004/01/06 14:50:00,34.212,136.717,37,5.4,395.3,6.5,4.0,246,
2004/01/13 05:12:00,42.183,143.377,43,4.6,129.9,5.7,3.9,27,
2004/01/15 09:10:00,43.853,146.177,106,5.1,36.5,2.1,2.8,41,
2004/01/19 03:16:00,42.802,145.027,49,4.7,29.0,1.0,2.6,59,
2004/01/23 18:01:00,37.258,141.13,66,5.3,189.5,5.0,3.8,271,
2004/01/27 13:20:00,32.72,140.637,72,5.0,27.4,0.8,2.6,7,
2004/02/04 15:08:00,40.14,141.898,63,5.3,150.2,4.6,3.9,207,
2004/02/08 19:30:00,43.08,145.862,47,4.9,58.0,1.1,2.7,44,
2004/02/15 21:53:00,42.353,143.118,51,4.8,135.2,4.7,3.7,106,
2004/02/17 01:30:00,32.71,140.63,75,4.5,10.0,0.3,1.6,1,
2004/02/17 16:46:00,43.092,145.997,46,5.6,262.2,7.4,4.4,101,
2004/02/26 13:33:00,24.103,123.137,69,5.5,11.0,0.4,1.7,3,
2004/02/27 11:49:00,38.783,141.623,70,4.6,232.4,2.3,3.0,103,
2004/02/28 18:33:00,36.69,142.153,24,4.7,11.1,0.5,2.1,73,
2004/03/01 21:27:00,31.85,130.633,178,4.6,27.1,0.9,2.7,58,
2004/03/03 04:37:00,42.875,146.522,37,5.4,21.3,0.8,2.4,32,
2004/03/11 11:35:00,36.318,141.01,48,5.3,108.3,3.2,3.7,194,
2004/03/15 07:38:00,37.65,138.395,24,4.7,74.8,2.2,3.2,96,
2004/03/15 12:59:00,36.3,141.797,67,4.9,7.2,0.4,1.6,53,
2004/03/18 16:04:00,42.307,144.723,32,5.3,15.0,0.8,2.3,82,
2004/03/19 04:25:00,42.105,144.027,64,4.9,41.4,1.4,3.0,62,
2004/03/27 00:20:00,41.755,144.375,37,5.8,31.8,2.3,3.2,102,
2004/04/03 18:56:00,37.18,142.065,38,4.9,15.5,0.3,1.7,43,
2004/04/04 08:02:00,36.387,141.157,49,5.8,121.8,4.5,4.0,349,
2004/04/07 22:47:00,34.282,140.487,46,4.9,115.3,3.4,3.8,116,
2004/04/12 03:06:00,42.828,144.997,47,5.8,289.9,11.6,4.6,187,
2004/04/12 14:15:00,42.868,145.107,48,4.8,88.2,3.0,3.6,60,
2004/04/20 22:26:00,33.465,132.247,48,4.6,49.3,1.0,2.7,144,
2004/04/21 12:10:00,31.562,131.852,25,4.7,18.4,1.0,2.6,51,
2004/04/21 12:21:00,31.56,131.84,25,5.0,37.4,1.8,3.1,67,
2004/04/23 07:16:00,40.737,142.488,66,4.9,32.2,1.0,2.7,123,
2004/05/06 22:40:00,42.482,145.127,44,5.4,18.3,1.0,2.5,66,
2004/05/06 22:43:00,42.472,145.12,43,5.7,79.9,4.5,3.8,114,
2004/05/16 00:37:00,37.3,141.76,44,4.6,18.6,0.4,2.1,60,
2004/05/20 06:04:00,27.293,128.442,45,5.1,91.7,2.7,3.5,7,
2004/05/21 23:27:00,43.735,144.705,0,4.8,152.1,4.3,3.9,53,
2004/05/29 12:47:00,37.66,142.023,38,5.9,58.2,5.4,3.7,323,
2004/05/30 05:56:00,34.103,141.862,23,6.7,1.8,0.8,0.8,11,
2004/05/30 19:39:00,44.007,147.647,24,5.0,24.5,0.7,2.5,37,
2004/05/31 11:19:00,25.495,126.477,80,5.1,2.8,0.1,0.8,1,
2004/06/07 13:14:00,42.538,144.435,78,4.9,86.8,3.5,3.5,108,
2004/06/08 08:05:00,34.21,135.077,8,4.5,88.2,1.3,2.7,58,
2004/06/11 03:12:00,42.318,143.133,48,5.2,126.3,4.3,3.8,190,
2004/06/12 02:05:00,40.03,142.202,55,4.6,168.6,4.3,4.0,86,
2004/06/13 14:55:00,39.235,144.025,65,5.3,22.1,0.6,2.5,156,
2004/06/18 17:21:00,29.735,130.0,13,4.5,6.2,0.1,0.9,1,
2004/06/20 14:39:00,33.462,140.847,65,5.1,13.7,0.5,1.9,5,
2004/06/27 04:43:00,37.493,141.597,45,4.8,67.5,1.3,2.8,125,
2004/07/03 03:59:00,40.893,143.243,23,5.2,11.6,0.4,1.9,51,
2004/07/04 03:44:00,40.528,141.485,105,4.5,27.3,1.1,2.6,88,
2004/07/04 21:31:00,42.047,142.488,62,4.9,56.6,2.1,3.4,176,
2004/07/05 18:22:00,37.907,141.873,42,4.7,14.5,0.3,1.8,61,
2004/07/07 23:13:00,42.442,145.365,49,5.0,12.9,0.4,1.8,44,
2004/07/10 20:07:00,36.077,139.888,48,4.7,102.0,2.5,3.4,190,
2004/07/17 15:10:00,34.833,140.358,69,5.5,74.6,4.0,3.6,296,
2004/07/19 23:37:00,36.757,141.682,34,4.7,17.9,0.6,2.3,81,
2004/07/20 05:58:00,42.527,143.1,98,5.0,99.6,5.8,4.0,201,
2004/07/21 09:11:00,40.855,143.398,37,5.5,18.3,0.7,2.4,89,
2004/07/21 09:38:00,40.863,143.297,30,5.4,19.2,1.2,2.6,78,
2004/07/22 17:23:00,37.762,141.825,40,4.5,12.0,0.4,1.8,29,
2004/07/22 18:45:00,26.437,129.035,32,6.1,40.9,2.7,3.4,9,
2004/07/25 03:54:00,26.463,128.913,33,5.9,12.5,0.9,2.2,2,
2004/07/27 00:55:00,35.755,137.11,11,4.5,316.3,4.2,3.3,228,
2004/07/27 17:44:00,42.94,145.308,86,4.6,86.1,2.2,3.3,59,
2004/07/29 13:08:00,42.428,143.107,50,4.7,43.2,1.0,2.7,85,
2004/07/31 00:44:00,34.045,140.348,72,4.7,9.8,0.4,1.8,30,
2004/08/06 03:23:00,35.612,140.058,75,4.6,70.8,2.9,3.6,200,
2004/08/10 15:13:00,39.67,142.135,48,5.8,190.3,10.1,4.5,234,
2004/08/10 22:49:00,41.713,139.353,23,4.5,27.1,0.6,2.4,24,
2004/08/17 12:01:00,41.537,143.503,47,5.1,15.9,0.6,2.1,54,
2004/08/17 13:16:00,41.528,143.472,49,4.9,19.3,0.7,2.4,36,
2004/08/17 13:25:00,41.508,143.48,47,4.7,11.9,0.6,2.2,18,
2004/08/19 20:40:00,37.078,141.463,73,5.0,82.7,2.6,3.4,191,
2004/08/21 02:38:00,23.877,123.368,30,5.6,7.8,0.5,1.7,1,
2004/08/21 05:33:00,35.033,141.483,38,5.4,2.2,0.2,1.1,15,
2004/09/01 11:49:00,36.918,141.783,31,5.6,47.9,1.9,3.1,274,
2004/09/01 20:07:00,28.848,129.847,45,5.2,9.7,0.6,2.1,3,
2004/09/01 23:10:00,28.863,129.86,42,4.7,8.2,0.6,2.2,2,
2004/09/05 03:25:00,41.927,142.3,69,4.5,25.2,0.9,2.5,78,
2004/09/05 19:07:00,33.028,136.8,38,6.9,229.9,7.5,4.5,752,
2004/09/05 19:16:00,33.123,137.193,43,4.8,16.8,0.4,1.7,50,
2004/09/05 19:17:00,33.038,136.84,41,5.0,12.5,0.3,1.6,20,
2004/09/05 19:25:00,33.108,136.7,43,5.0,20.5,0.6,2.2,58,
2004/09/05 21:42:00,33.017,136.933,34,4.6,15.2,0.3,1.5,34,
2004/09/05 23:57:00,33.143,137.142,44,7.4,397.2,10.7,4.7,793,
2004/09/06 05:30:00,33.285,136.908,37,5.9,16.8,0.7,2.5,116,
2004/09/06 19:29:00,33.283,137.167,40,4.5,7.5,0.2,1.1,34,
2004/09/07 08:29:00,33.355,137.295,41,6.4,111.2,3.7,3.9,558,
2004/09/08 03:36:00,33.222,137.192,40,5.5,48.5,1.7,3.2,303,
2004/09/08 23:40:00,32.96,137.32,43,5.4,8.8,0.2,1.7,63,
2004/09/08 23:58:00,33.113,137.29,36,6.5,37.8,1.4,3.0,297,
2004/09/09 23:36:00,41.932,142.317,68,4.6,23.3,0.9,2.5,72,
2004/09/10 11:05:00,32.973,136.733,30,5.6,8.5,0.3,1.4,51,
2004/09/10 13:22:00,42.353,143.105,51,5.1,97.7,2.4,3.4,175,
2004/09/14 16:41:00,27.97,127.975,106,4.7,6.1,0.2,1.1,1,
2004/09/16 00:36:00,33.245,140.968,46,4.5,6.6,0.1,1.1,1,
2004/09/22 20:04:00,41.373,141.567,109,4.8,56.9,2.2,3.3,154,
2004/10/03 03:13:00,28.075,128.063,6,5.3,2.5,0.1,0.6,1,
2004/10/05 08:33:00,35.93,136.38,12,4.8,457.0,7.1,4.0,271,
2004/10/06 07:10:00,24.79,125.38,50,4.5,17.2,0.5,1.7,2,
2004/10/06 23:40:00,35.985,140.092,66,5.7,189.7,9.8,4.5,384,
2004/10/08 04:26:00,42.34,143.12,50,5.1,110.7,3.8,3.8,134,
2004/10/15 13:09:00,24.598,122.828,83,6.6,76.3,4.2,3.8,7,
2004/10/17 02:19:00,36.27,141.405,48,5.5,32.1,1.2,2.8,215,
2004/10/17 03:54:00,36.252,141.332,49,5.7,44.7,1.6,3.1,267,
2004/10/17 07:05:00,33.202,137.193,41,4.8,7.3,0.2,1.1,31,
2004/10/21 19:09:00,28.82,129.242,21,4.9,6.7,0.2,1.3,4,
2004/10/22 04:38:00,36.3,137.92,228,4.7,13.0,0.3,1.9,58,
2004/10/23 17:56:00,37.288,138.87,13,6.8,1750.2,135.3,6.7,614,
2004/10/23 17:59:00,37.308,138.858,16,5.3,49.7,2.6,3.2,193,
2004/10/23 18:03:00,37.35,138.985,9,6.3,826.5,42.2,5.8,458,
2004/10/23 18:07:00,37.345,138.867,15,5.7,500.2,21.8,5.1,245,
2004/10/23 18:12:00,37.25,138.832,12,6.0,359.1,17.2,4.9,422,
2004/10/23 18:13:00,37.39,138.957,9,4.8,15.3,0.4,1.5,16,
2004/10/23 18:28:00,37.217,138.835,11,4.6,190.3,10.1,4.4,68,
2004/10/23 18:34:00,37.303,138.932,14,6.5,989.6,64.1,6.1,563,
2004/10/23 18:36:00,37.252,138.943,7,5.1,143.3,5.8,4.1,146,
2004/10/23 18:54:00,37.382,138.958,8,4.7,178.6,6.3,4.0,98,
2004/10/23 18:57:00,37.203,138.867,8,5.3,146.4,4.3,3.7,217,
2004/10/23 19:36:00,37.213,138.827,11,5.3,332.0,19.1,5.0,215,
2004/10/23 19:46:00,37.292,138.878,12,5.7,469.2,40.8,5.5,344,
2004/10/23 20:17:00,37.207,138.828,8,4.7,84.1,3.0,3.4,48,
2004/10/23 20:55:00,37.208,138.8,10,4.5,182.8,2.5,3.0,34,
2004/10/23 21:44:00,37.268,138.945,15,5.0,206.2,6.2,4.0,136,
2004/10/23 23:34:00,37.313,138.908,20,5.3,262.8,9.7,4.4,285,
2004/10/24 04:00:00,37.165,138.945,5,4.7,8.0,0.7,1.9,2,
2004/10/24 09:28:00,37.213,138.895,12,4.8,227.4,16.6,5.0,148,
2004/10/24 10:06:00,37.303,138.93,10,4.5,153.7,3.8,3.6,50,
2004/10/24 14:21:00,37.242,138.828,11,5.0,495.3,36.8,5.6,101,
2004/10/24 16:06:00,37.292,138.895,12,4.6,146.7,13.4,4.6,67,
2004/10/24 23:00:00,37.173,138.95,2,5.1,66.4,3.7,3.8,32,
2004/10/25 00:28:00,37.198,138.873,10,5.3,432.8,30.4,5.1,241,
2004/10/25 00:56:00,37.121,138.888,10,4.5,29.0,0.4,1.7,36,
2004/10/25 01:15:00,36.565,141.165,46,4.5,28.1,0.6,2.4,82,
2004/10/25 01:27:00,37.162,138.763,6,4.7,135.8,5.5,4.1,63,
2004/10/25 06:05:00,37.327,138.95,15,5.8,471.5,27.6,5.2,364,
2004/10/25 06:07:00,37.315,138.958,14,4.8,93.1,4.2,3.4,83,
2004/10/27 10:40:00,37.288,139.035,12,6.1,570.2,44.1,5.6,486,
2004/11/01 04:35:00,37.208,138.903,8,5.0,121.9,8.9,4.2,200,
2004/11/02 22:04:00,38.8,142.878,19,5.4,19.3,0.5,2.2,105,
2004/11/04 05:28:00,30.572,131.162,30,4.7,11.5,0.3,1.6,11,
2004/11/04 08:57:00,37.427,138.918,18,5.2,375.4,22.7,4.8,241,
2004/11/04 23:03:00,43.45,146.923,60,5.8,107.5,3.5,3.7,148,
2004/11/06 02:53:00,37.358,139.003,0,5.1,124.5,4.0,3.9,145,
2004/11/06 15:16:00,37.367,139.007,1,4.5,56.1,1.8,3.1,66,
2004/11/07 11:02:00,47.502,144.753,507,6.0,8.9,0.5,2.0,31,
2004/11/08 11:16:00,37.392,139.035,0,5.9,323.2,18.8,4.8,331,
2004/11/08 11:27:00,37.39,139.025,0,5.0,323.5,17.1,4.6,100,
2004/11/08 11:32:00,37.388,139.05,6,5.1,230.7,9.1,4.4,179,
2004/11/08 11:43:00,37.378,139.042,2,4.7,147.9,8.7,4.2,75,
2004/11/09 00:07:00,33.783,138.413,51,5.7,19.9,0.9,2.6,199,
2004/11/09 00:54:00,23.963,122.428,32,6.4,6.3,0.7,2.0,2,
2004/11/09 04:16:00,37.35,139.002,0,5.0,102.7,3.1,3.3,153,
2004/11/10 03:43:00,37.367,139.003,5,5.3,256.9,8.9,4.5,186,
2004/11/11 19:03:00,42.077,144.488,39,6.3,85.9,9.8,4.3,218,
2004/11/15 02:37:00,41.725,144.212,33,5.2,10.8,0.7,2.3,44,
2004/11/15 03:44:00,41.735,144.233,30,5.7,22.7,1.9,3.0,99,
2004/11/15 09:39:00,37.38,139.0,0,4.7,112.4,4.7,3.7,49,
2004/11/19 17:40:00,38.818,141.58,75,4.5,49.2,1.0,2.5,89,
2004/11/22 23:57:00,41.73,144.235,33,5.1,11.9,0.9,2.5,46,
2004/11/27 07:42:00,42.323,143.083,51,5.6,199.6,6.7,4.2,229,
2004/11/29 03:32:00,42.943,145.278,48,7.1,879.5,41.6,5.6,433,
2004/11/29 03:36:00,42.88,145.238,46,6.0,277.0,14.2,4.5,121,
2004/11/29 04:02:00,42.977,145.435,47,4.5,108.3,2.1,3.2,42,
2004/11/29 17:00:00,42.983,145.412,48,4.9,103.4,3.2,3.5,46,
2004/11/30 01:36:00,42.855,145.325,45,4.6,31.6,1.2,2.8,49,
2004/12/06 04:45:00,41.488,142.06,65,4.6,35.3,1.0,2.8,92,
2004/12/06 23:15:00,42.845,145.347,46,6.9,447.7,30.7,5.3,403,
2004/12/07 18:30:00,42.935,145.02,51,4.5,61.4,2.5,2.9,51,
2004/12/12 14:28:00,31.763,129.183,15,5.1,37.4,2.4,3.2,58,
2004/12/12 15:58:00,31.755,129.17,15,4.7,12.2,0.7,2.1,17,
2004/12/13 07:53:00,31.755,129.187,16,4.9,24.9,1.5,2.9,32,
2004/12/14 02:27:00,31.753,129.162,19,5.3,26.4,1.3,2.8,45,
2004/12/14 14:56:00,44.073,141.703,9,6.1,1176.7,78.3,5.9,166,
2004/12/14 15:01:00,44.08,141.72,9,4.7,121.1,4.2,3.9,59,
2004/12/14 17:54:00,44.09,141.657,7,4.8,119.7,8.7,4.4,58,
2004/12/15 02:29:00,44.095,141.62,0,4.6,216.0,8.1,4.1,21,
2004/12/19 06:32:00,42.195,142.975,50,4.5,9.8,0.4,1.7,57,
2004/12/19 14:22:00,36.29,141.64,62,5.1,11.1,0.5,2.1,93,
2004/12/19 19:16:00,38.042,142.758,29,4.7,5.5,0.3,1.4,53,
2004/12/22 00:34:00,42.923,145.512,45,5.7,136.7,5.7,4.0,147,
2004/12/22 11:56:00,30.682,131.14,39,4.6,21.1,0.6,2.3,21,
2004/12/23 21:03:00,37.392,138.955,11,4.5,183.8,7.9,4.0,94,
2004/12/28 18:30:00,37.318,138.985,8,5.0,134.0,7.4,4.0,142,
2004/12/29 22:59:00,38.445,142.183,39,5.5,65.3,1.2,2.9,159,
2004/12/30 22:29:00,38.938,141.635,73,5.0,170.4,3.4,3.6,152,
2005/01/01 05:14:00,36.78,140.985,89,5.0,191.5,5.2,4.2,297,
2005/01/06 22:00:00,41.454,142.107,61,5.3,43.8,2.0,3.3,174,
2005/01/09 18:59:00,35.309,136.853,13,4.7,137.8,7.0,4.1,205,
2005/01/13 05:03:00,42.405,145.521,43,5.1,30.2,1.2,2.6,46,
2005/01/18 21:50:00,37.367,139.0,8,4.7,554.7,19.6,4.5,99,
2005/01/18 23:09:00,42.872,145.011,50,6.4,240.7,15.7,4.5,326,
2005/01/23 08:41:00,42.62,142.976,106,4.5,35.2,2.3,3.0,85,
2005/01/28 04:49:00,42.875,145.097,48,4.5,73.3,1.9,3.3,46,
2005/01/31 18:39:00,41.76,143.821,48,5.4,39.7,2.3,3.2,100,
2005/02/05 10:16:00,36.739,142.05,36,5.0,13.5,0.5,2.0,74,
2005/02/08 11:29:00,36.137,140.088,67,4.8,70.0,2.5,3.3,248,
2005/02/16 04:46:00,36.032,139.898,45,5.4,344.5,13.4,4.8,312,
2005/02/26 21:37:00,40.682,142.599,45,5.7,130.8,6.2,4.3,259,
2005/03/01 12:21:00,24.809,125.399,50,4.5,22.5,0.5,2.1,2,
2005/03/12 03:47:00,43.009,144.864,61,5.1,140.8,4.4,3.9,100,
2005/03/16 22:23:00,43.389,146.577,46,5.3,20.7,0.6,2.5,54,
2005/03/17 07:41:00,34.782,139.693,134,4.5,7.3,0.6,1.8,47,
2005/03/18 09:38:00,44.231,141.112,0,5.0,30.3,1.2,2.7,54,
2005/03/20 10:53:00,33.735,130.177,9,7.0,360.4,63.1,5.5,564,
2005/03/20 14:32:00,33.794,130.089,12,4.5,9.8,0.2,1.3,24,
2005/03/20 19:52:00,33.797,130.092,13,4.7,16.7,0.3,1.6,56,
2005/03/20 20:38:00,33.742,130.172,11,4.5,30.3,1.6,3.0,72,
2005/03/21 23:59:00,33.782,130.102,12,4.8,33.7,1.0,2.2,87,
2005/03/22 15:55:00,33.722,130.179,11,5.4,46.1,1.2,2.9,109,
2005/03/24 15:18:00,40.822,143.069,9,4.7,8.9,0.5,2.1,28,
2005/04/03 17:41:00,37.199,139.95,5,4.5,200.0,4.7,4.0,75,
2005/04/04 02:57:00,37.369,141.756,44,5.3,90.5,7.7,3.9,220,
2005/04/10 20:34:00,33.665,130.284,5,5.0,78.7,4.5,3.8,70,
2005/04/11 07:22:00,35.724,140.623,52,6.1,232.6,23.7,5.0,368,
2005/04/19 10:46:00,29.728,139.656,441,6.0,6.3,0.4,1.5,56,
2005/04/20 06:11:00,33.674,130.289,14,5.8,370.7,22.6,4.9,278,
2005/04/20 06:22:00,33.675,130.29,13,4.7,54.7,1.3,2.7,96,
2005/04/20 06:44:00,33.677,130.295,12,4.5,67.4,3.0,3.1,87,
2005/04/20 09:09:00,33.675,130.285,13,5.1,101.5,5.3,3.7,174,
2005/04/24 13:00:00,33.341,140.868,42,4.8,8.1,0.2,1.3,1,
2005/05/02 01:24:00,33.667,130.322,11,5.0,101.8,3.1,3.7,133,
2005/05/08 15:04:00,36.627,139.495,10,4.5,194.4,5.6,4.0,164,
2005/05/11 08:50:00,43.698,143.362,166,5.2,13.1,0.5,1.9,119,
2005/05/12 04:23:00,32.072,132.02,30,4.5,27.2,0.8,2.2,58,
2005/05/15 15:55:00,36.625,139.486,9,4.8,453.7,18.9,5.3,164,
2005/05/15 19:01:00,35.752,140.705,51,4.7,9.6,0.4,1.8,58,
2005/05/19 01:33:00,42.917,144.724,58,4.8,87.0,6.0,4.1,102,
2005/05/19 10:14:00,35.555,141.085,33,5.4,28.1,1.6,2.8,103,
2005/05/21 07:01:00,38.852,142.261,18,5.1,30.8,1.4,2.9,110,
2005/05/25 20:31:00,33.32,132.29,54,4.6,62.2,2.0,3.3,154,
2005/05/27 03:17:00,33.999,133.7,42,4.7,181.4,3.7,3.6,171,
2005/05/27 17:07:00,38.534,140.583,109,4.9,18.2,1.9,2.8,162,
2005/05/30 07:34:00,35.687,140.71,51,4.7,31.8,1.4,2.8,39,
2005/05/30 20:18:00,32.196,141.016,11,5.4,5.2,0.2,1.1,1,
2005/05/31 11:04:00,31.301,131.547,29,5.8,85.6,8.2,4.2,170,
2005/06/03 04:16:00,32.492,130.549,11,4.8,144.9,5.1,3.6,163,
2005/06/09 09:28:00,35.627,140.083,72,4.5,38.6,1.7,3.1,145,
2005/06/16 23:42:00,42.947,145.597,43,4.7,96.2,2.5,3.5,47,
2005/06/20 01:15:00,35.73,140.696,51,5.6,98.2,7.2,4.0,276,
2005/06/20 13:03:00,37.225,138.593,15,5.0,132.7,6.2,3.8,131,
2005/06/20 14:04:00,35.754,136.858,9,4.6,193.7,4.4,3.6,197,
2005/06/23 03:42:00,42.142,144.396,26,4.9,24.4,1.6,2.8,51,
2005/06/24 22:08:00,36.44,141.056,46,4.5,44.2,1.2,2.6,99,
2005/06/29 23:18:00,34.422,129.28,17,4.6,215.9,3.7,3.6,5,
2005/07/02 09:32:00,39.507,143.436,40,5.5,13.8,1.2,2.8,101,
2005/07/06 05:10:00,39.589,143.396,24,5.2,5.4,0.3,1.5,33,
2005/07/10 08:37:00,33.503,141.136,55,5.8,44.3,2.2,3.2,53,
2005/07/11 07:27:00,36.41,141.043,48,4.7,99.9,3.1,3.7,124,
2005/07/23 16:35:00,35.579,140.141,73,6.0,213.0,21.1,4.9,446,
2005/07/23 16:37:00,35.604,140.135,68,4.5,25.6,1.3,2.9,152,
2005/07/24 18:12:00,35.204,140.19,66,4.5,27.7,1.0,2.7,74,
2005/07/28 19:15:00,36.122,139.848,51,5.0,204.8,5.9,3.9,260,
2005/08/07 01:05:00,35.555,140.116,73,4.7,45.5,1.6,3.1,182,
2005/08/07 23:28:00,41.534,142.932,29,4.6,17.9,1.1,2.6,28,
2005/08/08 00:06:00,36.335,141.448,46,5.6,34.6,1.5,2.9,243,
2005/08/10 15:12:00,37.052,141.51,78,4.6,28.7,1.0,2.5,99,
2005/08/15 19:57:00,29.584,130.117,26,4.5,3.4,0.1,0.3,1,
2005/08/16 08:29:00,42.349,143.046,51,4.6,55.9,1.9,3.3,89,
2005/08/16 11:46:00,38.147,142.282,42,7.2,564.1,21.6,5.2,847,
2005/08/16 11:52:00,38.182,142.157,38,4.6,30.1,0.4,1.9,55,
2005/08/16 13:55:00,38.285,142.071,43,4.5,30.1,0.5,1.9,47,
2005/08/21 11:29:00,37.295,138.715,17,5.0,193.3,10.6,4.6,212,
2005/08/24 19:15:00,38.44,143.089,14,6.3,17.7,1.7,2.8,207,
2005/08/26 07:28:00,37.66,143.591,10,5.4,3.4,0.4,1.6,19,
2005/08/27 15:46:00,43.352,146.854,48,4.7,42.4,1.1,2.9,27,
2005/08/30 01:15:00,43.102,144.592,77,4.5,47.9,0.9,2.6,47,
2005/08/31 03:11:00,38.407,143.484,22,6.3,15.1,1.4,2.8,176,
2005/09/03 01:24:00,41.477,141.979,64,4.9,28.5,0.7,2.4,132,
2005/09/09 16:15:00,35.587,140.95,38,5.0,28.2,1.4,2.6,30,
2005/09/11 05:06:00,37.06,141.176,50,4.5,39.1,1.2,2.6,99,
2005/09/12 04:28:00,38.159,142.192,42,4.7,15.8,0.3,1.7,75,
2005/09/21 11:25:00,43.705,146.401,103,6.0,177.9,6.2,4.1,205,
2005/09/28 20:20:00,39.252,140.363,150,4.8,18.7,0.6,2.0,97,
2005/10/03 13:59:00,36.149,136.765,1,4.5,25.9,0.6,2.0,12,
2005/10/12 13:30:00,37.909,141.872,43,4.7,23.9,0.5,2.0,75,
2005/10/16 00:51:00,25.348,123.405,175,6.5,38.5,2.0,3.2,10,
2005/10/16 16:05:00,36.035,139.94,47,5.1,224.3,8.2,4.1,250,
2005/10/18 01:13:00,40.745,139.158,12,5.4,29.4,1.1,2.8,85,
2005/10/18 01:15:00,40.777,139.121,14,5.3,9.0,0.3,1.7,15,
2005/10/18 03:48:00,37.93,141.914,43,4.8,22.7,0.6,2.1,108,
2005/10/19 20:44:00,36.379,141.045,48,6.3,279.3,15.0,4.9,438,
2005/10/22 22:12:00,37.075,141.123,52,5.6,156.7,8.0,4.0,275,
2005/10/23 19:08:00,37.349,134.758,411,6.1,19.2,0.7,2.2,130,
2005/10/24 18:35:00,38.492,142.126,39,4.8,52.2,0.8,2.4,98,
2005/10/29 08:39:00,43.057,145.666,48,4.7,68.7,1.7,3.0,51,
2005/11/01 11:01:00,39.064,140.816,9,4.6,340.8,8.0,4.2,77,
2005/11/04 01:02:00,37.434,138.48,28,4.8,72.0,2.4,3.2,128,
2005/11/07 19:35:00,40.095,142.824,24,4.9,11.5,0.6,2.2,67,
2005/11/12 06:02:00,36.48,140.858,57,4.6,121.6,2.6,3.4,127,
2005/11/15 06:39:00,38.027,144.892,83,7.1,84.4,2.8,3.6,659,
2005/11/16 06:17:00,36.305,141.068,48,4.8,35.7,0.8,2.7,104,
2005/11/17 10:53:00,36.299,141.068,48,4.7,21.8,0.6,2.3,78,
2005/11/22 00:36:00,30.943,130.339,146,6.0,110.4,2.6,3.5,260,
2005/12/02 22:13:00,38.069,142.357,40,6.6,56.0,2.6,3.2,417,
2005/12/04 01:10:00,29.209,130.44,69,6.1,18.0,1.6,3.0,27,
2005/12/04 01:24:00,29.229,130.474,72,5.2,7.1,0.6,2.2,2,
2005/12/04 01:49:00,29.269,130.514,67,5.3,8.2,0.6,2.2,1,
2005/12/04 19:23:00,29.279,130.547,63,5.0,2.6,0.2,1.2,1,
2005/12/05 03:03:00,40.164,142.639,30,5.0,23.4,0.8,2.5,105,
2005/12/05 07:20:00,37.864,142.659,25,5.5,20.1,1.2,2.7,193,
2005/12/08 13:05:00,38.77,141.882,68,4.5,50.6,0.7,2.4,109,
2005/12/10 18:32:00,32.03,132.049,20,4.5,14.7,0.4,1.9,36,
2005/12/13 06:01:00,43.206,139.417,29,5.5,116.9,2.3,3.4,66,
2005/12/15 16:41:00,29.414,129.989,53,4.8,9.5,0.2,1.4,4,
2005/12/17 03:32:00,38.445,142.184,40,6.1,302.1,5.4,4.1,393,
2005/12/24 11:02:00,35.227,136.843,43,4.8,189.2,5.6,3.8,216,
2005/12/28 18:46:00,36.179,140.03,53,4.8,427.6,11.8,4.6,225,
2005/12/29 00:41:00,43.09,145.554,48,4.5,85.7,2.4,3.3,33,
2005/12/31 22:26:00,33.122,131.4,123,4.5,24.1,0.9,2.6,129,
2006/01/03 19:54:00,24.669,125.15,33,4.5,14.2,0.5,1.6,2,
2006/01/03 21:26:00,41.315,142.659,35,4.7,23.7,0.9,2.6,79,
2006/01/18 23:25:00,37.795,142.204,36,5.7,60.7,2.7,3.2,249,
2006/02/01 04:23:00,38.392,142.312,36,4.5,29.7,0.4,2.1,73,
2006/02/01 20:36:00,35.757,140.006,101,5.1,86.6,3.7,3.5,342,
2006/02/03 13:03:00,37.869,141.884,42,4.5,37.8,0.6,2.4,96,
2006/02/03 13:37:00,36.21,141.613,62,5.9,26.8,2.0,2.9,305,
2006/02/03 13:39:00,36.244,141.48,53,4.9,21.0,0.6,2.4,106,
2006/02/03 14:38:00,36.209,141.605,60,4.9,15.7,0.6,2.3,99,
2006/02/03 14:41:00,36.217,141.583,63,5.0,18.8,0.7,2.4,116,
2006/02/03 15:10:00,36.225,141.615,63,5.3,13.9,0.6,2.1,115,
2006/02/04 00:12:00,32.08,129.88,12,5.1,123.6,8.8,4.2,102,
2006/02/09 22:05:00,37.794,142.172,35,4.6,9.4,0.3,1.6,74,
2006/02/13 17:23:00,38.414,139.933,9,4.8,311.0,13.2,4.5,110,
2006/03/02 03:40:00,28.056,129.012,15,4.9,49.4,1.3,3.0,6,
2006/03/05 03:38:00,33.769,137.608,353,5.3,10.5,0.5,1.9,83,
2006/03/10 17:55:00,36.724,141.181,75,4.5,49.7,1.6,3.1,129,
2006/03/10 20:07:00,24.356,122.985,48,4.8,6.5,0.2,1.1,2,
2006/03/11 07:24:00,24.351,123.0,48,4.5,4.7,0.1,0.6,1,
2006/03/12 07:06:00,40.112,142.457,35,5.0,44.8,1.2,3.0,128,
2006/03/13 13:06:00,36.052,141.768,59,5.1,7.9,0.3,1.7,44,
2006/03/13 13:15:00,36.064,141.673,56,5.1,7.3,0.4,1.8,73,
2006/03/22 20:16:00,37.855,142.429,36,4.5,6.8,0.2,1.3,38,
2006/03/25 07:16:00,42.32,142.986,51,4.8,21.1,0.9,2.4,83,
2006/03/27 11:50:00,32.599,132.159,35,5.5,218.3,16.5,5.1,210,
2006/03/28 22:33:00,31.831,138.153,439,6.0,18.1,1.0,2.6,181,
2006/03/29 19:28:00,37.199,141.55,76,4.8,46.6,1.6,3.2,152,
2006/04/05 04:30:00,24.591,122.805,93,5.2,7.4,0.5,1.7,2,
2006/04/09 09:37:00,41.595,142.842,51,4.6,30.9,1.4,2.8,83,
2006/04/10 09:21:00,37.497,141.281,80,4.7,48.6,1.5,3.0,156,
2006/04/10 20:26:00,43.613,144.911,120,5.1,39.5,2.4,3.0,78,
2006/04/11 17:46:00,34.675,140.601,66,5.0,79.1,3.6,3.8,96,
2006/04/13 13:27:00,41.752,142.897,43,5.3,56.6,3.5,3.4,145,
2006/04/16 20:48:00,30.239,139.028,454,5.7,15.0,1.0,2.5,75,
2006/04/18 19:38:00,42.214,144.409,32,4.8,26.4,0.9,2.5,69,
2006/04/21 02:50:00,34.937,139.198,7,5.8,333.7,24.1,5.0,249,
2006/04/21 03:20:00,34.945,139.198,8,4.5,154.8,7.1,4.1,74,
2006/04/21 23:17:00,34.937,139.203,9,4.5,167.6,8.3,4.3,74,
2006/04/22 01:44:00,34.885,139.205,1,4.8,30.5,1.5,2.9,27,
2006/04/22 23:36:00,38.699,141.824,66,4.6,315.7,5.6,3.6,147,
2006/04/24 13:28:00,38.285,139.828,154,4.8,15.6,0.4,1.9,98,
2006/04/26 14:55:00,41.934,142.324,70,4.5,18.9,0.7,2.4,70,
2006/04/26 23:10:00,42.029,142.597,61,4.6,26.7,0.9,2.5,120,
2006/04/30 13:10:00,35.07,139.11,6,4.5,66.9,2.2,3.2,57,
2006/05/02 18:24:00,34.914,139.333,15,5.1,469.8,23.3,4.9,207,
2006/05/03 22:07:00,42.832,145.074,48,4.8,44.3,1.5,2.8,86,
2006/05/06 20:45:00,38.439,142.226,38,4.5,10.7,0.3,1.5,53,
2006/05/12 01:09:00,42.924,145.831,56,5.0,91.4,2.0,3.2,66,
2006/05/15 01:42:00,34.22,135.223,3,4.5,260.6,3.7,3.5,109,
2006/05/20 13:58:00,35.199,140.115,74,4.7,117.8,6.9,4.1,106,
2006/05/21 16:22:00,38.717,142.271,39,4.6,19.5,0.4,1.8,47,
2006/06/06 08:17:00,42.425,147.379,60,4.9,22.7,0.6,2.4,34,
2006/06/12 05:01:00,33.13,131.409,146,6.2,206.5,8.4,4.5,492,
2006/06/13 11:40:00,42.699,143.424,86,4.7,114.9,2.8,3.6,139,
2006/06/16 23:21:00,34.722,140.656,54,4.6,20.9,0.9,2.4,18,
2006/06/17 03:29:00,46.226,144.736,387,5.5,16.7,1.0,2.7,91,
2006/06/17 05:19:00,40.369,143.774,22,5.6,7.3,0.7,2.2,61,
2006/06/17 13:51:00,40.139,142.467,35,4.6,44.9,1.1,2.9,88,
2006/06/20 06:47:00,35.804,140.116,66,4.6,26.2,1.3,2.7,225,
2006/06/22 19:53:00,44.799,149.51,111,5.8,14.3,0.7,2.3,92,
2006/06/25 21:33:00,43.983,146.807,79,4.8,10.7,0.6,2.2,26,
2006/06/27 04:05:00,24.339,123.467,53,4.6,12.9,0.6,2.0,2,
2006/07/01 08:28:00,38.465,142.159,40,5.3,155.5,2.5,3.3,195,
2006/07/06 02:08:00,40.147,142.434,36,5.4,61.4,1.6,3.3,167,
2006/07/09 17:48:00,34.349,139.158,11,4.8,80.6,2.7,3.4,18,
2006/07/11 15:47:00,40.63,142.679,31,4.5,16.5,0.5,2.2,63,
2006/07/13 22:21:00,29.573,130.15,26,4.5,2.9,0.2,1.0,2,
2006/07/28 16:40:00,24.038,122.473,40,6.2,5.3,0.4,1.8,2,
2006/08/12 20:11:00,36.989,141.648,50,4.5,13.8,0.5,2.1,57,
2006/08/13 03:39:00,28.686,130.18,56,5.3,11.2,1.0,2.6,1,
2006/08/18 00:20:00,46.723,141.861,48,5.9,29.4,3.1,3.4,62,
2006/08/22 07:20:00,33.689,135.958,420,5.5,5.1,0.5,1.9,42,
2006/08/28 02:11:00,24.881,123.082,124,5.3,8.1,0.3,1.5,3,
2006/08/31 03:38:00,43.705,145.562,105,4.9,41.7,1.7,2.7,56,
2006/08/31 17:18:00,35.629,140.026,76,4.8,72.0,3.0,3.4,263,
2006/09/01 07:58:00,28.686,130.24,55,5.4,35.8,2.8,3.6,4,
2006/09/03 23:38:00,28.763,129.412,4,4.5,15.9,0.6,2.0,2,
2006/09/07 03:06:00,35.587,141.06,38,5.1,22.5,1.1,2.4,52,
2006/09/07 10:57:00,35.654,140.18,69,4.6,30.8,1.0,2.7,201,
2006/09/09 19:36:00,38.279,142.039,67,4.9,85.2,1.6,3.0,184,
2006/09/11 23:04:00,28.001,130.122,35,5.0,5.4,0.4,1.7,2,
2006/09/14 00:51:00,28.524,128.617,108,4.6,18.9,0.5,2.3,6,
2006/09/16 11:22:00,41.281,136.08,408,5.8,10.1,0.4,1.9,29,
2006/09/24 07:18:00,43.014,145.844,67,4.9,24.8,0.6,2.4,54,
2006/09/26 07:03:00,33.502,131.885,70,5.3,218.6,15.3,5.1,305,
2006/09/30 00:37:00,43.254,145.266,74,4.6,59.7,2.7,3.1,65,
2006/10/02 02:07:00,38.545,142.832,56,5.2,31.2,0.9,2.5,180,
2006/10/03 22:42:00,36.999,135.653,31,4.6,18.6,0.4,2.1,49,
2006/10/11 08:58:00,37.19,143.034,50,6.0,6.1,1.1,2.2,95,
2006/10/12 23:46:00,24.084,122.578,46,6.2,5.7,0.6,2.0,2,
2006/10/14 06:38:00,34.89,140.306,64,5.1,232.3,14.2,4.6,267,
2006/10/14 20:37:00,36.877,141.663,51,4.7,16.4,0.9,2.5,79,
2006/10/16 11:51:00,41.017,142.414,35,4.5,27.3,0.9,2.4,75,
2006/10/21 22:36:00,43.482,146.414,57,4.6,15.6,0.4,2.0,21,
2006/10/24 06:18:00,29.169,140.353,3,6.8,4.1,0.4,1.5,5,
2006/10/26 22:59:00,24.806,125.407,50,4.5,14.5,0.5,1.6,2,
2006/11/01 23:21:00,42.327,143.124,49,4.8,56.2,2.5,3.5,150,
2006/11/10 07:07:00,43.03,147.021,51,4.8,17.7,0.7,2.3,17,
2006/11/15 20:15:00,46.7,154.052,30,7.9,5.0,1.0,2.0,68,
2006/11/17 21:31:00,33.219,137.605,376,5.5,10.5,0.4,1.8,125,
2006/11/18 03:03:00,28.513,130.155,30,6.0,89.8,8.9,4.4,3,
2006/11/18 04:44:00,28.528,129.992,33,4.9,17.0,1.6,2.8,3,
2006/11/22 20:15:00,43.899,146.949,96,5.6,67.7,5.1,3.7,170,
2006/12/03 07:20:00,24.203,125.234,24,4.9,7.9,0.3,1.4,1,
2006/12/04 06:08:00,35.74,140.656,49,4.5,42.2,3.0,2.8,87,
2006/12/06 23:05:00,42.234,144.849,30,5.0,18.4,1.0,2.6,59,
2006/12/09 23:48:00,46.883,147.497,438,5.9,12.4,0.5,2.0,72,
2006/12/11 00:28:00,29.721,130.682,54,5.7,30.9,0.8,2.4,22,
2006/12/26 05:17:00,37.869,138.161,14,4.9,162.5,6.1,4.1,127,
2006/12/31 02:49:00,34.247,139.22,12,4.7,54.1,2.0,3.3,9,
2006/12/31 07:34:00,43.257,146.262,46,5.0,209.4,6.2,4.1,59,
2006/12/31 08:30:00,34.809,140.568,43,4.9,49.9,2.5,3.4,106,
2007/01/08 18:59:00,37.264,138.921,13,4.8,267.3,9.1,4.0,232,
2007/01/09 05:12:00,44.28,144.071,9,4.7,40.6,1.3,2.7,96,
2007/01/12 05:34:00,43.287,147.226,40,5.2,22.7,0.8,2.4,82,
2007/01/13 13:24:00,46.934,155.057,30,8.2,34.3,2.3,3.1,448,
2007/01/16 03:18:00,34.934,138.895,175,5.8,44.2,1.7,3.0,336,
2007/01/16 16:47:00,28.114,129.41,33,4.7,30.8,0.9,2.4,5,
2007/01/16 21:52:00,41.179,142.717,30,5.0,18.2,0.6,2.2,99,
2007/01/22 02:16:00,35.73,136.34,13,4.5,99.8,1.8,3.1,182,
2007/01/25 19:59:00,22.721,122.116,92,6.1,3.2,0.2,1.1,4,
2007/02/06 23:15:00,37.324,142.108,36,4.5,7.6,0.2,1.6,24,
2007/02/17 09:03:00,41.729,143.726,40,6.2,90.6,8.5,4.2,282,
2007/02/17 09:22:00,41.7,143.737,45,5.1,7.5,0.5,1.8,43,
2007/02/25 20:41:00,33.119,136.95,39,4.6,11.1,0.3,1.8,53,
2007/03/03 05:14:00,41.262,142.824,18,4.8,11.8,0.8,2.2,57,
2007/03/06 08:55:00,24.094,123.592,41,4.6,8.4,0.2,1.4,3,
2007/03/08 14:03:00,29.864,140.896,152,6.0,8.1,0.4,1.8,106,
2007/03/09 12:22:00,43.011,134.291,501,6.2,3.7,0.3,1.2,95,
2007/03/11 16:09:00,43.669,147.774,13,5.6,19.9,0.7,2.6,107,
2007/03/12 20:32:00,42.716,141.624,145,4.5,5.9,0.3,1.5,71,
2007/03/14 22:40:00,35.702,140.713,52,4.7,15.5,0.5,2.0,82,
2007/03/15 14:43:00,41.94,141.391,123,4.5,21.5,0.7,2.4,106,
2007/03/18 10:25:00,42.052,144.179,59,5.6,25.4,1.9,3.0,125,
2007/03/25 09:42:00,37.217,136.688,11,6.9,945.4,103.7,6.3,719,
2007/03/25 09:45:00,37.199,136.668,6,4.7,11.0,0.7,1.5,32,
2007/03/25 09:52:00,37.31,136.71,5,4.5,8.4,0.6,1.6,31,
2007/03/25 09:54:00,37.272,136.703,7,4.5,51.1,2.5,3.3,14,
2007/03/25 09:56:00,37.225,136.726,10,4.7,45.3,1.6,2.9,49,
2007/03/25 10:11:00,37.29,136.755,8,4.5,35.7,0.9,2.3,19,
2007/03/25 15:43:00,37.29,136.775,9,4.5,42.3,1.7,3.1,41,
2007/03/25 18:11:00,37.3,136.841,13,5.3,351.6,19.6,4.8,163,
2007/03/26 07:16:00,37.164,136.491,0,5.3,162.2,6.3,3.9,130,
2007/03/26 14:46:00,37.162,136.555,9,4.8,409.4,16.2,4.7,78,
2007/03/26 18:02:00,37.272,136.703,6,4.6,100.0,2.9,3.6,35,
2007/03/28 08:08:00,37.219,136.711,13,4.9,132.6,8.0,4.2,75,
2007/03/28 09:39:00,44.646,146.334,194,5.1,19.4,0.5,2.0,75,
2007/03/28 10:51:00,37.172,136.615,10,4.6,131.9,2.4,3.2,52,
2007/03/28 13:05:00,37.279,136.685,7,4.7,57.6,3.0,3.5,59,
2007/03/30 05:21:00,42.262,143.157,47,4.7,69.2,2.4,3.3,90,
2007/03/30 18:05:00,43.951,146.324,99,5.6,60.2,2.0,3.1,96,
2007/03/31 22:32:00,38.864,141.592,77,4.8,74.2,1.9,3.3,163,
2007/04/01 11:51:00,32.406,137.911,405,5.8,11.2,0.4,1.8,142,
2007/04/05 20:39:00,38.199,141.151,12,4.5,77.9,2.7,3.2,113,
2007/04/06 21:42:00,37.092,136.428,7,4.7,17.9,0.7,2.2,37,
2007/04/12 21:59:00,41.262,142.664,36,4.6,15.5,0.6,2.2,40,
2007/04/12 22:50:00,38.195,141.15,12,4.5,63.4,1.7,3.1,109,
2007/04/14 03:11:00,33.672,141.058,55,5.3,18.2,0.7,2.3,71,
2007/04/14 05:42:00,36.65,141.196,46,4.6,28.1,0.9,2.5,132,
2007/04/15 12:19:00,34.787,136.41,16,5.4,863.0,36.8,5.3,359,
2007/04/15 18:34:00,34.79,136.42,17,4.6,478.8,13.9,4.5,162,
2007/04/19 00:07:00,42.667,141.951,126,5.6,55.9,3.7,3.5,312,
2007/04/20 09:26:00,25.734,125.072,22,6.3,22.8,1.5,2.6,3,
2007/04/20 09:30:00,25.741,125.189,15,5.5,11.1,0.8,2.0,2,
2007/04/20 10:46:00,25.743,125.139,21,6.7,29.1,2.4,3.0,4,
2007/04/20 11:23:00,25.684,125.054,24,6.1,20.1,0.9,2.6,3,
2007/04/20 12:00:00,25.724,125.157,22,5.3,4.9,0.3,1.2,2,
2007/04/20 12:28:00,25.728,125.259,22,5.5,3.3,0.2,0.9,2,
2007/04/20 14:23:00,25.721,125.224,18,5.7,6.0,0.4,1.5,2,
2007/04/21 04:38:00,27.434,128.605,42,5.7,114.6,6.5,4.2,11,
2007/04/22 19:28:00,25.691,125.132,22,5.5,13.1,0.8,2.0,2,
2007/04/23 17:27:00,44.096,141.711,10,4.6,43.0,2.8,3.2,44,
2007/04/26 09:03:00,33.885,133.586,39,5.3,537.1,9.0,4.3,310,
2007/04/27 01:38:00,42.37,143.609,58,5.2,139.0,5.2,3.7,213,
2007/04/28 09:27:00,35.725,136.628,10,4.6,168.8,2.5,3.0,165,
2007/04/30 05:41:00,28.643,129.39,13,4.9,33.7,2.2,3.2,4,
2007/05/01 01:55:00,32.214,137.68,452,5.4,3.2,0.1,0.9,27,
2007/05/02 20:44:00,37.327,136.765,7,4.7,36.6,2.2,3.2,55,
2007/05/05 01:11:00,37.07,136.42,0,4.5,17.7,0.3,1.6,35,
2007/05/06 10:09:00,36.88,141.47,62,4.5,15.8,0.5,1.9,88,
2007/05/07 09:29:00,29.968,130.457,49,5.1,60.8,1.1,2.9,18,
2007/05/08 21:01:00,36.057,139.893,46,4.5,85.9,1.9,3.3,182,
2007/05/11 02:12:00,37.115,136.315,11,4.5,24.0,1.2,2.4,40,
2007/05/13 08:14:00,35.005,132.795,9,4.6,165.7,2.8,3.4,131,
2007/05/16 05:21:00,41.437,142.199,41,4.5,40.3,1.2,2.9,86,
2007/05/19 01:00:00,41.557,142.062,67,5.3,43.3,2.2,3.3,250,
2007/05/25 05:53:00,26.173,127.0,54,4.7,18.0,0.6,2.0,7,
2007/06/01 07:29:00,36.09,139.683,59,4.5,76.6,1.2,2.9,197,
2007/06/02 14:43:00,36.13,140.036,50,4.6,154.8,5.5,4.1,232,
2007/06/06 23:42:00,33.33,131.497,11,4.9,90.5,4.7,3.7,134,
2007/06/07 17:22:00,33.312,131.494,9,4.7,49.1,2.3,3.2,109,
2007/06/07 20:50:00,33.33,131.514,8,4.7,45.3,1.6,3.0,87,
2007/06/11 03:45:00,37.24,136.656,7,5.0,165.8,9.3,4.1,99,
2007/06/16 05:29:00,38.832,142.281,45,4.5,62.0,1.7,2.8,84,
2007/06/22 03:34:00,36.874,136.67,8,4.6,223.5,8.2,4.1,53,
2007/06/23 07:20:00,42.535,142.187,125,4.9,43.4,2.3,3.1,183,
2007/06/23 14:58:00,34.589,140.411,62,4.7,26.5,1.3,2.9,76,
2007/07/01 13:12:00,43.54,144.912,132,5.8,190.5,7.1,4.3,276,
2007/07/03 23:31:00,35.854,140.601,48,4.5,12.0,0.6,1.9,53,
2007/07/09 16:05:00,27.919,130.275,48,4.7,4.5,0.3,1.5,2,
2007/07/10 13:15:00,41.855,139.487,15,4.5,33.4,1.1,2.8,44,
2007/07/16 10:13:00,37.554,138.611,17,6.8,812.7,126.8,6.3,694,
2007/07/16 10:16:00,37.534,138.643,14,4.6,15.5,3.7,2.1,81,
2007/07/16 10:18:00,37.502,138.55,18,4.9,71.9,2.4,3.1,128,
2007/07/16 15:37:00,37.5,138.646,23,5.8,235.0,17.1,4.8,411,
2007/07/16 17:24:00,34.257,135.95,49,4.7,149.0,2.1,2.8,197,
2007/07/16 23:18:00,36.862,135.106,374,6.7,65.7,5.8,4.0,628,
2007/07/25 06:52:00,37.529,138.723,24,4.8,65.9,4.8,3.8,166,
2007/08/01 00:07:00,27.384,126.714,6,6.1,6.8,0.5,1.6,5,
2007/08/01 17:15:00,33.987,136.77,383,5.5,20.8,0.7,2.4,163,
2007/08/02 11:37:00,47.22,141.727,0,6.4,5.2,1.1,2.3,17,
2007/08/02 14:22:00,46.971,141.692,27,5.9,7.2,1.2,2.5,28,
2007/08/02 19:37:00,46.925,141.709,4,5.6,5.5,0.9,2.1,18,
2007/08/07 09:02:00,27.343,126.669,5,6.3,6.8,1.0,2.1,5,
2007/08/09 00:19:00,27.306,128.445,44,5.1,137.7,3.4,3.5,11,
2007/08/14 13:13:00,47.145,141.802,18,5.8,3.2,0.6,1.6,14,
2007/08/16 04:15:00,35.44,140.533,31,5.3,125.8,7.4,4.0,209,
2007/08/16 08:20:00,35.402,140.551,29,4.9,42.3,3.2,3.2,93,
2007/08/16 09:22:00,35.389,140.553,28,4.7,36.2,1.7,2.6,68,
2007/08/18 04:14:00,35.345,140.363,23,4.8,185.3,5.9,4.1,107,
2007/08/18 13:36:00,35.355,140.355,24,4.5,251.0,8.0,4.2,77,
2007/08/18 16:55:00,35.339,140.348,20,5.2,200.4,6.6,4.2,144,
2007/08/22 16:26:00,41.97,140.804,122,5.4,15.6,1.1,2.5,227,
2007/08/26 14:31:00,43.555,147.214,49,5.4,31.2,1.2,2.8,84,
2007/08/27 22:46:00,26.258,126.597,10,4.6,31.6,0.7,2.3,2,
2007/09/04 01:14:00,45.015,150.128,126,6.3,9.0,0.5,1.9,102,
2007/09/07 02:51:00,24.408,122.274,66,6.6,13.1,0.7,2.1,5,
2007/09/07 23:36:00,28.069,129.392,40,4.7,19.7,0.6,2.0,4,
2007/09/10 14:29:00,41.985,142.571,63,4.5,12.8,0.4,1.9,83,
2007/09/21 07:54:00,35.245,141.218,35,5.1,5.5,0.7,2.1,31,
2007/09/22 17:00:00,24.834,125.402,48,5.1,55.9,1.9,2.7,3,
2007/09/28 22:38:00,21.98,143.1,268,7.6,8.6,1.3,2.5,121,
2007/10/01 02:21:00,35.222,139.121,14,4.9,312.9,12.5,4.5,186,
2007/10/07 22:36:00,35.68,140.728,45,4.8,16.2,0.8,2.4,94,
2007/10/09 02:10:00,43.349,146.729,40,5.8,117.2,4.4,3.7,157,
2007/10/17 19:58:00,26.703,128.735,39,5.4,39.2,1.4,2.9,8,
2007/11/07 20:05:00,38.324,141.642,61,4.6,38.4,0.7,2.2,128,
2007/11/11 17:22:00,29.378,130.59,34,5.1,3.2,0.2,0.7,2,
2007/11/20 20:46:00,32.769,140.89,44,5.1,12.5,0.4,1.9,15,
2007/11/26 22:51:00,37.3,141.76,44,6.0,61.5,2.2,3.5,373,
2007/11/30 18:37:00,36.424,140.698,53,4.7,109.7,3.4,3.7,162,
2007/12/07 09:47:00,30.054,141.625,75,6.0,6.1,0.3,1.5,85,
2007/12/21 14:23:00,35.935,136.351,7,4.5,108.9,2.5,2.9,107,
2007/12/22 07:05:00,26.873,126.85,107,5.1,13.3,0.4,1.9,10,
2007/12/22 17:51:00,34.384,140.39,87,4.5,32.7,1.3,2.6,36,
2007/12/23 02:49:00,31.326,131.687,21,4.8,10.5,0.5,2.0,43,
2007/12/23 18:53:00,41.495,142.044,64,4.5,21.3,1.2,2.7,114,
2007/12/25 23:04:00,38.48,142.157,40,5.6,80.1,1.3,3.0,265,
2007/12/26 08:39:00,38.399,142.291,36,4.6,27.5,0.8,2.4,121,
2008/01/06 13:51:00,43.992,147.407,103,4.6,14.4,0.3,1.7,23,
2008/01/11 08:00:00,39.337,142.071,47,4.7,96.8,1.8,3.3,117,
2008/01/12 12:36:00,43.112,146.169,42,4.7,25.5,0.6,2.3,35,
2008/01/16 02:55:00,36.42,141.183,47,4.7,20.0,0.6,2.0,105,
2008/01/23 04:34:00,42.319,143.064,50,4.9,46.0,1.4,2.7,151,
2008/01/26 04:33:00,37.315,136.776,11,4.8,434.8,10.4,5.0,104,
2008/02/09 07:07:00,36.732,141.208,46,4.9,34.1,1.1,2.7,163,
2008/02/10 09:37:00,34.79,140.24,95,5.0,101.4,3.3,3.6,160,
2008/02/13 06:05:00,44.471,147.887,139,4.9,16.4,0.5,2.2,36,
2008/02/22 02:39:00,33.682,140.713,55,5.0,15.7,0.5,2.2,36,
2008/03/08 01:55:00,36.449,140.615,57,5.2,152.1,4.9,3.9,354,
2008/03/10 10:44:00,31.759,131.92,29,5.1,36.1,2.2,3.1,94,
2008/03/13 17:41:00,43.009,146.571,59,5.3,33.6,1.3,2.8,109,
2008/03/15 17:05:00,24.591,124.292,52,4.7,41.7,1.1,2.4,4,
2008/03/17 07:00:00,37.065,136.213,7,4.5,12.6,0.4,1.7,59,
2008/03/21 18:16:00,41.705,144.297,25,4.7,5.3,0.3,1.5,30,
2008/03/24 12:40:00,37.117,141.45,48,5.3,110.4,3.6,3.8,285,
2008/03/24 22:29:00,37.302,141.275,59,4.6,37.2,1.6,3.0,133,
2008/03/29 08:03:00,39.547,142.166,72,4.6,60.2,1.4,3.0,119,
2008/04/01 23:29:00,34.942,140.588,98,4.7,24.1,1.1,2.7,182,
2008/04/04 19:02:00,36.117,139.83,53,5.0,371.5,6.0,4.1,337,
2008/04/04 22:30:00,44.09,148.027,0,5.2,10.3,0.3,1.9,35,
2008/04/12 09:46:00,43.584,147.564,40,5.5,24.9,0.7,2.2,113,
2008/04/13 16:22:00,29.589,130.129,26,4.8,6.6,0.1,1.1,3,
2008/04/17 04:19:00,39.039,140.236,166,5.8,92.4,3.3,3.5,532,
2008/04/23 10:27:00,33.702,141.1,60,5.3,15.9,0.6,2.3,81,
2008/04/25 18:52:00,35.68,140.725,48,4.8,25.8,1.1,2.5,92,
2008/04/28 02:32:00,24.856,125.077,32,5.2,193.5,6.9,3.9,5,
2008/04/29 14:26:00,41.459,142.112,62,5.7,130.6,7.9,4.4,317,
2008/05/01 07:34:00,35.434,140.438,36,4.6,66.8,4.0,3.7,141,
2008/05/02 06:58:00,37.05,141.488,49,4.7,19.6,0.4,1.9,104,
2008/05/02 14:41:00,37.23,141.663,45,5.1,45.3,1.5,3.1,171,
2008/05/03 09:47:00,24.836,125.084,27,4.8,68.9,2.2,2.9,4,
2008/05/05 09:26:00,36.275,141.88,75,5.1,10.1,0.6,1.7,90,
2008/05/07 18:59:00,36.249,141.883,24,5.0,8.8,0.5,1.8,80,
2008/05/08 01:02:00,36.227,141.951,60,6.4,46.5,4.5,3.5,444,
2008/05/08 01:03:00,36.292,141.918,22,5.8,21.5,1.0,2.4,137,
2008/05/08 01:09:00,36.264,141.831,22,4.9,9.1,0.4,1.8,67,
2008/05/08 01:12:00,36.28,141.71,70,5.2,14.0,0.8,2.1,163,
2008/05/08 01:16:00,36.27,141.981,18,6.3,14.5,2.5,3.0,276,
2008/05/08 01:45:00,36.224,141.61,51,7.0,188.3,8.4,4.5,722,
2008/05/08 01:50:00,36.209,141.555,58,4.6,7.4,0.7,1.7,87,
2008/05/08 02:31:00,36.284,141.813,58,5.4,9.5,0.4,1.7,87,
2008/05/08 03:19:00,36.224,141.543,54,5.0,13.3,0.5,2.2,91,
2008/05/08 04:20:00,36.229,141.563,51,4.9,13.0,0.5,2.1,106,
2008/05/09 05:11:00,36.149,141.488,48,4.6,11.5,0.3,1.9,61,
2008/05/09 06:18:00,36.312,142.16,71,5.0,2.5,0.3,1.4,25,
2008/05/09 07:43:00,35.662,140.046,74,4.6,25.9,0.9,2.5,195,
2008/05/09 08:21:00,36.189,141.978,69,5.8,12.6,3.1,3.1,219,
2008/05/10 09:01:00,41.452,142.086,62,4.8,31.1,1.8,3.2,142,
2008/05/11 03:24:00,43.42,145.842,88,5.1,127.3,3.7,3.8,98,
2008/05/11 04:42:00,23.949,122.433,32,5.9,3.4,0.2,1.1,2,
2008/05/27 00:26:00,43.08,147.126,57,4.5,8.1,0.3,1.5,21,
2008/05/29 01:42:00,38.99,140.583,1,4.8,188.0,5.0,4.0,56,
2008/05/31 14:03:00,36.369,141.786,68,5.1,10.8,0.6,2.2,113,
2008/05/31 15:24:00,43.347,145.939,92,4.5,31.3,0.9,2.5,52,
2008/05/31 16:55:00,36.394,141.81,70,4.7,11.5,0.5,2.0,102,
2008/05/31 23:28:00,40.059,142.724,28,5.0,23.3,1.3,2.7,139,
2008/06/02 00:58:00,38.3,141.887,46,4.8,101.8,1.5,2.9,172,
2008/06/05 02:03:00,41.522,139.223,201,5.7,20.9,1.0,2.5,199,
2008/06/13 11:21:00,35.907,137.706,13,4.7,191.3,4.7,3.7,217,
2008/06/14 08:43:00,39.025,140.883,8,7.2,4022.1,100.1,6.4,653,
2008/06/14 08:46:00,39.104,140.871,14,4.5,22.1,2.4,2.8,58,
2008/06/14 08:49:00,39.11,140.945,11,4.5,139.5,3.2,3.6,105,
2008/06/14 09:07:00,39.114,140.891,11,4.8,47.1,2.7,3.1,62,
2008/06/14 09:20:00,38.877,140.68,6,5.7,785.1,22.0,4.9,227,
2008/06/14 09:52:00,39.087,140.908,13,4.6,110.5,3.0,3.4,115,
2008/06/14 10:00:00,39.032,140.906,12,4.5,307.2,5.2,3.8,133,
2008/06/14 10:40:00,38.927,140.888,6,4.8,430.7,6.2,3.9,151,
2008/06/14 12:10:00,39.09,140.865,9,4.7,97.6,2.4,3.3,83,
2008/06/14 12:27:00,39.139,140.946,11,5.2,121.6,5.5,3.7,155,
2008/06/14 14:39:00,39.11,140.935,11,4.5,82.4,4.1,3.8,109,
2008/06/14 21:48:00,39.13,140.908,12,4.7,94.4,3.9,3.5,122,
2008/06/14 23:42:00,38.992,140.893,10,4.8,1004.0,21.5,4.8,182,
2008/06/16 23:14:00,38.994,140.843,11,5.3,823.7,20.7,5.2,216,
2008/06/17 04:05:00,39.132,140.945,11,4.6,82.3,2.4,3.1,126,
2008/06/18 16:55:00,39.035,140.866,12,4.5,429.2,9.2,3.9,133,
2008/06/18 18:04:00,39.097,140.933,12,4.5,56.7,1.7,3.2,113,
2008/06/26 08:37:00,41.822,142.676,55,5.4,86.1,6.4,3.9,193,
2008/06/26 15:51:00,39.079,140.973,7,4.6,20.7,2.4,3.0,72,
2008/06/26 23:34:00,38.754,140.786,3,4.6,82.8,3.0,3.4,99,
2008/06/27 22:57:00,38.75,140.768,3,4.6,128.2,2.8,3.3,96,
2008/07/05 16:49:00,36.639,140.955,50,5.2,481.9,11.1,4.7,325,
2008/07/08 16:42:00,27.461,128.549,45,6.1,233.6,18.9,4.8,12,
2008/07/13 04:36:00,24.184,125.167,22,4.5,4.7,0.2,1.1,2,
2008/07/19 11:39:00,37.517,142.267,32,6.9,57.3,6.0,3.7,581,
2008/07/19 11:47:00,37.495,142.636,19,5.5,4.2,0.3,1.4,78,
2008/07/21 18:01:00,37.715,142.841,28,5.2,7.9,0.7,2.2,129,
2008/07/21 20:30:00,37.132,142.344,27,6.1,61.9,3.3,3.6,448,
2008/07/22 17:47:00,37.685,142.372,30,5.5,16.0,0.9,2.4,193,
2008/07/24 00:26:00,39.729,141.639,108,6.8,1185.9,33.3,5.8,836,
2008/07/24 11:28:00,39.617,141.526,112,4.8,54.1,1.2,2.9,191,
2008/07/29 16:35:00,39.059,140.865,10,4.6,410.6,9.3,4.3,114,
2008/08/02 13:03:00,29.291,130.365,63,5.1,2.6,0.2,1.1,2,
2008/08/04 19:25:00,26.969,126.539,11,5.4,3.3,0.3,1.1,2,
2008/08/08 12:57:00,35.627,139.54,30,4.6,105.3,2.9,3.5,172,
2008/08/09 00:53:00,41.139,142.287,51,5.4,47.5,1.5,3.2,201,
2008/08/09 09:54:00,41.969,142.539,65,4.5,17.2,0.5,2.1,90,
2008/08/09 20:54:00,26.488,128.882,17,5.2,7.5,0.4,1.7,6,
2008/08/14 20:11:00,43.657,147.644,63,5.4,21.7,0.8,2.6,103,
2008/08/20 15:13:00,36.054,139.903,45,4.6,207.1,5.4,4.0,223,
2008/08/22 19:59:00,36.439,140.618,56,5.2,277.6,8.6,4.4,364,
2008/08/24 09:25:00,30.391,131.275,26,4.5,10.1,0.3,1.5,15,
2008/08/30 04:55:00,37.715,142.284,29,4.6,5.4,0.2,1.4,55,
2008/09/01 14:41:00,42.588,141.731,133,4.5,10.0,0.5,1.9,107,
2008/09/06 00:12:00,32.676,137.298,419,5.6,7.4,0.6,2.0,152,
2008/09/06 16:29:00,35.352,141.248,40,4.7,5.0,0.3,1.4,23,
2008/09/09 16:43:00,24.653,122.628,99,5.4,16.0,0.9,2.3,5,
2008/09/10 13:37:00,24.809,125.397,49,4.5,13.1,0.4,1.6,2,
2008/09/11 09:21:00,41.772,144.154,31,7.1,111.3,20.6,4.8,429,
2008/09/11 09:32:00,41.76,144.222,28,5.7,9.2,0.6,2.0,67,
2008/09/11 10:08:00,41.715,144.256,27,5.0,5.3,0.5,1.9,42,
2008/09/11 12:14:00,36.442,141.113,47,4.6,29.5,0.5,2.2,121,
2008/09/11 13:57:00,41.717,144.279,27,4.9,7.0,0.7,2.2,30,
2008/09/12 07:34:00,42.385,144.742,42,5.2,27.9,1.1,2.7,108,
2008/09/14 05:21:00,29.013,129.859,82,5.1,23.1,1.7,3.1,4,
2008/09/15 16:53:00,41.729,144.276,27,4.9,11.6,0.7,2.3,56,
2008/09/18 18:29:00,45.94,143.641,348,5.4,8.2,0.4,2.0,93,
2008/09/21 07:17:00,35.612,140.065,71,4.8,47.9,1.8,3.1,283,
2008/09/22 16:32:00,41.534,140.569,152,5.6,26.8,1.1,2.6,280,
2008/09/27 01:53:00,40.487,142.924,17,5.0,17.2,0.6,2.4,114,
2008/10/08 15:07:00,35.58,140.145,63,4.7,33.8,1.5,2.7,184,
2008/10/09 02:52:00,41.065,142.444,34,4.5,13.1,0.4,2.1,88,
2008/10/22 09:39:00,28.808,130.112,65,4.7,5.7,0.4,1.8,3,
2008/10/23 14:32:00,43.09,146.797,57,4.6,13.0,0.4,1.7,31,
2008/10/30 00:48:00,38.042,141.736,86,5.1,120.3,2.5,3.4,282,
2008/11/22 00:44:00,43.122,145.842,46,5.2,114.7,6.9,4.1,77,
2008/12/04 08:17:00,38.524,143.221,24,6.1,15.7,1.3,2.7,197,
2008/12/04 12:11:00,38.54,143.121,17,5.5,11.8,0.6,2.2,152,
2008/12/06 05:03:00,38.477,143.447,23,5.5,4.7,0.3,1.4,75,
2008/12/11 14:35:00,27.428,128.162,65,4.8,24.1,0.8,2.1,7,
2008/12/15 05:30:00,39.164,144.309,51,5.2,9.0,0.9,2.5,146,
2008/12/18 15:47:00,38.367,143.447,27,5.5,5.0,0.6,1.9,111,
2008/12/20 19:29:00,36.527,142.704,0,6.6,12.3,3.0,3.1,323,
2008/12/20 21:22:00,36.557,142.552,24,5.4,3.4,0.4,1.6,39,
2008/12/21 02:37:00,36.669,142.265,45,5.2,4.2,0.3,1.3,63,
2008/12/21 04:13:00,36.692,142.251,17,5.4,7.4,0.7,1.9,87,
2008/12/21 18:17:00,36.597,142.469,0,6.2,10.9,1.6,2.6,191,
2008/12/24 05:57:00,36.474,142.495,39,5.5,2.7,0.4,1.5,30,
2008/12/25 05:32:00,42.302,144.727,32,5.0,9.4,0.6,2.0,80,
2008/12/25 21:39:00,41.897,144.511,22,4.7,2.4,0.2,1.0,19,
2008/12/31 00:48:00,35.529,140.943,43,4.7,9.3,0.5,1.9,46,
2009/01/03 16:13:00,37.059,141.175,51,4.8,65.7,2.6,3.2,176,
2009/01/04 22:36:00,23.958,123.58,32,4.5,5.4,0.2,1.2,2,
2009/01/05 10:36:00,36.969,141.76,50,4.8,16.2,0.6,2.3,92,
2009/01/06 12:37:00,24.194,124.12,17,4.8,25.3,0.9,2.3,3,
2009/01/11 14:57:00,42.59,143.419,68,4.7,52.7,2.1,3.0,134,
2009/01/11 21:53:00,42.889,143.131,88,4.5,25.6,1.0,2.4,113,
2009/01/16 02:51:00,46.992,155.172,30,7.4,13.6,0.7,2.2,247,
2009/01/22 21:21:00,34.33,139.508,143,4.7,11.9,0.6,2.0,95,
2009/01/24 11:39:00,24.774,125.742,50,5.1,26.8,1.3,2.7,2,
2009/02/01 06:52:00,36.714,141.281,47,5.8,113.8,4.3,4.0,461,
2009/02/01 18:32:00,37.867,142.502,33,5.2,16.7,0.5,2.1,135,
2009/02/15 18:24:00,40.247,142.427,36,5.9,62.8,2.8,3.4,290,
2009/02/17 04:54:00,35.272,140.23,31,4.6,74.4,3.5,3.5,132,
2009/02/17 09:13:00,37.515,141.461,48,4.9,138.7,5.2,3.9,209,
2009/02/18 06:47:00,35.659,136.316,9,5.2,440.0,11.6,4.4,374,
2009/02/22 23:24:00,41.71,144.221,34,5.4,9.5,0.8,2.3,83,
2009/02/28 09:36:00,42.58,142.192,113,5.3,69.9,5.0,3.8,307,
2009/03/07 23:33:00,41.792,143.826,39,5.4,14.1,1.5,2.8,118,
2009/03/20 15:52:00,42.597,144.539,64,5.0,68.9,3.2,3.4,136,
2009/03/22 23:45:00,26.021,128.669,50,5.3,3.3,0.2,1.3,6,
2009/03/27 04:19:00,27.461,126.814,139,5.5,14.2,0.8,2.2,11,
2009/04/02 17:39:00,24.706,125.845,54,5.1,27.9,1.2,2.4,2,
2009/04/05 17:00:00,42.312,143.007,54,4.8,40.0,1.4,3.1,123,
2009/04/05 18:36:00,31.925,131.895,28,5.6,57.9,3.4,3.6,199,
2009/04/07 13:24:00,46.005,152.197,30,6.7,6.1,0.7,2.1,100,
2009/04/19 04:19:00,45.988,152.078,30,6.5,6.6,0.8,2.2,91,
2009/04/21 07:54:00,35.897,140.846,41,4.6,54.2,2.0,2.5,89,
2009/04/21 18:58:00,37.337,141.59,45,5.2,45.7,1.6,3.1,261,
2009/04/22 20:24:00,30.056,131.317,37,4.8,10.9,0.5,1.9,12,
2009/04/25 22:54:00,40.159,142.384,37,5.0,48.3,2.7,3.4,157,
2009/04/28 06:37:00,36.404,141.133,48,5.0,68.3,1.7,3.3,241,
2009/04/28 20:21:00,42.585,145.096,38,5.4,196.8,11.8,4.6,136,
2009/04/30 02:21:00,23.856,123.369,27,5.2,5.1,0.3,1.2,2,
2009/05/10 04:34:00,36.617,142.674,21,5.5,3.2,0.5,1.7,52,
2009/05/12 19:40:00,37.069,138.535,12,4.8,166.4,7.4,4.3,139,
2009/05/25 20:26:00,34.719,137.803,26,4.7,84.9,2.1,3.3,188,
2009/05/26 19:31:00,41.925,142.356,70,4.7,20.4,1.3,2.5,128,
2009/06/01 00:33:00,37.774,141.633,59,4.6,59.0,1.9,3.3,160,
2009/06/05 12:30:00,41.809,143.624,31,6.4,97.7,7.4,3.8,320,
2009/06/06 14:52:00,35.539,141.266,42,5.9,29.3,2.4,3.1,232,
2009/06/09 11:07:00,40.144,142.459,35,4.5,13.2,0.5,2.0,82,
2009/06/10 13:06:00,35.574,141.14,38,4.8,7.4,0.4,1.8,49,
2009/06/11 15:50:00,43.769,147.216,39,4.7,8.5,0.2,1.5,24,
2009/06/20 11:52:00,39.087,143.362,26,5.4,3.6,0.3,1.6,62,
2009/06/23 16:24:00,39.199,143.797,29,5.2,3.5,0.3,1.6,35,
2009/06/23 16:37:00,38.892,142.536,39,5.6,81.1,2.2,3.5,248,
2009/06/25 23:04:00,33.365,130.894,12,4.7,215.6,4.8,3.5,156,
2009/07/07 07:35:00,24.973,128.04,72,5.9,4.7,0.3,1.5,7,
2009/07/11 00:01:00,42.485,141.381,134,4.7,16.9,1.2,2.5,136,
2009/07/14 03:05:00,24.018,122.218,34,6.5,4.9,0.6,1.8,2,
2009/07/16 19:48:00,24.089,122.221,33,5.7,1.5,0.2,0.8,2,
2009/07/19 10:47:00,37.349,141.78,42,4.5,19.7,0.4,1.9,56,
2009/07/22 23:51:00,33.029,134.323,29,4.6,66.5,3.7,3.7,59,
2009/07/28 04:16:00,43.801,145.414,147,4.7,20.8,0.7,2.2,54,
2009/08/01 18:45:00,37.565,141.917,36,5.0,34.2,1.0,2.2,142,
2009/08/02 00:57:00,38.3,138.785,28,4.9,54.8,2.3,3.4,146,
2009/08/02 02:54:00,38.309,138.776,26,4.8,36.9,1.2,2.9,110,
2009/08/03 14:13:00,38.289,138.785,25,4.7,17.4,0.4,2.0,55,
2009/08/03 16:19:00,37.16,141.456,48,4.6,30.3,0.8,2.3,127,
2009/08/03 20:18:00,32.314,130.532,7,4.7,103.5,4.4,3.8,126,
2009/08/05 09:18:00,24.171,125.265,22,6.5,79.1,7.1,3.8,8,
2009/08/05 12:51:00,32.515,132.12,33,5.0,63.6,1.8,2.9,136,
2009/08/06 14:39:00,37.242,142.141,36,4.9,10.4,0.3,2.0,60,
2009/08/08 07:30:00,37.245,142.156,36,4.7,13.8,0.4,1.9,62,
2009/08/09 19:56:00,33.124,138.406,333,6.8,143.3,9.0,4.3,789,
2009/08/11 05:07:00,34.782,138.501,23,6.5,544.9,40.8,5.7,678,
2009/08/13 07:49:00,32.864,140.828,57,6.6,206.5,6.0,4.2,466,
2009/08/13 07:52:00,32.863,140.658,66,5.2,0.4,0.1,-0.5,2,
2009/08/13 10:53:00,32.833,140.723,62,5.0,15.4,0.4,1.9,6,
2009/08/13 18:11:00,34.837,138.411,23,4.5,45.3,2.0,2.7,165,
2009/08/15 19:45:00,43.094,145.806,50,4.6,42.0,1.0,2.9,49,
2009/08/17 09:06:00,23.433,123.635,48,6.7,33.2,3.0,3.3,5,
2009/08/17 19:11:00,23.273,123.672,42,6.6,5.1,0.5,1.8,4,
2009/08/17 19:15:00,23.378,123.657,43,5.3,1.7,0.3,1.1,1,
2009/08/18 22:17:00,23.366,123.555,44,5.9,1.9,0.2,1.2,1,
2009/08/24 14:26:00,41.057,140.247,172,5.4,30.6,1.4,2.9,253,
2009/08/25 02:22:00,42.145,142.802,32,4.5,23.5,1.0,2.6,102,
2009/08/28 14:47:00,29.863,130.7,36,5.0,5.6,0.2,1.1,7,
2009/08/31 00:46:00,37.09,141.488,48,4.8,37.3,1.1,2.9,173,
2009/09/01 21:02:00,35.607,141.095,36,4.9,10.2,0.6,1.9,70,
2009/09/03 22:26:00,31.121,130.302,167,6.0,104.0,3.1,3.6,303,
2009/09/04 11:30:00,35.81,140.095,67,4.5,32.0,1.4,2.7,208,
2009/09/08 01:24:00,42.189,142.976,51,4.8,49.4,2.0,3.2,159,
2009/09/08 22:33:00,37.695,141.758,49,4.5,20.8,0.4,2.0,83,
2009/09/10 18:29:00,43.155,146.259,68,4.7,34.7,0.8,2.5,56,
2009/09/13 17:37:00,41.272,142.716,27,4.5,13.4,0.4,2.0,60,
2009/09/22 20:40:00,37.594,141.666,76,4.7,70.5,3.1,3.3,151,
2009/09/29 04:23:00,27.864,127.859,13,6.1,11.0,0.6,2.1,7,
2009/09/29 21:03:00,43.623,144.664,5,4.5,70.1,2.2,3.2,56,
2009/09/30 07:36:00,27.843,127.83,10,5.7,4.1,0.2,1.2,5,
2009/10/02 10:43:00,41.744,143.856,41,4.8,12.0,0.4,2.0,42,
2009/10/04 02:36:00,23.606,121.594,74,6.3,2.1,0.2,1.0,2,
2009/10/05 09:35:00,42.45,141.562,20,4.7,96.3,2.8,3.3,110,
2009/10/10 17:43:00,41.717,142.229,92,5.1,56.0,3.4,3.6,246,
2009/10/11 10:12:00,43.0,146.979,50,5.4,34.0,1.3,2.9,48,
2009/10/12 18:42:00,37.429,139.7,4,4.9,126.9,4.0,3.6,100,
2009/10/23 10:28:00,36.599,141.178,45,5.0,99.5,3.4,3.9,270,
2009/10/25 15:16:00,29.176,130.057,66,4.9,5.8,0.4,1.8,1,
2009/10/29 02:37:00,32.319,132.1,26,4.7,96.1,1.6,3.0,96,
2009/10/30 16:03:00,29.163,129.939,60,6.8,77.2,8.2,4.3,50,
2009/10/31 02:42:00,41.079,142.819,14,4.5,10.3,0.4,1.8,55,
2009/11/07 04:22:00,36.695,141.246,46,4.5,28.8,0.7,2.4,103,
2009/11/13 21:09:00,37.16,142.189,36,4.5,6.3,0.2,1.5,52,
2009/11/21 15:39:00,37.13,139.846,10,4.5,207.4,7.5,4.1,196,
2009/11/24 14:26:00,43.289,146.961,53,5.0,34.4,1.0,2.8,54,
2009/11/28 14:39:00,24.333,123.577,20,4.9,34.1,1.0,2.2,3,
2009/12/02 15:14:00,37.142,141.48,48,4.9,32.4,1.4,2.8,159,
2009/12/10 08:25:00,42.992,146.947,54,5.2,13.6,0.4,2.0,21,
2009/12/12 22:50:00,28.206,129.527,35,4.6,75.1,1.1,2.8,4,
2009/12/15 17:54:00,34.17,140.385,47,4.5,31.2,0.7,2.4,38,
2009/12/16 14:12:00,33.105,133.365,31,4.6,74.9,2.6,3.3,148,
2009/12/17 23:45:00,34.955,139.138,4,5.0,555.0,36.8,5.5,118,
2009/12/18 05:41:00,36.33,139.721,78,5.1,238.8,8.9,4.6,349,
2009/12/18 08:45:00,34.957,139.131,5,5.1,703.4,47.8,5.6,129,
2009/12/18 20:48:00,33.699,141.303,63,5.2,13.1,0.6,2.3,156,
2009/12/19 00:53:00,34.96,139.126,4,4.5,370.5,11.8,4.9,87,
2009/12/19 04:31:00,38.027,141.884,45,4.6,26.0,0.8,2.4,135,
2009/12/19 22:02:00,23.773,121.648,32,6.7,10.2,0.9,2.2,5,
2009/12/19 22:09:00,34.964,139.125,4,4.5,210.6,10.8,4.5,43,
2009/12/20 23:30:00,40.989,143.272,44,4.7,4.3,0.2,1.5,27,
2009/12/24 09:23:00,42.193,135.005,381,6.1,12.4,0.7,2.2,304,
2009/12/28 09:13:00,43.17,144.647,85,5.0,105.1,7.3,3.8,120,
2009/12/30 04:23:00,41.834,142.206,72,4.8,21.9,1.5,2.9,174,
2010/01/07 16:11:00,27.944,128.879,44,4.8,130.2,3.1,3.4,5,
2010/01/15 03:46:00,42.349,143.121,51,5.0,47.9,1.9,3.1,200,
2010/01/15 20:08:00,26.716,126.387,118,5.6,17.2,0.9,2.5,11,
2010/01/16 00:45:00,43.374,147.059,38,5.1,30.8,0.7,2.7,55,
2010/01/17 15:04:00,38.049,143.531,41,5.6,17.1,0.6,2.1,285,
2010/01/24 16:19:00,41.205,141.649,14,4.5,43.6,2.3,3.5,105,
2010/01/25 16:15:00,30.869,131.152,49,5.4,81.0,4.0,3.6,94,
2010/02/04 21:24:00,39.735,140.631,151,4.6,27.2,0.5,2.0,106,
2010/02/07 15:10:00,23.316,123.695,54,6.5,22.7,1.6,2.8,5,
2010/02/17 04:59:00,34.947,140.09,83,4.7,43.8,1.7,3.0,225,
2010/02/18 10:13:00,42.618,131.066,619,6.8,6.4,0.4,1.9,278,
2010/02/21 09:57:00,37.507,141.571,45,4.8,53.8,2.8,3.0,175,
2010/02/21 11:49:00,33.822,132.31,13,4.5,90.8,3.8,3.4,145,
2010/02/22 14:21:00,23.993,122.912,32,5.6,6.1,0.3,1.5,2,
2010/02/26 10:07:00,23.666,122.809,50,5.7,7.1,0.4,1.6,3,
2010/02/27 05:31:00,25.914,128.682,37,7.2,123.0,9.9,4.3,47,
2010/03/01 07:08:00,39.387,140.611,118,4.9,17.1,0.7,2.2,148,
2010/03/05 06:49:00,33.929,139.425,21,4.6,17.9,0.8,2.2,12,
2010/03/06 22:31:00,43.88,147.621,6,5.5,26.8,0.9,2.9,66,
2010/03/13 21:46:00,37.61,141.475,78,5.5,206.6,8.9,4.3,457,
2010/03/14 17:08:00,37.72,141.821,40,6.7,171.8,11.8,4.6,661,
2010/03/16 07:30:00,35.67,140.133,68,4.5,24.9,0.7,2.3,196,
2010/03/28 05:02:00,33.503,140.926,50,4.7,8.1,0.3,1.5,5,
2010/03/30 10:03:00,43.19,138.581,25,5.8,36.9,1.4,3.1,99,
2010/03/31 06:18:00,36.419,140.648,55,4.6,153.9,4.4,4.0,190,
2010/04/09 03:41:00,42.914,144.726,57,4.8,75.1,4.2,3.8,113,
2010/04/11 22:02:00,29.548,130.5,33,4.9,6.9,0.2,1.4,6,
2010/04/16 16:38:00,38.037,139.48,12,4.6,190.3,3.9,3.6,149,
2010/04/26 05:43:00,24.781,125.012,53,5.1,18.0,1.2,2.3,5,
2010/04/26 06:23:00,37.987,142.397,76,5.1,62.9,1.1,2.9,232,
2010/04/26 12:00:00,22.206,123.827,50,6.6,7.9,0.7,2.1,5,
2010/04/27 08:23:00,33.744,137.08,377,5.2,8.0,0.3,1.7,104,
2010/04/29 17:01:00,36.694,141.25,45,4.5,12.7,0.4,1.7,93,
2010/05/01 18:20:00,37.555,139.193,9,4.9,220.9,9.5,4.3,229,
2010/05/03 19:27:00,29.723,141.493,65,6.1,5.5,0.2,1.2,63,
2010/05/13 20:01:00,33.404,131.665,90,4.7,42.8,1.1,2.7,213,
2010/05/16 20:26:00,28.779,128.527,11,4.6,4.9,0.4,1.9,1,
2010/05/16 21:35:00,28.766,128.565,13,5.0,9.8,0.8,2.3,2,
2010/05/17 16:58:00,28.776,128.555,9,4.7,4.7,0.4,1.7,1,
2010/05/26 17:53:00,25.738,129.99,48,6.4,19.2,0.7,2.3,12,
2010/06/01 13:49:00,37.509,141.541,45,4.8,29.6,1.9,2.7,151,
2010/06/05 14:22:00,43.267,146.872,62,5.5,49.8,1.3,2.9,118,
2010/06/13 00:45:00,28.816,128.65,17,5.2,7.2,0.5,1.9,2,
2010/06/13 12:33:00,37.392,141.798,40,6.2,277.0,12.4,4.9,544,
2010/06/18 11:23:00,44.594,149.2,30,6.5,10.7,1.2,2.6,156,
2010/06/19 19:01:00,41.304,142.669,33,4.9,26.6,1.1,2.9,136,
2010/06/28 06:03:00,41.622,141.836,57,5.1,70.4,3.2,3.6,247,
2010/07/04 04:33:00,39.02,140.915,7,5.2,263.3,6.2,4.2,195,
2010/07/04 15:03:00,35.935,140.303,88,4.5,32.8,1.0,2.6,231,
2010/07/05 06:56:00,39.654,142.656,34,6.4,115.4,4.1,3.9,471,
2010/07/08 21:23:00,42.57,144.532,59,4.7,79.8,2.6,3.3,94,
2010/07/21 06:19:00,34.202,135.696,58,5.1,95.0,3.3,3.6,379,
2010/07/23 06:06:00,35.875,140.488,35,4.9,224.0,6.9,3.8,205,
2010/07/27 08:31:00,38.994,142.311,25,5.3,116.3,2.2,3.2,189,
2010/07/28 08:06:00,42.334,143.802,56,4.5,80.6,2.4,3.2,105,
2010/08/03 07:31:00,36.734,140.316,82,4.6,118.3,2.4,3.6,196,
2010/08/04 15:48:00,24.976,125.524,23,4.8,43.0,1.1,2.6,2,
2010/08/07 14:31:00,42.827,145.076,50,4.6,35.5,1.0,2.7,65,
2010/08/08 01:03:00,37.795,142.054,37,4.6,15.0,0.3,1.5,76,
2010/08/10 14:50:00,39.345,143.497,30,6.3,20.4,1.9,3.0,288,
2010/08/11 00:48:00,28.794,128.654,12,4.9,2.9,0.2,1.1,2,
2010/08/14 13:25:00,42.819,142.344,109,4.6,34.7,1.3,2.9,174,
2010/08/21 23:25:00,37.302,141.698,43,4.6,16.3,0.6,2.0,69,
2010/08/27 00:08:00,36.189,136.97,286,5.2,6.6,0.4,1.8,177,
2010/08/31 11:30:00,40.399,139.176,33,4.9,22.2,1.2,2.4,100,
2010/09/01 16:33:00,37.91,141.874,43,5.0,37.1,0.7,2.3,151,
2010/09/04 06:15:00,42.739,145.517,61,5.1,159.2,5.2,4.0,118,
2010/09/13 14:48:00,41.452,142.126,63,5.8,84.8,5.4,4.0,358,
2010/09/22 05:32:00,35.874,140.483,35,4.5,56.3,1.1,2.5,117,
2010/09/24 04:47:00,24.831,125.607,52,4.9,16.0,1.2,2.0,2,
2010/09/27 02:55:00,35.692,140.1,68,4.5,16.5,0.6,2.2,215,
2010/09/28 01:13:00,43.497,145.762,99,5.3,128.6,4.4,3.9,205,
2010/09/28 21:31:00,25.723,126.455,28,4.9,7.0,0.2,1.2,3,
2010/09/29 12:02:00,37.295,140.048,6,4.8,85.5,1.7,3.2,129,
2010/09/29 17:00:00,37.282,140.028,8,5.7,217.4,8.3,4.2,262,
2010/09/30 01:23:00,37.277,140.008,7,4.6,78.1,1.6,3.4,105,
2010/09/30 21:47:00,37.08,141.125,51,4.8,51.2,1.9,3.3,160,
2010/10/03 06:37:00,37.139,138.425,23,4.5,77.4,2.1,3.1,99,
2010/10/03 06:52:00,37.132,138.421,24,4.6,206.7,5.7,4.1,111,
2010/10/03 09:26:00,37.135,138.42,22,4.7,260.1,9.3,4.3,158,
2010/10/04 22:28:00,24.213,125.337,53,6.4,80.3,3.8,3.5,8,
2010/10/06 13:51:00,33.524,133.733,7,4.5,93.9,2.8,3.0,117,
2010/10/10 06:46:00,25.809,127.807,43,4.6,12.0,0.6,1.8,4,
2010/10/14 22:59:00,42.309,143.072,53,5.5,167.2,4.7,4.0,274,
2010/10/16 06:14:00,40.159,142.434,36,4.6,20.0,0.7,2.3,87,
2010/11/03 03:10:00,46.48,147.253,392,5.4,12.0,0.5,2.1,65,
2010/11/05 07:31:00,36.744,141.275,48,4.9,36.9,1.2,2.9,200,
2010/11/05 19:14:00,36.059,139.845,45,4.6,102.4,3.5,3.4,274,
2010/11/19 13:02:00,43.17,145.601,53,4.8,139.3,4.9,3.8,103,
2010/11/24 20:09:00,36.225,140.905,47,4.9,124.0,3.0,3.8,215,
2010/11/27 04:20:00,23.921,122.947,55,4.7,2.1,0.1,0.4,2,
2010/11/30 12:25:00,28.354,139.591,494,7.1,80.1,6.8,4.1,433,
2010/12/02 06:44:00,42.975,141.444,3,4.6,40.5,1.8,2.9,55,
2010/12/06 16:30:00,40.795,143.222,7,5.8,22.1,1.5,3.1,246,
2010/12/10 01:21:00,39.049,143.826,8,4.9,3.1,0.3,1.5,27,
2010/12/13 14:19:00,27.504,129.542,40,4.6,5.1,0.1,1.2,3,
2010/12/15 14:43:00,41.949,144.471,35,4.7,7.8,0.5,2.0,47,
2010/12/15 16:37:00,41.025,142.812,23,4.7,11.3,0.5,2.0,100,
2010/12/15 23:19:00,27.466,129.552,26,4.7,8.9,0.3,1.7,4,
2010/12/22 02:20:00,27.048,143.938,8,7.4,9.1,0.7,2.2,329,
2010/12/23 06:50:00,26.934,143.691,59,6.5,2.4,0.2,1.0,28,
2010/12/25 09:22:00,28.206,130.484,55,4.7,4.2,0.3,1.7,4,
2011/01/01 08:01:00,36.654,140.976,49,4.7,76.7,2.2,3.4,163,
2011/01/03 13:45:00,38.57,139.265,12,4.7,66.8,2.4,3.3,124,
2011/01/09 21:42:00,42.337,144.526,31,4.7,8.2,0.3,1.7,57,
2011/01/13 06:32:00,27.071,140.176,516,6.3,3.5,0.2,1.3,77,
2011/01/16 12:35:00,43.859,147.971,62,5.1,6.4,0.2,1.5,16,
2011/01/16 20:33:00,34.005,133.778,44,4.5,148.4,2.6,3.5,164,
2011/01/20 20:36:00,29.548,129.584,150,4.9,14.4,0.4,1.7,23,
2011/01/25 14:24:00,35.18,141.41,39,5.3,5.4,1.1,2.1,44,
2011/02/04 18:11:00,31.076,131.517,31,4.7,27.2,1.5,3.0,49,
2011/02/04 20:16:00,29.203,130.309,72,5.0,4.5,0.3,1.7,10,
2011/02/05 10:56:00,34.852,140.621,64,5.2,123.6,6.9,4.0,228,
2011/02/10 22:03:00,37.155,141.411,48,5.4,77.8,5.5,3.9,332,
2011/02/15 23:12:00,25.954,128.445,41,5.4,11.7,1.2,2.4,5,
2011/02/17 08:45:00,25.963,128.42,46,5.3,9.9,0.8,2.3,5,
2011/02/21 15:46:00,33.874,135.366,53,4.8,185.2,4.1,3.9,222,
2011/02/22 13:56:00,26.351,128.952,33,5.2,6.7,0.3,1.6,6,
2011/02/26 04:12:00,34.432,140.376,56,5.0,66.9,3.5,3.6,100,
2011/02/26 23:40:00,38.167,143.539,34,5.2,2.8,0.3,1.4,50,
2011/02/27 00:38:00,37.3,141.846,43,5.2,16.2,0.8,2.2,206,
2011/02/27 02:19:00,36.154,137.46,4,5.0,1538.7,40.7,5.8,180,
2011/02/27 05:38:00,36.152,137.456,4,5.5,373.4,11.5,5.1,298,
2011/02/28 09:04:00,32.117,131.855,34,4.6,56.5,1.5,2.8,76,
2011/03/02 08:27:00,24.751,125.22,25,4.9,90.1,3.1,3.1,4,
2011/03/07 18:49:00,29.084,129.457,29,4.5,2.0,0.1,0.9,2,
2011/03/07 19:13:00,29.084,129.459,27,5.1,9.4,0.7,2.3,4,
2011/03/09 11:45:00,38.325,143.282,8,7.3,104.3,14.2,4.4,742,
2011/03/09 11:57:00,38.319,143.401,12,6.2,6.4,1.4,2.2,160,
2011/03/09 11:58:00,38.295,143.159,21,6.0,6.2,0.8,2.1,132,
2011/03/09 12:08:00,38.354,143.319,27,5.8,3.2,0.4,1.6,91,
2011/03/09 13:05:00,38.599,143.134,9,5.6,5.4,0.6,1.7,98,
2011/03/09 13:32:00,38.619,143.281,22,5.1,2.3,0.2,1.1,51,
2011/03/09 13:37:00,38.602,143.252,11,6.1,9.3,1.0,2.4,206,
2011/03/09 13:45:00,38.434,142.944,22,5.3,7.3,0.5,1.8,94,
2011/03/09 17:02:00,38.595,143.172,7,5.2,4.5,0.4,1.8,88,
2011/03/09 20:27:00,38.542,143.156,8,5.3,5.2,0.3,1.4,71,
2011/03/10 03:16:00,38.267,142.882,29,6.4,30.9,3.5,3.2,453,
2011/03/10 03:45:00,38.475,143.436,36,6.3,8.0,1.2,2.4,172,
2011/03/10 06:24:00,38.169,143.047,9,6.8,39.0,3.4,3.2,523,
2011/03/10 08:36:00,38.387,143.411,35,5.2,5.1,0.3,1.4,86,
2011/03/10 17:08:00,38.564,143.539,34,5.9,4.9,0.5,1.8,109,
2011/03/10 20:21:00,38.515,143.311,23,5.2,2.2,0.2,1.0,48,
2011/03/11 01:54:00,38.059,143.607,18,5.4,2.3,0.3,1.3,54,
2011/03/11 14:46:00,38.1,142.864,24,9.0,2933.2,112.2,6.6,1225,
2011/03/11 14:51:00,36.73,142.031,11,6.8,139.9,12.7,4.6,397,
2011/03/11 14:54:00,37.497,141.333,36,5.8,838.8,49.6,5.8,184,
2011/03/11 14:58:00,37.672,141.913,23,6.4,106.4,9.2,4.3,281,
2011/03/11 15:06:00,39.039,142.401,27,6.4,274.4,6.6,4.4,251,
2011/03/11 15:08:00,35.177,139.028,6,4.6,467.2,14.2,4.5,96,
2011/03/11 15:09:00,39.835,142.784,32,7.4,407.2,21.7,5.0,417,
2011/03/11 15:13:00,37.2,141.663,27,6.1,232.4,9.4,4.5,240,
2011/03/11 15:15:00,36.105,141.268,43,7.7,957.2,52.8,6.0,753,
2011/03/11 15:26:00,37.834,144.897,34,7.5,126.1,7.5,4.1,867,
2011/03/11 16:29:00,39.027,142.284,36,6.5,366.9,19.2,4.9,322,
2011/03/11 16:30:00,37.353,141.284,27,6.0,308.4,12.1,4.7,214,
2011/03/11 17:41:00,37.422,141.32,27,6.1,771.6,25.0,4.9,495,
2011/03/11 20:37:00,39.165,142.622,24,6.7,363.0,12.0,4.8,586,
2011/03/12 03:59:00,36.982,138.6,8,6.7,803.5,36.4,5.4,556,
2011/03/12 04:32:00,36.945,138.575,1,5.9,415.0,11.9,4.7,363,
2011/03/12 04:45:00,37.5,141.7,30,5.2,91.6,3.7,3.8,226,
2011/03/12 04:47:00,40.4,139.1,10,6.4,139.6,7.1,4.3,273,
2011/03/12 05:42:00,36.969,138.593,4,5.3,94.1,3.1,3.7,86,
2011/03/12 06:34:30,37.4,141.4,20,4.8,61.3,2.9,3.6,195,
2011/03/12 08:11:00,37.2,141.0,0,4.8,80.0,3.2,3.6,51,
2011/03/12 10:14:00,37.3,141.4,20,4.5,138.5,2.8,3.6,163,
2011/03/12 15:19:00,39.2,142.5,10,5.4,296.6,5.4,4.1,254,
2011/03/12 19:53:00,39.0,142.5,0,5.8,224.7,6.6,4.1,340,
2011/03/12 22:15:00,37.194,141.428,40,6.2,355.3,10.6,4.7,544,
2011/03/12 23:43:00,39.5,142.7,30,6.1,138.3,4.6,3.9,315,
2011/03/13 03:09:00,37.4,141.3,30,4.5,105.5,3.2,3.3,126,
2011/03/13 08:25:00,38.009,141.952,15,6.2,123.7,7.6,4.0,427,
2011/03/13 10:26:00,35.8,141.9,10,6.4,94.3,4.6,3.8,314,
2011/03/14 10:02:00,36.455,141.128,32,6.2,290.2,12.0,4.6,449,
2011/03/14 15:13:00,37.7,142.7,10,6.3,60.1,2.7,3.4,371,
2011/03/14 15:18:00,37.4,141.4,30,5.3,146.0,3.6,3.8,275,
2011/03/14 15:52:00,36.9,141.2,40,5.2,178.7,4.9,3.9,316,
2011/03/15 22:31:00,35.305,138.716,14,6.4,1075.6,82.1,6.3,586,
2011/03/16 12:52:00,35.834,140.908,10,6.1,215.5,8.7,4.4,432,
2011/03/16 13:14:00,37.5,141.7,20,5.6,172.8,7.1,4.4,336,
2011/03/16 22:39:00,36.0,140.5,60,5.3,57.7,3.1,3.4,328,
2011/03/16 23:46:00,38.5,141.8,50,5.2,109.9,2.4,3.4,202,
2011/03/17 13:14:00,40.1,142.5,20,5.8,73.9,4.5,3.8,317,
2011/03/17 21:32:00,35.7,141.1,40,5.8,202.9,14.8,4.3,263,
2011/03/17 21:55:00,36.7,141.3,30,5.8,109.9,4.4,3.9,471,
2011/03/18 17:01:00,35.9,141.3,10,5.4,39.7,3.3,3.3,207,
2011/03/19 08:33:00,39.2,142.5,20,5.6,82.6,3.5,3.7,243,
2011/03/19 08:49:00,36.8,140.7,10,5.3,318.6,15.0,4.8,195,
2011/03/19 18:56:00,36.78,140.573,5,6.1,1084.4,67.9,6.0,519,
2011/03/20 10:30:00,36.9,141.3,20,5.7,102.2,6.2,4.2,346,
2011/03/20 21:03:00,39.3,142.1,50,5.8,237.2,5.6,4.0,263,
2011/03/21 04:54:00,37.3,141.2,30,4.7,143.4,3.3,3.5,187,
2011/03/22 12:38:00,35.3,141.2,10,5.7,26.2,3.5,3.5,203,
2011/03/22 16:19:00,37.1,143.9,10,6.3,34.5,1.7,2.9,457,
2011/03/22 18:19:00,37.4,141.9,10,6.3,189.0,9.9,4.4,529,
2011/03/22 18:44:00,39.8,143.8,10,6.2,10.9,1.1,2.6,149,
2011/03/23 00:49:00,39.2,142.4,20,5.2,86.2,2.1,3.1,205,
2011/03/23 07:12:00,37.08,140.79,8,6.0,254.5,12.6,4.5,395,
2011/03/23 07:34:00,37.094,140.798,7,5.5,274.7,9.4,4.7,201,
2011/03/23 07:36:00,37.06,140.773,7,5.8,279.1,10.6,4.8,417,
2011/03/23 18:55:00,37.107,140.763,9,4.7,136.3,4.4,3.8,151,
2011/03/24 05:33:00,36.3,141.0,40,4.7,146.2,3.8,3.9,183,
2011/03/24 08:56:00,36.174,140.045,52,4.8,309.6,10.8,4.8,280,
2011/03/24 17:21:00,39.074,142.361,34,6.2,198.6,6.3,4.2,433,
2011/03/25 20:36:00,38.7,142.3,40,6.2,223.8,6.3,4.3,430,
2011/03/26 19:18:00,38.6,141.9,50,5.1,144.2,4.4,3.9,232,
2011/03/28 07:24:00,38.389,142.319,31,6.5,193.3,9.9,4.4,519,
2011/03/29 19:54:00,37.4,142.4,0,6.4,47.6,4.5,3.6,460,
2011/03/30 22:19:00,36.7,141.0,50,5.0,381.5,6.1,4.3,281,
2011/03/31 16:15:00,38.869,142.087,47,6.1,239.7,10.7,4.1,400,
2011/04/01 19:49:00,40.254,140.366,12,5.0,343.9,13.5,4.9,184,
2011/04/01 20:58:00,39.332,142.169,45,6.0,161.7,6.3,4.2,340,
2011/04/02 05:00:00,38.872,141.999,49,4.9,111.1,3.2,3.5,130,
2011/04/02 13:08:00,38.769,142.099,42,5.2,186.0,4.0,3.9,198,
2011/04/02 14:08:00,36.419,141.1,45,4.6,65.7,1.6,3.2,127,
2011/04/02 14:33:00,39.09,142.389,36,4.7,87.4,1.2,2.6,82,
2011/04/02 16:56:00,36.204,139.965,54,5.0,417.2,13.7,4.9,287,
2011/04/02 23:38:00,37.092,140.836,6,4.8,31.6,1.7,3.0,133,
2011/04/03 16:38:00,37.622,141.653,47,5.4,170.2,5.8,4.2,304,
2011/04/03 21:57:00,37.26,141.405,48,4.6,115.9,3.3,3.2,128,
2011/04/03 23:53:00,37.865,142.134,40,4.9,18.5,0.8,2.3,119,
2011/04/03 23:55:00,37.86,142.164,36,4.5,6.8,0.3,1.5,89,
2011/04/04 17:42:00,37.807,142.547,38,4.8,10.6,0.3,1.9,115,
2011/04/05 10:29:00,39.669,142.144,48,4.7,98.1,2.0,3.1,82,
2011/04/05 13:25:00,38.895,142.549,42,4.6,30.4,0.5,2.2,69,
2011/04/05 23:41:00,35.7,140.988,10,4.6,89.6,3.3,3.1,63,
2011/04/06 07:02:00,38.397,142.314,27,5.0,29.7,0.7,2.6,174,
2011/04/06 21:56:00,36.73,140.605,7,4.9,421.2,7.1,3.9,195,
2011/04/06 22:55:00,37.63,141.575,46,5.3,145.1,4.3,3.6,309,
2011/04/07 01:25:00,38.384,142.147,39,4.5,22.4,0.6,2.0,67,
2011/04/07 11:40:00,36.537,140.893,51,4.9,205.1,5.4,4.0,167,
2011/04/07 23:32:00,38.2,141.924,66,7.1,1495.8,67.9,6.2,923,
2011/04/07 23:49:00,38.139,141.821,59,4.6,52.7,1.2,2.9,96,
2011/04/08 11:57:00,36.77,141.17,44,4.7,56.0,1.2,3.0,145,
2011/04/09 03:42:00,43.535,147.537,34,5.2,17.7,0.5,2.3,56,
2011/04/09 18:42:00,38.244,141.817,58,5.4,286.0,5.3,4.1,253,
2011/04/09 21:58:00,30.011,131.84,62,5.8,14.5,0.8,2.4,84,
2011/04/11 00:07:00,38.325,141.869,64,4.5,68.0,1.1,2.7,101,
2011/04/11 02:45:00,37.294,141.445,36,4.5,59.0,2.2,3.2,123,
2011/04/11 06:36:00,36.737,141.156,53,5.1,161.0,6.1,4.3,246,
2011/04/11 13:51:00,37.465,141.326,29,5.0,135.3,5.3,4.1,186,
2011/04/11 17:16:00,36.942,140.675,6,7.0,745.8,56.6,5.8,731,
2011/04/11 17:17:00,36.887,140.718,9,5.7,61.8,1.8,2.7,49,
2011/04/11 17:19:00,37.002,140.723,11,4.5,69.1,3.1,3.3,100,
2011/04/11 17:26:00,37.059,140.625,5,5.4,164.3,7.6,4.4,258,
2011/04/11 17:58:00,37.02,140.61,10,4.9,212.9,4.5,3.6,214,
2011/04/11 17:59:00,36.989,140.733,12,4.8,190.0,11.1,4.3,136,
2011/04/11 18:05:00,36.985,140.733,12,5.1,257.8,10.8,4.4,299,
2011/04/11 18:36:00,36.897,140.683,8,4.8,190.2,5.3,4.0,164,
2011/04/11 20:42:00,36.962,140.636,11,5.9,385.6,12.3,4.6,455,
2011/04/11 22:05:00,37.015,140.693,11,4.7,323.1,10.6,3.8,182,
2011/04/12 00:21:00,36.837,140.516,7,4.8,97.1,3.9,3.8,140,
2011/04/12 00:43:00,36.94,140.653,11,4.5,302.8,6.4,3.9,130,
2011/04/12 00:57:00,37.059,140.656,11,5.0,60.5,3.1,3.7,158,
2011/04/12 07:26:00,36.815,138.608,0,5.6,209.8,11.7,4.4,221,
2011/04/12 07:32:00,36.827,138.586,0,4.7,75.5,2.5,3.3,84,
2011/04/12 08:08:00,35.479,140.87,26,6.4,203.5,9.4,4.4,387,
2011/04/12 08:48:00,37.027,140.695,11,4.7,102.9,2.7,3.3,155,
2011/04/12 14:07:00,37.049,140.646,15,6.4,847.0,60.5,5.8,529,
2011/04/12 14:15:00,37.05,140.676,13,4.5,81.9,1.7,2.9,65,
2011/04/12 14:26:00,37.039,140.655,14,4.8,190.0,7.8,4.5,141,
2011/04/12 16:15:00,36.829,138.571,1,4.6,111.1,2.7,3.6,95,
2011/04/12 17:48:00,37.024,140.691,10,4.9,224.8,7.9,4.0,193,
2011/04/12 19:15:00,37.147,140.823,10,4.5,80.7,1.9,3.0,127,
2011/04/13 04:02:00,36.942,140.635,7,4.5,97.0,2.3,3.1,77,
2011/04/13 04:37:00,39.34,142.067,48,5.5,186.8,4.3,4.0,151,
2011/04/13 08:36:00,35.484,140.881,27,5.3,57.2,2.4,3.2,114,
2011/04/13 08:54:00,38.27,141.877,61,4.5,58.6,1.0,2.6,78,
2011/04/13 10:08:00,36.912,140.71,5,5.7,484.1,20.2,5.2,351,
2011/04/13 21:58:00,37.222,141.201,14,4.5,26.2,0.7,2.5,61,
2011/04/14 04:57:00,39.644,143.812,0,6.3,16.5,1.7,2.7,207,
2011/04/14 07:35:00,36.775,140.575,9,5.1,684.4,26.1,5.2,208,
2011/04/14 12:09:00,36.98,140.775,11,5.4,143.0,12.2,4.2,259,
2011/04/14 19:32:00,39.785,143.429,32,5.0,14.3,1.0,2.5,81,
2011/04/15 21:53:00,37.409,141.49,19,4.7,17.0,0.5,1.9,40,
2011/04/15 23:34:00,39.164,142.426,31,5.0,55.6,0.8,2.5,99,
2011/04/16 10:11:00,25.204,124.025,137,5.8,12.5,0.6,2.0,6,
2011/04/16 11:19:00,36.337,139.948,79,5.9,413.4,14.8,5.0,507,
2011/04/17 00:56:00,37.019,138.691,8,4.9,276.6,6.9,4.1,63,
2011/04/17 05:19:00,37.094,140.831,8,4.5,51.2,1.1,2.8,71,
2011/04/17 05:21:00,36.175,140.973,52,4.7,58.9,1.6,3.2,114,
2011/04/17 10:38:00,38.647,142.374,38,4.8,41.4,0.8,2.5,63,
2011/04/17 13:39:00,35.864,140.473,35,4.5,31.5,0.7,2.3,56,
2011/04/17 14:38:00,37.007,140.683,7,4.5,62.3,0.9,2.6,61,
2011/04/17 15:49:00,35.864,140.466,35,4.6,40.1,1.1,2.5,64,
2011/04/17 21:51:00,37.062,140.733,8,4.6,87.9,2.4,3.2,80,
2011/04/17 23:46:00,37.09,140.836,7,4.5,27.2,1.5,2.5,19,
2011/04/18 00:47:00,36.994,141.283,29,4.8,78.7,2.4,3.3,112,
2011/04/19 04:14:00,39.599,140.39,6,4.9,398.1,14.9,4.7,67,
2011/04/19 06:34:00,36.71,141.47,37,4.8,18.7,0.6,2.4,39,
2011/04/19 15:53:00,37.014,140.653,7,4.6,120.8,3.6,3.6,73,
2011/04/19 23:10:00,36.165,139.81,53,5.0,309.3,8.9,4.5,291,
2011/04/19 23:47:00,36.877,140.816,8,4.5,119.2,6.2,3.7,40,
2011/04/20 08:07:00,34.117,140.25,84,5.0,40.7,1.8,3.2,73,
2011/04/20 09:50:00,37.022,140.678,7,4.8,47.7,1.9,2.8,98,
2011/04/21 01:33:00,38.144,141.744,55,4.5,61.7,1.4,3.0,70,
2011/04/21 17:18:00,38.317,142.236,31,5.2,115.8,2.0,3.2,146,
2011/04/21 22:37:00,35.672,140.688,46,6.0,110.2,9.2,4.1,376,
2011/04/22 01:11:00,37.507,141.455,48,5.6,201.2,7.4,4.3,362,
2011/04/23 00:25:00,37.165,141.196,21,5.4,376.2,11.2,4.5,255,
2011/04/23 08:15:00,36.705,140.643,5,4.5,99.1,3.0,3.8,31,
2011/04/23 19:13:00,39.129,143.004,35,6.1,67.7,1.8,3.2,307,
2011/04/24 19:09:00,37.055,140.641,14,4.5,165.4,6.7,4.4,72,
2011/04/25 06:06:00,35.222,141.246,40,5.1,7.8,0.6,2.0,25,
2011/04/25 18:00:00,36.17,141.028,39,5.0,134.0,4.5,4.1,153,
2011/04/26 06:16:00,38.345,141.874,64,4.5,166.2,2.4,3.2,70,
2011/04/26 08:26:00,42.02,142.596,61,4.6,14.1,0.7,2.3,87,
2011/04/26 13:01:00,37.282,141.25,13,5.2,44.9,1.7,3.1,98,
2011/04/26 21:12:00,36.082,139.978,46,5.0,188.0,5.2,4.1,292,
2011/04/27 19:27:00,36.817,138.626,0,4.6,66.3,2.6,3.0,72,
2011/04/28 06:45:00,38.124,141.781,53,4.8,128.8,1.5,2.9,101,
2011/04/28 10:44:00,38.56,141.894,48,4.8,76.1,2.1,3.0,86,
2011/04/28 18:28:00,37.41,141.783,44,5.7,119.8,4.0,4.1,347,
2011/04/29 13:38:00,30.234,130.95,44,4.6,28.2,0.9,2.5,16,
2011/04/29 15:54:00,39.337,142.067,48,4.8,93.3,2.6,3.5,77,
2011/04/30 02:04:00,35.454,140.918,24,4.7,52.2,2.4,2.9,50,
2011/04/30 07:19:00,38.835,142.117,44,5.2,74.1,1.8,2.8,90,
2011/04/30 14:06:00,36.755,141.283,37,5.3,164.0,9.5,4.3,193,
2011/04/30 14:47:00,37.332,141.298,33,4.5,84.1,2.3,3.4,76,
2011/04/30 15:04:00,36.764,141.251,37,4.6,59.7,1.7,3.2,32,
2011/05/01 02:12:00,36.385,141.008,21,4.9,87.5,2.8,3.6,127,
2011/05/01 10:27:00,35.892,140.856,39,4.5,59.0,2.6,2.8,15,
2011/05/01 11:48:00,37.42,141.211,29,4.6,106.7,2.5,3.3,88,
2011/05/02 11:09:00,37.649,141.603,48,4.7,59.5,1.6,2.6,57,
2011/05/02 21:36:00,38.31,142.236,38,4.7,37.5,0.8,2.5,68,
2011/05/03 06:26:00,40.054,142.726,31,5.1,18.2,1.4,2.8,100,
2011/05/03 22:36:00,38.8,142.046,47,4.8,104.6,1.7,2.7,75,
2011/05/03 22:57:00,37.009,140.588,8,4.5,220.8,3.9,3.6,68,
2011/05/04 14:41:00,40.842,141.417,92,4.6,59.9,1.9,3.2,99,
2011/05/05 19:20:00,36.845,140.585,8,4.5,258.1,9.0,4.4,69,
2011/05/05 23:58:00,38.209,144.122,42,6.1,28.1,0.9,2.7,305,
2011/05/06 02:04:00,37.095,140.811,6,5.2,87.4,4.7,3.7,109,
2011/05/06 08:21:00,26.078,128.674,35,5.6,7.4,0.9,2.2,5,
2011/05/06 14:15:00,39.074,142.234,44,4.7,68.7,1.2,2.6,52,
2011/05/07 13:35:00,37.742,139.935,8,4.6,306.7,10.4,3.9,97,
2011/05/08 05:52:00,40.24,142.504,34,5.7,98.9,3.2,3.8,198,
2011/05/08 07:11:00,37.105,140.776,4,4.5,31.0,0.9,2.7,56,
2011/05/08 19:43:00,37.647,141.591,46,4.7,77.4,1.8,3.3,81,
2011/05/10 05:15:00,37.792,143.621,45,5.6,9.3,0.3,1.7,66,
2011/05/10 08:38:00,36.695,140.64,6,4.5,71.1,2.7,3.5,56,
2011/05/10 19:14:00,36.222,141.865,58,5.4,20.1,0.7,2.6,27,
2011/05/11 05:24:00,35.67,141.015,23,4.7,92.8,3.2,3.4,54,
2011/05/12 03:21:00,38.525,141.817,50,4.6,70.9,1.1,2.7,66,
2011/05/13 01:21:00,39.66,142.142,49,4.7,87.3,2.0,3.1,85,
2011/05/14 06:49:00,35.954,141.106,29,4.7,42.4,1.5,2.6,96,
2011/05/14 08:36:00,37.324,141.631,41,5.9,105.3,3.5,3.9,388,
2011/05/15 00:01:00,37.407,141.32,28,4.6,41.6,1.1,2.7,65,
2011/05/15 07:30:00,42.85,146.316,48,5.0,29.7,0.8,2.6,44,
2011/05/15 08:51:00,37.652,141.585,48,5.1,68.4,2.5,3.6,132,
2011/05/15 19:25:00,37.067,142.496,6,5.1,6.3,0.3,1.5,9,
2011/05/15 21:14:00,37.284,142.559,68,5.3,20.0,1.2,2.6,136,
2011/05/15 21:32:00,39.762,142.734,31,4.7,15.8,0.4,1.9,42,
2011/05/16 04:07:00,38.625,141.937,48,4.7,79.1,1.7,2.8,50,
2011/05/17 00:53:00,37.374,141.3,35,4.6,121.9,2.2,2.8,87,
2011/05/17 03:05:00,36.475,137.641,2,4.5,42.6,0.7,2.2,59,
2011/05/19 17:32:00,38.325,141.779,60,4.8,113.3,1.6,3.0,101,
2011/05/19 18:12:00,37.169,142.851,42,5.5,7.1,0.4,1.7,20,
2011/05/20 09:46:00,35.797,141.178,36,5.8,62.9,7.3,3.9,257,
2011/05/20 16:28:00,37.449,141.486,41,5.2,71.4,3.0,3.5,229,
2011/05/20 17:53:00,35.985,140.091,64,4.6,139.2,4.5,4.2,195,
2011/05/22 07:06:00,35.725,140.646,48,5.5,115.8,13.1,4.4,273,
2011/05/22 17:33:00,39.115,143.014,21,4.7,4.2,0.4,1.4,13,
2011/05/22 20:06:00,37.579,142.062,27,4.7,9.2,0.2,1.2,9,
2011/05/22 23:46:00,37.58,143.461,45,5.6,8.7,0.3,1.6,57,
2011/05/23 14:20:00,38.185,142.157,16,4.8,17.8,0.5,2.2,35,
2011/05/23 23:40:00,38.059,142.652,32,4.8,12.9,0.3,1.5,15,
2011/05/24 12:41:00,39.78,143.491,27,5.8,16.6,1.2,2.7,142,
2011/05/24 19:18:00,36.777,141.291,36,4.6,27.1,0.7,2.5,22,
2011/05/24 20:49:00,36.395,141.125,44,5.0,71.6,1.6,3.0,135,
2011/05/25 05:36:00,37.109,140.833,7,5.0,52.9,4.5,3.3,73,
2011/05/25 09:19:00,35.92,140.141,62,4.5,50.1,1.6,3.2,159,
2011/05/26 19:56:00,36.715,140.626,6,4.8,151.5,5.7,4.2,174,
2011/05/27 12:34:00,37.109,140.831,8,4.7,40.3,1.2,2.9,57,
2011/05/27 22:33:00,39.609,140.635,5,4.6,211.5,8.1,4.1,100,
2011/05/28 08:02:00,39.792,142.144,47,4.5,63.7,1.7,3.1,88,
2011/05/31 04:36:00,36.509,140.933,15,5.0,81.8,2.7,3.3,144,
2011/05/31 08:53:00,40.255,143.386,10,5.0,7.5,0.3,1.8,53,
2011/05/31 21:28:00,39.339,142.066,48,5.3,169.1,3.2,3.7,148,
2011/06/01 01:26:00,40.245,143.356,12,5.1,7.8,0.7,2.1,73,
2011/06/01 17:18:00,35.527,140.72,28,4.5,70.8,1.3,2.7,29,
2011/06/02 11:33:00,37.014,138.708,6,4.7,161.8,6.0,3.9,86,
2011/06/02 23:37:00,37.507,142.721,31,4.9,5.6,0.2,1.4,42,
2011/06/03 09:05:00,37.299,143.836,57,6.1,28.7,1.2,2.8,412,
2011/06/03 10:33:00,35.977,140.16,62,4.5,33.0,1.3,2.7,188,
2011/06/04 01:00:00,36.987,141.213,30,5.5,129.9,5.7,4.1,364,
2011/06/04 01:57:00,35.092,132.673,11,5.2,451.5,10.9,4.4,251,
2011/06/07 05:10:00,37.769,141.603,48,4.6,62.7,1.4,2.8,129,
2011/06/09 07:11:00,39.037,142.446,34,5.0,247.5,3.6,3.7,139,
2011/06/09 19:26:00,37.222,142.281,22,5.2,10.5,0.4,2.0,68,
2011/06/09 19:38:00,36.494,140.973,13,5.7,122.8,4.4,4.1,265,
2011/06/10 03:16:00,40.149,142.399,37,4.7,28.8,1.2,2.7,93,
2011/06/11 07:36:00,38.36,142.226,36,5.0,78.0,1.4,3.1,182,
2011/06/12 05:09:00,37.212,141.213,21,4.5,68.0,1.8,3.0,124,
2011/06/12 17:09:00,36.409,141.083,47,4.6,46.5,1.6,3.1,127,
2011/06/12 21:57:00,36.232,141.756,29,4.9,6.1,0.6,1.8,50,
2011/06/13 05:48:00,27.996,130.259,35,4.6,3.3,0.3,1.5,2,
2011/06/13 15:50:00,39.944,143.231,16,5.1,10.2,0.8,2.4,90,
2011/06/14 21:49:00,43.114,145.364,73,5.1,253.1,8.5,4.2,105,
2011/06/14 22:07:00,37.809,143.586,50,6.0,21.0,0.9,2.5,347,
2011/06/14 23:56:00,39.487,142.532,28,5.3,70.9,1.9,3.6,211,
2011/06/15 02:54:00,39.497,142.556,28,4.6,16.6,0.4,1.9,73,
2011/06/17 04:00:00,35.414,141.288,31,4.9,8.1,0.6,2.0,44,
2011/06/18 13:39:00,37.057,140.63,15,4.6,145.2,5.4,3.7,142,
2011/06/18 20:31:00,37.614,141.823,28,6.0,76.2,3.8,3.7,420,
2011/06/19 15:52:00,35.512,141.018,38,4.5,16.1,0.8,2.0,24,
2011/06/20 03:13:00,36.77,141.295,30,4.7,14.9,0.8,2.2,56,
2011/06/20 10:46:00,35.52,140.946,40,4.6,29.6,1.5,3.0,46,
2011/06/21 17:49:00,35.755,141.476,21,5.5,30.7,2.9,3.2,145,
2011/06/22 06:15:00,36.29,141.853,73,5.0,13.4,0.5,1.9,72,
2011/06/22 23:29:00,40.06,142.917,23,5.5,28.9,1.5,2.9,210,
2011/06/23 06:51:00,39.944,142.594,36,6.9,485.1,12.0,5.0,645,
2011/06/23 17:22:00,37.062,141.176,50,4.5,95.4,2.4,3.2,79,
2011/06/23 19:35:00,38.464,141.611,57,5.3,306.8,6.1,4.2,237,
2011/06/23 20:38:00,30.244,131.61,50,4.7,4.6,0.2,1.2,14,
2011/06/25 02:39:00,41.962,142.724,57,5.4,70.2,3.7,3.3,251,
2011/06/25 15:54:00,37.015,142.469,15,4.7,7.1,0.3,1.7,55,
2011/06/25 16:06:00,36.96,140.54,6,4.5,44.7,1.3,3.0,121,
2011/06/28 00:04:00,35.814,141.001,18,4.5,22.9,0.7,2.3,60,
2011/06/30 07:14:00,35.732,140.621,51,4.6,39.8,1.2,2.6,82,
2011/06/30 08:16:00,36.185,137.956,4,5.4,119.3,7.3,4.2,163,
2011/06/30 08:21:00,36.185,137.956,4,5.1,60.4,3.8,3.5,72,
2011/06/30 19:22:00,37.34,141.591,43,4.8,52.8,1.8,3.2,174,
2011/07/01 13:19:00,37.594,142.011,24,4.5,6.7,0.2,1.5,75,
2011/07/04 05:41:00,37.909,142.582,39,4.5,5.5,0.2,1.2,39,
2011/07/04 19:45:00,40.104,142.694,28,4.5,7.3,0.4,1.7,61,
2011/07/05 01:06:00,40.159,142.381,37,4.5,18.4,0.8,2.3,87,
2011/07/05 19:18:00,33.987,135.236,7,5.5,1084.1,26.3,4.9,340,
2011/07/05 19:34:00,33.992,135.245,7,4.5,634.5,13.3,4.1,85,
2011/07/07 00:15:00,36.37,141.79,76,5.9,26.5,3.1,3.2,267,
2011/07/07 13:02:00,38.015,142.306,38,4.7,14.0,0.3,1.7,86,
2011/07/07 14:10:00,37.579,142.034,29,4.7,13.4,0.5,1.9,105,
2011/07/08 03:35:00,37.094,141.131,55,5.6,265.5,10.6,4.6,450,
2011/07/08 22:08:00,38.424,142.199,30,4.5,42.3,0.5,2.1,86,
2011/07/08 22:10:00,39.837,142.249,43,4.9,99.0,1.5,3.0,109,
2011/07/10 09:57:00,38.029,143.511,34,7.3,75.6,7.2,3.7,774,
2011/07/11 10:36:00,38.42,142.206,35,4.6,62.1,0.9,2.5,98,
2011/07/11 13:29:00,39.339,142.064,48,5.1,125.5,3.2,3.8,137,
2011/07/12 18:00:00,38.757,142.066,57,4.8,196.5,2.8,3.6,150,
2011/07/12 18:40:00,37.615,142.052,25,4.5,8.2,0.3,1.4,47,
2011/07/13 00:37:00,38.327,142.011,47,5.1,86.2,3.7,3.6,187,
2011/07/13 05:47:00,37.287,141.176,14,5.3,31.5,2.6,3.3,102,
2011/07/13 16:19:00,24.991,123.797,116,5.1,14.9,0.3,1.6,5,
2011/07/14 10:35:00,38.432,141.842,57,4.8,144.0,2.0,3.1,168,
2011/07/14 13:10:00,36.892,141.521,29,5.4,16.3,0.9,2.2,87,
2011/07/15 21:01:00,36.16,140.086,66,5.4,140.2,6.5,4.2,400,
2011/07/19 10:39:00,37.322,141.76,31,5.4,34.2,1.3,2.8,189,
2011/07/21 04:18:00,27.228,128.317,59,5.2,132.1,6.6,4.1,12,
2011/07/23 13:34:00,38.87,142.094,47,6.4,323.0,16.7,5.0,484,
2011/07/24 23:32:00,33.917,136.141,42,4.8,213.3,4.2,4.0,170,
2011/07/25 00:07:00,38.84,142.121,44,5.2,85.0,1.8,3.0,162,
2011/07/25 03:51:00,37.705,141.63,46,6.3,343.1,12.6,4.6,584,
2011/07/25 20:04:00,38.56,142.081,45,5.2,82.2,2.1,3.1,199,
2011/07/25 20:55:00,35.24,141.235,37,5.7,22.4,5.7,3.6,141,
2011/07/26 05:39:00,38.534,141.822,50,4.6,61.5,0.8,2.2,109,
2011/07/26 06:33:00,39.029,142.749,24,4.9,17.7,0.6,2.0,95,
2011/07/26 07:58:00,42.039,142.509,67,4.8,52.3,2.1,3.1,210,
2011/07/27 23:49:00,40.099,142.801,25,4.9,16.5,0.7,2.2,98,
2011/07/28 18:01:00,40.292,143.527,3,5.7,11.6,0.7,2.3,122,
2011/07/29 23:53:00,36.684,142.136,29,5.6,19.5,1.5,2.9,247,
2011/07/31 03:54:00,36.899,141.223,57,6.5,496.6,17.3,5.2,708,
2011/08/01 02:36:00,41.705,143.016,37,5.5,99.7,4.2,3.9,217,
2011/08/01 04:33:00,38.719,142.344,43,4.6,43.3,0.6,2.2,97,
2011/08/01 13:29:00,36.742,141.795,52,4.8,18.3,0.6,2.2,91,
2011/08/01 15:55:00,38.65,142.154,42,4.6,34.0,1.2,2.7,99,
2011/08/01 22:44:00,39.812,142.257,43,5.8,200.2,5.5,4.2,270,
2011/08/01 22:47:00,39.182,142.391,29,4.5,18.6,0.3,1.7,53,
2011/08/01 23:58:00,34.705,138.55,23,6.2,301.8,12.2,4.7,497,
2011/08/02 00:23:00,36.822,141.313,37,4.8,17.7,0.7,2.4,66,
2011/08/05 19:53:00,40.12,142.482,34,4.9,113.5,2.8,3.8,140,
2011/08/05 20:16:00,37.117,140.85,7,4.7,103.9,2.9,3.1,115,
2011/08/06 16:15:00,35.335,141.16,28,5.2,20.9,1.5,2.5,97,
2011/08/07 12:33:00,36.725,140.598,7,4.7,253.7,3.9,3.7,167,
2011/08/10 04:35:00,36.192,141.37,48,4.5,32.0,1.0,2.3,69,
2011/08/10 08:13:00,34.047,135.523,61,4.7,244.2,4.3,3.7,170,
2011/08/11 10:26:00,36.162,141.346,48,4.6,25.4,0.5,2.1,70,
2011/08/11 22:31:00,38.445,142.234,30,5.3,126.3,2.8,3.3,228,
2011/08/12 03:22:00,36.965,141.163,52,6.1,355.6,13.6,4.7,581,
2011/08/12 04:37:00,34.405,138.085,27,5.2,13.7,1.3,2.5,102,
2011/08/13 23:00:00,37.005,141.401,26,5.0,22.3,0.9,2.6,73,
2011/08/15 15:26:00,36.124,140.083,64,4.7,60.3,2.8,3.4,214,
2011/08/16 19:16:00,36.824,140.575,6,4.6,414.9,11.0,4.6,149,
2011/08/17 04:35:00,40.12,142.449,35,5.4,47.9,1.7,3.1,193,
2011/08/17 12:05:00,38.457,142.191,31,5.1,140.3,2.2,3.3,200,
2011/08/17 12:14:00,38.465,142.197,28,4.5,67.8,1.1,2.8,128,
2011/08/17 16:55:00,35.514,140.963,41,4.5,5.9,0.4,1.7,22,
2011/08/17 20:44:00,36.765,143.767,52,6.2,16.1,0.7,2.3,315,
2011/08/19 13:51:00,39.095,142.146,45,4.5,60.4,1.0,2.6,92,
2011/08/19 14:36:00,37.645,141.8,51,6.5,276.7,10.0,4.5,630,
2011/08/20 07:04:00,44.122,147.427,95,4.5,5.3,0.3,1.5,30,
2011/08/21 07:58:00,38.619,141.959,50,4.8,160.5,3.2,3.5,142,
2011/08/22 07:05:00,37.084,141.13,53,4.5,83.2,2.8,3.6,97,
2011/08/22 09:07:00,42.667,143.272,25,4.7,76.8,3.8,3.8,116,
2011/08/22 17:36:00,36.082,140.158,64,4.7,26.9,0.9,2.8,253,
2011/08/22 20:23:00,36.104,141.986,34,6.1,15.0,1.6,2.7,227,
2011/08/27 09:16:00,37.014,141.443,28,4.5,9.3,0.3,1.4,35,
2011/08/27 23:29:00,37.004,141.39,28,4.8,27.1,0.8,2.5,94,
2011/08/28 00:49:00,27.991,129.495,29,4.5,11.0,0.4,1.8,4,
2011/08/29 17:06:00,37.147,142.357,14,4.5,5.9,0.2,1.5,40,
2011/08/30 03:22:00,36.505,140.935,16,4.6,43.6,1.3,2.6,102,
2011/08/30 22:44:00,39.184,140.581,155,4.9,45.1,0.7,2.7,199,
2011/08/31 18:33:00,35.554,140.1,72,4.6,37.7,1.3,3.0,227,
2011/09/02 13:08:00,39.085,142.417,33,4.5,40.9,0.6,2.2,89,
2011/09/04 05:53:00,35.869,139.611,90,4.7,36.4,1.2,2.8,241,
2011/09/07 02:54:00,36.659,141.691,36,5.2,14.1,0.9,2.3,142,
2011/09/07 07:43:00,36.63,141.76,54,4.5,7.0,0.2,1.6,43,
2011/09/07 14:42:00,38.644,142.169,42,4.6,27.4,0.5,2.0,82,
2011/09/07 22:29:00,42.257,142.592,10,5.1,411.3,22.1,5.2,78,
2011/09/08 22:38:00,37.269,141.926,40,5.2,28.7,1.0,2.7,196,
2011/09/09 07:06:00,39.795,142.291,22,4.8,66.5,2.1,3.3,121,
2011/09/10 15:00:00,36.425,140.696,53,4.8,147.2,4.9,4.1,208,
2011/09/13 01:50:00,42.692,142.504,101,4.5,36.0,2.2,2.8,142,
2011/09/13 23:14:00,38.932,142.417,35,4.7,52.7,0.9,2.7,104,
2011/09/14 23:56:00,37.735,141.793,51,4.6,47.1,1.1,2.4,115,
2011/09/15 17:00:00,36.252,141.486,51,6.3,97.7,5.2,3.9,442,
2011/09/16 14:27:00,35.569,141.045,33,4.5,22.2,1.1,2.4,33,
2011/09/17 04:26:00,40.255,143.089,7,6.6,43.9,3.7,3.7,420,
2011/09/17 04:39:00,40.239,143.167,6,5.2,5.9,0.5,2.0,63,
2011/09/17 05:11:00,40.262,143.484,5,5.7,4.8,0.4,1.7,77,
2011/09/17 06:08:00,40.244,143.216,4,6.1,26.3,2.3,3.2,259,
2011/09/17 06:36:00,40.135,143.391,5,5.8,8.6,0.9,2.4,149,
2011/09/17 07:41:00,40.272,143.397,15,5.8,15.8,1.2,2.8,184,
2011/09/17 16:34:00,40.29,143.212,8,5.8,35.6,2.3,3.4,244,
2011/09/18 02:54:00,40.279,143.331,7,5.1,5.6,0.3,1.5,67,
2011/09/18 16:04:00,39.925,143.227,19,5.8,23.9,2.5,3.3,224,
2011/09/18 19:39:00,41.932,142.444,66,5.0,47.6,2.6,3.5,205,
2011/09/19 03:32:00,37.764,141.611,48,5.2,38.7,1.4,2.9,200,
2011/09/21 05:59:00,38.527,141.822,51,4.8,105.3,1.4,2.8,132,
2011/09/21 22:30:00,36.734,140.58,9,5.2,624.9,16.4,4.9,321,
2011/09/23 04:59:00,37.32,141.496,34,4.7,63.4,1.5,3.2,201,
2011/09/23 17:15:00,36.689,140.62,4,5.1,245.1,6.4,4.0,167,
2011/09/23 22:12:00,39.335,142.067,48,5.0,112.5,3.0,3.4,120,
2011/09/25 13:18:00,41.889,144.296,45,4.8,8.2,0.8,2.3,38,
2011/09/29 19:05:00,37.129,140.871,9,5.4,114.1,4.1,3.7,245,
2011/10/01 02:20:00,35.474,140.98,24,4.5,27.8,0.9,2.2,83,
2011/10/03 01:49:00,37.334,141.638,18,5.3,14.8,1.2,2.3,124,
2011/10/04 20:58:00,35.489,140.968,24,4.5,13.3,0.7,2.1,50,
2011/10/05 14:17:00,40.18,142.022,12,5.0,74.7,2.5,3.3,109,
2011/10/05 19:00:00,36.529,137.653,1,5.4,63.5,1.3,2.7,122,
2011/10/05 19:06:00,36.545,137.65,0,5.2,48.3,1.6,2.8,133,
2011/10/05 23:33:00,32.91,130.852,10,4.5,153.5,7.5,4.1,119,
2011/10/06 19:37:00,36.564,137.655,1,4.7,28.5,0.7,2.3,77,
2011/10/07 11:51:00,41.562,142.061,67,5.0,22.9,1.3,3.0,201,
2011/10/07 21:44:00,43.145,146.901,66,4.8,14.1,0.5,2.1,55,
2011/10/10 11:46:00,37.504,141.488,47,5.6,308.2,14.1,4.4,424,
2011/10/21 17:03:00,43.791,142.656,196,6.3,36.9,1.7,2.9,313,
2011/10/26 02:08:00,36.959,141.15,30,5.0,70.0,3.6,3.5,238,
2011/10/26 04:34:00,32.171,138.386,45,4.9,2.8,0.1,0.6,10,
2011/10/29 15:24:00,38.21,142.032,51,4.9,75.5,1.8,3.0,157,
2011/10/30 12:23:00,25.213,122.994,209,5.5,11.7,0.3,1.6,5,
2011/10/31 08:08:00,38.827,142.466,34,4.5,21.3,0.6,2.4,75,
2011/11/01 05:59:00,42.747,145.336,47,4.5,40.3,1.2,2.9,46,
2011/11/03 19:34:00,35.917,140.145,62,4.9,96.7,4.4,3.8,269,
2011/11/04 11:59:00,36.004,141.331,32,4.9,23.9,0.9,2.3,82,
2011/11/07 23:42:00,36.895,139.383,3,4.5,123.8,3.0,3.4,52,
2011/11/08 11:59:00,27.293,125.74,217,7.0,72.1,4.5,3.6,81,
2011/11/17 17:34:00,38.804,142.039,47,4.7,92.0,1.6,2.7,104,
2011/11/17 18:42:00,35.815,141.901,20,5.1,13.3,0.7,2.3,29,
2011/11/18 03:58:00,35.93,136.34,7,4.8,153.7,3.4,3.2,237,
2011/11/20 02:37:00,37.765,141.776,48,4.6,51.6,1.7,2.9,112,
2011/11/20 04:27:00,35.522,140.946,43,4.8,12.6,0.9,2.1,74,
2011/11/20 10:23:00,36.707,140.59,9,5.3,582.8,13.4,4.8,276,
2011/11/20 10:26:00,36.717,140.625,4,4.8,164.8,6.6,3.7,148,
2011/11/21 19:16:00,34.869,132.896,12,5.4,364.2,18.8,5.0,301,
2011/11/24 04:24:00,37.327,141.615,45,6.1,104.8,3.7,3.6,425,
2011/11/24 19:25:00,41.747,142.891,43,6.2,185.2,9.6,4.4,342,
2011/11/25 04:35:00,34.867,132.896,12,4.7,192.0,5.8,4.1,172,
2011/11/26 10:43:00,38.842,142.116,44,4.5,63.3,0.8,2.5,67,
2011/12/01 20:20:00,44.463,146.266,147,4.7,7.2,0.3,1.5,35,
2011/12/01 22:24:00,36.559,137.743,1,4.6,77.0,3.8,3.3,44,
2011/12/02 09:50:00,38.182,141.779,56,4.6,51.1,1.1,2.6,144,
2011/12/03 05:55:00,35.349,140.325,22,5.2,226.5,11.0,4.4,212,
2011/12/05 10:01:00,36.242,141.975,48,5.2,15.4,0.5,2.2,91,
2011/12/06 06:50:00,43.395,146.912,39,4.5,11.4,0.3,1.9,14,
2011/12/08 05:43:00,34.54,140.268,62,4.5,28.2,2.2,3.0,100,
2011/12/08 07:11:00,36.297,141.07,49,4.7,21.7,0.5,2.1,98,
2011/12/10 04:43:00,46.758,144.894,431,5.7,14.2,0.8,2.5,119,
2011/12/10 15:08:00,38.622,141.816,45,4.7,288.2,4.0,3.7,166,
2011/12/11 10:22:00,28.126,129.545,29,5.5,119.2,3.4,3.4,8,
2011/12/12 04:51:00,36.207,140.935,38,4.6,125.0,2.9,3.4,101,
2011/12/12 14:13:00,35.927,140.83,18,4.6,126.5,3.1,3.1,146,
2011/12/14 13:01:00,35.352,137.246,49,5.1,136.0,4.3,3.7,365,
2011/12/18 15:08:00,38.649,142.157,42,4.5,22.9,0.6,2.1,80,
2011/12/18 18:02:00,35.567,141.025,38,4.8,19.3,1.3,2.4,46,
2011/12/19 13:13:00,43.604,147.919,53,4.7,10.6,0.3,1.6,28,
2011/12/19 16:01:00,35.555,141.048,36,4.6,24.3,1.4,2.6,46,
2011/12/20 15:26:00,40.052,142.702,29,5.0,17.9,1.3,2.7,123,
2011/12/21 11:06:00,39.629,142.114,49,4.7,126.7,3.5,3.1,111,
2011/12/22 05:10:00,36.974,141.163,30,4.6,44.3,1.6,3.0,180,
2011/12/26 02:41:00,35.895,140.84,41,4.5,23.4,1.0,2.0,37,
2011/12/31 08:11:00,36.852,140.576,8,4.5,273.2,4.8,3.8,137,
2012/01/01 14:28:00,31.423,138.568,397,7.0,145.8,15.6,4.4,704,
2012/01/03 03:28:00,36.374,141.901,60,5.0,16.0,0.8,2.2,110,
2012/01/06 01:47:00,38.712,142.356,36,4.9,27.4,0.9,2.5,97,
2012/01/06 05:55:00,35.885,140.855,40,4.5,67.9,2.8,2.9,55,
2012/01/07 19:43:00,37.227,141.425,56,4.7,52.6,2.8,3.3,159,
2012/01/09 00:37:00,33.995,135.505,56,4.7,124.3,1.9,2.9,160,
2012/01/09 07:13:00,39.337,142.067,48,5.1,155.7,2.4,3.3,128,
2012/01/09 16:10:00,36.685,141.526,38,4.6,12.1,0.7,2.1,73,
2012/01/09 17:50:00,36.705,141.431,50,4.7,16.8,0.7,2.4,92,
2012/01/11 10:16:00,39.522,143.429,40,4.7,3.6,0.3,1.7,34,
2012/01/12 10:40:00,36.435,141.195,52,4.7,100.2,2.2,3.0,152,
2012/01/12 12:20:00,36.964,141.306,33,5.9,102.6,7.5,4.0,409,
2012/01/12 14:37:00,38.374,142.626,28,5.5,78.3,1.2,2.8,191,
2012/01/14 18:58:00,40.14,142.476,34,4.7,47.1,1.2,3.0,112,
2012/01/17 12:30:00,36.062,139.863,46,4.7,68.2,1.7,3.0,222,
2012/01/19 22:09:00,35.77,140.983,14,4.5,44.6,1.5,2.6,48,
2012/01/22 12:09:00,35.53,140.908,38,4.5,7.4,0.4,1.8,25,
2012/01/23 20:45:00,37.055,141.193,52,5.1,191.8,7.9,4.3,305,
2012/01/26 05:21:00,36.775,141.295,30,4.6,27.0,1.3,2.7,56,
2012/01/26 05:43:00,38.172,141.696,51,5.2,92.5,2.2,3.1,187,
2012/01/27 10:08:00,38.017,143.801,43,4.9,7.8,0.4,1.9,64,
2012/01/27 13:19:00,35.772,140.985,14,5.0,77.4,3.9,3.5,155,
2012/01/28 07:39:00,35.489,138.981,18,4.9,227.9,8.1,4.3,266,
2012/01/28 07:43:00,35.485,138.98,18,5.4,226.9,7.2,4.3,366,
2012/01/28 09:22:00,40.149,142.431,36,5.7,45.3,2.4,3.3,234,
2012/01/28 14:21:00,36.767,141.255,37,4.7,104.7,4.0,3.9,122,
2012/01/28 16:14:00,24.171,124.289,40,4.7,13.0,0.4,1.9,3,
2012/01/28 21:44:00,40.16,142.392,37,4.9,27.6,2.2,3.2,128,
2012/01/29 16:46:00,35.534,138.986,21,4.7,443.1,6.3,4.2,230,
2012/01/30 03:18:00,32.61,132.005,39,4.9,94.1,3.3,3.7,144,
2012/02/03 18:59:00,38.43,142.172,45,4.5,49.9,0.6,2.2,99,
2012/02/04 11:54:00,24.618,122.629,117,4.9,7.1,0.3,1.5,3,
2012/02/05 08:59:00,36.125,140.915,38,4.5,74.4,1.6,3.0,133,
2012/02/06 07:05:00,36.459,141.023,17,5.0,27.3,1.1,2.7,103,
2012/02/07 22:30:00,45.471,142.362,314,4.9,6.7,0.3,1.7,46,
2012/02/08 21:01:00,37.862,138.173,14,5.7,388.7,24.2,4.9,249,
2012/02/09 12:55:00,31.501,131.829,22,4.6,14.4,1.1,2.7,41,
2012/02/11 10:27:00,36.084,139.791,46,4.7,62.0,2.3,3.0,249,
2012/02/12 04:56:00,38.722,142.191,42,4.6,48.1,0.8,2.4,120,
2012/02/12 13:41:00,38.55,144.174,45,5.0,8.2,0.2,1.2,104,
2012/02/14 12:28:00,36.217,141.636,59,5.6,17.5,1.6,2.6,239,
2012/02/14 12:29:00,36.222,141.688,52,5.0,9.2,0.5,1.8,52,
2012/02/14 15:22:00,36.214,141.6,54,6.0,37.7,3.2,3.2,319,
2012/02/14 19:48:00,39.367,144.341,58,4.8,8.2,0.5,1.9,90,
2012/02/15 07:34:00,36.242,141.641,54,4.9,6.3,0.4,1.5,59,
2012/02/15 15:28:00,37.777,141.635,47,4.8,45.0,1.8,3.0,139,
2012/02/18 23:20:00,36.467,140.975,17,4.8,45.6,1.2,2.6,137,
2012/02/19 14:54:00,36.747,140.591,7,5.2,285.1,7.7,4.5,272,
2012/02/24 04:28:00,39.005,142.314,58,4.8,151.4,2.3,3.1,135,
2012/02/27 10:11:00,23.831,123.362,30,5.5,11.3,0.5,1.9,3,
2012/02/28 01:29:00,25.501,127.277,45,4.8,3.1,0.2,1.1,2,
2012/02/28 01:30:00,38.532,141.824,50,4.5,67.6,0.7,2.5,92,
2012/02/28 04:32:00,25.496,127.26,48,5.6,8.0,0.5,1.7,5,
2012/02/28 14:20:00,36.532,140.97,23,5.1,147.8,4.7,4.0,216,
2012/02/29 01:22:00,31.752,131.994,28,4.5,15.2,0.6,2.2,45,
2012/02/29 18:00:00,37.285,141.68,44,5.4,100.8,3.2,3.3,305,
2012/02/29 23:32:00,35.332,141.281,39,5.9,24.1,3.3,3.4,215,
2012/03/01 07:32:00,36.435,140.628,56,5.3,252.5,8.4,4.4,370,
2012/03/01 11:12:00,35.26,141.21,37,4.7,10.7,0.5,1.6,26,
2012/03/02 19:11:00,35.239,141.37,34,5.2,6.1,1.1,2.3,43,
2012/03/05 15:24:00,40.147,142.516,33,5.1,34.6,1.3,2.7,136,
2012/03/06 18:50:00,37.77,141.779,50,4.5,14.7,0.5,1.8,86,
2012/03/07 15:18:00,25.526,127.282,47,5.2,4.7,0.4,1.5,4,
2012/03/08 12:23:00,38.525,141.822,50,4.8,88.5,1.5,3.0,116,
2012/03/10 02:25:00,36.714,140.615,7,5.4,826.3,23.9,5.0,311,
2012/03/12 21:32:00,44.785,147.964,120,5.5,8.5,0.3,1.8,70,
2012/03/14 18:09:00,40.772,145.231,64,6.9,92.9,3.3,3.7,599,
2012/03/14 19:49:00,40.677,144.971,69,6.0,25.6,1.2,2.9,317,
2012/03/14 19:57:00,40.71,144.967,46,5.5,9.5,0.6,2.1,159,
2012/03/14 21:05:00,35.744,140.935,15,6.1,393.3,31.9,5.1,412,
2012/03/15 06:38:00,35.639,141.776,57,5.0,6.7,0.6,1.9,41,
2012/03/16 04:20:00,35.877,139.593,94,5.3,76.7,2.1,3.4,330,
2012/03/18 09:36:00,39.1,142.334,45,5.0,164.3,4.0,4.0,159,
2012/03/19 11:56:00,41.499,142.041,63,5.0,30.5,1.2,3.0,174,
2012/03/19 19:23:00,43.42,146.114,95,4.6,17.4,0.7,2.0,60,
2012/03/22 03:05:00,37.647,142.116,29,4.6,11.8,0.3,1.7,87,
2012/03/25 06:54:00,42.655,145.007,29,4.6,27.5,0.9,2.5,58,
2012/03/25 22:22:00,37.672,141.771,49,5.2,99.7,3.5,3.7,255,
2012/03/26 11:33:00,40.239,142.561,28,4.7,37.1,1.6,2.9,101,
2012/03/27 19:22:00,35.687,140.965,12,4.6,24.6,1.6,2.5,71,
2012/03/27 20:00:00,39.802,142.337,21,6.6,266.2,14.4,4.8,474,
2012/03/30 05:38:00,38.309,141.924,50,4.6,49.6,1.0,2.6,119,
2012/03/30 13:38:00,37.512,141.475,46,5.1,96.4,3.7,3.8,233,
2012/03/30 18:41:00,39.775,142.289,21,4.5,33.1,1.1,2.8,94,
2012/04/01 23:04:00,37.074,141.135,53,5.9,228.4,12.4,4.7,456,
2012/04/03 20:52:00,40.222,142.534,28,4.7,21.5,0.7,2.4,95,
2012/04/09 06:43:00,23.951,122.333,24,5.8,1.8,0.2,0.9,1,
2012/04/12 05:29:00,39.667,142.134,48,4.5,62.0,1.6,2.8,83,
2012/04/12 20:20:00,36.825,141.345,29,5.6,70.3,3.3,3.5,230,
2012/04/12 23:51:00,37.449,141.736,27,5.9,60.7,4.5,3.8,368,
2012/04/13 19:10:00,36.944,141.425,32,6.0,125.0,5.2,3.9,392,
2012/04/13 21:12:00,36.954,141.376,31,5.2,31.6,1.1,2.7,178,
2012/04/14 18:25:00,36.769,141.345,24,5.0,15.3,1.1,2.5,73,
2012/04/14 18:26:00,36.759,141.315,21,4.9,6.0,0.2,1.3,12,
2012/04/14 19:48:00,37.179,141.33,22,4.6,11.2,1.1,2.4,65,
2012/04/14 19:51:00,37.17,141.305,22,4.7,16.8,1.5,2.6,68,
2012/04/15 19:36:00,36.999,141.368,24,4.7,10.1,0.5,1.8,44,
2012/04/17 21:29:00,36.992,141.346,27,4.5,11.2,0.3,1.7,61,
2012/04/19 12:33:00,36.94,141.393,34,5.1,27.9,1.7,2.9,161,
2012/04/21 23:29:00,42.51,142.307,104,4.5,20.0,1.4,2.6,143,
2012/04/22 22:13:00,43.775,142.672,193,4.6,5.8,0.2,1.2,49,
2012/04/25 05:22:00,35.719,140.681,43,5.5,47.2,5.3,3.4,321,
2012/04/26 05:45:00,37.587,141.3,63,4.5,54.3,2.0,3.4,162,
2012/04/27 03:41:00,41.475,141.984,65,5.0,31.3,1.4,2.9,176,
2012/04/27 14:37:00,39.94,143.207,17,4.9,12.1,0.6,2.1,79,
2012/04/29 19:28:00,35.712,140.603,48,5.8,125.3,13.9,4.3,330,
2012/04/29 21:17:00,36.855,141.15,48,4.5,48.7,1.9,3.2,147,
2012/04/30 00:02:00,39.739,142.259,23,5.6,197.7,3.3,3.8,222,
2012/05/04 14:34:00,43.289,145.547,84,4.5,38.1,1.5,2.8,52,
2012/05/06 05:12:00,38.164,141.739,51,5.2,88.2,1.5,2.9,185,
2012/05/08 03:59:00,36.865,141.363,29,4.7,30.2,1.3,2.7,108,
2012/05/09 06:47:00,39.339,142.064,48,4.6,104.8,1.4,2.8,84,
2012/05/10 09:28:00,39.765,142.247,23,5.1,142.8,3.5,3.9,167,
2012/05/10 15:41:00,39.744,142.257,22,4.6,54.9,1.0,2.9,103,
2012/05/10 17:34:00,36.9,141.405,32,4.5,12.4,0.4,1.8,49,
2012/05/14 12:36:00,31.704,131.87,27,4.8,26.5,1.7,3.0,69,
2012/05/16 01:00:00,38.27,141.892,64,4.8,84.9,3.4,3.5,204,
2012/05/18 17:19:00,36.132,139.843,51,4.8,229.5,6.5,4.1,299,
2012/05/19 06:23:00,39.634,143.631,27,5.2,5.4,0.3,1.5,70,
2012/05/20 04:05:00,39.695,143.684,33,6.0,14.3,1.2,2.7,164,
2012/05/20 16:20:00,39.534,143.624,7,6.5,20.2,1.5,2.8,282,
2012/05/20 16:27:00,39.364,143.697,0,5.7,5.0,0.5,1.9,59,
2012/05/20 17:20:00,39.61,143.612,28,5.5,7.4,0.6,2.1,136,
2012/05/20 17:41:00,39.4,143.502,28,5.1,5.0,0.5,1.9,65,
2012/05/21 09:46:00,39.462,143.769,34,5.1,3.8,0.4,1.7,54,
2012/05/21 12:19:00,27.176,127.472,91,5.1,24.3,1.0,2.6,9,
2012/05/21 19:17:00,39.36,143.711,32,5.1,3.6,0.3,1.5,40,
2012/05/22 16:18:00,39.61,143.571,32,5.0,4.3,0.4,1.8,51,
2012/05/24 00:02:00,41.34,142.127,60,6.1,185.1,13.1,4.7,440,
2012/05/27 20:20:00,24.686,123.22,15,5.1,5.8,0.2,1.2,2,
2012/05/29 01:36:00,35.802,140.09,64,5.2,60.9,4.9,3.7,336,
2012/05/31 14:49:00,37.512,141.451,48,4.6,67.1,1.7,2.8,150,
2012/06/01 17:48:00,36.024,139.878,44,5.1,231.4,7.8,4.0,363,
2012/06/06 04:31:00,34.989,141.373,37,6.3,39.2,4.4,3.4,302,
2012/06/08 14:22:00,37.519,142.031,33,4.9,17.8,0.9,2.2,135,
2012/06/10 06:00:00,24.413,122.268,70,6.0,9.3,0.3,1.8,4,
2012/06/10 17:38:00,38.64,142.172,41,4.5,15.3,0.3,1.8,67,
2012/06/15 16:32:00,38.189,141.857,63,4.6,84.5,1.2,2.5,120,
2012/06/17 16:13:00,36.175,140.013,51,4.5,154.3,4.0,3.8,222,
2012/06/18 05:32:00,38.87,142.094,47,6.2,364.3,7.0,4.4,450,
2012/06/20 07:29:00,37.654,141.721,40,4.8,25.6,0.8,2.3,141,
2012/06/22 05:32:00,39.375,143.761,22,5.3,5.4,0.4,1.8,71,
2012/06/22 16:58:00,39.397,143.671,37,5.2,4.4,0.4,1.7,53,
2012/06/24 10:29:00,38.84,142.119,44,4.8,66.8,1.3,2.7,117,
2012/06/28 13:55:00,36.667,141.081,18,4.5,23.0,0.8,2.3,94,
2012/06/28 14:52:00,37.164,141.2,63,5.2,134.7,6.5,4.1,319,
2012/06/29 02:44:00,35.25,140.21,0,4.5,109.1,4.8,3.6,22,
2012/06/30 16:11:00,38.197,141.874,64,4.8,89.4,1.5,2.8,152,
2012/07/02 11:06:00,40.022,141.961,9,4.5,135.8,5.0,3.8,72,
2012/07/03 09:46:00,37.342,142.001,36,4.6,10.4,0.3,1.8,56,
2012/07/03 11:31:00,34.997,139.873,88,5.2,195.6,13.4,4.6,261,
2012/07/06 02:04:00,37.039,140.575,9,4.5,67.6,2.2,3.4,128,
2012/07/09 13:01:00,38.654,142.154,42,4.5,20.5,0.6,2.0,80,
2012/07/10 04:25:00,29.323,130.229,51,5.3,10.6,0.8,2.4,10,
2012/07/10 12:49:00,36.827,138.391,9,5.2,238.6,12.5,4.4,189,
2012/07/12 20:17:00,41.555,143.202,55,4.6,18.6,0.5,2.1,134,
2012/07/13 14:14:00,38.795,142.461,44,4.5,38.8,0.9,2.3,57,
2012/07/15 23:34:00,43.155,146.417,62,5.0,38.2,1.2,2.8,79,
2012/07/16 04:31:00,36.149,139.82,52,4.8,195.7,7.1,3.9,317,
2012/07/20 01:11:00,37.579,141.856,29,4.5,8.6,0.3,1.3,64,
2012/07/21 12:01:00,37.752,141.936,37,4.9,25.0,1.0,2.5,185,
2012/07/22 13:42:00,42.485,143.029,61,5.1,95.7,4.0,3.7,218,
2012/07/26 02:20:00,30.991,130.454,131,4.7,20.1,0.8,2.6,77,
2012/07/30 07:05:00,39.094,142.476,34,5.5,191.2,4.3,3.7,223,
2012/08/03 19:00:00,39.355,143.676,44,5.0,3.5,0.3,1.6,25,
2012/08/03 19:21:00,39.335,142.089,48,4.8,91.7,2.0,3.4,107,
2012/08/03 22:19:00,36.022,139.901,43,4.6,92.7,2.3,3.6,243,
2012/08/06 12:28:00,29.466,130.692,56,5.3,4.0,0.4,1.6,8,
2012/08/06 14:30:00,29.474,130.702,64,4.7,1.9,0.1,1.0,1,
2012/08/07 13:18:00,37.554,141.861,35,4.5,33.7,1.0,2.7,97,
2012/08/08 01:11:00,39.115,142.431,33,4.7,36.6,0.8,2.4,102,
2012/08/08 16:11:00,25.913,124.992,123,5.5,10.3,0.3,1.7,10,
2012/08/14 12:01:00,49.181,145.887,654,7.3,39.8,2.3,3.4,454,
2012/08/17 08:46:00,32.06,130.0,10,4.9,140.9,2.9,3.6,108,
2012/08/17 15:15:00,37.35,141.868,41,4.6,34.3,1.4,2.9,66,
2012/08/17 16:24:00,41.192,142.042,58,4.9,52.5,1.4,3.0,137,
2012/08/20 20:42:00,35.914,140.445,57,5.2,29.7,1.7,3.0,262,
2012/08/21 01:43:00,36.902,141.451,46,5.1,35.8,2.2,3.1,215,
2012/08/22 10:33:00,42.344,143.056,53,5.2,177.0,4.5,3.8,189,
2012/08/25 23:16:00,42.324,143.114,49,6.1,539.4,21.6,5.2,401,
2012/08/26 03:37:00,36.964,141.085,90,5.2,149.3,4.1,3.9,336,
2012/08/28 22:55:00,36.392,141.876,27,5.0,10.0,0.6,1.8,91,
2012/08/30 04:05:00,38.404,141.917,60,5.6,691.6,24.6,5.2,343,
2012/09/01 00:31:00,37.18,141.383,29,4.6,19.6,0.7,2.3,61,
2012/09/08 10:41:00,33.809,132.313,50,4.5,77.7,2.1,3.0,197,
2012/09/11 20:12:00,37.617,141.904,30,4.7,13.0,0.4,2.0,85,
2012/09/14 02:22:00,35.857,140.543,37,5.1,125.1,4.6,3.6,228,
2012/09/18 04:09:00,39.814,142.262,43,5.0,54.9,1.5,3.1,123,
2012/09/28 02:38:00,38.419,142.217,36,4.5,63.7,0.9,2.4,76,
2012/10/01 07:39:00,38.407,141.889,19,4.6,57.9,1.2,2.8,148,
2012/10/01 14:17:00,35.972,141.483,48,4.7,13.3,0.4,1.9,61,
2012/10/02 03:40:00,36.915,141.398,30,5.6,35.4,1.8,2.8,163,
2012/10/02 05:20:00,36.864,141.393,30,4.5,6.5,0.5,1.5,28,
2012/10/02 07:22:00,39.829,143.524,22,6.3,33.7,2.4,3.3,301,
2012/10/02 07:55:00,39.775,143.537,20,5.0,4.9,0.5,1.9,47,
2012/10/03 18:40:00,38.049,141.916,51,5.0,62.3,2.2,2.9,179,
2012/10/05 17:13:00,26.286,125.154,152,5.2,4.6,0.2,1.0,4,
2012/10/06 01:19:00,39.985,140.61,3,4.9,182.6,3.5,3.9,141,
2012/10/10 05:49:00,32.684,132.489,33,4.5,62.5,2.2,3.4,44,
2012/10/12 13:57:00,35.845,140.551,37,5.1,123.1,3.7,3.5,202,
2012/10/14 20:11:00,38.28,144.262,46,5.4,3.9,0.2,1.2,98,
2012/10/16 06:47:00,36.715,141.873,45,4.5,8.4,0.4,1.7,66,
2012/10/16 22:39:00,31.199,130.332,166,5.0,17.0,0.5,2.0,70,
2012/10/17 09:44:00,36.717,140.628,7,4.5,225.9,4.6,3.8,104,
2012/10/22 10:43:00,39.197,142.409,33,4.8,50.5,1.0,2.7,118,
2012/10/22 18:27:00,38.025,141.831,50,4.5,25.2,0.6,2.4,95,
2012/10/24 16:05:00,36.53,140.85,51,4.5,441.6,8.7,4.1,150,
2012/10/25 19:32:00,38.285,141.862,48,5.6,211.4,4.4,3.9,378,
2012/10/26 19:36:00,38.719,142.187,42,4.7,130.5,1.8,2.9,119,
2012/10/27 04:44:00,33.505,133.475,34,4.5,83.2,1.6,2.9,174,
2012/11/03 07:34:00,37.614,141.751,29,5.0,87.5,2.4,3.3,233,
2012/11/05 13:30:00,37.844,143.657,47,5.7,10.2,0.4,1.8,214,
2012/11/09 12:52:00,36.874,141.381,33,5.5,63.8,2.8,3.3,245,
2012/11/11 14:16:00,37.58,141.641,77,4.5,79.5,2.3,3.1,115,
2012/11/12 19:15:00,25.186,124.915,5,4.8,9.6,0.2,1.1,2,
2012/11/15 02:19:00,36.417,141.006,17,4.5,14.5,0.4,2.0,51,
2012/11/16 17:26:00,35.354,141.231,30,5.5,12.0,1.8,2.8,112,
2012/11/22 02:42:00,38.525,141.817,50,5.0,112.0,1.6,3.1,150,
2012/11/23 08:26:00,39.142,142.306,47,4.7,123.2,3.4,3.2,113,
2012/11/24 05:21:00,38.205,141.792,57,5.2,207.9,5.0,3.9,212,
2012/11/24 10:30:00,38.212,141.792,56,4.8,93.7,1.4,2.9,164,
2012/11/24 17:59:00,35.634,140.02,72,4.8,88.7,3.8,3.6,294,
2012/12/07 05:32:00,35.645,140.17,67,4.6,25.9,1.0,2.6,181,
2012/12/07 17:18:00,38.015,143.871,49,7.3,342.6,15.8,5.0,961,
2012/12/07 17:31:00,37.915,143.859,30,6.6,39.5,1.5,3.0,434,
2012/12/08 04:24:00,40.825,142.964,5,4.6,7.2,0.4,1.7,55,
2012/12/08 07:59:00,37.81,143.712,44,5.2,3.7,0.3,1.4,73,
2012/12/12 09:19:00,36.98,141.43,32,4.7,43.4,1.3,2.9,144,
2012/12/15 05:37:00,38.644,142.461,40,4.8,29.4,0.5,2.1,78,
2012/12/15 13:27:00,37.294,141.351,59,5.3,144.3,5.3,4.3,277,
2012/12/15 14:46:00,36.819,141.211,32,5.0,91.5,3.0,3.6,186,
2012/12/18 03:46:00,36.847,141.348,29,4.9,28.5,1.6,2.8,88,
2012/12/18 19:25:00,38.3,141.897,46,4.5,97.0,1.6,2.9,91,
2012/12/19 03:36:00,36.692,142.106,35,5.1,9.7,0.6,2.1,90,
2012/12/21 17:07:00,38.639,141.817,48,5.2,334.7,5.8,4.2,226,
2012/12/22 15:15:00,33.515,132.303,47,4.5,45.7,2.7,3.1,164,
2012/12/29 16:19:00,37.064,141.185,51,5.0,116.9,3.8,3.7,238,
2012/12/29 23:59:00,38.714,142.199,41,5.5,182.2,2.6,3.5,218,
2012/12/30 08:05:00,36.959,141.395,35,5.1,43.7,1.6,3.2,147,
2013/01/03 20:14:00,44.831,141.844,24,4.8,92.9,3.3,3.6,62,
2013/01/04 13:42:00,35.745,140.69,50,4.5,9.9,0.7,1.8,54,
2013/01/05 13:11:00,28.764,128.609,15,5.1,11.2,0.8,2.5,2,
2013/01/06 17:11:00,37.5,142.061,31,4.6,8.3,0.5,1.8,89,
2013/01/07 15:49:00,24.448,122.823,72,5.4,13.1,0.8,2.3,3,
2013/01/07 22:54:00,37.859,142.456,41,4.9,16.9,0.6,2.3,109,
2013/01/08 16:51:00,40.115,142.442,34,5.4,42.4,1.5,2.9,197,
2013/01/10 21:48:00,37.51,141.475,48,5.0,98.5,3.7,3.4,224,
2013/01/13 12:17:00,39.14,142.316,48,4.8,129.7,4.3,3.3,129,
2013/01/14 15:54:00,37.18,141.54,47,4.9,34.6,1.8,3.0,193,
2013/01/17 08:32:00,42.269,144.781,28,4.7,15.2,0.7,2.4,48,
2013/01/17 14:13:00,42.077,142.757,48,4.9,23.4,1.0,2.6,142,
2013/01/22 04:47:00,35.87,140.94,16,5.1,69.7,3.1,3.2,190,
2013/01/24 06:31:00,37.779,141.628,47,4.8,36.4,1.4,2.8,125,
2013/01/24 06:34:00,43.037,145.819,65,5.2,119.2,4.1,4.0,137,
2013/01/28 03:42:00,36.567,140.563,74,4.8,307.4,10.4,4.3,269,
2013/01/28 05:57:00,27.286,128.442,48,4.9,35.5,1.6,2.9,11,
2013/01/29 22:17:00,42.534,144.111,70,4.5,56.6,2.4,3.2,73,
2013/01/31 23:53:00,36.699,140.606,8,4.7,321.9,7.2,4.1,161,
2013/02/02 23:17:00,42.699,143.231,102,6.5,733.3,33.7,5.4,663,
2013/02/05 22:31:00,38.657,142.159,42,4.6,38.8,0.9,2.5,98,
2013/02/09 13:43:00,36.84,141.361,33,5.2,83.2,4.3,3.7,220,
2013/02/11 12:45:00,38.647,142.154,41,4.5,29.1,0.9,2.6,90,
2013/02/13 11:21:00,38.425,141.899,56,4.7,410.6,8.7,4.1,134,
2013/02/13 12:57:00,30.234,131.609,48,5.1,9.4,0.5,2.0,30,
2013/02/16 10:33:00,37.34,141.578,45,4.7,56.3,1.2,2.9,157,
2013/02/17 07:17:00,43.332,146.837,44,5.3,36.1,1.2,3.0,65,
2013/02/19 01:02:00,24.801,125.377,49,4.5,18.3,0.5,1.7,2,
2013/02/19 21:27:00,35.342,141.201,37,5.6,21.1,2.8,3.2,149,
2013/02/22 00:34:00,38.302,141.917,64,4.7,124.8,2.2,3.3,159,
2013/02/24 13:55:00,36.964,140.696,21,4.5,109.5,1.8,2.9,142,
2013/02/25 16:23:00,36.87,139.415,3,6.3,1300.3,52.2,6.0,354,
2013/02/25 16:34:00,36.872,139.43,5,4.7,441.7,16.9,4.9,92,
2013/02/26 01:00:00,29.051,131.502,85,5.1,5.7,0.3,1.5,18,
2013/02/26 21:46:00,38.709,142.224,41,4.9,95.5,1.3,2.9,133,
2013/03/02 01:35:00,34.41,140.065,35,4.7,90.6,2.5,3.4,119,
2013/03/06 05:32:00,27.298,128.45,48,5.0,113.0,2.7,3.4,11,
2013/03/09 21:16:00,43.127,144.774,101,5.0,85.0,2.8,3.2,130,
2013/03/10 05:11:00,42.62,144.989,49,5.1,31.6,0.9,2.5,101,
2013/03/11 14:35:00,31.146,130.4,154,4.7,22.5,0.6,2.5,73,
2013/03/11 18:34:00,31.571,131.86,25,5.2,31.0,1.8,3.1,79,
2013/03/11 18:59:00,31.556,131.882,23,4.5,7.0,0.3,1.6,22,
2013/03/13 06:32:00,39.334,142.086,48,5.0,126.5,2.6,3.6,141,
2013/03/14 05:02:00,35.575,140.135,68,4.7,20.9,0.8,2.3,209,
2013/03/17 02:24:00,36.187,141.776,47,4.8,4.9,0.2,1.3,56,
2013/03/21 14:34:00,36.74,140.441,72,4.7,88.9,2.7,3.2,197,
2013/03/26 20:48:00,35.862,140.926,15,4.6,70.3,2.8,3.0,115,
2013/03/26 20:55:00,35.862,140.928,17,4.6,34.6,1.3,2.4,112,
2013/03/31 16:46:00,38.877,142.082,46,5.3,116.6,3.2,3.4,192,
2013/04/02 03:53:00,39.502,143.522,29,6.2,31.8,2.2,3.2,256,
2013/04/02 05:04:00,39.462,143.522,29,5.3,6.2,0.3,1.6,73,
2013/04/02 11:09:00,39.495,143.604,27,5.7,12.7,1.1,2.7,110,
2013/04/04 13:42:00,35.764,140.92,12,5.1,95.7,4.8,3.7,183,
2013/04/06 04:25:00,43.32,146.002,94,4.8,80.0,2.9,3.5,70,
2013/04/06 05:01:00,36.745,141.296,49,5.2,46.2,1.7,3.1,269,
2013/04/07 23:09:00,35.572,141.053,37,4.9,15.0,1.1,2.2,38,
2013/04/10 13:38:00,37.527,142.017,34,4.7,36.2,0.9,2.4,89,
2013/04/13 05:33:00,34.415,134.831,15,6.3,586.1,27.3,5.3,520,
2013/04/14 10:22:00,35.997,139.496,97,4.6,39.1,1.3,3.0,275,
2013/04/14 22:25:00,37.529,141.408,51,5.3,140.9,7.4,4.2,311,
2013/04/17 11:14:00,34.072,139.383,15,4.6,46.1,2.1,3.0,9,
2013/04/17 11:16:00,34.075,139.376,12,4.6,57.5,1.5,2.9,10,
2013/04/17 12:22:00,34.05,139.385,13,4.6,47.6,1.5,2.9,12,
2013/04/17 17:55:00,34.047,139.395,13,4.5,20.0,0.7,2.2,7,
2013/04/17 17:57:00,34.044,139.355,9,6.2,347.3,42.5,5.3,156,
2013/04/17 21:03:00,38.457,141.622,58,5.9,563.8,12.1,4.9,396,
2013/04/19 12:06:00,45.297,150.962,125,7.0,71.0,3.2,3.6,468,
2013/04/19 23:11:00,35.692,140.903,15,4.6,223.9,7.8,3.8,100,
2013/04/21 12:22:00,29.898,139.41,447,6.4,18.8,1.7,2.8,261,
2013/04/29 22:01:00,35.805,141.128,34,5.6,46.7,3.0,3.2,245,
2013/05/07 10:04:00,37.485,141.84,50,4.5,34.3,1.1,2.5,114,
2013/05/13 07:42:00,43.692,147.719,7,5.1,8.3,0.2,1.6,40,
2013/05/13 22:59:00,36.854,140.563,6,4.5,54.9,1.3,2.7,113,
2013/05/16 08:46:00,40.339,141.929,12,5.0,120.1,3.9,3.8,157,
2013/05/18 14:48:00,37.705,141.631,46,6.0,212.6,8.2,4.3,476,
2013/05/21 17:25:00,23.419,123.752,48,5.8,9.6,0.7,2.1,5,
2013/05/21 20:25:00,36.907,139.4,4,4.7,386.6,10.0,4.5,111,
2013/05/21 23:51:00,45.165,142.911,277,5.0,6.3,0.4,1.8,68,
2013/05/23 19:47:00,38.642,142.164,41,4.5,21.6,0.3,1.6,72,
2013/05/24 14:47:00,54.872,153.286,609,8.4,8.9,2.6,2.8,471,
2013/05/24 17:33:00,37.67,141.646,44,4.9,72.1,1.7,3.2,183,
2013/05/26 06:17:00,24.721,125.164,27,4.9,52.3,2.1,3.0,4,
2013/06/04 17:33:00,37.177,141.381,48,4.7,80.0,2.8,3.4,157,
2013/06/06 12:29:00,35.64,140.658,50,5.0,35.9,2.6,3.0,129,
2013/06/08 01:38:00,23.949,122.578,25,5.8,2.4,0.2,1.1,2,
2013/06/09 00:16:00,36.817,138.716,4,4.5,43.4,1.3,2.6,84,
2013/06/13 22:24:00,26.466,128.989,37,5.8,13.0,1.2,2.5,8,
2013/06/20 10:49:00,40.735,142.547,29,4.9,24.4,1.0,2.6,116,
2013/06/21 16:31:00,28.048,129.319,22,4.6,46.7,1.3,3.0,7,
2013/07/04 00:06:00,37.259,141.496,27,5.0,15.3,0.6,2.2,118,
2013/07/06 07:00:00,35.8,140.995,29,4.6,57.6,2.4,3.0,87,
2013/07/10 14:22:00,39.627,141.589,81,4.9,220.0,5.0,3.8,194,
2013/07/11 03:18:00,38.315,141.852,47,4.5,75.8,1.4,2.4,104,
2013/07/13 03:31:00,38.397,142.177,36,4.5,87.7,1.9,3.2,111,
2013/07/15 22:41:00,23.696,122.849,58,5.4,2.7,0.2,0.7,2,
2013/07/16 07:46:00,39.592,142.289,70,5.1,78.9,2.7,3.4,190,
2013/07/16 23:09:00,42.965,145.464,47,5.1,172.2,8.7,4.1,108,
2013/07/19 08:44:00,39.007,142.149,52,4.9,103.9,1.7,3.3,152,
2013/07/20 01:39:00,37.502,141.575,45,5.4,61.7,4.4,3.6,281,
2013/07/20 15:06:00,36.227,141.935,33,5.4,15.6,1.2,2.5,178,
2013/07/21 16:03:00,35.707,140.655,49,4.5,35.7,2.5,2.9,93,
2013/07/21 18:52:00,36.267,141.813,54,5.0,19.0,0.6,2.4,100,
2013/07/23 08:24:00,36.274,141.891,44,4.5,6.1,0.2,1.5,24,
2013/07/23 11:04:00,37.564,141.766,48,4.6,24.3,0.5,2.0,71,
2013/07/23 12:02:00,37.1,140.686,8,5.2,242.4,8.3,4.4,228,
2013/07/26 04:05:00,40.14,142.466,35,4.9,95.7,2.5,3.7,150,
2013/07/31 09:14:00,38.082,142.096,18,5.0,53.0,1.8,3.1,175,
2013/08/03 09:56:00,34.639,137.535,34,4.9,224.6,7.1,4.0,199,
2013/08/04 12:29:00,38.159,141.806,58,6.0,397.3,11.7,4.9,479,
2013/08/05 00:56:00,46.611,145.494,408,5.7,11.5,0.6,2.3,96,
2013/08/07 16:51:00,41.204,142.246,61,4.5,22.2,0.6,2.5,113,
2013/08/09 11:59:00,39.87,143.684,27,5.3,4.1,0.4,1.8,50,
2013/08/10 07:56:00,36.899,141.078,52,4.9,79.5,1.6,3.1,225,
2013/08/12 09:51:00,41.915,142.339,69,4.8,40.6,1.2,2.9,138,
2013/08/12 21:59:00,36.935,141.196,26,4.9,61.3,2.0,3.0,150,
2013/08/13 09:09:00,43.656,143.577,179,5.0,10.8,0.3,1.6,59,
2013/08/18 08:00:00,33.32,139.318,27,4.8,7.7,0.2,1.4,5,
2013/08/22 15:53:00,42.315,142.999,54,4.8,55.2,1.6,2.9,115,
2013/08/28 02:09:00,37.635,142.137,31,4.7,10.5,0.3,1.7,84,
2013/08/31 01:56:30,38.712,142.272,39,4.6,32.9,0.6,2.0,81,
2013/09/04 09:19:00,29.931,139.42,445,6.8,81.8,5.9,4.1,558,
2013/09/06 06:21:00,24.779,124.814,13,4.6,3.3,0.1,0.6,2,
2013/09/14 17:44:00,35.514,140.96,42,4.5,4.9,0.3,1.5,23,
2013/09/14 21:41:00,38.567,142.416,39,4.7,19.8,0.4,1.9,75,
2013/09/17 07:58:00,29.081,130.444,66,4.6,2.5,0.2,1.2,1,
2013/09/18 09:27:00,38.712,142.296,39,4.9,48.0,0.6,2.1,109,
2013/09/20 02:25:00,37.047,140.698,17,5.9,426.0,28.4,5.0,415,
2013/10/03 13:13:00,27.989,130.255,33,5.1,10.5,0.8,2.4,4,
2013/10/08 20:45:00,31.748,131.93,24,4.5,8.8,0.6,2.0,37,
2013/10/09 10:06:00,29.481,130.61,20,4.9,3.8,0.3,1.5,2,
2013/10/12 02:43:00,36.429,140.7,52,4.8,166.9,5.4,4.2,248,
2013/10/20 00:14:00,38.17,141.706,51,5.1,83.9,2.6,3.6,193,
2013/10/21 12:33:00,42.317,143.051,50,4.6,49.6,1.1,2.8,112,
2013/10/22 10:18:00,37.722,141.926,26,5.3,52.3,1.2,2.9,200,
2013/10/24 13:04:00,41.369,141.199,112,4.5,16.9,0.5,2.1,89,
2013/10/26 02:10:00,37.192,144.572,56,7.1,109.1,5.3,3.9,813,
2013/10/26 06:27:00,37.199,144.456,64,5.3,10.5,0.3,1.7,187,
2013/10/28 03:13:00,37.242,144.384,52,5.6,11.3,0.5,2.1,275,
2013/10/30 12:22:00,37.184,141.245,23,4.9,37.6,1.0,2.8,189,
2013/11/01 00:01:00,38.287,142.769,27,5.2,73.5,2.9,3.5,142,
2013/11/02 01:30:00,44.119,148.154,0,5.3,8.1,0.3,1.8,39,
2013/11/03 14:25:00,36.004,140.116,63,5.1,135.5,5.2,4.1,287,
2013/11/03 17:52:00,38.28,142.762,31,5.3,35.2,1.2,2.9,117,
2013/11/04 22:47:00,36.69,141.263,34,4.8,27.9,1.8,3.0,91,
2013/11/10 07:38:00,35.999,140.086,64,5.5,161.1,6.5,4.2,379,
2013/11/12 05:54:00,38.72,142.182,41,4.5,59.6,1.4,2.8,108,
2013/11/14 21:39:00,39.939,143.226,16,4.7,5.8,0.3,1.6,54,
2013/11/15 11:00:00,41.457,142.062,63,5.3,44.1,2.1,3.4,242,
2013/11/16 03:58:00,28.956,129.709,55,5.0,5.8,0.4,1.8,7,
2013/11/16 14:54:00,39.334,142.071,48,4.9,83.3,1.9,3.3,110,
2013/11/16 17:14:00,37.8,141.621,49,4.8,25.9,0.5,2.2,123,
2013/11/16 20:44:00,35.59,140.153,72,5.3,88.6,4.4,4.0,324,
2013/11/19 04:10:00,34.392,137.113,344,5.7,17.9,0.7,2.4,206,
2013/11/21 12:38:00,37.555,141.816,38,4.9,55.2,2.2,3.1,160,
2013/11/24 03:42:00,42.595,143.837,77,4.5,39.2,1.1,2.8,117,
2013/11/25 12:24:00,45.983,141.812,22,5.2,43.9,1.3,2.8,51,
2013/11/26 00:43:00,38.524,141.821,51,4.9,150.1,3.7,3.9,151,
2013/11/28 02:46:00,42.01,141.529,90,5.0,28.0,1.1,2.9,163,
2013/11/29 01:15:00,35.684,140.121,69,4.8,67.2,2.3,3.2,280,
2013/12/01 13:24:00,24.412,124.177,44,4.7,17.3,0.8,2.2,3,
2013/12/03 15:58:00,35.777,140.915,12,4.5,169.6,7.2,3.8,100,
2013/12/03 18:17:00,36.552,141.495,47,5.5,32.3,2.6,3.2,268,
2013/12/09 02:24:00,44.552,149.387,30,6.4,9.0,0.7,2.2,121,
2013/12/10 05:36:00,36.404,141.891,25,5.0,6.5,0.2,1.4,61,
2013/12/14 13:06:00,35.639,140.733,49,5.5,60.9,5.2,3.6,244,
2013/12/16 02:17:00,43.099,144.999,78,4.6,114.6,2.8,3.5,68,
2013/12/18 02:14:00,43.114,146.134,72,4.8,61.8,2.1,3.4,57,
2013/12/18 19:14:00,38.692,142.361,41,4.7,39.6,0.8,2.4,115,
2013/12/21 01:10:00,35.925,140.14,62,5.2,122.7,4.9,4.0,362,
2013/12/21 10:34:00,35.66,140.721,51,5.5,55.1,5.5,3.6,180,
2013/12/27 19:31:00,40.209,142.331,38,5.0,43.3,1.2,3.0,161,
2013/12/29 10:17:00,33.248,139.473,14,4.8,12.0,0.7,2.1,3,
2013/12/31 10:03:00,36.687,140.631,7,5.4,357.8,9.1,4.5,266,
2014/01/02 22:11:00,35.347,140.571,26,5.0,25.7,2.9,3.3,102,
2014/01/05 23:28:00,33.525,139.508,28,4.6,7.1,0.4,1.4,4,
2014/01/09 03:15:00,24.574,123.46,70,5.5,50.2,2.7,3.4,4,
2014/01/09 03:57:00,36.785,140.583,7,4.6,321.4,4.4,3.7,165,
2014/01/09 13:32:00,42.055,142.649,60,4.7,63.8,2.1,3.3,104,
2014/01/16 10:12:00,40.057,142.727,28,5.1,19.7,1.4,2.8,134,
2014/01/17 07:56:00,27.983,129.502,32,4.8,20.6,0.5,2.1,4,
2014/01/23 18:20:00,35.217,140.993,40,4.5,11.7,0.5,1.8,31,
2014/01/28 20:49:00,26.949,127.089,94,4.7,7.2,0.2,1.3,7,
2014/02/02 15:05:00,27.929,128.895,46,4.5,75.9,2.7,3.6,6,
2014/02/04 09:35:00,37.78,141.628,48,4.7,25.1,1.1,2.4,113,
2014/02/06 02:32:00,38.639,142.431,40,5.3,102.9,2.3,3.4,186,
2014/02/06 20:32:00,24.806,125.344,48,5.0,28.7,1.0,2.3,3,
2014/02/08 02:18:00,37.514,141.471,48,5.0,132.1,5.1,3.6,225,
2014/02/08 11:34:00,37.062,141.18,51,4.8,78.7,3.2,3.4,160,
2014/02/09 22:34:00,43.405,147.111,63,4.7,9.5,0.3,1.9,37,
2014/02/10 19:03:00,39.667,143.701,18,5.0,4.9,0.4,1.7,64,
2014/02/11 04:14:00,34.19,140.166,91,5.3,247.7,15.2,5.0,258,
2014/02/11 15:05:00,41.912,142.332,72,4.6,17.0,0.7,2.3,108,
2014/02/22 19:31:00,24.589,123.482,64,4.5,20.6,0.4,1.7,3,
2014/02/23 13:54:00,43.364,147.651,12,5.5,6.7,0.3,1.5,76,
2014/03/03 05:11:00,27.378,127.397,116,6.4,43.7,2.8,3.3,28,
2014/03/03 11:27:00,26.304,127.35,47,5.0,28.2,0.8,2.3,8,
2014/03/08 03:34:00,35.74,140.678,51,4.5,19.4,0.6,2.3,46,
2014/03/10 00:13:00,43.27,145.879,90,4.6,48.7,1.8,3.3,64,
2014/03/14 02:07:00,33.689,131.892,78,6.2,312.9,14.3,4.9,667,
2014/03/17 18:03:00,36.907,141.471,33,5.1,33.2,1.0,2.5,116,
2014/03/19 21:19:00,23.933,122.283,21,6.0,3.1,0.3,1.4,2,
2014/03/22 23:18:00,29.354,139.823,434,5.3,1.9,0.1,0.7,1,
2014/03/26 17:50:00,28.126,131.607,77,5.3,10.1,0.9,2.5,11,
2014/03/29 10:53:00,36.367,141.816,53,5.3,12.1,1.0,2.3,148,
2014/03/29 16:39:00,40.912,143.264,26,4.8,12.5,0.5,2.2,73,
2014/03/30 20:12:00,37.269,142.141,33,4.8,22.2,0.8,2.6,127,
2014/04/03 08:22:00,39.167,141.767,64,5.5,304.0,8.6,4.4,301,
2014/04/05 10:16:00,39.185,142.424,34,5.3,112.3,1.8,3.2,196,
2014/04/13 18:16:00,37.304,141.168,64,4.9,100.9,2.6,3.1,240,
2014/04/17 03:17:00,37.315,142.124,30,5.1,32.4,1.2,3.0,183,
2014/04/17 23:43:00,37.515,142.087,33,5.0,13.8,0.4,2.0,112,
2014/04/18 07:53:00,36.12,139.848,49,4.7,214.3,3.4,3.6,276,
2014/04/21 04:30:00,36.865,142.011,42,4.7,6.4,0.3,1.7,53,
2014/04/22 06:22:00,35.614,141.058,26,4.6,16.5,0.6,2.2,50,
2014/04/24 07:25:00,27.616,129.479,41,4.6,6.0,0.2,1.4,3,
2014/05/02 18:15:00,37.935,144.137,48,5.6,9.2,0.3,1.5,143,
2014/05/05 05:18:00,34.949,139.483,156,6.0,137.5,10.9,4.4,547,
2014/05/06 08:00:00,41.492,142.047,64,4.5,12.8,0.4,2.0,88,
2014/05/13 08:35:00,35.564,140.116,72,4.9,48.5,3.7,3.5,265,
2014/05/14 08:03:00,41.989,142.572,62,4.5,14.9,0.5,2.1,119,
2014/05/28 01:12:00,32.591,140.805,50,5.0,12.2,0.5,2.0,11,
2014/06/08 14:24:00,39.115,141.756,67,5.0,142.6,3.5,3.6,202,
2014/06/09 06:10:00,37.9,141.25,78,4.6,111.5,2.0,3.5,193,
2014/06/09 07:51:00,40.954,141.614,82,4.6,41.6,1.3,2.9,112,
2014/06/11 16:31:00,27.484,129.279,34,4.9,18.2,0.5,2.0,3,
2014/06/15 02:31:00,39.392,141.111,94,5.5,166.2,3.8,4.0,321,
2014/06/16 03:19:00,36.614,141.806,37,5.7,41.0,2.0,3.1,275,
2014/06/16 05:14:00,37.069,141.166,52,5.8,231.4,11.2,4.5,464,
2014/06/17 02:42:00,33.997,139.821,121,5.3,56.3,3.1,3.3,270,
2014/06/18 11:47:00,24.283,125.205,38,5.2,16.2,0.6,1.9,5,
2014/06/19 15:01:00,26.371,127.204,10,4.5,11.3,0.3,1.7,7,
2014/06/26 14:47:00,43.097,145.566,49,4.8,74.4,2.9,3.5,41,
2014/06/27 06:55:00,37.625,141.573,51,4.7,57.3,1.6,3.0,167,
2014/06/28 16:11:00,35.889,140.893,41,4.5,71.6,3.1,3.0,62,
2014/07/05 07:42:00,39.672,142.139,49,5.9,192.0,14.6,4.5,302,
2014/07/05 23:59:00,37.35,141.738,44,4.6,11.9,0.7,2.0,72,
2014/07/06 05:23:00,42.194,142.967,50,4.6,45.5,1.7,3.0,105,
2014/07/08 18:05:00,42.646,141.271,3,5.6,371.1,18.4,4.9,165,
2014/07/10 17:58:00,36.834,140.565,5,4.8,285.3,5.7,4.1,164,
2014/07/11 22:11:00,26.308,125.857,122,5.3,3.6,0.3,1.0,7,
2014/07/12 04:22:00,37.047,142.324,33,7.0,70.3,7.8,4.1,589,
2014/07/16 17:24:00,37.034,140.703,13,4.6,120.3,2.8,3.1,109,
2014/07/18 20:41:00,42.114,144.059,61,4.6,21.9,0.7,2.4,51,
2014/07/20 10:25:00,36.449,140.565,60,4.5,146.7,4.6,4.1,205,
2014/07/21 03:33:00,44.599,148.852,30,6.4,34.7,1.5,3.0,251,
2014/07/25 13:18:00,41.539,142.091,66,4.9,31.9,1.8,3.1,150,
2014/07/26 08:22:00,43.329,147.277,39,4.9,11.5,0.3,1.7,26,
2014/08/02 23:18:00,28.109,128.037,10,4.7,2.8,0.1,0.8,1,
2014/08/03 02:34:00,28.103,128.079,5,5.2,1.9,0.1,0.7,3,
2014/08/03 13:06:00,28.106,128.089,13,5.6,6.2,0.4,1.7,6,
2014/08/06 02:41:00,28.074,128.129,7,4.7,2.1,0.1,0.8,2,
2014/08/10 12:43:00,41.13,142.282,51,6.1,160.6,9.4,4.4,356,
2014/08/15 02:10:00,28.056,128.149,5,5.5,3.7,0.2,0.9,3,
2014/08/19 22:26:00,42.975,145.639,46,4.9,156.1,6.7,4.0,50,
2014/08/21 04:38:00,33.277,138.418,327,5.3,18.7,0.6,2.2,186,
2014/08/27 13:48:00,41.039,143.194,42,5.4,23.3,0.7,2.7,128,
2014/08/29 04:14:00,32.137,132.147,18,6.0,104.9,6.3,3.9,247,
2014/08/29 04:32:00,32.109,132.145,19,4.5,23.7,0.5,2.0,35,
2014/08/29 16:35:00,36.874,141.356,28,5.0,28.9,2.1,3.0,128,
2014/09/03 16:24:00,36.87,139.525,7,5.1,286.6,8.7,4.5,183,
2014/09/03 19:11:00,35.4,141.093,37,4.8,6.4,0.7,1.9,41,
2014/09/04 05:34:00,36.87,139.516,7,4.5,89.4,3.5,3.4,88,
2014/09/04 07:49:00,42.767,142.671,28,4.7,68.6,1.6,3.0,107,
2014/09/07 08:33:00,24.059,122.898,18,5.0,4.8,0.3,1.3,2,
2014/09/10 10:09:00,40.13,141.929,67,4.9,268.1,7.3,4.5,166,
2014/09/16 12:28:00,36.09,139.866,47,5.6,285.8,18.2,4.9,485,
2014/09/18 08:19:00,24.823,125.397,50,5.2,75.9,3.4,3.1,5,
2014/09/18 14:56:00,43.742,146.489,74,4.9,27.5,1.0,2.9,57,
2014/09/24 21:45:00,37.532,141.403,51,5.1,92.4,4.9,3.8,234,
2014/09/24 22:31:00,37.532,141.395,51,5.1,160.5,5.4,3.6,285,
2014/09/29 10:05:00,41.932,144.454,41,4.8,8.2,0.5,1.8,29,
2014/10/03 09:57:00,40.162,142.631,28,5.7,63.4,2.8,3.5,240,
2014/10/11 11:36:00,40.949,143.247,36,6.1,54.7,3.0,3.5,307,
2014/10/11 14:20:00,40.917,143.294,34,5.6,23.1,1.4,2.8,180,
2014/10/15 03:08:00,40.862,143.401,35,5.0,16.1,0.5,2.3,85,
2014/10/15 07:52:00,26.284,127.362,46,5.1,21.9,0.8,2.3,8,
2014/10/15 12:51:00,38.542,141.627,64,4.6,252.6,4.0,3.4,161,
2014/10/16 08:53:00,32.113,140.821,9,5.7,10.1,0.8,2.2,28,
2014/10/22 09:15:00,27.438,128.57,51,5.6,73.6,3.6,3.8,11,
2014/10/31 15:33:00,40.15,142.404,35,4.8,18.7,0.7,2.3,93,
2014/11/03 11:28:00,42.583,141.842,29,4.6,152.1,6.7,4.1,120,
2014/11/05 23:01:00,42.685,145.736,48,4.6,35.1,1.5,2.8,50,
2014/11/08 08:54:00,37.805,142.317,40,5.2,61.1,2.0,3.3,192,
2014/11/12 09:53:00,36.13,140.088,66,4.8,72.4,3.0,3.5,272,
2014/11/12 20:04:00,33.099,140.7,64,4.9,12.3,0.7,2.0,14,
2014/11/18 05:53:00,42.209,144.476,28,4.5,4.7,0.3,1.5,22,
2014/11/19 00:20:00,30.048,131.322,28,4.7,9.3,0.5,2.0,11,
2014/11/19 23:34:00,30.603,131.572,38,4.7,10.7,0.4,1.7,17,
2014/11/20 10:51:00,37.334,141.581,46,5.5,93.2,2.6,3.3,367,
2014/11/22 22:08:00,36.689,137.893,5,6.7,589.0,61.0,5.4,537,
2014/11/22 22:37:00,36.775,137.913,3,4.5,52.6,2.7,3.1,25,
2014/11/23 22:34:00,39.602,143.571,31,5.1,4.6,0.5,1.8,69,
2014/12/11 06:03:00,25.436,122.454,250,6.1,12.0,0.5,1.6,5,
2014/12/14 04:46:00,36.685,141.418,51,4.5,11.6,0.4,2.0,77,
2014/12/18 03:45:00,38.927,142.122,46,4.6,306.4,5.4,3.9,118,
2014/12/19 13:47:00,42.725,145.526,46,5.3,51.5,1.8,3.0,57,
2014/12/20 18:30:00,37.422,141.608,44,6.0,96.8,3.7,3.8,381,
2014/12/25 08:06:00,37.222,141.65,36,5.6,39.2,2.7,3.1,223,
2015/01/01 14:01:00,38.88,142.072,44,4.5,98.7,1.6,3.0,126,
2015/01/01 22:57:00,42.581,141.841,30,4.5,136.6,6.3,3.6,94,
2015/01/04 14:51:00,29.324,130.562,59,4.9,2.4,0.2,1.2,1,
2015/01/09 03:42:00,43.549,145.051,126,5.5,184.2,10.5,4.3,196,
2015/01/13 14:27:00,30.664,131.452,49,4.7,14.6,0.7,2.4,32,
2015/01/14 02:46:00,39.337,142.067,48,4.9,96.4,1.8,3.1,115,
2015/01/14 10:15:00,26.453,128.497,32,4.7,33.0,1.1,2.7,8,
2015/01/18 03:17:00,37.405,141.91,44,4.5,15.6,0.5,2.2,83,
2015/01/20 07:34:00,37.154,138.515,188,4.9,8.4,0.3,1.6,120,
2015/01/22 02:35:00,42.647,144.536,54,4.5,33.6,1.3,2.8,63,
2015/01/26 07:20:00,35.874,140.485,37,5.0,240.8,7.3,4.1,208,
2015/01/30 20:31:00,35.975,140.21,40,4.8,115.3,3.5,3.6,206,
2015/02/06 10:25:00,33.73,134.373,11,5.1,564.9,30.5,5.4,218,
2015/02/15 09:14:00,36.617,141.13,31,4.7,11.4,0.4,1.8,74,
2015/02/17 08:06:00,39.869,143.196,13,6.9,104.0,6.0,4.2,502,
2015/02/17 13:46:00,40.082,142.116,50,5.7,281.7,9.9,4.5,297,
2015/02/18 01:33:00,39.662,143.721,34,5.6,5.0,0.5,1.9,97,
2015/02/20 13:25:00,39.909,143.736,8,6.5,11.5,1.2,2.7,202,
2015/02/20 20:09:00,39.997,142.369,20,4.7,4.6,0.3,1.5,29,
2015/02/21 04:28:00,41.974,142.719,57,5.1,24.1,1.1,2.8,180,
2015/02/21 19:13:00,39.89,143.614,11,6.4,7.5,0.7,2.2,120,
2015/02/23 04:43:00,39.849,143.554,18,5.1,6.7,0.4,1.7,64,
2015/02/23 17:00:00,35.56,140.14,68,4.5,14.0,0.6,2.1,162,
2015/02/24 11:28:00,39.63,143.386,29,5.9,8.0,0.7,2.1,145,
2015/02/25 19:31:00,39.337,143.631,20,5.0,3.2,0.3,1.5,43,
2015/02/26 10:11:00,38.46,142.102,50,5.0,297.7,5.7,3.8,191,
2015/02/28 17:40:00,35.634,140.691,50,4.5,21.8,1.0,2.6,71,
2015/03/04 00:04:00,35.34,136.806,40,4.6,276.3,6.0,3.7,245,
2015/03/06 08:06:00,42.4,142.626,57,4.9,31.7,1.4,2.6,194,
2015/03/12 20:02:00,37.33,141.59,46,5.0,27.1,0.7,2.1,147,
2015/03/13 06:03:00,24.251,123.757,17,4.5,11.1,0.6,1.8,3,
2015/03/16 23:23:00,26.796,128.245,54,4.5,27.1,1.0,2.4,8,
2015/03/19 10:34:00,38.524,141.821,50,4.8,135.6,2.3,3.4,130,
2015/03/24 13:53:00,36.262,140.081,68,4.6,31.1,1.6,2.8,195,
2015/03/25 09:34:00,42.349,143.099,50,5.0,95.9,2.2,3.3,182,
2015/03/27 12:04:00,36.347,143.039,56,5.3,6.0,0.3,1.3,70,
2015/03/27 21:32:00,37.224,141.381,24,4.9,11.5,0.4,1.8,87,
2015/03/27 23:39:00,37.232,141.413,24,5.0,7.0,0.5,1.8,84,
2015/04/03 04:04:00,38.605,142.007,52,4.6,84.7,1.9,3.1,138,
2015/04/16 04:55:00,39.35,143.642,45,5.1,3.4,0.3,1.5,51,
2015/04/18 18:34:00,32.015,132.145,18,4.5,15.4,0.4,1.7,23,
2015/04/20 10:43:00,23.951,122.428,22,6.8,9.5,1.2,2.3,4,
2015/04/20 20:45:00,23.953,122.476,21,6.0,5.1,0.4,1.7,2,
2015/04/20 20:59:00,23.929,122.486,21,6.4,5.7,0.7,1.8,2,
2015/04/25 15:35:00,32.963,140.55,81,5.1,15.5,0.7,2.3,20,
2015/04/26 05:01:00,23.894,122.484,21,5.6,1.4,0.2,0.8,1,
2015/04/30 01:10:00,40.055,142.882,24,5.4,26.7,1.5,2.9,206,
2015/05/02 01:56:00,40.907,143.194,17,4.9,5.9,0.2,1.5,48,
2015/05/03 13:03:00,37.504,141.58,45,5.0,71.1,3.8,3.3,234,
2015/05/03 23:30:00,36.152,138.786,145,4.7,9.4,0.5,2.0,167,
2015/05/08 15:29:00,38.619,142.421,37,4.5,24.9,0.3,1.8,77,
2015/05/13 06:13:00,38.859,142.154,46,6.8,399.4,18.3,4.8,668,
2015/05/15 12:30:00,37.059,141.183,51,5.0,144.9,5.5,3.9,227,
2015/05/22 22:28:00,28.558,129.622,21,5.1,77.0,3.7,3.5,6,
2015/05/25 14:28:00,36.05,139.641,56,5.5,446.4,13.7,4.9,417,
2015/05/29 07:13:00,35.355,141.191,35,4.6,3.7,0.3,1.5,24,
2015/05/30 01:06:00,36.142,139.813,53,4.8,282.6,5.0,3.6,271,
2015/05/30 20:24:00,27.856,140.685,682,8.1,182.9,27.5,5.0,926,
2015/06/04 04:34:00,43.49,144.064,0,5.0,252.0,17.3,4.7,79,
2015/06/08 15:01:00,41.452,142.022,66,5.6,62.1,2.2,3.4,274,
2015/06/10 17:32:00,39.659,143.622,36,5.8,8.8,0.8,2.3,127,
2015/06/11 05:06:00,41.697,144.266,28,4.7,4.5,0.3,1.6,29,
2015/06/11 13:45:00,39.694,143.629,27,5.9,5.3,0.6,1.9,112,
2015/06/11 13:51:00,39.617,143.511,36,5.9,15.2,1.4,2.9,189,
2015/06/11 13:56:00,39.604,143.594,25,5.6,7.6,0.6,2.1,129,
2015/06/11 18:19:00,29.693,131.444,56,4.7,5.2,0.3,1.4,18,
2015/06/13 05:56:00,38.99,142.267,50,4.7,115.7,1.9,3.2,116,
2015/06/19 09:35:00,37.509,141.541,46,4.7,32.4,1.3,2.5,136,
2015/06/22 11:17:00,38.732,142.337,38,5.0,21.7,0.5,2.1,124,
2015/06/23 00:35:00,41.48,142.091,63,4.6,18.3,0.6,2.2,88,
2015/06/23 21:19:00,27.696,140.181,484,6.8,9.5,0.7,2.3,126,
2015/06/23 21:22:00,27.694,140.23,480,5.4,1.5,0.2,0.8,3,
2015/06/27 03:30:00,43.934,146.974,73,4.7,11.4,0.3,1.7,23,
2015/07/02 15:05:00,38.425,141.936,57,4.7,133.5,2.0,3.1,117,
2015/07/04 13:24:00,38.717,142.272,39,4.7,43.5,1.0,2.6,117,
2015/07/05 19:41:00,38.755,142.184,42,4.5,42.6,0.7,2.2,82,
2015/07/07 14:10:00,43.672,147.842,1,6.3,44.6,1.6,3.1,262,
2015/07/09 17:27:00,40.114,142.432,36,5.1,28.4,0.8,2.7,153,
2015/07/10 03:33:00,40.35,141.562,88,5.7,186.1,17.5,4.8,359,
2015/07/11 20:27:00,43.677,147.864,12,5.1,8.9,0.4,1.6,52,
2015/07/12 03:39:00,26.029,128.307,47,4.6,7.5,0.4,1.8,5,
2015/07/13 02:52:00,32.989,131.857,58,5.7,167.2,6.8,4.3,390,
2015/07/14 22:16:00,37.307,141.82,43,4.7,10.9,0.5,1.9,112,
2015/07/16 10:15:00,41.33,142.649,38,4.8,21.7,0.7,2.5,96,
2015/07/16 15:13:00,33.283,139.578,21,4.7,6.8,0.3,1.6,2,
2015/07/17 02:15:00,33.224,139.531,27,4.5,6.7,0.3,1.7,1,
2015/07/19 02:13:00,31.078,131.505,32,4.7,24.3,1.3,2.8,38,
2015/07/21 18:17:00,37.832,141.701,65,4.9,69.7,2.0,3.3,216,
2015/07/23 18:43:00,41.97,142.547,65,4.5,23.2,0.6,2.4,90,
2015/07/24 17:53:00,33.385,132.394,44,4.6,110.9,5.1,3.5,151,
2015/07/25 04:30:00,35.572,141.048,38,4.7,12.5,0.6,1.9,38,
2015/08/01 09:23:00,38.71,142.222,40,4.5,106.5,1.4,2.8,88,
2015/08/01 23:24:00,38.365,141.832,63,4.7,89.6,1.4,2.8,157,
2015/08/03 14:30:00,37.764,141.618,49,5.1,105.2,3.4,3.4,206,
2015/08/05 20:56:00,37.515,141.47,50,5.0,142.2,6.7,4.0,246,
2015/08/06 10:45:00,35.827,140.923,35,4.5,14.7,0.7,2.1,24,
2015/08/06 18:22:00,36.435,140.621,55,5.2,280.8,9.1,4.5,344,
2015/08/13 23:08:00,23.941,122.384,20,5.7,2.7,0.2,1.1,2,
2015/08/14 05:13:00,37.162,141.44,49,5.1,50.9,2.1,3.2,285,
2015/08/14 13:43:00,42.749,143.116,80,5.1,84.0,5.0,3.8,215,
2015/08/17 20:40:00,30.801,131.109,7,5.0,37.3,1.9,2.8,37,
2015/08/20 21:57:00,38.717,142.257,40,4.8,33.0,0.8,2.4,109,
2015/08/22 21:14:00,41.952,142.894,43,4.5,30.3,1.4,2.9,55,
2015/08/24 14:49:00,37.289,141.215,16,5.1,19.6,1.6,2.6,87,
2015/08/25 03:24:00,38.719,142.192,41,4.6,33.6,1.0,2.5,97,
2015/08/26 07:51:00,32.104,131.865,34,5.2,132.7,2.9,3.6,164,
2015/08/26 16:23:00,37.279,141.803,44,4.5,12.0,0.4,1.6,48,
2015/08/28 23:46:00,36.35,140.936,46,4.8,85.7,2.0,3.2,196,
2015/08/30 14:30:00,29.713,130.387,53,4.8,12.5,0.3,1.3,11,
2015/09/02 16:07:00,33.21,134.643,30,4.5,17.2,0.8,2.5,46,
2015/09/04 01:51:00,37.15,143.439,54,5.3,11.7,0.4,2.0,151,
2015/09/04 04:52:00,33.482,140.006,107,4.7,37.4,1.8,3.1,22,
2015/09/04 13:49:00,29.308,130.46,45,5.3,5.7,0.5,2.0,4,
2015/09/05 12:13:00,38.53,141.824,51,4.5,48.0,0.9,2.6,75,
2015/09/05 13:18:00,38.667,142.159,42,4.5,30.4,0.8,2.3,91,
2015/09/08 20:22:00,34.695,138.521,23,4.6,57.8,2.9,3.2,126,
2015/09/12 05:49:00,35.55,139.831,57,5.2,176.9,7.8,4.2,367,
2015/09/12 11:45:00,36.805,141.231,41,4.5,39.8,0.8,2.5,125,
2015/09/12 22:38:00,41.822,142.674,56,5.4,82.1,4.9,3.8,203,
2015/09/26 18:49:00,42.209,141.961,94,4.5,17.3,1.0,2.4,136,
2015/10/04 00:51:00,26.576,128.224,43,4.5,26.9,1.1,2.4,7,
2015/10/06 18:32:00,38.697,142.251,39,5.0,63.4,0.9,2.5,137,
2015/10/06 19:17:00,38.699,142.251,39,4.5,26.4,0.4,1.7,71,
2015/10/13 09:18:00,25.183,125.01,70,4.8,32.5,0.8,2.5,5,
2015/10/17 14:17:00,43.192,146.436,51,4.5,24.4,0.8,2.4,23,
2015/10/20 06:44:00,30.638,131.569,35,4.5,9.6,0.4,1.8,17,
2015/10/20 18:29:00,27.123,140.63,314,5.8,3.2,0.2,1.1,6,
2015/10/21 15:04:00,37.31,141.195,37,5.3,208.9,10.8,4.5,373,
2015/10/23 01:18:00,39.337,142.064,48,4.6,79.9,0.9,2.6,71,
2015/10/28 12:29:00,42.964,146.432,64,4.5,29.0,0.6,2.5,38,
2015/10/31 16:56:00,39.82,138.655,37,4.8,6.6,0.3,1.5,74,
2015/10/31 23:20:00,35.857,140.631,51,4.5,13.1,0.6,2.0,71,
2015/11/01 12:49:00,41.564,142.071,65,5.2,43.2,1.3,3.0,227,
2015/11/04 22:47:00,43.334,146.049,92,4.6,33.3,0.8,2.5,59,
2015/11/07 22:45:00,35.985,139.963,101,4.9,67.7,2.7,3.7,291,
2015/11/12 00:33:00,24.448,122.698,97,5.0,10.7,0.6,1.9,3,
2015/11/14 05:51:00,30.938,128.592,17,7.1,58.0,6.6,4.1,199,
2015/11/14 06:17:00,30.858,128.547,1,5.2,3.9,0.3,1.4,9,
2015/11/14 12:51:00,31.189,128.684,13,4.6,3.7,0.2,1.3,5,
2015/11/14 19:21:00,38.015,143.814,44,5.1,7.7,0.3,1.6,102,
2015/11/15 04:20:00,31.327,128.719,9,5.9,18.2,1.2,2.8,65,
2015/11/15 05:34:00,31.22,128.655,9,5.1,4.2,0.3,1.5,15,
2015/11/16 16:31:00,31.131,128.797,1,4.6,5.5,0.3,1.6,7,
2015/11/19 18:33:00,37.53,141.411,51,4.9,130.1,4.1,3.9,200,
2015/11/22 08:20:00,36.425,140.69,52,4.8,147.5,3.4,3.5,184,
2015/11/22 09:37:00,42.904,146.276,43,4.7,17.6,0.7,2.2,33,
2015/11/28 11:51:00,43.22,146.506,71,5.6,74.9,3.6,3.7,124,
2015/12/02 07:48:00,38.675,142.274,39,4.6,36.5,1.0,2.6,104,
2015/12/02 13:41:00,38.34,141.854,63,4.6,167.7,3.6,3.5,155,
2015/12/18 03:11:00,42.849,146.561,44,4.5,9.1,0.3,1.9,20,
2015/12/18 06:31:00,47.315,147.37,501,5.3,2.5,0.2,1.0,16,
2016/01/03 09:37:00,44.085,148.029,0,4.7,8.2,0.3,1.7,18,
2016/01/05 11:21:00,30.523,132.887,58,5.6,10.7,0.7,2.3,92,
2016/01/09 23:12:00,28.041,129.494,28,5.4,70.0,3.0,3.6,10,
2016/01/11 15:26:00,40.384,141.267,10,4.6,313.1,10.4,4.4,92,
2016/01/12 02:08:00,44.428,141.214,265,6.2,21.8,1.0,2.5,304,
2016/01/14 12:25:00,41.967,142.804,52,6.7,173.2,15.9,4.7,519,
2016/01/21 06:53:00,43.064,146.056,50,5.1,79.2,1.6,2.9,74,
2016/01/24 06:33:00,35.875,140.901,17,4.6,45.8,1.5,3.1,120,
2016/01/26 20:37:00,38.262,141.886,51,4.5,124.0,1.6,2.7,153,
2016/02/02 14:32:00,39.677,142.911,22,5.6,36.4,2.2,3.2,220,
2016/02/02 23:19:00,25.408,123.425,201,5.8,13.0,1.1,2.2,6,
2016/02/04 02:59:00,36.827,141.328,29,4.7,21.7,0.7,2.3,83,
2016/02/05 07:41:00,35.627,139.543,26,4.6,103.5,3.3,3.7,155,
2016/02/07 19:27:00,36.049,139.906,43,4.6,198.9,6.0,4.0,222,
2016/02/08 05:45:00,24.299,123.444,45,4.6,5.0,0.4,1.3,1,
2016/02/15 03:09:00,30.306,139.12,438,6.0,5.1,0.5,1.8,29,
2016/02/19 22:13:00,37.229,142.172,26,5.3,26.4,0.9,2.8,143,
2016/02/22 03:03:00,37.412,141.863,29,4.7,10.5,0.2,1.5,71,
2016/02/23 03:41:00,43.07,145.666,47,4.6,76.7,1.5,3.0,44,
2016/02/25 01:10:00,38.3,141.882,46,4.6,135.9,2.1,3.3,134,
2016/03/01 04:47:00,23.818,123.372,31,5.3,8.4,0.4,1.5,2,
2016/03/03 16:11:00,31.767,131.432,51,4.9,49.0,2.9,3.5,77,
2016/03/07 16:37:00,40.14,142.466,34,4.8,48.4,1.2,3.0,114,
2016/03/14 16:03:00,29.726,129.287,224,5.3,13.8,0.8,2.4,63,
2016/03/15 14:05:00,39.474,143.637,26,4.9,3.4,0.3,1.5,42,
2016/03/18 03:59:00,39.434,142.382,49,4.6,118.8,2.1,3.2,102,
2016/03/19 10:27:00,26.936,126.645,23,4.9,3.7,0.3,1.2,3,
2016/03/21 09:11:00,43.577,147.226,38,4.7,13.5,0.4,2.1,39,
2016/03/22 14:34:00,36.775,140.576,7,4.7,534.4,9.6,4.1,167,
2016/03/30 14:10:00,42.914,144.721,57,4.7,58.6,2.2,3.2,80,
2016/04/01 11:39:00,33.32,136.385,29,6.5,22.1,1.9,3.0,337,
2016/04/14 21:26:00,32.739,130.81,11,6.5,1579.7,91.8,6.4,337,
2016/04/14 21:42:00,32.714,130.769,12,4.9,153.1,5.8,3.9,160,
2016/04/14 22:06:00,32.709,130.767,13,4.6,12.0,0.4,1.8,3,
2016/04/14 22:07:00,32.772,130.85,8,5.8,709.7,36.9,5.7,241,
2016/04/14 22:22:00,32.684,130.742,12,4.6,92.2,4.0,3.5,138,
2016/04/14 22:38:00,32.674,130.737,11,5.0,129.0,8.9,4.2,169,
2016/04/14 23:29:00,32.774,130.839,13,4.6,263.9,13.1,4.8,140,
2016/04/14 23:43:00,32.764,130.829,14,5.1,204.6,7.5,4.3,185,
2016/04/15 00:03:00,32.697,130.779,7,6.4,606.3,55.0,5.7,286,
2016/04/15 00:25:00,34.179,138.405,279,4.8,12.0,0.4,1.8,121,
2016/04/15 00:34:00,32.689,130.749,13,4.5,205.2,9.7,4.2,131,
2016/04/15 01:53:00,32.697,130.754,12,4.8,476.8,13.2,4.8,149,
2016/04/15 05:10:00,32.759,130.814,10,4.6,140.7,3.5,3.7,136,
2016/04/16 01:25:00,32.75,130.764,12,7.3,1362.1,133.0,6.5,698,
2016/04/16 01:44:00,32.749,130.762,15,5.4,144.6,8.6,4.4,154,
2016/04/16 01:46:00,32.859,130.9,11,5.9,491.8,47.7,5.6,297,
2016/04/16 01:56:00,32.8,130.8,0,4.7,120.9,6.6,4.0,98,
2016/04/16 02:04:00,32.742,130.739,12,4.9,100.0,8.5,4.1,77,
2016/04/16 03:03:00,32.96,131.089,7,5.9,529.5,26.3,5.2,216,
2016/04/16 03:55:00,33.022,131.192,11,5.8,394.2,18.8,4.9,242,
2016/04/16 04:24:00,32.977,131.075,12,4.6,111.0,3.1,3.5,62,
2016/04/16 07:11:00,33.267,131.397,6,5.4,178.4,12.7,4.5,84,
2016/04/16 07:23:00,32.784,130.775,12,4.8,245.1,12.1,4.7,134,
2016/04/16 08:20:00,32.7,130.7,10,4.6,136.8,8.1,3.9,129,
2016/04/16 09:16:00,32.542,130.654,7,4.5,149.7,4.0,3.2,95,
2016/04/16 09:48:00,32.844,130.837,16,5.4,298.7,14.9,4.7,208,
2016/04/16 14:03:00,33.004,131.22,9,4.6,69.6,2.4,3.3,105,
2016/04/16 14:27:00,32.647,130.744,8,4.6,194.5,9.6,4.2,114,
2016/04/16 16:02:00,32.695,130.722,12,5.4,191.1,9.2,4.5,191,
2016/04/17 00:14:00,32.959,131.08,9,4.8,197.0,4.4,3.6,117,
2016/04/17 04:46:00,32.684,130.777,10,4.5,109.2,5.9,4.1,110,
2016/04/18 20:42:00,32.999,131.2,9,5.8,279.5,22.2,4.9,240,
2016/04/19 17:52:00,32.532,130.637,10,5.5,356.3,25.0,5.2,192,
2016/04/19 20:47:00,32.569,130.654,11,5.0,237.0,11.5,4.4,156,
2016/04/20 21:19:00,37.767,141.691,49,5.8,43.6,2.1,3.2,317,
2016/04/27 00:01:00,38.172,141.694,52,5.0,60.7,2.1,3.3,169,
2016/04/28 15:30:00,32.8,130.5,10,4.7,65.1,3.1,3.4,117,
2016/04/29 15:09:00,33.254,131.369,7,4.5,407.1,16.5,4.8,25,
2016/05/03 09:01:00,43.487,147.604,44,5.9,52.4,2.0,3.2,178,
2016/05/05 01:10:00,38.524,141.819,50,4.8,111.7,2.4,3.4,128,
2016/05/05 10:31:00,32.997,131.135,11,4.6,191.7,5.6,3.8,109,
2016/05/05 10:40:00,32.989,131.124,11,4.9,214.5,8.3,4.4,142,
2016/05/06 14:11:00,31.089,129.03,11,5.0,10.1,0.8,2.3,26,
2016/05/07 14:42:00,31.091,128.994,7,5.5,11.4,1.0,2.4,37,
2016/05/07 14:48:00,31.071,129.04,19,4.7,3.6,0.2,1.2,12,
2016/05/07 17:09:00,31.051,129.012,19,4.6,3.4,0.3,1.5,6,
2016/05/07 18:16:00,31.059,129.017,13,4.7,6.0,0.3,1.8,23,
2016/05/12 12:17:00,24.654,121.924,37,6.5,2.0,0.2,0.9,2,
2016/05/12 13:30:00,24.693,121.998,31,6.4,2.2,0.3,1.2,2,
2016/05/12 15:32:00,43.2,146.656,67,5.0,35.9,1.0,2.7,48,
2016/05/13 02:43:00,37.592,141.888,37,4.5,11.4,0.6,1.9,63,
2016/05/13 07:28:00,31.024,129.007,8,4.6,3.6,0.2,1.3,9,
2016/05/14 04:05:00,31.016,129.004,10,5.1,9.4,0.8,2.2,26,
2016/05/15 10:10:00,39.267,142.167,54,4.6,94.8,1.7,3.3,116,
2016/05/15 12:56:00,31.083,129.039,9,4.5,6.4,0.3,1.6,24,
2016/05/16 17:50:00,31.724,131.902,24,4.8,16.4,0.9,2.5,60,
2016/05/16 21:23:00,36.03,139.89,42,5.5,413.8,11.0,4.8,351,
2016/05/20 23:04:00,44.015,148.059,85,4.9,7.6,0.3,1.7,30,
2016/05/24 00:17:00,31.054,129.014,5,4.9,6.5,0.3,1.6,23,
2016/05/25 14:22:00,41.022,142.414,34,4.8,44.0,1.2,2.7,113,
2016/05/27 12:44:00,26.961,130.305,64,5.6,11.9,0.9,2.3,11,
2016/05/27 12:46:00,26.903,130.214,49,5.2,3.6,0.3,1.5,4,
2016/05/31 14:24:00,25.444,122.509,236,6.2,23.2,0.7,2.3,5,
2016/06/04 14:56:00,31.829,128.865,29,4.5,29.4,1.3,2.5,20,
2016/06/08 09:56:00,29.971,131.267,23,4.6,6.9,0.3,1.5,5,
2016/06/12 07:54:00,35.994,139.935,40,4.8,169.6,5.4,3.9,245,
2016/06/16 14:21:00,41.945,140.991,11,5.3,976.4,33.8,5.8,168,
2016/06/17 06:41:00,28.263,130.56,53,4.7,4.8,0.3,1.8,1,
2016/06/18 20:46:00,32.687,130.709,10,4.6,142.2,7.4,4.0,123,
2016/06/24 06:05:00,23.493,123.334,54,6.2,8.6,0.6,1.8,3,
2016/06/25 13:51:00,36.814,137.835,0,4.8,62.7,2.9,3.4,88,
2016/06/27 07:57:00,36.985,142.406,19,5.9,22.8,2.3,2.9,279,
2016/06/27 13:35:00,37.564,138.101,27,4.5,30.0,0.8,2.2,47,
2016/06/27 13:36:00,37.564,138.108,26,4.6,31.3,0.9,2.6,95,
2016/06/30 03:12:00,39.864,144.609,43,5.2,28.6,0.7,2.6,224,
2016/07/01 08:04:00,36.819,137.848,0,4.6,31.2,1.6,2.6,44,
2016/07/02 10:47:00,43.235,146.871,55,4.9,32.0,0.7,2.4,47,
2016/07/05 12:46:00,35.782,141.021,35,4.5,14.0,0.8,2.1,34,
2016/07/05 20:33:00,35.61,129.875,37,4.9,10.6,0.3,1.7,15,
2016/07/09 18:05:00,32.73,130.604,12,4.5,56.3,1.9,3.2,119,
2016/07/16 22:12:00,40.287,140.921,8,4.6,514.9,11.6,4.5,102,
2016/07/17 13:24:00,36.035,139.931,42,5.0,125.5,8.0,4.1,284,
2016/07/19 12:57:00,35.412,140.355,33,5.2,150.7,4.6,3.5,190,
2016/07/19 13:11:00,41.49,142.052,66,4.5,29.2,0.5,2.2,79,
2016/07/20 07:25:00,36.017,139.951,42,5.0,189.7,6.4,4.1,279,
2016/07/20 08:50:00,39.334,142.074,49,4.8,88.9,1.9,3.0,93,
2016/07/23 10:00:00,47.09,147.38,458,5.6,5.1,0.3,1.5,54,
2016/07/24 11:51:00,42.87,143.177,96,4.9,85.1,4.7,3.7,237,
2016/07/26 00:11:00,26.538,128.749,23,5.4,14.7,0.5,2.3,7,
2016/07/27 23:47:00,36.447,140.616,57,5.4,174.4,6.1,4.1,379,
2016/07/30 06:18:00,18.83,145.761,233,7.7,7.6,1.3,2.4,168,
2016/07/30 16:40:00,35.68,140.815,21,4.6,87.3,2.3,3.0,68,
2016/08/05 01:24:00,25.121,141.905,534,6.4,1.4,0.1,0.2,1,
2016/08/14 05:15:00,34.522,140.398,57,4.9,67.7,5.1,3.8,64,
2016/08/15 16:04:00,37.375,141.751,47,5.6,135.0,5.3,4.2,360,
2016/08/16 00:28:00,45.64,143.204,6,4.5,20.4,0.6,2.3,23,
2016/08/19 21:07:00,36.557,141.135,48,5.4,164.5,7.5,4.4,339,
2016/08/20 14:14:00,39.617,143.644,41,5.4,11.3,1.0,2.4,98,
2016/08/20 18:01:00,40.364,143.782,11,6.4,12.5,1.2,2.8,185,
2016/08/21 00:58:00,40.364,143.691,12,6.2,9.0,0.9,2.4,160,
2016/08/21 01:10:00,40.402,143.502,11,5.5,6.5,0.4,1.9,111,
2016/08/21 21:49:00,40.64,143.697,22,5.2,5.6,0.4,1.7,59,
2016/08/22 08:13:00,39.87,143.747,18,5.4,4.1,0.4,1.8,53,
2016/08/22 15:11:00,38.379,142.172,33,5.3,121.6,2.6,3.5,183,
2016/08/23 08:26:00,24.324,122.97,48,4.7,4.1,0.1,0.6,2,
2016/08/26 02:04:00,30.574,138.223,498,6.1,7.2,0.5,2.0,44,
2016/08/31 05:04:00,36.384,141.728,52,4.9,12.2,0.5,2.1,114,
2016/08/31 19:46:00,32.719,130.619,13,5.2,155.8,7.5,4.3,186,
2016/09/01 06:33:00,32.724,130.619,12,4.8,207.8,6.2,4.0,149,
2016/09/07 00:22:00,24.778,125.266,4,4.8,26.4,1.3,2.5,2,
2016/09/07 13:28:00,36.164,140.038,50,4.9,242.2,6.7,4.1,251,
2016/09/07 18:42:00,42.49,142.684,110,4.7,23.1,1.8,2.8,150,
2016/09/08 20:00:00,27.846,129.99,57,4.6,4.5,0.3,1.7,4,
2016/09/09 20:53:00,36.384,141.033,47,5.4,53.7,1.7,3.2,227,
2016/09/11 12:22:00,37.5,141.753,4,4.6,17.0,0.6,2.2,80,
2016/09/12 19:44:00,35.817,129.264,40,5.2,10.4,0.3,1.7,17,
2016/09/12 20:32:00,35.794,129.274,36,5.8,15.2,0.7,2.1,53,
2016/09/13 19:12:00,35.934,139.813,77,4.9,53.1,1.7,3.1,271,
2016/09/17 16:35:00,35.612,141.07,17,4.7,27.4,0.8,2.5,79,
2016/09/17 22:39:00,38.712,142.226,40,4.6,45.5,0.8,2.5,124,
2016/09/20 08:46:00,39.312,142.402,47,4.7,57.3,1.3,2.6,95,
2016/09/26 11:24:00,41.829,142.209,72,4.8,25.4,1.3,2.9,152,
2016/09/26 14:13:00,41.649,142.997,29,5.4,56.8,3.2,3.5,229,
2016/09/26 14:20:00,27.424,128.622,44,5.6,128.2,7.6,4.4,12,
2016/09/28 18:38:00,24.483,122.701,91,4.9,5.7,0.3,1.5,3,
2016/09/29 20:57:00,37.404,141.875,29,4.8,15.9,0.3,1.8,61,
2016/10/03 17:48:00,41.919,142.441,67,4.5,26.6,1.3,2.5,113,
2016/10/12 04:02:00,42.322,143.046,50,5.0,80.4,2.2,3.2,198,
2016/10/14 19:21:00,37.464,142.131,32,4.6,8.9,0.3,1.7,80,
2016/10/16 16:37:00,38.32,141.53,20,5.2,314.9,4.1,3.5,234,
2016/10/20 11:50:00,35.859,140.526,37,5.3,173.5,7.9,4.1,220,
2016/10/21 14:07:00,35.377,133.858,11,6.6,1494.0,44.5,5.8,596,
2016/10/21 14:53:00,35.357,133.87,9,5.0,141.2,3.2,3.4,190,
2016/10/24 05:25:00,43.764,147.971,0,6.0,11.2,0.5,2.1,56,
2016/10/25 20:12:00,34.665,140.113,62,4.5,112.4,4.3,3.7,50,
2016/10/29 06:57:00,25.729,125.072,22,5.3,5.9,0.4,1.5,2,
2016/10/29 13:43:00,35.384,133.895,7,4.5,70.0,2.3,2.9,43,
2016/11/02 07:37:00,37.447,141.853,27,4.9,27.2,1.3,2.7,132,
2016/11/10 07:20:00,38.687,142.284,39,5.1,45.5,1.1,2.8,151,
2016/11/12 06:43:00,38.46,141.611,58,5.9,321.8,12.9,5.0,403,
2016/11/15 01:15:00,35.897,140.865,43,4.6,72.6,2.7,2.7,107,
2016/11/19 11:48:00,33.839,135.466,51,5.4,411.1,7.8,4.5,374,
2016/11/21 06:59:00,35.874,140.963,17,5.0,56.9,2.4,3.1,192,
2016/11/22 05:59:00,37.35,141.606,25,7.4,255.7,29.1,5.2,723,
2016/11/22 06:03:00,37.287,141.561,23,4.7,17.3,2.0,2.5,60,
2016/11/22 06:10:00,37.274,141.485,35,5.0,31.5,1.0,2.8,204,
2016/11/22 06:39:00,37.24,141.38,22,5.7,24.2,1.8,2.8,201,
2016/11/22 06:51:00,37.25,141.536,33,5.0,40.8,1.8,2.7,126,
2016/11/22 08:40:00,37.2,141.475,31,4.8,20.3,1.0,2.6,126,
2016/11/22 10:38:00,37.157,141.47,35,4.9,35.1,1.0,2.7,156,
2016/11/22 23:04:00,37.175,141.446,28,5.7,81.8,5.1,3.9,278,
2016/11/23 02:53:00,25.358,125.15,72,4.7,23.7,0.5,1.7,2,
2016/11/23 03:45:00,34.539,140.07,101,4.5,26.5,1.4,2.7,49,
2016/11/24 06:23:00,37.17,141.348,24,6.2,105.3,5.7,3.8,394,
2016/11/24 09:35:00,31.773,138.365,365,5.3,9.6,0.5,2.0,106,
2016/11/25 17:22:00,44.833,141.851,27,4.6,141.8,7.0,4.0,54,
2016/11/27 21:50:00,37.32,141.576,35,4.6,32.2,0.9,2.3,84,
2016/11/29 09:26:00,39.909,143.327,13,4.8,6.3,0.6,2.0,47,
2016/12/02 08:03:00,37.38,141.635,27,4.6,7.3,0.2,1.2,38,
2016/12/04 08:34:00,37.155,141.49,28,4.7,9.1,0.3,1.9,57,
2016/12/04 14:33:00,37.157,141.501,27,4.7,13.8,0.5,2.1,56,
2016/12/04 14:36:00,37.177,141.503,29,4.9,21.4,0.8,2.6,88,
2016/12/04 20:42:00,37.192,141.531,36,4.6,15.0,0.5,2.2,106,
2016/12/06 09:05:00,36.004,137.346,5,4.5,276.4,8.8,4.8,94,
2016/12/08 12:18:00,25.046,125.662,66,4.9,29.1,1.1,2.3,2,
2016/12/08 17:15:00,37.382,141.565,29,5.0,22.7,0.7,2.5,123,
2016/12/08 19:58:00,43.541,140.724,11,4.5,12.8,0.4,1.8,53,
2016/12/10 13:45:00,40.114,142.457,34,4.8,56.4,1.4,3.3,115,
2016/12/20 01:41:00,37.305,141.641,33,5.5,25.1,2.1,3.0,197,
2016/12/23 11:27:00,37.344,141.638,34,4.5,17.5,0.6,2.3,69,
2016/12/24 02:25:00,36.724,141.855,40,5.1,13.6,1.4,2.5,153,
2016/12/28 21:38:00,36.717,140.576,11,6.3,886.7,36.0,5.7,482,
2016/12/28 21:53:00,36.707,140.638,6,4.7,142.5,4.5,3.6,124,
2016/12/31 05:08:00,37.352,141.411,27,5.4,91.4,2.3,3.3,241,
2017/01/03 03:35:00,34.017,136.475,385,5.1,10.9,0.3,1.6,95,
2017/01/03 06:24:00,41.19,142.034,58,4.5,25.7,0.5,2.1,70,
2017/01/03 13:38:00,30.563,131.23,30,4.5,10.7,0.5,1.9,13,
2017/01/05 00:44:00,36.859,140.981,56,5.3,178.1,6.7,4.3,348,
2017/01/05 02:53:00,37.119,141.361,26,5.6,102.3,8.1,4.0,311,
2017/01/13 12:25:00,35.73,140.616,50,4.9,42.4,2.2,3.1,104,
2017/01/21 20:54:00,40.554,142.542,29,4.5,22.3,0.5,2.1,72,
2017/01/22 03:11:00,41.064,142.446,37,4.5,38.2,1.1,3.0,89,
2017/01/26 17:06:00,40.162,142.459,36,5.2,39.6,1.5,3.0,137,
2017/01/28 22:40:00,39.757,140.77,151,5.0,78.7,2.5,3.4,206,
2017/02/03 23:15:00,37.185,141.483,27,4.9,10.0,0.4,1.7,60,
2017/02/11 06:05:00,37.174,141.721,41,5.4,83.8,2.1,3.3,233,
2017/02/12 22:37:00,40.157,142.369,36,4.8,25.5,1.8,3.0,117,
2017/02/19 18:19:00,35.727,140.666,52,5.4,137.6,11.4,4.3,246,
2017/02/25 13:52:00,38.719,142.264,39,4.5,22.4,0.3,1.7,59,
2017/02/27 00:03:00,37.064,141.183,50,4.9,117.8,4.3,3.6,237,
2017/02/27 14:19:00,37.247,141.548,33,4.5,11.7,0.3,1.7,63,
2017/02/27 18:10:00,42.345,143.052,52,4.7,50.1,1.9,3.1,118,
2017/02/28 01:18:00,24.221,122.885,50,4.8,1.4,0.1,0.5,1,
2017/02/28 16:49:00,37.51,141.37,52,5.7,234.2,11.6,4.6,428,
2017/03/01 15:43:00,37.52,141.456,49,4.9,68.2,3.7,3.3,143,
2017/03/02 23:53:00,32.642,132.134,37,5.3,155.6,6.3,4.1,191,
2017/03/03 17:27:00,43.074,145.482,93,4.9,70.9,2.2,3.0,83,
2017/03/05 10:19:00,35.732,140.723,52,4.7,20.1,1.0,2.4,100,
2017/03/05 19:04:00,37.187,141.435,29,4.6,38.3,1.6,3.0,63,
2017/03/08 01:08:00,41.479,141.982,65,5.2,34.8,1.0,2.7,171,
2017/03/08 04:51:00,39.944,143.236,16,4.6,6.9,0.3,1.5,44,
2017/03/12 03:49:00,30.984,130.42,136,5.1,32.1,1.9,3.0,83,
2017/03/12 04:57:00,37.509,141.545,46,5.4,83.8,6.8,3.7,269,
2017/03/14 12:57:00,42.812,142.704,82,4.7,21.0,1.5,2.9,140,
2017/03/17 15:57:00,30.396,130.575,60,4.9,57.9,0.8,2.4,33,
2017/03/22 09:21:00,37.269,141.57,34,4.5,11.1,0.4,2.0,73,
2017/03/25 01:43:00,26.831,127.2,87,5.1,54.5,2.1,3.1,9,
2017/04/08 23:17:00,32.748,140.235,43,4.5,3.3,0.1,0.8,4,
2017/04/09 07:20:00,37.505,141.573,45,5.0,24.9,1.3,2.7,159,
2017/04/12 03:10:00,36.157,140.103,54,4.6,91.7,2.7,3.4,205,
2017/04/12 22:55:00,28.713,130.237,53,4.8,8.6,0.6,2.2,4,
2017/04/20 02:13:00,36.699,140.645,6,4.5,72.4,1.6,3.0,105,
2017/04/20 02:15:00,37.319,141.916,36,4.8,13.6,0.4,2.0,95,
2017/04/20 20:41:00,43.985,148.474,0,5.2,7.0,0.3,1.5,47,
2017/04/23 15:37:00,46.305,142.206,14,5.3,10.2,0.9,2.3,27,
2017/04/29 21:32:00,30.773,131.484,44,5.6,38.0,1.9,3.2,77,
2017/04/30 05:23:00,30.766,131.47,40,4.7,7.5,0.6,2.1,24,
2017/04/30 23:42:00,42.319,143.074,53,5.4,101.3,4.4,3.9,202,
2017/05/06 23:23:00,33.266,140.791,57,4.9,19.6,0.5,2.1,11,
2017/05/09 10:54:00,24.373,126.327,79,6.4,20.1,1.7,2.7,4,
2017/05/10 04:15:00,25.848,124.975,105,5.0,8.4,0.2,1.4,4,
2017/05/15 16:05:00,27.254,130.077,64,5.4,4.1,0.3,1.6,8,
2017/05/22 12:25:00,34.535,139.428,14,4.5,9.1,0.4,1.8,14,
2017/05/22 20:01:00,43.644,147.636,35,5.7,22.6,1.1,2.6,168,
2017/05/27 22:50:00,36.062,135.546,17,5.1,26.1,0.9,2.3,234,
2017/06/08 09:25:00,35.645,140.678,51,4.7,22.7,2.0,2.8,56,
2017/06/10 04:34:00,40.149,142.506,32,4.5,12.1,0.6,1.9,77,
2017/06/10 16:31:00,42.349,144.822,34,4.6,11.6,0.6,2.0,41,
2017/06/13 23:31:00,28.159,140.221,441,4.7,1.3,0.1,0.2,1,
2017/06/14 19:24:00,33.797,133.431,38,4.5,106.1,1.7,3.0,112,
2017/06/16 22:40:00,31.884,131.834,28,4.6,15.4,1.0,2.5,42,
2017/06/19 05:51:00,37.082,140.606,6,4.5,115.3,2.9,3.6,135,
2017/06/20 23:27:00,32.864,132.032,42,5.0,110.2,5.3,4.0,166,
2017/06/23 08:59:00,39.335,142.064,48,4.5,83.6,1.2,2.5,58,
2017/06/25 07:02:00,35.864,137.588,7,5.6,599.7,21.5,5.4,413,
2017/06/25 09:24:00,35.86,137.57,6,4.5,148.3,6.7,3.8,139,
2017/06/25 15:17:00,35.854,137.586,7,4.7,395.2,11.8,4.3,163,
2017/06/28 21:07:00,43.559,147.836,31,5.7,25.7,1.3,2.6,161,
2017/06/30 23:04:00,25.683,125.194,98,5.2,16.6,0.6,2.0,5,
2017/07/01 23:45:00,42.785,141.862,27,5.1,334.2,11.3,4.7,151,
2017/07/02 00:58:00,33.0,131.239,11,4.5,320.5,14.6,4.9,120,
2017/07/07 21:48:00,37.759,141.091,66,4.9,172.3,5.6,4.0,231,
2017/07/08 20:48:00,37.375,141.726,45,4.5,8.0,0.3,1.5,71,
2017/07/11 11:56:00,31.379,130.622,10,5.3,541.5,28.6,5.4,77,
2017/07/12 14:36:00,35.319,141.191,34,4.9,4.3,0.4,1.6,24,
2017/07/15 12:02:00,37.8,141.731,57,4.6,23.6,0.7,2.2,85,
2017/07/19 16:15:00,26.423,126.525,92,4.7,4.2,0.2,1.3,5,
2017/07/20 09:11:00,37.337,141.59,46,5.8,110.2,3.4,3.7,396,
2017/07/24 00:35:00,40.117,143.377,14,5.7,7.1,0.6,2.2,128,
2017/07/25 21:08:00,39.492,142.039,59,4.6,38.9,0.8,2.5,88,
2017/07/26 19:32:00,26.919,130.185,66,5.8,7.9,0.7,2.0,10,
2017/08/02 02:02:00,36.8,140.538,9,5.5,418.3,12.0,4.7,389,
2017/08/02 07:16:00,36.117,140.025,48,4.6,145.9,5.0,4.0,232,
2017/08/03 13:45:00,36.075,139.888,46,4.6,98.1,2.3,3.3,195,
2017/08/04 20:19:00,24.548,123.579,64,5.3,33.2,1.3,2.7,4,
2017/08/08 14:49:00,26.488,127.009,13,5.2,19.0,0.5,2.1,6,
2017/08/10 09:36:00,35.794,140.093,64,5.0,42.9,3.1,3.3,277,
2017/08/13 03:23:00,29.951,131.262,27,5.0,9.8,0.5,1.8,14,
2017/08/14 18:11:00,35.832,139.995,102,4.5,52.7,1.8,2.9,184,
2017/08/16 21:51:00,28.653,127.934,192,5.7,8.3,0.5,1.8,11,
2017/08/26 04:20:00,37.017,140.586,8,4.7,95.8,3.7,3.5,179,
2017/08/27 11:26:00,36.744,140.578,11,4.8,202.8,5.8,3.9,198,
2017/08/31 07:09:00,28.516,130.159,33,4.8,13.4,0.7,2.3,2,
2017/09/08 02:27:00,27.799,140.131,475,6.1,2.3,0.2,1.0,22,
2017/09/08 22:23:00,39.497,140.421,9,5.2,140.9,7.8,4.2,169,
2017/09/10 17:44:00,41.755,142.881,43,5.6,79.7,5.2,3.8,265,
2017/09/14 09:27:00,35.824,139.556,50,4.5,63.9,1.9,3.1,197,
2017/09/20 05:18:00,37.274,141.655,46,5.3,28.0,1.0,2.6,202,
2017/09/21 01:37:00,38.032,144.492,53,6.3,22.1,0.8,2.3,428,
2017/09/27 05:22:00,40.264,142.459,35,6.1,148.0,4.9,3.9,362,
2017/09/28 16:11:00,37.342,141.598,45,4.8,30.4,1.0,2.6,113,
2017/10/01 10:25:00,36.85,140.568,5,4.9,122.2,2.1,3.4,184,
2017/10/06 16:59:00,37.432,143.952,57,6.3,32.4,1.1,2.8,405,
2017/10/06 23:56:00,37.084,141.158,53,5.9,232.5,9.7,4.5,485,
2017/10/12 15:12:00,36.684,142.143,26,5.2,11.9,0.7,2.3,118,
2017/10/15 08:34:00,30.946,130.329,143,4.7,14.6,0.4,2.0,49,
2017/10/19 18:02:00,28.323,131.279,98,5.6,17.2,1.6,2.9,39,
2017/10/22 03:38:00,44.028,140.806,10,4.6,16.9,0.6,2.4,50,
2017/11/03 12:45:00,42.56,143.752,66,5.0,89.4,4.1,3.7,149,
2017/11/03 21:38:00,36.812,140.533,8,4.8,364.7,10.3,4.0,216,
2017/11/11 01:38:00,38.364,141.841,59,4.7,184.2,3.6,3.7,165,
2017/11/13 07:24:00,38.002,144.809,56,6.0,12.8,0.4,1.9,251,
2017/11/15 14:29:00,36.192,129.395,11,5.6,4.3,0.2,1.2,12,
2017/11/16 18:43:00,32.348,140.748,46,6.0,32.7,1.6,3.0,112,
2017/11/17 10:02:00,37.179,141.385,48,4.8,61.9,2.1,3.1,135,
2017/12/02 05:48:00,42.034,142.509,67,4.9,50.4,1.7,3.2,206,
2017/12/06 00:13:00,36.374,137.975,10,5.3,64.8,2.7,3.3,201,
2017/12/06 00:22:00,36.809,140.543,8,4.5,995.6,25.0,4.6,103,
2017/12/16 02:58:00,39.682,142.097,52,5.5,118.7,4.2,3.7,290,
2017/12/19 06:54:00,38.179,141.689,51,4.6,54.2,0.9,2.4,99,
2017/12/27 22:05:00,35.562,140.086,69,4.5,17.8,0.7,2.4,161,
2017/12/29 06:14:00,41.729,143.677,41,4.8,19.5,0.6,2.1,95,
2017/12/31 12:48:00,29.609,129.532,165,4.9,8.4,0.2,1.4,19,
2018/01/05 11:02:30,35.892,140.893,41,4.5,27.7,1.0,2.3,54,
2018/01/06 00:54:00,35.64,140.025,71,4.7,85.1,3.6,3.6,273,
2018/01/06 05:48:00,34.849,139.248,11,4.5,82.4,3.7,3.6,81,
2018/01/06 22:45:00,40.705,142.694,22,4.5,14.7,0.5,2.2,60,
2018/01/10 07:30:00,35.419,141.215,32,5.2,7.8,1.0,2.2,76,
2018/01/14 18:07:00,41.934,143.051,41,4.7,27.5,1.3,2.9,98,
2018/01/19 21:00:00,43.522,146.382,81,4.7,22.7,0.7,2.2,34,
2018/01/24 19:51:00,41.005,142.451,34,6.3,138.6,5.5,4.3,418,
2018/01/27 03:11:00,38.235,141.613,63,4.5,89.8,1.3,2.9,115,
2018/01/28 04:43:00,40.115,142.427,35,4.9,16.9,0.6,2.2,107,
2018/01/30 09:25:00,38.534,141.821,49,4.5,73.2,0.8,2.6,73,
2018/01/31 05:11:00,42.015,142.594,62,4.7,18.3,1.1,2.8,128,
2018/01/31 10:15:00,36.337,141.016,46,4.5,28.3,0.4,2.0,72,
2018/02/04 22:56:00,24.113,121.704,10,6.5,1.4,0.2,0.9,1,
2018/02/11 16:31:00,32.441,140.435,29,4.9,2.5,0.1,0.7,3,
2018/02/17 06:38:00,38.422,141.984,57,4.5,184.7,2.4,3.0,115,
2018/02/19 03:31:00,32.9,132.164,40,5.0,123.0,3.5,3.8,216,
2018/02/26 01:28:00,37.534,141.765,40,5.8,108.5,5.9,3.9,390,
2018/02/28 07:57:00,37.529,141.771,38,4.7,15.0,0.7,2.0,87,
2018/03/01 22:42:00,24.244,123.822,15,5.6,119.1,5.7,3.8,5,
2018/03/02 12:42:00,24.328,122.972,48,4.9,8.2,0.2,1.3,3,
2018/03/05 04:52:00,44.613,148.176,109,5.4,7.8,0.4,2.0,44,
2018/03/12 15:40:00,41.145,142.622,36,4.9,14.8,0.5,2.2,92,
2018/03/12 19:21:00,27.246,128.429,48,4.6,46.7,1.0,2.3,5,
2018/03/13 15:46:00,35.727,140.676,51,4.9,29.5,1.3,2.6,105,
2018/03/19 11:45:00,35.317,141.088,37,5.1,7.0,0.9,2.2,68,
2018/03/23 06:32:00,38.877,142.081,45,5.1,114.5,3.5,3.4,177,
2018/03/25 23:37:00,32.638,140.89,41,5.8,36.0,1.3,2.8,112,
2018/03/26 00:36:00,32.636,140.795,53,4.8,7.0,0.3,1.4,6,
2018/03/30 08:17:00,36.439,140.623,56,5.1,197.1,6.1,4.1,297,
2018/04/04 16:37:00,37.304,141.736,44,4.5,22.3,0.6,2.2,79,
2018/04/09 01:32:00,35.18,132.59,12,6.1,676.2,35.5,5.5,378,
2018/04/09 01:43:00,35.164,132.593,10,4.5,181.0,4.8,3.8,88,
2018/04/09 01:56:00,35.18,132.578,10,4.8,189.4,6.7,3.8,125,
2018/04/09 02:10:00,35.169,132.586,10,4.9,258.5,9.6,4.1,158,
2018/04/09 05:05:00,35.17,132.59,9,4.6,166.4,5.8,3.7,101,
2018/04/12 20:36:00,39.412,143.231,21,4.7,11.9,0.4,1.9,67,
2018/04/12 22:37:00,38.372,141.862,56,4.7,179.3,3.0,3.3,154,
2018/04/14 04:00:00,43.172,145.741,53,5.4,269.7,11.4,4.6,144,
2018/04/14 15:13:00,34.82,137.13,6,4.5,240.1,3.9,3.9,163,
2018/04/19 20:38:00,40.144,142.469,34,4.8,19.5,1.0,2.6,105,
2018/04/20 19:45:00,42.699,144.711,51,4.5,23.2,1.2,2.4,47,
2018/04/21 18:47:00,35.557,141.106,33,5.1,34.5,2.7,3.1,97,
2018/04/24 17:53:00,43.235,145.829,87,5.4,127.5,4.5,4.0,147,
2018/05/07 05:01:00,39.592,141.164,98,5.1,60.7,3.0,3.5,202,
2018/05/10 19:57:00,37.815,141.762,41,4.7,30.5,0.6,2.0,90,
2018/05/12 10:29:00,36.629,137.903,11,5.2,127.8,6.3,3.7,173,
2018/05/13 01:49:00,38.527,141.819,50,4.8,71.7,3.0,3.7,146,
2018/05/14 19:31:00,40.055,142.689,29,5.1,23.4,1.3,2.8,129,
2018/05/17 12:12:00,35.712,140.733,52,5.3,60.4,4.0,3.5,242,
2018/05/18 03:42:00,42.722,145.474,47,5.8,117.0,4.0,3.9,124,
2018/05/25 21:13:00,36.937,138.591,6,5.2,144.0,6.4,3.8,188,
2018/05/26 23:01:00,37.802,141.73,51,4.7,28.9,1.0,2.4,111,
2018/06/02 18:48:00,43.654,148.092,0,5.6,4.6,0.3,1.5,23,
2018/06/10 06:45:00,43.785,145.959,94,4.5,18.8,0.4,2.0,23,
2018/06/12 04:54:00,31.184,131.56,28,5.6,73.0,6.2,4.2,135,
2018/06/12 05:09:00,35.164,140.578,17,4.9,48.2,1.7,3.2,62,
2018/06/17 15:27:00,36.452,139.175,14,4.6,124.9,3.2,3.6,222,
2018/06/18 07:58:00,34.84,135.625,13,6.1,806.2,41.4,5.6,537,
2018/06/26 17:00:00,34.927,132.875,12,5.0,296.9,7.2,4.1,185,
2018/07/02 02:27:00,41.49,142.067,64,4.9,34.5,0.9,2.6,163,
2018/07/02 20:53:00,41.192,142.704,39,5.0,36.2,1.4,3.1,144,
2018/07/07 20:23:00,35.162,140.595,57,6.0,146.5,7.6,4.3,356,
2018/07/10 13:56:00,41.545,142.077,68,4.9,15.7,0.6,2.1,138,
2018/07/12 17:39:00,38.26,142.161,39,4.9,57.3,1.6,3.2,153,
2018/07/16 02:13:00,42.317,143.001,55,4.9,50.5,2.3,3.4,135,
2018/07/17 04:34:00,36.427,140.695,52,4.8,130.2,3.5,3.6,180,
2018/07/18 16:44:00,35.882,141.31,39,4.5,9.5,0.3,1.5,26,
2018/07/24 06:37:00,44.65,148.336,150,5.0,7.6,0.3,1.6,25,
2018/07/26 02:46:00,37.53,141.39,51,4.5,36.1,1.1,2.3,81,
2018/07/29 09:58:00,36.95,139.678,7,4.5,201.6,5.3,4.1,113,
2018/07/31 17:42:00,37.152,141.231,21,5.8,113.7,5.9,4.0,303,
2018/08/06 19:56:00,35.549,141.05,37,4.5,11.1,0.4,1.6,11,
2018/08/08 00:13:00,37.912,143.942,50,5.6,24.6,0.9,2.6,235,
2018/08/08 18:07:00,37.187,141.198,21,4.9,78.6,2.3,3.4,195,
2018/08/11 06:11:00,37.154,141.198,20,5.0,73.7,1.6,3.1,208,
2018/08/14 12:35:00,35.192,140.551,59,4.7,28.5,0.9,2.5,103,
2018/08/23 00:06:00,41.312,142.654,35,4.9,19.9,0.9,2.5,106,
2018/08/24 23:16:00,41.09,142.629,32,5.1,33.0,1.3,3.0,139,
2018/09/02 00:43:00,28.028,140.221,459,5.6,2.2,0.2,0.9,1,
2018/09/03 06:47:00,34.587,131.349,16,4.6,97.8,1.9,2.9,132,
2018/09/05 05:11:00,36.472,141.34,60,5.5,148.9,4.0,4.0,345,
2018/09/06 03:08:00,42.687,142.011,37,6.7,1796.4,151.5,6.7,472,
2018/09/06 03:11:00,42.555,141.952,31,4.5,10.9,1.1,2.0,23,
2018/09/06 03:17:00,42.624,141.967,33,4.7,61.8,5.6,3.7,96,
2018/09/06 03:20:00,42.569,141.952,36,5.5,133.8,6.0,3.9,196,
2018/09/06 03:23:00,42.794,141.979,32,4.8,234.9,8.1,4.2,76,
2018/09/06 03:32:00,42.721,142.002,34,4.6,48.8,2.0,3.0,69,
2018/09/06 04:10:00,42.675,141.992,32,4.7,113.5,4.8,3.8,102,
2018/09/06 06:11:00,42.667,142.019,38,5.4,220.2,12.2,4.5,269,
2018/09/07 13:25:00,42.697,141.974,35,4.5,39.0,1.6,3.0,86,
2018/09/09 22:55:00,42.778,141.987,35,4.9,154.7,7.7,3.9,149,
2018/09/10 23:58:00,35.062,140.228,35,4.7,123.3,3.1,3.6,85,
2018/09/11 04:58:00,42.709,142.009,31,4.5,67.2,2.1,3.1,75,
2018/09/11 22:25:00,41.244,142.379,47,5.0,31.1,1.1,2.8,130,
2018/09/12 09:45:00,24.141,123.739,19,4.5,9.9,0.3,1.4,3,
2018/09/12 18:24:00,42.672,141.989,33,4.5,84.7,3.8,3.4,53,
2018/09/14 06:54:00,42.674,141.956,26,4.6,104.1,5.5,3.9,98,
2018/09/14 14:35:00,36.737,140.611,7,4.9,247.7,6.8,4.3,211,
2018/09/15 09:08:00,26.713,129.694,44,5.6,7.8,0.3,1.6,9,
2018/09/16 01:24:00,26.619,129.595,43,6.0,4.0,0.3,1.4,6,
2018/09/17 02:51:00,42.715,141.866,28,4.6,139.9,5.8,4.0,102,
2018/09/19 01:21:00,38.467,141.602,57,5.0,325.5,5.2,4.2,145,
2018/09/19 01:54:00,35.795,141.868,28,4.5,3.6,0.2,1.0,4,
2018/09/25 12:31:00,38.715,142.259,39,4.6,50.4,1.0,2.5,118,
2018/09/30 17:54:00,42.545,141.992,37,4.9,390.2,13.6,4.5,183,
2018/10/01 11:22:00,42.791,142.014,35,4.7,181.4,7.1,3.9,109,
2018/10/02 12:28:00,36.425,141.09,46,4.6,27.9,1.0,2.7,132,
2018/10/04 00:15:00,35.805,140.973,31,4.7,115.7,4.9,3.7,88,
2018/10/05 08:58:00,42.589,141.969,31,5.2,402.6,17.5,5.1,153,
2018/10/07 10:14:00,35.034,137.576,42,5.0,143.4,4.0,3.9,255,
2018/10/09 04:51:00,37.297,141.73,34,4.9,27.4,0.6,2.4,105,
2018/10/12 09:14:00,42.589,141.951,23,4.6,77.0,3.2,3.2,88,
2018/10/12 13:15:00,35.742,140.691,52,5.2,55.2,3.7,3.5,173,
2018/10/18 14:18:00,35.507,140.965,41,4.9,14.7,0.7,2.2,68,
2018/10/21 05:13:00,37.855,141.761,53,4.5,30.1,0.7,2.3,103,
2018/10/22 19:47:00,37.514,141.446,49,5.0,123.1,5.9,3.9,210,
2018/10/23 13:35:00,23.951,122.596,26,6.1,6.4,0.5,1.7,2,
2018/10/23 20:06:00,38.267,141.901,46,4.7,145.8,1.9,2.9,137,
2018/10/24 01:04:00,23.964,122.603,28,6.3,6.1,0.6,2.0,3,
2018/10/26 03:36:00,38.275,141.814,49,5.7,245.6,4.6,4.0,353,
2018/10/26 12:05:00,44.523,145.659,20,5.5,33.7,1.5,3.1,66,
2018/10/26 12:06:00,44.435,145.631,21,5.0,7.9,0.4,1.6,17,
2018/10/27 09:08:00,36.799,141.366,41,5.0,36.9,1.0,2.6,169,
2018/10/27 20:39:00,40.147,142.376,37,4.8,27.3,1.1,2.6,101,
2018/10/29 10:27:00,31.774,140.688,86,5.4,6.3,0.3,1.7,42,
2018/10/30 06:55:00,24.131,123.617,44,4.6,8.2,0.3,1.5,3,
2018/10/30 11:34:00,24.303,123.439,46,4.7,9.1,0.5,1.5,2,
2018/11/02 16:54:00,33.692,135.198,44,5.4,299.8,5.4,4.0,280,
2018/11/02 20:01:00,47.14,147.113,487,6.1,5.8,0.3,1.3,66,
2018/11/05 04:26:00,44.606,145.809,20,6.3,64.6,3.1,3.6,99,
2018/11/05 08:19:00,33.724,135.286,45,4.6,174.5,3.4,3.7,166,
2018/11/05 23:47:00,29.264,130.61,62,4.9,2.3,0.2,1.2,1,
2018/11/14 19:07:00,42.694,141.969,32,4.7,93.1,5.9,4.0,114,
2018/11/21 04:10:00,30.396,130.152,123,5.2,17.8,0.7,2.4,128,
2018/11/23 23:30:00,37.069,141.175,50,5.0,144.8,3.8,3.6,235,
2018/11/27 08:33:00,36.069,139.866,44,5.0,172.0,6.4,4.1,303,
2018/11/28 11:23:00,41.334,143.226,11,5.7,29.3,1.8,2.9,219,
2018/11/28 20:15:00,36.439,141.01,46,4.5,44.6,1.0,2.6,108,
2018/12/03 17:15:00,40.862,141.421,87,4.6,52.3,1.2,2.5,101,
2018/12/04 04:15:00,39.194,142.381,34,4.5,25.5,0.5,2.1,92,
2018/12/04 15:06:00,34.54,140.065,44,4.5,42.8,1.2,2.6,51,
2018/12/08 10:54:00,37.027,141.346,50,5.0,80.1,2.9,3.7,234,
2018/12/10 00:21:00,33.237,138.095,367,5.2,4.6,0.2,1.4,63,
2018/12/11 09:26:00,43.659,146.364,106,4.7,19.9,0.5,2.3,29,
2018/12/14 17:04:00,37.857,142.487,44,4.8,15.8,0.5,2.2,91,
2018/12/16 01:28:00,39.26,141.722,62,4.6,93.0,3.2,3.5,144,
2018/12/20 14:16:00,23.954,123.59,32,4.5,5.9,0.2,1.0,2,
2018/12/27 01:48:00,38.715,142.259,39,4.6,33.0,0.5,2.0,87,
2018/12/30 04:08:00,42.324,143.117,51,5.3,88.9,3.5,3.7,235,
2018/12/31 23:10:00,37.339,141.563,45,5.0,24.1,0.7,2.3,154,
2019/01/03 18:10:00,33.024,130.555,10,5.1,417.4,10.3,4.4,198,
2019/01/06 17:34:00,38.692,141.477,102,4.5,70.1,2.7,3.5,148,
2019/01/08 21:39:00,30.568,131.165,30,6.0,78.5,3.5,3.7,106,
2019/01/13 21:14:00,37.237,141.395,22,4.9,19.2,0.5,1.9,93,
2019/01/14 13:23:00,36.159,139.813,53,4.9,211.5,5.1,3.8,285,
2019/01/18 21:46:00,35.917,140.435,54,5.3,44.3,2.2,3.2,292,
2019/01/19 05:04:00,40.735,142.567,29,4.9,11.2,0.9,2.5,120,
2019/01/21 09:24:00,40.695,142.612,28,4.5,11.0,0.3,1.9,49,
2019/01/24 20:36:00,31.854,129.152,9,4.5,5.1,0.2,1.4,14,
2019/01/25 14:41:00,31.847,129.18,7,4.6,8.4,0.3,1.7,28,
2019/01/26 06:22:00,30.264,131.399,22,4.5,8.4,0.2,1.6,6,
2019/01/26 17:23:00,40.277,142.331,38,5.6,294.1,9.1,4.7,277,
2019/01/29 12:42:00,35.002,141.125,50,5.2,10.7,0.6,2.0,43,
2019/01/30 14:21:00,23.689,122.373,29,5.6,2.3,0.1,0.5,1,
2019/02/03 04:10:00,35.569,141.048,37,4.7,11.1,0.8,1.9,25,
2019/02/07 16:57:00,41.854,143.794,29,4.9,21.8,0.8,2.4,59,
2019/02/09 11:24:00,43.815,145.727,110,4.8,16.8,0.9,2.4,37,
2019/02/10 14:34:00,28.269,129.505,36,4.9,114.4,2.4,3.3,6,
2019/02/16 18:06:00,25.409,124.812,17,5.1,3.7,0.2,1.0,2,
2019/02/16 19:01:00,25.439,124.83,12,5.5,3.6,0.2,1.0,2,
2019/02/19 21:04:00,36.459,137.665,0,4.7,28.7,1.0,2.5,62,
2019/02/20 12:18:00,28.308,130.31,28,4.7,5.9,0.4,1.8,1,
2019/02/21 11:11:00,28.558,129.99,30,4.5,5.5,0.4,1.8,1,
2019/02/21 21:22:00,42.763,142.007,33,5.8,560.5,40.0,5.5,289,
2019/02/23 15:48:00,37.009,141.841,59,4.5,22.6,0.5,2.0,98,
2019/02/24 09:33:00,37.484,142.004,34,4.8,16.8,0.5,2.1,113,
2019/02/27 09:55:00,38.347,142.142,40,4.6,19.8,0.4,1.9,75,
2019/03/02 12:23:00,42.004,146.866,51,6.2,63.0,4.7,3.8,351,
2019/03/07 04:26:00,38.717,141.637,70,4.6,140.3,2.6,3.4,143,
2019/03/11 02:11:00,36.759,142.409,18,6.0,9.9,1.0,2.3,159,
2019/03/11 15:37:00,33.187,132.715,38,4.6,121.7,2.6,3.3,139,
2019/03/13 13:48:00,33.797,134.916,43,5.3,162.0,6.5,3.7,307,
2019/03/27 09:11:00,32.149,132.157,15,5.4,49.6,2.0,3.3,148,
2019/03/27 15:38:00,32.16,132.152,21,5.4,127.0,3.8,3.8,195,
2019/03/28 11:16:00,42.444,143.674,78,4.6,23.2,0.8,2.3,118,
2019/03/29 12:24:00,37.03,141.196,21,4.5,23.9,0.5,1.9,52,
2019/03/30 05:55:00,30.584,131.157,32,5.0,44.5,1.6,2.8,30,
2019/04/05 18:56:00,30.393,139.011,414,5.9,7.5,0.6,2.0,125,
2019/04/08 13:12:00,26.303,129.574,45,5.6,7.8,0.2,1.5,8,
2019/04/11 17:18:00,40.359,143.407,5,6.2,25.3,1.6,3.0,255,
2019/04/15 05:28:00,42.482,144.821,43,5.1,37.9,1.9,3.1,118,
2019/04/18 14:01:00,24.006,121.514,20,6.5,1.5,0.2,1.0,1,
2019/04/23 02:45:00,40.545,143.851,57,5.6,7.2,0.7,2.1,105,
2019/04/28 02:24:00,42.557,142.882,102,5.6,126.4,8.4,4.2,322,
2019/05/01 00:43:00,36.264,141.01,42,4.5,25.8,0.5,1.9,52,
2019/05/04 11:41:00,38.295,141.887,46,4.5,83.8,1.2,2.6,101,
2019/05/05 01:40:00,43.174,146.431,52,5.3,220.0,4.2,3.8,75,
2019/05/05 04:51:00,38.735,142.317,38,4.7,22.4,0.3,1.7,70,
2019/05/10 07:43:00,31.782,131.994,25,5.6,29.2,2.2,3.2,119,
2019/05/10 08:48:00,31.797,131.975,25,6.3,207.5,17.5,4.8,271,
2019/05/10 09:07:00,31.764,131.95,24,4.9,15.8,0.7,2.5,79,
2019/05/10 20:40:00,31.755,131.897,27,4.7,10.7,0.6,2.1,74,
2019/05/11 08:59:00,32.687,132.295,36,5.0,121.7,5.1,3.9,138,
2019/05/13 18:59:00,37.152,141.25,21,4.7,11.9,0.4,2.0,70,
2019/05/15 14:24:00,29.739,130.687,36,5.7,9.6,0.8,2.2,25,
2019/05/18 10:18:00,38.904,141.592,78,4.6,75.2,2.1,3.5,151,
2019/05/25 15:20:00,35.354,140.293,38,5.1,155.2,9.4,4.4,183,
2019/06/01 07:58:00,35.365,140.296,35,4.7,45.8,2.8,3.4,101,
2019/06/04 13:40:00,29.051,139.665,445,6.2,3.2,0.2,1.1,48,
2019/06/05 06:09:00,37.147,141.253,21,4.5,13.7,0.4,2.1,50,
2019/06/11 02:18:00,43.425,146.666,45,4.6,24.9,0.6,2.4,37,
2019/06/11 10:21:00,38.412,141.652,59,4.5,109.2,1.4,2.9,105,
2019/06/15 13:47:00,39.032,142.749,29,4.7,15.5,0.3,1.6,61,
2019/06/17 08:00:00,36.512,140.586,77,5.1,260.6,10.6,4.7,321,
2019/06/18 22:22:00,38.604,139.481,14,6.7,653.4,28.6,5.3,482,
2019/06/24 09:11:00,34.925,139.966,61,5.2,108.8,3.6,3.8,270,
2019/06/26 13:17:00,43.829,147.044,99,4.5,12.2,0.3,1.4,21,
2019/06/30 15:53:00,43.271,142.407,166,4.5,6.5,0.2,1.4,50,
2019/07/01 09:37:00,41.145,142.286,51,5.2,29.8,1.0,2.7,137,
2019/07/09 20:33:00,47.071,145.284,489,5.6,3.8,0.3,1.5,59,
2019/07/12 06:21:00,23.899,122.898,29,5.5,3.1,0.2,0.9,2,
2019/07/13 09:58:00,29.231,128.18,256,6.0,15.5,1.4,2.7,99,
2019/07/17 18:00:00,38.962,141.617,78,4.7,69.2,2.0,3.4,155,
2019/07/23 05:47:00,25.156,124.317,111,5.0,19.5,0.4,1.7,5,
2019/07/25 07:14:00,35.144,140.571,58,5.1,46.9,2.1,3.2,156,
2019/07/28 03:31:00,33.157,137.4,393,6.6,44.4,3.6,3.3,494,
2019/07/30 05:38:00,32.908,140.78,59,5.9,48.2,2.3,3.2,201,
2019/08/04 19:23:00,37.704,141.635,45,6.4,246.5,15.1,4.6,597,
2019/08/08 06:28:00,24.369,121.869,38,6.4,1.9,0.3,0.9,2,
2019/08/15 14:33:00,40.789,141.342,93,5.5,185.7,9.5,4.4,240,
2019/08/15 15:06:00,40.789,141.327,91,4.5,63.4,2.5,3.3,120,
2019/08/20 17:20:00,28.024,130.205,46,4.9,11.1,0.7,2.5,4,
2019/08/20 21:52:00,28.036,130.92,75,5.0,5.0,0.4,1.8,5,
2019/08/24 08:45:00,24.361,124.709,54,5.2,12.9,0.4,1.6,5,
2019/08/24 13:53:00,37.384,142.422,25,5.6,14.7,0.8,2.3,163,
2019/08/27 03:47:00,27.044,126.779,120,4.6,3.4,0.1,0.8,3,
2019/08/29 08:46:00,40.977,143.031,21,6.1,37.6,2.2,3.2,287,
2019/09/07 18:36:00,41.569,142.074,64,5.0,35.2,1.3,3.0,155,
2019/09/12 01:44:00,37.792,141.668,52,4.5,16.8,0.5,1.9,81,
2019/09/16 01:27:00,41.197,142.051,58,4.5,27.7,0.6,2.2,64,
2019/10/06 05:18:00,28.121,128.084,12,5.1,2.4,0.2,1.1,2,
2019/10/12 18:22:00,34.67,140.651,75,5.4,87.1,4.5,3.8,255,
2019/10/15 08:14:00,44.386,146.936,116,5.4,7.1,0.3,1.6,30,
2019/10/19 18:08:00,38.694,142.249,36,4.5,30.5,0.6,2.1,67,
2019/11/03 14:02:00,37.295,141.78,42,5.0,53.3,1.1,2.8,185,
2019/11/07 07:03:00,40.92,142.701,21,4.5,11.9,0.5,2.0,44,
2019/11/17 03:32:00,28.796,129.907,28,4.6,3.7,0.2,1.2,2,
2019/11/17 20:05:00,34.635,139.055,13,4.7,166.1,6.7,4.0,105,
2019/11/22 05:23:00,36.067,139.893,45,4.5,72.2,1.8,2.9,202,
2019/11/22 18:05:00,31.934,131.914,24,5.2,35.5,1.6,3.0,135,
2019/11/23 21:58:00,43.614,147.182,34,5.4,31.8,1.0,2.7,60,
2019/11/26 15:09:00,34.042,133.066,16,4.6,95.5,2.5,3.2,202,
2019/11/28 16:41:00,42.822,145.252,49,4.7,82.8,2.1,3.2,56,
2019/11/29 13:01:00,39.122,143.037,26,5.6,14.8,1.1,2.7,137,
2019/12/03 08:25:00,40.195,142.034,42,4.5,64.5,1.0,2.5,97,
2019/12/03 10:18:00,36.139,139.82,52,4.7,254.7,6.3,3.8,260,
2019/12/04 10:38:00,36.805,140.541,9,4.9,432.7,9.1,4.5,252,
2019/12/04 19:35:00,36.95,139.683,7,4.8,457.7,20.0,5.2,187,
2019/12/05 22:35:00,36.805,140.548,8,4.6,728.8,17.0,4.3,154,
2019/12/05 23:54:00,31.108,131.447,30,4.7,19.0,0.9,2.5,42,
2019/12/07 12:34:00,37.377,141.78,41,4.6,70.3,2.9,3.5,118,
2019/12/11 18:39:00,37.725,141.804,41,5.3,62.1,1.5,3.0,211,
2019/12/18 08:35:00,27.301,128.434,47,5.1,105.2,2.9,3.6,10,
2019/12/19 15:21:00,40.509,142.182,50,5.5,250.8,10.6,4.4,245,
2019/12/20 05:28:00,30.569,131.155,30,4.5,14.3,0.4,1.8,12,
2019/12/24 23:37:00,43.494,146.169,93,4.8,78.1,1.6,3.3,58,
2019/12/26 18:26:00,38.525,141.819,49,4.7,106.3,1.4,2.7,109,
2019/12/27 14:10:00,37.934,142.767,29,4.8,15.3,0.6,2.2,63,
2019/12/28 08:41:00,24.131,123.819,18,4.6,5.3,0.1,1.0,2,
2020/01/03 03:24:00,35.807,141.118,34,5.8,63.7,5.0,3.6,263,
2020/01/03 10:19:00,40.145,139.488,204,4.8,9.2,0.2,1.4,85,
2020/01/06 09:20:00,29.178,130.489,68,4.9,3.8,0.3,1.6,1,
2020/01/06 09:53:00,29.163,130.494,68,4.8,3.1,0.2,1.4,1,
2020/01/08 11:57:00,37.149,141.996,41,4.7,6.6,0.3,1.6,60,
2020/01/12 00:55:00,43.317,146.381,48,4.8,57.3,1.2,3.0,46,
2020/01/14 04:53:00,36.074,139.886,46,4.8,115.2,4.0,3.8,260,
2020/01/14 13:25:00,36.119,140.878,52,4.9,43.8,1.3,2.8,150,
2020/01/15 20:31:00,42.905,145.121,91,4.8,34.7,1.0,2.6,79,
2020/01/28 10:36:00,43.37,145.987,96,5.5,103.1,3.4,3.6,135,
2020/01/29 08:39:00,27.328,126.534,14,5.7,2.9,0.3,1.0,2,
2020/02/01 01:11:00,35.67,140.715,50,5.0,49.7,2.9,3.4,123,
2020/02/01 02:07:00,35.965,140.066,63,5.3,203.3,6.6,4.4,312,
2020/02/02 20:11:00,28.821,129.924,26,4.5,9.7,0.5,2.1,2,
2020/02/06 20:19:00,36.34,141.728,54,5.7,20.3,2.0,2.9,189,
2020/02/12 19:37:00,37.307,141.361,87,5.4,119.4,5.4,4.0,340,
2020/02/13 19:34:00,45.053,149.167,155,7.2,119.2,5.5,4.1,409,
2020/02/20 00:50:00,43.304,143.949,5,4.6,222.4,6.0,3.5,39,
2020/02/23 21:57:00,45.056,148.588,175,4.9,10.9,0.3,1.8,18,
2020/03/09 04:28:00,33.319,132.03,59,4.7,65.8,2.3,3.2,207,
2020/03/13 02:18:00,37.275,136.826,12,5.5,509.5,31.5,5.3,215,
2020/03/23 22:57:00,26.551,128.75,25,4.5,8.5,0.3,1.6,3,
2020/03/28 09:58:00,41.919,142.357,70,5.0,60.3,4.0,3.4,181,
2020/03/29 12:39:00,24.173,124.209,10,5.0,6.6,0.3,1.5,4,
2020/03/31 00:52:00,23.848,123.369,31,5.5,6.3,0.3,1.6,2,
2020/03/31 20:24:00,36.387,141.04,47,4.7,51.1,1.6,3.1,149,
2020/04/02 19:08:00,24.799,125.375,49,4.5,18.7,0.6,1.9,2,
2020/04/04 12:55:00,28.649,129.277,66,4.7,18.3,0.5,2.2,4,
2020/04/07 14:12:00,32.542,132.134,33,4.7,43.4,2.3,3.4,91,
2020/04/08 14:55:00,26.659,126.665,102,4.5,3.7,0.1,0.9,5,
2020/04/11 05:29:00,35.627,141.068,27,4.5,7.5,0.4,1.5,16,
2020/04/12 00:44:00,36.195,139.963,53,5.0,595.5,16.6,5.0,288,
2020/04/15 16:19:00,26.361,128.922,36,5.2,6.2,0.3,1.7,4,
2020/04/17 06:22:00,26.018,128.697,34,5.3,5.6,0.3,1.5,4,
2020/04/18 17:26:00,27.169,140.51,477,6.8,14.7,1.1,2.7,227,
2020/04/20 05:39:00,38.884,142.102,46,6.2,242.6,7.0,4.3,433,
2020/04/20 20:38:00,31.184,130.402,148,4.6,20.1,0.6,2.2,42,
2020/04/23 13:44:00,36.222,137.665,3,5.5,198.7,6.8,4.4,169,
2020/04/23 13:52:00,36.224,137.656,1,4.6,52.4,1.0,2.8,51,
2020/04/23 13:57:00,36.232,137.653,5,5.0,61.4,1.7,3.0,87,
2020/04/24 04:52:00,41.477,141.996,65,5.2,33.1,1.0,2.6,188,
2020/04/26 02:22:00,36.249,137.64,6,5.0,108.6,2.2,3.2,130,
2020/04/26 09:49:00,36.129,140.083,66,4.8,156.4,5.3,3.6,253,
2020/04/26 23:02:00,42.1,144.972,45,4.7,10.4,0.5,1.9,44,
2020/04/27 11:32:00,36.245,137.633,10,4.8,48.9,1.3,2.8,69,
2020/04/30 12:15:00,40.837,142.827,34,5.3,42.1,1.3,2.9,194,
2020/05/03 20:54:00,31.3,128.719,9,6.2,18.6,1.5,2.9,69,
2020/05/03 21:01:00,31.292,128.695,15,4.9,3.6,0.3,1.3,13,
2020/05/04 22:07:00,35.727,140.613,48,5.6,121.2,7.7,4.2,232,
2020/05/06 01:57:00,35.629,140.081,68,5.0,40.3,3.1,3.3,253,
2020/05/09 06:35:00,40.099,142.027,11,4.8,77.3,2.3,3.3,99,
2020/05/11 08:58:00,36.384,141.041,47,5.8,84.2,2.2,3.5,285,
2020/05/13 07:04:00,36.257,137.63,2,4.6,32.5,0.7,2.3,27,
2020/05/13 09:40:00,36.249,137.635,2,4.7,37.4,0.8,2.4,58,
2020/05/13 10:28:00,36.259,137.638,3,4.8,55.8,1.1,2.7,62,
2020/05/14 04:30:00,40.1,142.026,12,4.6,69.1,2.6,3.3,70,
2020/05/15 06:40:00,38.699,142.259,39,4.6,51.8,1.0,2.5,85,
2020/05/17 20:38:00,33.605,134.756,37,4.6,162.7,6.2,4.3,136,
2020/05/18 12:00:00,38.172,141.699,51,5.2,100.5,3.1,3.4,210,
2020/05/19 02:01:00,36.257,137.621,5,4.8,67.6,1.4,3.0,50,
2020/05/19 12:17:00,37.51,141.428,50,5.4,225.9,8.3,4.0,282,
2020/05/19 13:13:00,36.28,137.631,3,5.4,134.9,4.6,3.4,137,
2020/05/19 14:23:00,36.29,137.631,3,4.7,157.4,2.7,3.3,65,
2020/05/19 16:55:00,36.309,137.625,2,4.7,67.4,1.3,2.7,84,
2020/05/19 18:45:00,27.981,129.492,41,4.5,15.8,0.4,1.9,4,
2020/05/23 04:33:00,27.291,128.437,48,4.9,50.6,2.0,3.2,10,
2020/05/27 18:19:00,24.846,125.41,51,5.2,70.8,2.7,3.1,3,
2020/05/29 19:05:00,36.259,137.643,4,5.3,115.0,2.2,3.5,131,
2020/05/31 03:14:00,42.519,143.706,94,5.6,217.9,6.9,4.2,240,
2020/06/01 06:02:00,36.187,140.346,97,5.2,146.2,5.0,4.1,353,
2020/06/04 05:31:00,36.425,140.695,52,4.8,132.6,2.9,3.3,174,
2020/06/10 00:22:00,33.314,133.366,21,4.7,115.2,3.8,3.5,124,
2020/06/14 00:51:00,28.759,128.357,165,6.3,38.9,1.9,3.2,81,
2020/06/14 05:18:00,24.198,122.429,52,5.5,3.5,0.2,0.9,3,
2020/06/16 01:55:00,37.822,141.648,82,4.5,32.3,0.8,2.2,137,
2020/06/19 01:43:00,24.998,123.37,14,5.7,3.8,0.3,1.2,1,
2020/06/19 09:26:00,24.944,123.4,18,5.6,6.1,0.2,1.3,1,
2020/06/25 04:47:00,35.55,141.115,36,6.1,142.1,12.4,4.4,341,
2020/06/26 02:00:00,23.966,123.58,35,4.6,2.3,0.1,0.7,2,
2020/07/02 16:07:00,43.607,147.672,11,4.8,9.3,0.5,1.7,33,
2020/07/03 14:13:00,37.504,141.575,46,4.9,62.8,1.8,2.8,172,
2020/07/05 15:09:00,36.257,137.623,4,4.8,94.2,1.5,3.2,71,
2020/07/09 06:05:00,36.06,139.846,45,4.7,88.1,3.3,3.3,254,
2020/07/09 14:14:00,45.13,149.603,146,5.2,7.2,0.2,1.5,40,
2020/07/12 18:32:00,40.879,143.159,22,4.9,10.3,0.4,1.9,70,
2020/07/13 10:42:00,41.037,142.789,31,4.9,14.3,0.5,2.1,96,
2020/07/14 22:21:00,43.785,147.152,88,4.9,24.1,0.4,1.9,40,
2020/07/17 13:49:00,37.56,141.625,46,4.6,29.0,0.7,2.2,121,
2020/07/17 15:10:00,44.435,147.662,146,4.9,9.6,0.3,1.9,23,
2020/07/20 14:25:00,24.309,125.26,43,5.0,10.7,0.3,1.6,3,
2020/07/26 21:52:00,24.164,122.403,51,5.5,2.3,0.2,1.0,2,
2020/07/29 05:33:00,35.929,140.821,20,4.5,108.7,3.7,3.1,117,
2020/08/04 20:21:00,34.46,140.295,75,4.6,138.1,5.3,3.9,107,
2020/08/06 02:54:00,36.22,141.606,54,5.6,16.3,1.4,2.7,232,
2020/08/06 12:06:00,37.34,138.821,186,5.1,10.8,0.4,1.6,148,
2020/08/07 00:34:00,33.755,136.845,389,5.3,15.8,0.5,2.2,138,
2020/08/21 04:51:00,42.72,145.407,45,4.5,18.7,0.6,2.3,27,
2020/08/27 23:14:00,44.105,148.072,0,4.9,7.0,0.2,1.7,21,
2020/09/02 02:50:00,36.447,136.79,9,4.6,86.1,1.6,3.1,124,
2020/09/02 19:35:00,43.04,145.784,44,4.8,43.9,1.0,2.6,54,
2020/09/04 06:45:00,37.114,142.421,17,5.3,4.1,0.2,1.4,51,
2020/09/04 09:10:00,36.112,136.191,7,5.0,89.7,3.8,3.7,176,
2020/09/05 10:34:00,36.689,141.481,38,4.6,15.0,0.3,1.8,87,
2020/09/07 06:34:00,36.684,141.48,38,5.2,36.4,1.6,2.9,215,
2020/09/08 11:58:00,27.054,127.904,61,4.7,17.5,0.8,2.4,9,
2020/09/12 11:44:00,38.719,142.274,43,6.2,270.0,5.7,4.0,459,
2020/09/12 11:50:00,38.692,142.266,42,4.9,63.6,1.0,2.6,143,
2020/09/12 12:49:00,38.71,142.272,42,4.7,42.2,0.8,2.3,98,
2020/09/13 19:44:00,40.692,142.681,41,4.7,10.4,0.8,2.3,91,
2020/09/15 12:41:00,55.955,158.5,330,6.4,2.5,0.2,1.2,4,
2020/09/17 09:18:00,39.329,142.091,48,4.5,64.5,1.3,2.7,67,
2020/09/27 13:13:00,35.077,137.788,45,5.1,165.9,4.8,3.9,258,
2020/09/27 15:38:00,24.609,125.202,28,4.7,20.0,0.8,2.0,2,
2020/09/30 22:58:00,38.772,142.169,43,4.6,52.0,0.8,2.4,84,
2020/10/03 18:31:00,33.529,141.045,48,5.8,18.3,1.5,2.9,143,
2020/10/03 21:26:00,29.831,130.739,32,5.1,10.9,0.3,1.6,7,
2020/10/05 11:32:00,36.339,140.658,87,4.5,61.9,1.3,3.0,160,
2020/10/06 15:27:00,39.382,141.917,94,4.7,66.4,1.7,3.4,137,
2020/10/22 16:14:00,23.954,123.585,30,4.6,7.8,0.2,1.3,2,
2020/11/06 17:56:00,40.929,143.251,17,5.7,43.0,2.0,3.2,199,
2020/11/07 01:14:00,40.954,143.224,18,4.6,9.5,0.4,1.9,35,
2020/11/07 02:16:00,40.954,143.242,18,5.3,19.3,0.6,2.3,132,
2020/11/15 07:57:00,26.708,126.645,104,4.5,5.1,0.2,1.2,5,
2020/11/21 03:01:00,40.129,142.489,38,4.5,12.2,0.5,1.8,71,
2020/11/22 19:06:00,36.587,141.103,45,5.7,291.0,11.5,4.5,426,
2020/12/01 07:55:00,48.095,141.184,619,6.7,10.2,1.4,2.5,203,
2020/12/10 22:19:00,24.698,121.969,86,6.3,6.2,0.3,1.5,3,
2020/12/11 18:48:00,24.264,125.247,41,5.2,16.9,0.5,1.7,5,
2020/12/12 16:19:00,40.09,142.112,48,5.6,352.1,10.2,4.8,276,
2020/12/16 00:35:00,39.229,143.936,53,4.8,16.5,0.4,2.1,77,
2020/12/16 10:28:00,42.687,144.204,66,5.0,180.5,8.8,4.2,124,
2020/12/17 16:42:00,36.054,139.94,45,4.6,186.6,5.4,3.9,192,
2020/12/18 18:09:00,34.484,139.306,11,5.0,116.8,4.3,3.9,63,
2020/12/18 20:36:00,34.499,139.31,8,4.6,52.4,1.9,3.1,14,
2020/12/20 18:35:00,38.697,142.264,42,4.6,26.1,0.8,2.4,82,
2020/12/21 02:23:00,40.779,142.696,43,6.5,218.1,11.3,4.6,522,
2020/12/30 09:35:00,36.447,140.62,56,5.2,252.0,7.0,4.2,304,
2021/01/01 01:53:00,34.477,139.306,12,4.7,87.8,4.6,3.9,42,
2021/01/03 14:24:00,25.959,128.627,32,5.2,3.7,0.3,1.5,4,
2021/01/09 14:36:00,37.844,142.537,42,4.7,7.9,0.2,1.5,37,
2021/01/12 11:39:00,43.635,139.989,235,6.0,13.3,0.6,2.1,241,
2021/01/15 17:40:00,42.447,143.259,53,4.6,21.0,0.5,2.1,97,
2021/01/15 22:38:00,33.887,137.288,364,5.3,15.9,0.6,2.1,184,
2021/01/23 01:04:00,37.262,141.546,22,4.6,18.2,0.8,2.2,85,
2021/01/23 14:39:00,42.344,142.731,111,4.6,14.1,0.7,2.2,119,
2021/01/23 22:12:00,37.097,141.51,42,4.5,20.3,0.4,2.0,102,
2021/01/25 03:24:00,42.11,144.874,11,5.1,5.6,0.5,1.9,31,
2021/01/25 16:25:00,23.421,123.625,55,5.5,5.0,0.3,1.5,5,
2021/01/27 14:07:00,42.707,142.024,128,5.4,36.1,2.6,3.3,251,
2021/02/07 02:36:00,24.589,122.554,112,5.2,6.9,0.3,1.4,3,
2021/02/08 23:24:00,42.352,144.972,20,5.1,11.6,0.7,2.2,53,
2021/02/13 23:08:00,37.725,141.701,55,7.3,1432.4,82.1,6.4,931,
2021/02/13 23:36:00,37.604,141.601,58,4.6,61.6,1.5,2.9,119,
2021/02/13 23:51:00,37.652,141.643,56,5.2,74.6,3.2,3.7,228,
2021/02/14 03:25:00,39.082,142.411,47,5.1,110.8,2.7,3.5,145,
2021/02/14 16:31:00,37.514,141.431,50,5.2,142.9,6.8,4.1,238,
2021/02/15 21:26:00,37.515,141.493,48,5.5,47.7,3.3,3.3,215,
2021/02/17 23:06:00,37.625,141.595,56,4.6,31.6,1.1,2.6,122,
2021/02/19 10:07:00,37.675,141.553,53,4.6,39.2,1.3,2.8,135,
2021/02/20 01:16:00,40.702,142.827,34,5.0,12.5,0.4,1.8,98,
2021/02/20 22:23:00,43.267,146.757,68,5.0,29.8,0.8,2.5,41,
2021/02/26 20:31:00,41.057,142.091,65,4.5,35.7,1.3,2.9,123,
2021/02/27 02:04:00,37.755,141.718,55,4.8,43.8,0.8,2.5,122,
2021/02/28 23:30:00,30.046,131.324,27,4.8,9.3,0.5,1.9,14,
2021/03/03 06:23:00,43.882,147.471,0,5.9,22.0,0.8,2.7,88,
2021/03/09 08:30:00,38.757,141.596,76,4.9,199.0,3.6,3.5,186,
2021/03/14 02:16:00,40.13,142.412,40,4.6,21.6,0.6,2.2,83,
2021/03/15 00:26:00,34.025,135.25,4,4.6,299.8,4.1,3.5,94,
2021/03/16 04:56:00,36.15,139.821,54,4.9,196.5,2.7,3.8,259,
2021/03/17 17:29:00,37.692,141.616,57,5.2,120.9,3.1,3.7,221,
2021/03/20 09:26:00,40.124,142.412,39,4.8,26.1,0.7,2.3,103,
2021/03/20 18:09:00,38.464,141.631,59,6.9,747.7,36.5,5.8,766,
2021/03/21 06:56:00,37.662,141.671,55,4.5,21.1,0.4,1.9,74,
2021/03/27 07:02:00,26.073,125.042,152,6.2,14.7,0.8,2.1,13,
2021/03/28 09:27:00,33.649,140.421,55,5.6,43.8,1.8,3.0,200,
2021/04/01 13:30:00,41.509,142.082,55,4.7,13.6,0.3,1.8,76,
2021/04/03 21:58:00,38.9,142.076,45,4.5,77.6,1.7,3.0,121,
2021/04/10 07:07:00,29.311,129.425,22,5.3,13.8,1.2,2.6,2,
2021/04/10 15:52:00,29.313,129.307,19,4.5,3.0,0.2,1.3,1,
2021/04/10 16:36:00,29.304,129.275,21,5.1,1.5,0.1,0.7,1,
2021/04/11 05:40:00,29.321,129.39,20,4.6,1.9,0.1,0.8,1,
2021/04/12 23:01:00,29.296,129.347,14,5.3,3.3,0.3,1.4,1,
2021/04/18 09:29:00,38.314,141.867,48,5.8,185.9,4.5,3.7,368,
2021/04/19 13:06:00,38.039,141.421,65,4.7,44.4,1.2,2.7,139,
2021/04/21 02:39:00,36.307,138.615,165,4.6,7.7,0.5,1.9,102,
2021/05/01 10:27:00,38.17,141.744,51,6.8,560.1,23.3,5.4,721,
2021/05/03 14:07:00,25.611,123.855,192,5.7,11.8,1.0,2.4,10,
2021/05/05 03:10:00,37.19,141.673,36,5.1,35.0,1.4,2.8,175,
2021/05/05 04:33:00,43.28,146.501,59,4.5,30.9,0.7,2.2,24,
2021/05/14 08:58:00,37.695,141.765,46,6.3,120.4,5.7,3.8,493,
2021/05/14 20:46:00,42.487,142.597,20,4.6,42.9,1.6,3.0,74,
2021/05/16 12:24:00,42.097,144.477,8,6.1,89.3,4.3,3.8,198,
2021/05/16 15:41:00,37.595,141.561,53,4.5,32.2,0.9,2.3,127,
2021/05/24 23:41:00,25.631,126.972,57,4.6,2.8,0.1,0.9,2,
2021/05/27 06:04:00,40.454,143.217,32,4.8,6.7,0.3,1.6,74,
2021/05/29 08:21:00,36.347,141.865,24,5.3,10.8,0.7,2.1,123,
2021/05/29 09:04:00,36.357,141.856,28,5.0,9.2,0.4,1.8,92,
2021/05/29 10:02:00,36.339,141.836,32,5.7,14.6,0.9,2.3,205,
2021/05/29 19:10:00,42.042,142.656,63,4.9,50.6,1.9,3.2,104,
2021/06/01 13:43:00,40.127,142.459,39,4.7,12.2,0.5,1.9,76,
2021/06/07 03:11:00,34.57,140.23,93,5.1,72.6,3.0,3.5,120,
2021/06/08 10:19:00,37.805,141.63,75,4.9,31.7,1.2,2.9,196,
2021/06/09 07:34:00,39.86,142.282,33,4.9,120.1,1.7,3.2,118,
2021/06/09 22:06:00,40.087,142.432,38,5.0,31.3,1.0,2.8,135,
2021/06/10 18:56:00,40.99,142.419,47,4.6,37.0,1.2,2.8,91,
2021/06/19 07:39:00,33.457,132.516,42,4.7,124.6,2.3,3.2,216,
2021/06/20 20:08:00,43.475,142.687,158,5.4,20.0,0.9,2.2,190,
2021/06/29 14:55:00,31.724,131.822,41,4.7,26.9,1.5,3.0,71,
2021/06/30 22:18:00,39.529,140.468,130,4.5,7.2,0.3,1.5,50,
2021/07/06 18:34:00,28.134,128.085,7,4.7,1.4,0.1,0.7,1,
2021/07/11 11:34:00,28.126,128.1,10,4.7,2.1,0.1,0.5,1,
2021/07/13 09:30:00,45.587,151.508,30,6.2,3.2,0.3,1.3,25,
2021/07/16 13:20:00,33.267,139.483,16,5.4,46.7,2.3,3.3,7,
2021/07/16 20:50:00,33.239,139.463,10,4.5,5.7,0.3,1.5,1,
2021/07/17 20:50:00,33.635,131.857,76,5.1,151.0,7.6,4.3,315,
2021/07/18 18:50:00,37.034,139.28,4,4.7,117.9,1.6,3.3,118,
2021/07/18 19:11:00,37.05,139.28,4,4.6,109.4,1.4,2.9,69,
2021/07/26 11:16:00,41.475,142.141,52,5.2,88.3,4.6,4.0,192,
2021/07/27 05:19:00,37.335,141.345,81,4.5,55.3,2.6,2.9,143,
2021/07/28 00:55:00,35.969,140.985,10,4.6,47.5,1.2,3.0,97,
2021/07/31 13:09:00,33.794,134.635,45,4.5,75.6,2.6,3.0,183,
2021/07/31 14:26:00,43.295,141.774,176,5.1,14.3,0.5,1.9,103,
2021/08/03 13:38:00,42.813,140.987,145,4.5,4.8,0.3,1.5,18,
2021/08/03 19:29:00,36.197,141.808,17,5.1,13.0,0.6,2.2,109,
2021/08/03 22:20:00,37.339,142.071,40,4.6,6.5,0.2,1.5,34,
2021/08/04 05:33:00,36.202,141.808,18,6.0,32.3,2.2,3.0,289,
2021/08/04 05:43:00,36.19,141.911,6,5.4,13.6,0.8,2.2,138,
2021/08/04 11:56:00,36.255,141.843,18,5.1,8.6,0.4,1.6,93,
2021/08/04 13:40:00,36.16,141.75,21,5.7,14.3,0.7,2.1,119,
2021/08/05 06:50:00,24.729,122.348,55,6.3,1.4,0.2,0.7,1,
2021/08/13 14:36:00,36.934,141.406,11,4.6,13.8,0.5,1.8,59,
2021/08/16 05:03:00,35.447,136.336,13,4.6,259.1,6.4,3.5,236,
2021/08/22 11:24:00,37.604,141.64,60,5.1,122.5,7.4,4.1,213,
2021/08/25 04:38:00,27.451,129.324,31,4.9,9.1,0.3,1.5,3,
2021/08/27 05:46:00,36.41,141.095,41,4.5,41.5,0.9,2.6,122,
2021/08/27 05:49:00,36.415,141.098,40,5.1,73.6,1.6,2.9,196,
2021/09/02 04:17:00,37.699,141.62,59,4.6,52.5,1.6,2.9,123,
2021/09/14 07:46:00,32.456,137.998,385,6.0,18.2,1.1,2.5,237,
2021/09/16 18:42:00,37.502,137.303,13,5.1,327.1,13.2,4.7,144,
2021/09/19 17:18:00,36.342,137.626,0,5.3,104.6,3.1,3.3,135,
2021/09/19 17:19:00,36.337,137.621,1,4.9,20.2,0.5,1.8,34,
2021/09/19 19:04:00,36.284,137.635,4,4.7,106.1,1.3,2.8,57,
2021/09/27 20:26:00,36.644,141.108,50,4.8,85.8,1.6,3.1,153,
2021/09/29 17:37:00,38.794,135.653,394,6.1,33.3,1.9,3.2,409,
2021/09/30 17:45:00,38.427,141.964,61,4.5,91.1,1.5,2.9,129,
2021/10/06 02:30:00,25.719,124.992,24,5.5,8.6,0.6,1.9,2,
2021/10/06 02:46:00,40.004,142.257,56,5.9,419.8,12.1,4.9,367,
2021/10/06 03:03:00,25.698,124.98,29,5.4,7.8,0.4,1.7,2,
2021/10/06 17:13:00,31.241,131.482,43,5.4,119.8,8.4,4.4,107,
2021/10/07 22:41:00,35.587,140.106,75,5.9,179.9,21.0,4.8,495,
2021/10/09 11:47:00,42.377,141.942,97,4.5,33.1,0.9,2.3,109,
2021/10/09 14:32:00,39.984,142.249,54,4.7,75.9,1.1,2.9,104,
2021/10/10 23:16:00,42.352,143.114,51,4.7,56.5,1.2,3.0,123,
2021/10/18 00:49:00,40.939,142.221,61,4.6,38.4,1.2,3.0,105,
2021/10/19 21:36:00,41.539,142.909,38,5.4,35.5,2.0,3.0,204,
2021/10/21 17:37:00,32.176,138.453,356,5.6,20.6,0.7,2.5,250,
2021/10/24 14:11:00,24.473,121.728,73,6.3,4.3,0.6,1.7,3,
2021/10/27 01:28:00,37.24,142.175,23,5.0,28.0,1.5,2.7,140,
2021/10/28 09:55:00,36.06,139.911,45,4.5,146.3,4.9,3.8,199,
2021/11/01 05:35:00,33.272,135.671,20,5.0,17.8,0.7,2.2,87,
2021/11/01 06:14:00,36.457,140.615,57,5.3,147.0,6.7,4.1,355,
2021/11/03 11:36:00,37.06,141.2,49,4.8,94.8,2.3,3.1,157,
2021/11/09 01:14:00,37.059,140.586,6,4.9,198.0,10.9,4.3,200,
2021/11/11 00:45:00,23.728,126.369,115,6.5,18.3,1.2,2.6,12,
2021/11/13 13:45:00,31.188,130.465,149,4.7,17.8,0.3,1.8,106,
2021/11/20 08:57:00,35.73,139.536,99,4.6,49.1,2.0,3.1,266,
2021/11/23 18:48:00,38.902,142.274,47,4.7,108.3,3.0,3.4,104,
2021/11/24 17:06:00,39.329,142.097,48,4.7,99.3,2.6,3.2,113,
2021/11/29 21:40:00,31.288,142.38,90,6.4,6.9,0.6,1.9,201,
2021/12/02 01:58:00,36.214,139.993,65,5.1,179.6,6.2,4.3,281,
2021/12/02 17:25:00,37.665,141.713,53,4.7,31.2,1.6,2.6,102,
2021/12/03 06:37:00,35.55,138.993,19,4.8,320.4,9.8,4.5,293,
2021/12/03 09:28:00,33.797,135.15,18,5.4,494.1,8.5,4.4,346,
2021/12/08 02:29:00,37.162,141.211,17,5.2,49.4,1.6,3.1,205,
2021/12/08 16:22:00,37.72,141.575,53,5.0,69.9,2.0,3.0,201,
2021/12/09 11:05:00,29.338,129.452,14,6.1,17.2,1.4,2.9,6,
2021/12/12 06:34:00,43.259,146.326,46,4.5,18.8,0.5,2.2,20,
2021/12/12 12:31:00,36.13,139.855,50,5.0,214.9,6.7,3.7,307,
2021/12/21 01:05:00,42.382,142.661,39,4.8,42.7,1.7,3.0,174,
2021/12/21 11:53:00,43.727,146.054,96,5.0,35.2,1.0,2.6,49,
2021/12/26 17:26:00,25.134,125.634,39,6.1,58.7,1.6,3.1,9,
2022/01/03 18:46:00,23.939,122.218,27,6.3,2.6,0.4,1.5,2,
2022/01/13 15:26:00,31.083,131.492,30,4.6,23.0,1.0,2.6,31,
2022/01/22 01:08:00,32.712,132.074,45,6.6,427.8,54.2,5.8,488,
2022/01/22 01:21:00,32.705,132.06,38,4.5,60.3,1.5,3.1,55,
2022/01/22 05:31:00,32.714,132.06,38,4.7,71.3,2.2,3.3,97,
2022/01/29 06:00:00,39.077,142.406,47,4.7,57.2,1.6,2.7,89,
2022/02/09 01:36:00,26.818,126.284,28,5.6,10.7,0.4,1.9,2,
2022/02/09 07:41:00,26.778,126.364,19,5.4,4.4,0.2,1.1,1,
2022/02/12 01:43:00,23.924,122.293,17,5.8,2.5,0.3,1.2,2,
2022/02/13 15:50:00,42.374,144.069,61,4.6,150.6,3.7,3.5,90,
2022/02/17 18:17:00,42.039,142.541,57,5.0,27.2,1.0,2.7,194,
2022/02/18 11:55:00,38.17,141.717,52,5.3,214.8,3.7,3.4,197,
2022/02/21 07:11:00,34.072,137.348,356,5.0,9.2,0.3,1.6,86,
2022/02/21 11:24:00,28.764,130.047,36,4.7,4.0,0.2,1.5,1,
2022/02/22 05:52:00,26.846,126.34,17,5.8,6.4,0.5,1.6,2,
2022/02/24 04:53:00,26.853,126.384,29,4.9,2.6,0.2,1.1,3,
2022/02/25 17:50:00,26.806,126.369,29,5.4,5.0,0.3,1.3,1,
2022/02/26 08:32:00,37.509,141.403,49,4.5,45.2,1.0,2.2,103,
2022/02/26 14:49:00,39.262,142.456,41,4.8,53.5,1.0,2.6,87,
2022/03/06 10:13:00,27.994,130.25,35,5.1,8.3,0.6,2.3,4,
2022/03/08 01:58:00,37.52,137.24,14,4.8,193.5,10.5,4.3,119,
2022/03/16 23:34:00,37.677,141.608,57,6.1,253.8,9.2,4.3,361,
2022/03/16 23:36:00,37.694,141.625,57,7.4,1232.7,75.4,6.2,960,
2022/03/16 23:43:00,37.852,141.726,63,4.7,25.0,0.9,2.3,114,
2022/03/16 23:45:00,37.822,141.716,60,4.8,37.6,1.1,2.6,145,
2022/03/17 00:52:00,37.79,141.716,57,5.5,171.5,5.5,3.9,290,
2022/03/17 02:28:00,37.81,141.762,66,4.5,30.3,0.5,2.1,107,
2022/03/17 14:06:00,25.814,123.86,179,5.3,14.6,0.4,1.8,5,
2022/03/17 19:43:00,37.767,141.716,57,4.7,53.2,1.6,2.8,142,
2022/03/17 20:33:00,26.834,126.295,19,5.9,6.5,0.5,1.7,3,
2022/03/17 21:30:00,37.969,141.794,61,4.6,36.5,0.9,2.6,128,
2022/03/17 21:52:00,26.836,126.429,24,4.9,3.3,0.3,1.1,1,
2022/03/18 23:25:00,39.987,142.007,18,5.6,327.6,14.8,4.7,176,
2022/03/19 00:58:00,37.732,141.716,58,5.0,71.3,2.3,3.5,188,
2022/03/19 04:04:00,25.563,123.957,171,5.9,20.0,0.6,2.2,6,
2022/03/23 02:41:00,23.394,121.493,44,6.6,4.0,0.3,1.4,3,
2022/03/23 13:09:00,37.78,141.615,55,4.5,44.8,1.5,2.8,137,
2022/03/24 03:11:00,26.823,126.52,7,5.2,4.7,0.3,1.4,1,
2022/03/24 07:53:00,26.803,126.317,17,5.3,5.3,0.4,1.5,1,
2022/03/25 12:08:00,37.532,141.376,52,5.2,64.4,2.1,3.5,260,
2022/03/26 00:20:00,37.524,141.413,51,4.7,24.1,0.6,2.2,108,
2022/03/27 00:38:00,26.793,126.379,27,5.6,6.8,0.3,1.6,1,
2022/03/27 08:15:00,42.315,143.064,53,5.1,41.3,1.9,3.3,174,
2022/03/27 22:54:00,37.815,141.601,54,4.7,33.5,1.2,2.6,153,
2022/03/29 01:36:00,37.755,141.595,55,4.5,50.6,2.3,2.9,154,
2022/03/30 00:18:00,40.0,141.977,17,4.9,314.2,5.2,4.0,124,
2022/03/30 02:36:00,26.798,126.462,19,5.5,7.8,0.5,1.7,1,
2022/03/30 03:01:00,26.836,126.295,12,4.9,2.9,0.2,1.0,1,
2022/03/31 20:52:00,35.619,140.035,73,4.7,79.1,3.1,3.7,219,
2022/04/02 20:16:00,31.563,131.852,22,4.6,9.4,0.6,2.0,42,
2022/04/03 18:00:00,26.804,126.535,22,4.7,2.5,0.1,0.8,1,
2022/04/04 19:29:00,37.34,141.578,44,5.4,59.4,1.8,3.1,263,
2022/04/04 22:30:00,35.745,139.975,62,4.6,50.6,3.3,3.5,260,
2022/04/06 00:04:00,37.797,141.585,53,5.2,91.3,3.2,3.5,220,
2022/04/07 09:30:00,34.892,137.501,11,4.7,254.2,7.6,4.0,186,
2022/04/07 14:12:00,26.766,126.324,28,4.6,2.8,0.2,0.8,1,
2022/04/10 17:30:00,37.3,141.82,39,4.8,55.5,0.9,2.5,125,
2022/04/10 18:43:00,36.252,141.443,30,5.0,11.6,0.4,2.0,108,
2022/04/13 10:22:00,26.854,126.444,16,5.6,7.4,0.5,1.8,2,
2022/04/19 08:16:00,36.874,140.35,93,5.4,243.4,6.2,4.3,374,
2022/04/24 17:16:00,41.749,143.801,25,5.4,29.9,1.9,3.0,96,
2022/04/24 19:23:00,23.458,123.185,51,5.5,2.6,0.1,0.8,2,
2022/04/28 10:23:00,43.025,142.372,147,4.8,7.7,0.4,1.7,71,
2022/04/28 19:03:00,41.192,142.334,53,4.7,37.2,1.2,2.9,77,
2022/05/02 16:08:00,31.588,131.819,22,5.0,52.2,2.8,3.4,75,
2022/05/03 19:40:00,35.659,139.485,130,4.6,57.7,1.5,3.0,262,
2022/05/04 12:54:00,24.794,125.39,50,4.5,16.0,0.5,1.7,2,
2022/05/05 18:42:00,36.137,139.846,52,4.8,255.9,8.2,4.7,276,
2022/05/06 22:21:00,26.884,126.499,8,5.5,5.5,0.3,1.4,4,
2022/05/07 20:53:00,26.914,126.417,13,5.7,6.4,0.5,1.6,4,
2022/05/09 15:23:00,23.938,122.496,19,6.6,9.0,1.1,2.3,3,
2022/05/09 17:33:00,34.56,136.98,341,5.2,13.9,0.6,2.3,157,
2022/05/13 05:10:00,37.249,141.533,43,4.5,17.6,0.4,1.8,74,
2022/05/14 00:47:00,40.09,142.749,34,4.7,13.4,0.5,2.1,90,
2022/05/14 19:48:00,34.67,140.545,82,4.6,23.8,0.8,2.4,76,
2022/05/18 06:17:00,40.984,143.167,21,5.3,11.6,0.5,2.0,119,
2022/05/22 12:24:00,36.77,141.406,5,6.0,189.4,21.8,4.9,297,
2022/05/22 21:22:00,42.164,142.972,43,4.7,59.5,1.7,2.9,91,
2022/05/23 11:01:00,41.22,143.101,24,5.6,21.7,1.0,2.6,188,
2022/05/27 17:59:00,37.8,141.623,55,4.7,57.8,2.7,3.2,158,
2022/05/29 15:55:00,36.244,140.978,44,5.3,209.7,6.8,4.1,260,
2022/06/03 16:03:00,26.831,126.362,16,5.9,7.5,0.5,1.6,5,
2022/06/07 10:57:00,25.631,123.43,204,5.2,9.6,0.2,1.5,5,
2022/06/10 11:14:00,41.829,142.206,67,4.9,26.1,1.5,3.0,159,
2022/06/12 21:46:00,37.634,141.591,54,5.1,69.1,2.0,3.2,198,
2022/06/13 20:18:00,24.138,123.79,19,4.6,26.7,0.9,2.0,3,
2022/06/17 00:51:00,33.909,134.591,45,4.9,131.2,3.0,3.5,261,
2022/06/17 23:35:00,37.58,141.573,58,4.7,67.3,2.0,3.0,150,
2022/06/19 15:08:00,37.512,137.278,13,5.4,605.9,54.3,5.5,149,
2022/06/19 18:55:00,26.804,126.355,19,5.8,5.9,0.4,1.6,4,
2022/06/19 19:07:00,26.816,126.354,25,5.2,3.3,0.2,1.2,1,
2022/06/20 10:31:00,37.519,137.325,14,5.0,649.3,26.9,5.0,118,
2022/06/21 23:53:00,26.743,126.324,33,4.8,3.6,0.2,1.0,1,
2022/06/24 07:32:00,24.053,122.479,27,5.6,3.3,0.3,1.4,1,
2022/06/26 21:44:00,32.537,130.687,9,4.7,194.4,9.3,4.7,158,
2022/06/28 05:03:00,38.464,142.131,42,4.9,44.5,0.6,2.2,117,
2022/07/02 11:00:00,45.816,142.231,324,5.9,17.7,1.2,2.6,263,
2022/07/05 09:51:00,34.269,139.895,89,4.6,34.4,0.8,2.2,52,
2022/07/05 17:52:00,42.327,142.996,53,4.9,30.4,1.1,2.7,110,
2022/07/06 05:10:00,38.409,141.957,63,5.4,396.6,7.9,4.6,285,
2022/07/06 13:02:00,41.489,142.019,58,4.6,10.5,0.2,1.5,50,
2022/07/06 22:02:00,26.783,126.359,23,5.1,3.3,0.1,0.9,1,
2022/07/08 09:00:00,26.831,126.262,17,5.1,4.5,0.2,1.1,1,
2022/07/09 10:12:00,37.152,141.325,11,4.6,18.0,0.5,2.1,88,
2022/07/21 08:50:00,37.562,141.946,41,4.6,18.6,0.6,2.3,90,
2022/07/21 18:44:00,37.504,141.545,47,4.8,23.1,0.6,2.2,132,
2022/07/22 12:02:00,40.547,141.421,86,5.3,68.7,3.2,3.4,200,
2022/07/25 23:41:00,26.789,126.399,30,5.1,2.1,0.1,0.7,1,
2022/07/25 23:44:00,26.804,126.384,27,4.6,2.1,0.1,0.7,1,
2022/08/03 08:47:00,37.312,141.193,33,4.6,71.4,1.4,3.0,146,
2022/08/04 09:48:00,37.609,141.621,57,5.6,124.9,8.1,4.2,312,
2022/08/06 21:23:00,36.247,141.12,30,5.0,46.3,1.6,3.2,125,
2022/08/07 22:41:00,43.727,147.737,0,6.0,48.8,1.7,3.1,222,
2022/08/11 00:35:00,44.851,142.117,2,5.2,266.6,16.8,4.8,68,
2022/08/11 00:53:00,44.846,142.116,5,5.4,416.6,22.7,5.1,75,
2022/08/11 02:14:00,44.865,142.124,6,4.6,159.0,7.2,4.3,40,
2022/08/12 21:11:00,35.559,140.92,36,4.6,10.1,0.5,1.7,42,
2022/08/14 04:25:00,46.581,144.804,414,5.5,4.5,0.1,1.0,38,
2022/08/14 06:57:00,35.539,140.99,32,4.5,6.4,0.4,1.5,10,
2022/08/18 13:06:00,35.6,141.026,20,5.0,21.8,1.6,2.6,90,
2022/08/18 14:46:00,37.599,141.588,56,5.2,90.6,4.0,3.5,263,
2022/08/26 08:48:00,32.037,129.99,12,4.5,73.6,3.1,3.3,73,
2022/09/01 20:21:00,31.254,131.922,25,4.6,5.0,0.3,1.6,21,
2022/09/04 15:46:00,37.837,141.751,64,4.8,31.5,0.7,2.3,129,
2022/09/09 18:55:00,36.815,140.59,7,4.5,244.3,5.8,3.8,125,
2022/09/12 13:39:00,42.049,144.876,16,4.9,9.1,0.6,2.1,39,
2022/09/13 09:52:00,41.572,142.107,54,5.1,29.0,1.1,2.7,160,
2022/09/18 11:09:00,35.862,140.643,51,4.7,19.0,1.1,2.5,90,
2022/09/18 17:09:00,26.339,125.922,8,6.0,4.4,0.5,1.8,2,
2022/09/18 19:05:00,26.331,125.967,24,5.7,4.8,0.6,1.7,1,
2022/09/22 07:24:00,35.275,141.22,13,5.3,7.4,1.4,2.5,77,
2022/09/23 09:54:00,36.072,140.205,83,4.7,29.7,1.5,2.9,262,
2022/09/27 01:05:00,40.519,142.924,25,5.0,25.3,1.2,2.6,109,
2022/10/02 00:02:00,31.308,131.524,29,5.9,109.8,10.6,4.4,225,
2022/10/06 04:04:00,38.705,141.979,57,4.5,111.5,1.5,2.9,125,
2022/10/07 01:36:00,27.668,126.912,153,5.1,6.4,0.2,1.3,9,
2022/10/07 03:14:00,37.107,141.153,26,4.5,75.2,2.2,3.0,102,
2022/10/07 05:09:00,33.587,139.381,25,4.7,4.0,0.2,0.9,6,
2022/10/10 09:03:00,42.142,144.102,42,4.8,55.8,1.8,3.2,64,
2022/10/10 09:26:00,38.769,142.289,42,4.8,33.9,0.6,2.2,112,
2022/10/11 04:24:00,23.923,122.243,24,5.9,2.5,0.2,1.2,2,
2022/10/11 20:28:00,37.627,141.59,53,4.6,23.9,0.7,2.4,107,
2022/10/19 14:54:00,39.607,143.541,12,5.3,4.4,0.3,1.5,52,
2022/10/21 15:19:00,37.395,141.308,29,5.0,139.3,3.8,3.5,195,
2022/10/26 07:49:00,30.149,131.374,38,4.5,3.2,0.2,1.0,5,
2022/10/26 16:06:00,41.987,144.891,11,5.2,3.6,0.4,1.6,34,
2022/10/29 05:56:00,37.322,141.8,50,4.5,59.6,2.1,3.2,83,
2022/11/03 19:04:00,35.657,140.191,68,4.9,43.9,3.3,3.5,242,
2022/11/03 20:16:00,35.66,140.198,71,4.5,13.3,0.6,2.0,115,
2022/11/06 13:23:00,43.244,146.869,52,5.4,24.3,0.8,2.8,46,
2022/11/09 17:40:00,36.182,140.03,51,4.9,296.8,6.5,4.3,269,
2022/11/14 17:09:00,33.837,137.426,362,6.4,65.2,3.4,3.6,468,
2022/11/17 09:28:00,40.727,142.424,64,5.0,62.2,1.6,3.3,172,
2022/11/20 18:17:00,42.914,144.722,57,4.8,112.4,2.6,3.4,87,
2022/11/30 12:46:00,37.279,141.658,42,5.1,17.4,0.6,2.4,140,
2022/12/06 00:20:00,41.049,142.389,48,4.6,10.7,0.2,1.5,55,
2022/12/11 18:46:00,37.207,141.521,23,4.8,34.6,1.0,2.8,149,
2022/12/13 23:25:00,27.596,129.415,37,6.0,17.8,1.2,2.7,6,
2022/12/18 03:06:00,31.785,131.635,34,5.4,77.4,5.1,3.9,126,
2022/12/18 16:01:00,26.796,126.615,108,4.9,4.9,0.1,1.1,6,
2022/12/18 23:19:00,30.371,131.255,31,4.8,20.5,0.9,2.3,19,
2022/12/28 03:51:00,37.757,141.8,55,4.6,21.8,0.4,2.0,86,
2022/12/29 09:36:00,29.244,130.597,70,4.8,2.0,0.1,1.0,1,
2023/01/03 16:08:00,40.144,142.619,37,5.1,28.7,0.7,2.6,121,
2023/01/06 13:44:00,37.502,137.276,13,4.5,330.8,11.4,4.5,87,
2023/01/07 23:42:00,37.39,141.635,44,4.5,12.4,0.3,1.7,80,
2023/01/08 10:16:00,37.034,141.398,40,4.6,81.8,2.2,3.3,165,
2023/01/12 01:19:00,35.42,141.033,26,4.7,6.7,0.6,1.8,40,
2023/01/15 20:37:00,25.109,125.849,30,5.3,10.1,0.4,1.7,2,
2023/01/16 01:25:00,41.099,142.439,46,4.5,38.5,1.2,2.9,100,
2023/01/16 13:50:00,28.976,139.736,422,5.9,7.0,0.5,1.9,58,
2023/01/17 16:37:00,43.966,142.352,0,4.5,136.2,3.8,3.9,32,
2023/01/18 13:33:00,24.848,124.997,14,4.6,21.9,0.5,1.9,2,
2023/01/20 14:48:00,38.879,142.097,46,5.0,174.8,2.1,3.0,133,
2023/01/25 10:01:00,37.587,141.583,55,5.1,128.3,3.5,3.6,202,
2023/01/29 21:20:00,35.347,139.246,144,4.9,38.0,1.5,2.7,238,
2023/02/13 10:02:00,37.709,141.54,54,4.8,72.3,1.5,3.0,147,
2023/02/14 03:18:00,42.48,145.071,26,4.7,9.4,0.4,1.7,29,
2023/02/17 10:46:00,26.544,128.744,24,5.3,11.5,0.4,2.1,7,
2023/02/20 03:55:00,42.777,143.199,118,4.9,56.7,2.3,3.4,185,
2023/02/25 19:25:00,27.126,126.664,29,4.9,2.4,0.2,0.9,1,
2023/02/25 22:27:00,42.752,145.079,63,6.0,287.0,13.5,4.7,381,
2023/02/28 12:55:00,35.892,140.873,40,4.5,75.2,3.1,3.0,57,
2023/03/02 15:14:00,43.37,147.092,61,4.7,8.6,0.2,1.5,18,
2023/03/02 15:47:00,33.242,139.445,14,5.0,35.4,2.1,2.9,3,
2023/03/07 07:24:00,42.342,144.596,20,5.0,34.5,1.6,2.9,97,
2023/03/11 05:12:00,42.195,142.962,49,4.8,44.0,1.8,3.1,134,
2023/03/20 10:59:00,35.505,140.943,35,4.6,24.2,1.1,2.1,26,
2023/03/22 16:37:00,40.247,143.076,20,5.7,15.1,0.6,2.2,128,
2023/03/24 16:25:00,36.415,140.308,83,4.7,170.6,5.0,4.0,254,
2023/03/26 23:33:00,38.302,141.607,59,4.5,46.5,0.7,2.2,103,
2023/03/27 00:04:00,38.304,141.619,60,5.3,140.2,4.6,3.8,256,
2023/03/28 18:18:00,41.155,142.852,28,6.2,140.0,6.0,4.2,342,
2023/04/01 00:29:00,41.152,142.869,28,4.8,20.2,0.7,2.2,65,
2023/04/01 18:41:00,38.297,138.856,28,4.9,49.2,2.0,2.9,124,
2023/04/10 03:45:00,24.318,122.959,49,5.0,14.8,0.4,1.7,3,
2023/04/17 02:25:00,37.175,141.401,46,4.8,81.3,2.5,3.3,137,
2023/04/27 16:43:00,26.119,128.624,32,5.5,5.9,0.7,2.0,5,
2023/05/01 12:22:00,26.044,128.737,18,6.4,7.5,0.9,2.3,7,
2023/05/01 16:59:00,26.048,128.675,30,5.3,4.6,0.4,1.8,6,
2023/05/05 14:42:00,37.535,137.306,12,6.5,729.1,103.6,6.1,439,
2023/05/05 14:53:00,37.522,137.225,13,5.0,149.7,6.3,4.1,62,
2023/05/05 21:25:00,39.33,142.087,48,4.5,100.8,2.1,3.4,82,
2023/05/05 21:58:00,37.522,137.238,14,5.9,625.0,35.3,5.4,273,
2023/05/06 02:47:00,41.47,142.089,56,5.7,44.0,1.7,3.2,261,
2023/05/09 05:14:00,37.517,137.313,15,4.7,410.0,16.7,4.5,114,
2023/05/10 07:14:00,37.597,137.288,12,4.9,176.5,8.2,4.2,109,
2023/05/10 21:54:00,37.649,137.291,13,5.0,75.7,3.5,3.8,52,
2023/05/11 04:16:00,35.167,140.188,40,5.2,268.5,23.6,4.9,262,
2023/05/11 18:52:00,42.37,143.011,55,5.5,86.9,2.5,3.5,229,
2023/05/11 22:33:00,24.223,125.247,33,5.9,29.8,1.6,2.7,5,
2023/05/13 16:10:00,29.923,130.017,12,5.1,9.3,0.3,1.6,7,
2023/05/14 17:12:00,33.364,139.315,17,5.6,7.2,0.8,2.2,19,
2023/05/14 17:21:00,33.345,139.281,12,5.9,10.9,1.0,2.4,24,
2023/05/14 19:11:00,33.417,139.286,19,5.9,14.6,1.2,2.3,17,
2023/05/14 23:03:00,33.332,139.316,16,5.5,5.2,0.4,1.5,6,
2023/05/15 01:22:00,33.447,139.32,24,5.2,6.4,0.3,1.5,9,
2023/05/19 06:56:00,33.235,132.224,46,4.5,41.0,1.4,2.7,142,
2023/05/21 18:39:00,43.59,146.714,39,4.7,17.8,0.4,2.1,32,
2023/05/22 07:20:00,29.743,129.454,191,5.4,12.4,0.9,2.5,51,
2023/05/22 16:42:00,34.472,139.22,11,5.3,178.8,8.2,4.3,87,
2023/05/22 19:46:00,34.462,139.246,11,5.1,189.3,6.7,4.3,39,
2023/05/26 19:03:00,35.637,140.675,50,6.2,184.8,16.1,4.6,397,
2023/05/27 22:52:00,29.939,129.972,12,4.6,11.0,0.2,1.2,2,
2023/05/30 17:49:00,37.507,137.393,4,4.6,115.4,4.9,3.8,30,
2023/06/03 19:35:00,42.002,142.574,65,5.1,43.6,1.4,3.0,189,
2023/06/04 10:58:00,35.809,140.071,70,4.6,43.8,1.9,3.0,209,
2023/06/11 18:55:00,42.555,141.919,136,6.2,176.9,8.8,4.5,473,
2023/06/16 21:24:00,35.702,140.715,49,4.9,37.5,2.0,3.1,141,
2023/06/17 09:26:00,41.13,142.847,30,5.7,32.1,1.8,3.0,215,
2023/06/17 20:35:00,47.193,147.852,457,5.8,6.7,0.4,1.9,75,
2023/06/17 20:42:00,41.382,142.692,35,5.0,20.4,0.7,2.3,120,
2023/06/19 01:58:00,31.234,131.622,28,4.7,20.8,1.6,2.9,46,
2023/06/19 13:50:00,42.487,143.024,59,5.0,63.6,2.6,3.4,128,
2023/06/22 10:24:00,26.408,127.91,39,5.2,25.7,1.8,2.7,8,
2023/06/22 19:30:00,43.08,141.964,157,4.6,24.2,0.8,2.4,55,
2023/06/24 02:39:00,45.701,143.187,338,5.8,8.6,0.4,1.7,120,
2023/06/24 09:58:00,37.282,141.813,40,5.0,22.8,0.8,2.6,110,
2023/06/28 08:39:00,42.155,134.47,518,6.3,14.8,0.8,2.5,121,
2023/06/28 12:08:00,35.689,141.42,9,4.5,13.5,0.6,1.9,34,
2023/07/01 23:38:00,35.55,140.99,36,4.9,15.1,0.7,2.0,38,
2023/07/10 04:52:00,35.657,140.421,66,4.5,10.3,0.8,2.0,120,
2023/07/13 13:43:00,40.032,142.726,34,5.0,11.9,0.7,2.2,86,
2023/07/17 09:37:00,42.784,143.361,111,4.5,51.6,2.3,3.1,77,
2023/07/22 10:52:00,36.437,140.691,52,4.8,146.3,3.5,3.6,189,
2023/07/22 21:14:00,32.612,132.229,37,5.0,65.9,3.6,3.5,115,
2023/07/26 21:37:00,36.624,132.748,37,4.5,14.6,0.4,1.8,46,
2023/07/27 20:06:00,43.99,147.621,85,5.2,11.7,0.4,2.0,42,
2023/07/29 19:34:00,36.344,139.961,77,4.6,40.1,1.4,3.0,240,
2023/08/07 03:12:00,30.763,131.48,43,5.4,23.9,1.6,2.9,63,
2023/08/07 03:32:00,30.773,131.505,37,4.7,14.4,0.8,2.4,31,
2023/08/11 09:14:00,41.122,142.916,28,6.2,65.0,6.0,4.1,353,
2023/08/11 22:20:00,38.675,142.371,58,4.7,25.4,0.6,2.0,112,
2023/08/16 02:07:00,24.831,125.394,46,4.6,43.9,1.4,2.6,2,
2023/08/19 03:33:00,42.349,143.101,51,5.1,105.1,2.7,3.3,172,
2023/08/19 23:21:00,43.59,146.112,76,4.5,74.1,2.2,3.0,38,
2023/08/23 00:03:00,40.189,141.922,15,4.7,235.2,5.4,3.9,86,
2023/08/25 07:48:00,39.484,143.342,15,6.0,30.3,3.0,3.4,181,
2023/08/26 22:29:00,33.922,131.889,74,4.6,66.6,1.4,3.0,232,
2023/08/27 09:56:00,35.512,140.901,37,4.6,4.3,0.3,1.4,22,
2023/08/28 18:08:00,37.134,142.311,11,5.0,9.1,0.4,1.9,67,
2023/08/31 06:17:00,37.744,141.73,55,4.6,31.7,0.6,2.4,88,
2023/09/05 13:27:00,35.799,140.128,72,4.6,28.7,1.0,2.7,232,
2023/09/08 18:28:00,38.897,142.104,46,5.4,171.4,3.5,3.6,199,
2023/09/09 02:28:00,29.313,129.392,15,4.9,3.3,0.2,1.3,1,
2023/09/09 03:08:00,29.313,129.34,19,5.1,1.9,0.1,0.9,1,
2023/09/11 00:02:00,29.308,129.39,18,5.3,6.3,0.5,2.0,2,
2023/09/12 01:46:00,29.318,129.35,19,4.6,1.9,0.1,0.9,1,
2023/09/12 17:57:00,28.121,130.367,35,4.8,9.3,0.7,2.4,3,
2023/09/18 22:21:00,26.474,125.222,182,6.5,21.0,1.3,2.6,16,
2023/09/19 04:33:00,38.469,141.626,57,5.6,453.7,7.1,4.4,300,
2023/09/26 08:39:00,38.302,141.171,77,4.6,67.7,1.7,3.1,166,
2023/09/27 07:21:00,37.539,141.491,55,4.9,61.8,2.9,3.3,177,
2023/09/29 02:40:00,44.375,148.897,30,6.2,10.6,0.5,2.1,68,
2023/09/29 16:58:00,36.842,140.388,109,4.6,76.0,1.6,3.1,182,
2023/10/07 23:26:00,40.13,142.394,40,4.9,25.2,1.5,2.9,113,
2023/10/09 14:09:00,44.48,146.379,175,5.5,15.2,0.4,1.7,65,
2023/10/13 18:59:00,41.059,140.247,171,5.0,13.1,0.8,2.1,104,
2023/10/14 11:29:00,41.509,142.087,54,4.7,32.3,0.6,2.3,133,
2023/10/16 19:42:00,25.166,125.584,33,6.0,69.8,2.1,3.1,7,
2023/10/16 22:30:00,25.159,125.609,32,4.5,6.2,0.2,0.9,2,
2023/10/17 05:50:00,25.146,125.607,28,4.6,6.0,0.2,0.9,2,
2023/10/24 08:05:00,23.986,122.593,33,5.9,3.6,0.4,1.6,2,
2023/10/29 11:13:00,38.967,142.492,29,4.5,60.2,0.8,2.1,78,
2023/11/01 07:34:00,33.79,135.101,46,4.9,66.6,2.1,3.1,175,
2023/11/06 02:10:00,37.825,141.631,56,5.0,50.7,1.9,3.0,174,
2023/11/10 19:10:00,45.242,150.753,130,5.9,7.4,0.5,1.9,100,
2023/11/11 05:50:00,31.324,130.805,104,5.0,150.9,5.1,4.1,126,
2023/11/20 06:01:00,41.164,142.296,52,5.9,100.1,4.1,3.8,303,
2023/11/26 10:47:00,37.849,142.531,42,4.8,10.8,0.3,1.8,61,
2023/11/26 18:39:00,26.963,126.985,104,5.0,9.0,0.4,1.8,7,
2023/12/01 12:52:00,37.952,141.756,57,4.5,31.0,0.5,2.2,106,
2023/12/09 16:03:00,34.507,140.263,64,4.6,66.2,2.4,3.2,60,
2023/12/21 20:29:00,35.23,141.151,11,4.8,4.7,0.5,1.6,27,
2023/12/21 23:04:00,35.23,141.153,3,5.4,8.9,1.9,2.9,62,
2023/12/22 01:11:00,35.235,141.14,10,4.8,7.7,0.9,2.1,39,
2023/12/22 05:45:00,35.239,141.118,9,5.1,5.9,1.3,2.4,32,
2023/12/22 10:46:00,39.974,142.362,14,4.9,36.2,2.1,3.2,65,
2023/12/27 07:54:00,41.917,142.327,70,4.6,41.2,1.8,2.9,123,
2023/12/28 18:15:00,44.599,149.158,30,6.6,9.9,1.2,2.4,104,
2023/12/28 22:16:00,40.577,142.494,43,4.5,17.8,0.5,2.1,71,
2024/01/01 16:06:00,37.507,137.248,12,5.5,538.2,44.9,5.4,149,
2024/01/01 16:10:00,37.492,137.273,16,7.6,2828.2,152.2,6.6,1050,
2024/01/01 16:17:00,37.315,136.946,12,5.1,11.7,2.4,1.9,61,
2024/01/01 16:18:00,37.195,136.821,11,6.1,757.7,53.1,5.4,296,
2024/01/01 16:28:00,37.224,137.045,2,4.5,59.3,3.4,3.5,62,
2024/01/01 16:29:00,37.509,137.096,10,4.7,194.6,8.6,4.2,33,
2024/01/01 16:32:00,37.319,136.975,13,4.7,128.0,3.0,3.3,52,
2024/01/01 16:37:00,37.262,136.873,14,4.6,79.6,2.2,3.1,48,
2024/01/01 16:39:00,37.545,137.445,13,5.2,238.0,8.3,4.1,82,
2024/01/01 16:42:00,37.444,137.193,12,5.0,207.6,9.4,4.3,68,
2024/01/01 16:45:00,37.854,137.838,14,4.7,49.3,1.3,2.9,63,
2024/01/01 16:48:00,37.249,136.846,13,4.9,179.6,5.4,3.9,91,
2024/01/01 16:56:00,37.259,136.86,14,5.8,500.8,35.1,5.4,235,
2024/01/01 17:02:00,37.615,137.355,8,5.0,213.5,7.7,3.9,52,
2024/01/01 17:07:00,37.107,136.613,0,5.3,232.2,6.6,4.3,93,
2024/01/01 17:17:00,37.464,137.161,12,4.7,159.7,7.7,4.0,38,
2024/01/01 17:22:00,37.462,137.208,12,4.9,355.6,18.6,4.7,98,
2024/01/01 17:29:00,37.629,137.54,16,4.5,119.8,2.2,2.9,64,
2024/01/01 17:48:00,37.894,137.703,18,4.8,103.6,1.9,3.0,50,
2024/01/01 18:03:00,37.589,137.41,14,5.5,264.1,16.3,4.7,166,
2024/01/01 18:06:00,37.535,137.456,13,4.7,76.1,1.9,2.9,46,
2024/01/01 18:08:00,37.575,137.385,14,5.8,538.0,37.6,5.6,241,
2024/01/01 18:30:00,37.549,137.375,12,4.9,185.4,14.0,4.4,112,
2024/01/01 18:40:00,37.104,136.65,6,4.8,348.2,14.9,4.5,69,
2024/01/01 18:45:00,37.569,137.63,18,4.5,17.6,0.8,2.3,74,
2024/01/01 19:50:00,37.509,137.276,12,4.6,175.4,9.1,4.0,48,
2024/01/01 20:34:00,37.349,136.936,10,4.5,86.3,2.3,3.0,46,
2024/01/01 20:35:00,37.15,136.76,2,4.5,121.3,3.3,3.6,35,
2024/01/01 21:20:00,37.469,137.225,11,4.5,183.9,5.1,4.0,41,
2024/01/02 02:33:00,37.634,137.428,11,4.6,43.0,2.1,3.0,63,
2024/01/02 04:27:00,37.069,136.578,9,4.7,75.2,3.9,3.6,64,
2024/01/02 04:42:00,37.254,136.68,12,4.9,114.8,6.2,3.8,101,
2024/01/02 07:13:00,37.317,136.926,11,4.5,95.6,2.9,3.4,61,
2024/01/02 09:14:00,37.432,137.213,14,4.5,165.2,7.1,4.0,73,
2024/01/02 10:17:00,37.219,136.725,10,5.6,283.4,21.1,5.1,188,
2024/01/02 15:57:00,37.195,136.7,6,4.5,197.1,8.4,4.1,52,
2024/01/02 17:13:00,37.135,136.636,6,4.6,865.4,26.1,5.4,55,
2024/01/03 02:21:00,37.479,137.306,12,4.9,678.3,28.0,5.3,105,
2024/01/03 10:54:00,37.37,136.875,13,5.6,627.8,31.4,5.1,178,
2024/01/03 12:54:00,37.644,137.61,23,5.0,139.8,4.3,4.0,124,
2024/01/03 18:48:00,37.319,136.806,12,4.8,187.0,7.9,4.0,68,
2024/01/04 00:36:00,37.457,137.13,11,4.9,184.1,8.7,4.1,90,
2024/01/04 04:38:00,37.814,137.851,18,4.9,37.8,1.2,2.7,75,
2024/01/04 17:16:00,37.709,137.528,20,5.0,47.1,2.8,3.0,90,
2024/01/06 01:59:00,37.359,136.728,12,4.6,198.3,7.0,3.7,43,
2024/01/06 05:26:00,37.214,136.835,12,5.4,572.6,32.2,5.1,196,
2024/01/07 14:38:00,37.45,137.283,14,4.6,306.5,12.1,4.6,53,
2024/01/07 15:26:00,37.209,136.721,11,4.5,194.4,6.2,3.8,64,
2024/01/07 21:38:00,37.175,136.816,12,4.7,351.1,14.9,4.6,106,
2024/01/09 17:59:00,37.907,137.766,27,6.1,175.4,6.6,4.4,311,
2024/01/12 17:29:00,37.459,137.268,13,4.5,84.2,2.7,3.5,30,
2024/01/12 21:10:00,37.164,136.753,5,4.5,81.0,1.8,2.9,30,
2024/01/13 13:47:00,24.489,124.099,49,4.7,72.7,1.0,2.4,5,
2024/01/16 18:42:00,37.182,136.755,3,4.8,135.3,10.3,4.5,74,
2024/01/24 06:33:00,42.477,145.041,25,5.1,11.4,0.4,1.9,57,
2024/01/25 13:29:00,43.152,145.794,46,4.8,68.7,1.9,3.3,51,
2024/01/28 08:59:00,35.634,140.021,73,4.7,144.6,5.8,4.1,265,
2024/02/01 08:07:00,37.34,136.78,12,4.5,81.6,2.8,3.2,50,
2024/02/05 17:30:00,30.761,131.485,42,4.7,5.3,0.3,1.6,18,
2024/02/07 06:08:00,37.729,137.586,20,5.2,96.7,3.4,3.7,159,
2024/02/09 17:42:00,34.957,139.231,172,4.9,16.2,0.5,2.1,181,
2024/02/11 12:36:00,37.43,137.18,15,4.7,203.8,6.4,4.2,90,
2024/02/14 10:32:00,37.212,136.788,11,4.5,132.6,4.4,3.8,49,
2024/02/15 12:48:00,37.877,137.76,21,4.9,26.1,1.9,3.0,100,
2024/02/15 15:29:00,37.55,137.62,16,5.0,37.0,1.6,2.9,119,
2024/02/17 20:47:00,40.09,142.447,38,4.5,14.7,0.4,2.0,81,
2024/02/24 19:17:00,39.542,143.554,13,5.2,5.1,0.3,1.7,58,
2024/02/26 15:24:00,33.639,132.473,47,5.1,140.5,6.3,3.9,264,
2024/02/27 06:40:00,37.825,141.767,54,4.7,37.0,1.0,2.2,98,
2024/02/28 22:43:00,41.984,142.547,67,4.5,16.8,0.6,2.2,99,
2024/02/29 11:13:00,35.385,140.563,29,4.6,52.4,3.6,3.2,80,
2024/02/29 12:30:00,35.337,140.56,28,4.5,18.5,1.1,2.3,36,
2024/02/29 16:27:00,35.384,140.555,29,4.6,48.7,1.5,2.6,88,
2024/02/29 18:35:00,35.392,140.556,27,4.9,33.9,2.8,3.2,110,
2024/03/01 05:43:00,35.432,140.553,31,5.3,117.0,4.3,3.5,190,
2024/03/02 01:49:00,35.312,140.35,26,5.0,119.2,4.3,3.5,127,
2024/03/03 17:32:00,41.197,142.066,56,4.8,36.8,0.8,2.4,91,
2024/03/09 14:18:00,41.927,142.349,71,4.6,55.4,2.3,3.1,117,
2024/03/13 20:24:00,37.09,141.133,51,4.7,69.0,1.9,3.2,118,
2024/03/15 00:14:00,37.069,141.166,50,5.8,342.9,11.7,4.6,444,
2024/03/15 19:32:00,28.489,130.204,40,5.6,73.3,5.8,4.1,4,
2024/03/15 19:34:00,28.536,130.1,31,4.7,1.9,0.1,0.4,1,
2024/03/15 20:04:00,28.501,130.204,35,4.9,11.2,0.7,2.3,2,
2024/03/17 06:17:00,37.152,141.45,44,5.4,91.2,3.2,3.5,311,
2024/03/19 10:15:00,41.69,143.824,21,4.6,9.2,0.3,1.6,18,
2024/03/21 09:08:00,36.045,139.89,46,5.3,269.2,10.0,4.3,335,
2024/03/23 08:31:00,35.679,136.633,14,4.6,468.9,6.4,4.1,227,
2024/04/02 04:24:00,40.13,141.716,71,6.0,411.1,15.0,4.8,392,
2024/04/03 08:58:00,23.828,121.599,23,7.7,20.0,2.0,2.9,5,
2024/04/03 09:11:00,24.093,121.679,15,6.6,1.4,0.2,0.9,1,
2024/04/04 12:16:00,37.727,141.865,44,6.3,189.6,7.2,4.4,504,
2024/04/05 05:32:00,41.937,142.451,66,5.0,31.0,1.7,3.0,171,
2024/04/05 20:03:00,19.633,145.503,250,6.8,1.7,0.3,1.1,2,
2024/04/06 09:12:00,40.865,143.402,17,5.5,10.2,1.0,2.5,116,
2024/04/08 10:25:00,31.586,131.479,39,5.1,133.2,8.0,4.4,87,
2024/04/08 13:57:00,32.13,131.912,28,4.5,33.1,0.6,2.2,53,
2024/04/12 18:00:00,28.396,129.195,41,4.9,65.0,0.9,2.7,7,
2024/04/16 07:38:00,29.453,131.74,70,5.6,7.5,0.4,1.7,40,
2024/04/17 23:14:00,33.197,132.41,39,6.6,558.3,53.1,5.9,467,
2024/04/17 23:19:00,33.217,132.401,41,5.1,155.4,5.9,4.1,171,
2024/04/24 20:40:00,36.445,140.618,55,5.1,297.2,6.6,4.0,264,
2024/04/27 17:36:00,27.899,139.801,515,6.7,21.4,1.4,2.6,145,
2024/04/28 09:25:00,40.149,138.98,23,4.6,10.4,0.3,1.5,37,
2024/04/29 01:16:00,37.315,141.321,32,4.6,59.7,1.0,2.6,118,
2024/05/11 09:47:00,41.754,144.234,17,4.9,6.1,0.4,1.8,28,
2024/05/18 09:55:00,35.922,141.043,15,4.5,43.9,1.6,3.0,99,
2024/05/19 00:46:00,37.157,141.488,42,4.5,31.9,1.0,2.4,110,
2024/05/23 20:00:00,43.079,145.566,48,4.6,104.1,2.3,3.3,32,
2024/05/26 00:55:00,36.154,140.096,66,4.7,60.4,2.6,3.1,241,
2024/05/30 02:14:00,32.306,137.79,405,5.5,11.7,0.4,2.0,141,
2024/05/31 04:46:00,32.58,130.649,13,4.7,160.3,5.3,3.8,136,
2024/06/01 04:02:00,33.212,132.357,39,4.5,146.5,5.2,3.9,160,
2024/06/03 06:31:00,37.464,137.305,14,6.0,571.8,35.5,5.4,308,
2024/06/03 06:40:00,37.46,137.35,14,5.0,151.4,5.7,4.3,89,
2024/06/06 09:03:00,35.63,140.691,50,4.6,23.6,1.6,2.7,62,
2024/06/06 11:12:00,28.003,130.257,32,4.7,3.2,0.2,1.5,1,
2024/06/11 19:33:00,40.154,138.988,23,4.8,19.7,0.5,2.1,62,
2024/06/17 15:57:00,31.494,131.834,21,4.6,28.8,1.7,3.0,54,
2024/06/20 14:37:00,40.127,142.487,38,4.7,36.8,0.9,2.7,100,
2024/06/23 12:12:00,37.059,141.2,49,4.9,168.5,4.2,3.5,218,
2024/06/25 17:31:00,33.546,141.248,44,5.5,10.2,0.5,2.1,93,
2024/06/27 18:45:00,37.512,141.406,50,4.5,47.6,1.0,2.2,106,
2024/06/28 04:27:00,27.319,128.87,30,4.9,24.4,1.0,2.6,5,
2024/06/28 10:46:00,37.587,141.886,43,4.8,12.5,0.5,1.9,72,
2024/06/28 11:30:00,27.296,128.862,30,4.8,18.6,0.7,2.4,4,
2024/07/04 12:12:00,35.205,140.466,49,5.2,117.2,8.0,4.0,199,
2024/07/06 19:21:00,33.52,140.481,57,4.8,7.3,0.3,1.5,7,
2024/07/08 05:02:00,27.036,139.283,598,6.4,3.2,0.3,1.3,41,
2024/07/11 12:01:00,37.005,137.518,16,4.7,123.3,3.5,3.2,112,
2024/07/13 08:18:00,25.096,128.154,69,5.3,4.2,0.1,0.7,6,
2024/07/18 20:07:00,33.564,140.245,100,5.7,62.8,3.0,3.3,233,
2024/07/20 20:15:00,36.737,141.553,36,5.0,21.6,1.0,2.7,134,
2024/07/21 05:46:00,38.685,141.952,57,4.6,95.9,1.2,2.7,127,
2024/07/21 13:27:00,42.702,145.526,28,5.4,51.3,1.1,2.9,63,
2024/07/22 10:07:00,36.775,140.746,89,4.8,87.1,3.1,3.5,225,
2024/07/23 08:27:00,38.214,141.807,66,4.7,110.8,3.9,3.6,133,
2024/07/25 16:26:00,38.362,141.667,60,4.5,42.6,0.8,2.5,111,
2024/07/28 19:13:00,39.474,143.602,7,5.5,5.5,0.5,2.0,78,
2024/07/30 01:25:00,32.144,131.612,48,5.1,179.1,5.4,4.1,154,
2024/07/31 01:47:00,35.679,139.58,121,4.7,95.6,3.2,3.7,241,
2024/08/04 22:19:00,42.979,145.242,72,4.7,99.9,1.9,3.4,83,
2024/08/08 16:43:00,31.733,131.724,31,7.1,403.3,35.9,5.5,347,
2024/08/08 17:35:00,31.643,131.814,19,4.6,7.7,0.4,1.7,32,
2024/08/09 04:23:00,31.809,131.65,26,5.4,38.3,2.3,3.3,130,
2024/08/09 19:57:00,35.407,139.163,13,5.3,439.4,14.2,4.8,304,
2024/08/10 12:29:00,46.795,145.009,447,6.7,17.2,0.9,2.6,248,
2024/08/11 07:42:00,31.829,131.647,32,4.5,18.7,1.4,2.7,62,
2024/08/17 00:57:00,43.934,146.587,83,4.6,6.5,0.2,1.5,24,
2024/08/17 09:33:00,38.53,141.831,49,4.6,105.6,1.4,3.1,105,
2024/08/19 00:48:00,36.72,140.628,7,4.8,206.9,5.6,3.8,124,
2024/08/19 00:50:00,36.714,140.623,8,5.1,332.8,10.1,4.4,199,
2024/08/20 08:02:00,42.914,144.142,114,4.5,69.5,1.8,3.1,69,
2024/08/20 17:24:00,43.959,147.431,95,4.8,8.7,0.3,1.8,29,
2024/08/31 22:04:00,31.92,131.909,28,4.7,25.8,1.6,3.0,73,
2024/09/07 22:42:00,32.258,137.888,399,5.3,10.6,0.4,1.9,139,
2024/09/08 07:51:00,39.855,143.161,18,4.7,10.3,0.3,1.7,56,
2024/09/08 10:41:00,37.509,141.891,55,4.6,28.8,0.6,2.2,97,
2024/09/14 08:03:00,29.763,131.029,52,5.7,19.3,1.6,2.6,74,
2024/09/16 23:13:00,31.569,131.852,22,5.3,26.8,1.7,2.9,87,
2024/09/19 05:46:00,43.222,146.106,76,4.6,37.0,1.0,2.7,41,
2024/09/20 21:22:00,33.264,132.317,41,4.7,141.8,4.2,3.8,200,
2024/09/26 16:01:00,42.774,145.116,59,5.7,233.1,8.2,4.3,241,
2024/10/11 09:15:00,24.198,124.204,13,4.9,35.1,1.5,2.7,2,
2024/10/14 19:46:00,35.552,140.088,71,4.5,48.0,1.9,3.0,204,
2024/10/18 13:38:00,40.129,142.416,40,5.4,58.8,1.5,3.1,154,
2024/10/20 08:37:00,42.884,146.589,18,4.5,7.5,0.3,1.6,10,
2024/10/25 15:31:00,43.259,146.629,66,4.5,19.0,0.4,1.9,31,
2024/10/25 20:17:00,37.065,142.045,24,4.6,4.0,0.1,1.1,35,
2024/11/01 13:18:00,29.276,130.407,64,4.6,1.3,0.1,0.7,1,
2024/11/01 23:16:00,35.899,140.855,40,4.6,59.3,2.2,2.5,82,
2024/11/16 00:40:00,36.017,141.205,13,4.5,22.2,0.6,2.1,59,
2024/11/16 02:58:00,35.83,140.901,33,4.9,25.2,1.6,2.5,71,
2024/11/16 21:22:00,41.03,141.082,8,4.6,130.4,5.5,3.6,95,
2024/11/17 21:16:00,29.059,131.352,80,5.9,14.2,0.9,2.5,70,
2024/11/20 03:36:00,34.182,138.481,253,5.0,23.6,0.8,2.6,167,
2024/11/20 15:40:00,41.032,141.064,10,5.1,192.9,5.8,4.1,126,
2024/11/20 17:09:00,37.979,141.809,60,4.8,37.2,0.7,2.3,111,
2024/11/24 08:22:00,40.124,142.472,39,5.0,115.6,2.9,3.9,137,
2024/11/26 13:31:00,38.724,142.256,43,5.4,105.8,1.3,3.1,208,
2024/11/26 22:47:00,37.005,136.4,7,6.6,278.8,12.3,4.8,458,
2024/11/26 22:51:00,37.005,136.443,9,4.5,14.4,0.8,1.8,32,
2024/11/26 23:52:00,37.009,136.416,11,4.9,109.2,3.1,3.3,76,
2024/11/27 02:19:00,37.035,136.423,10,4.8,32.5,1.2,2.8,56,
2024/11/28 17:31:00,36.927,136.393,10,4.7,160.3,4.3,4.0,64,
2024/11/30 09:52:00,37.06,136.42,8,4.9,32.1,1.4,2.7,63,
2024/11/30 17:46:00,25.326,125.995,70,5.8,17.2,1.3,2.3,9,
2024/11/30 18:07:00,23.908,123.387,28,5.3,2.7,0.2,1.0,1,
2024/12/06 14:26:00,31.824,131.637,34,4.5,19.1,1.2,2.7,49,
2024/12/10 05:33:00,35.164,140.576,53,4.8,14.8,0.7,2.2,76,
2024/12/17 13:09:00,31.104,130.362,164,5.2,26.6,0.9,2.5,83,
2024/12/22 16:55:00,31.92,130.734,171,4.7,19.6,0.9,2.4,109,
2024/12/27 20:47:00,28.124,128.08,9,4.5,1.9,0.1,0.3,1,
2024/12/27 21:47:00,46.335,151.478,210,6.8,11.7,0.5,1.9,147,
2024/12/28 04:10:00,37.34,141.583,43,5.3,44.8,1.5,3.0,218,
2025/01/06 18:22:00,32.534,132.115,30,4.5,27.3,0.8,2.3,61,
2025/01/07 17:31:00,31.789,138.618,381,5.6,13.8,0.9,2.4,165,
2025/01/13 21:19:00,31.825,131.572,36,6.6,195.8,15.9,4.7,367,
2025/01/14 01:15:00,31.939,131.882,28,5.0,35.3,2.4,3.3,100,
2025/01/15 02:12:00,31.765,131.85,29,5.4,48.3,3.3,3.5,119,
2025/01/16 07:38:00,41.56,142.124,53,4.8,17.4,0.6,2.1,108,
2025/01/23 02:49:00,36.974,139.383,4,5.2,513.6,10.1,4.7,186,
2025/01/23 08:09:00,36.972,139.381,3,4.7,425.9,7.4,4.2,100,
2025/01/27 01:31:00,25.131,125.587,31,4.9,12.3,0.5,2.0,2,
2025/02/04 04:15:00,28.709,130.842,83,5.2,12.4,0.7,2.2,21,
2025/02/07 12:36:00,43.195,142.822,156,4.8,14.2,0.7,2.3,116,
2025/02/10 23:16:00,41.659,141.357,90,5.0,20.8,0.6,2.2,136,
2025/02/12 23:37:00,39.09,141.862,65,4.7,117.7,2.2,3.3,122,
2025/02/13 06:04:00,38.349,142.046,52,4.9,109.5,1.7,3.0,152,
2025/02/17 13:04:00,27.093,127.289,92,4.6,3.5,0.2,1.1,4,
2025/02/21 22:01:00,37.512,141.44,49,4.9,165.9,4.2,3.9,207,
2025/02/23 13:08:00,37.995,141.737,56,4.6,38.3,0.9,2.6,120,
2025/02/24 04:08:00,34.729,140.245,88,4.7,83.7,3.4,3.6,178,
2025/02/24 04:09:00,36.929,136.383,9,4.9,38.0,1.1,2.9,72,
2025/02/26 14:53:00,33.602,136.4,398,5.9,10.1,0.5,1.7,124,
2025/03/08 16:12:00,40.094,142.411,39,5.0,19.4,0.6,2.2,104,
2025/03/09 03:54:00,28.696,130.252,62,5.8,81.9,6.5,4.3,6,
2025/03/09 08:43:00,28.716,130.275,63,5.9,12.7,0.9,2.6,11,
2025/03/09 13:20:00,28.733,130.192,57,4.5,4.2,0.3,1.5,1,
2025/03/09 14:57:00,28.714,130.162,55,4.9,4.7,0.3,1.6,1,
2025/03/11 11:10:00,28.761,130.332,62,5.2,7.9,0.6,2.2,4,
2025/03/18 05:00:00,32.495,130.557,10,4.8,223.4,10.0,4.1,113,
2025/03/19 13:25:00,37.112,136.643,6,4.7,159.7,4.4,3.9,58,
2025/03/29 04:45:00,31.086,131.514,33,4.6,25.1,1.1,2.6,25,
2025/03/30 10:18:00,34.664,140.828,69,4.9,24.3,1.2,2.7,48,
2025/03/30 22:55:00,41.99,142.729,55,4.6,12.8,0.4,1.8,41,
2025/04/02 23:04:00,31.041,131.524,36,6.1,157.4,9.9,4.4,160,
2025/04/07 09:52:00,35.834,140.896,32,4.8,25.8,0.9,2.3,54,
2025/04/08 19:26:00,34.929,137.106,36,4.6,79.8,1.8,3.1,184,
2025/04/09 00:26:00,24.789,123.092,119,5.4,18.3,0.9,2.5,4,
2025/04/11 14:06:00,29.201,130.472,51,5.0,3.0,0.2,1.4,1,
2025/04/13 18:13:00,47.828,150.557,418,5.5,6.9,0.3,1.5,46,
2025/04/18 20:19:00,36.465,137.916,13,5.1,427.1,13.6,4.4,205,
2025/04/18 23:39:00,36.459,137.911,13,4.5,106.8,3.3,3.3,78,
2025/05/12 23:54:00,41.577,142.094,55,5.2,29.7,1.0,2.9,162,
2025/05/13 10:37:00,37.134,140.521,79,4.6,102.1,3.4,3.7,162,
2025/05/14 01:52:00,27.393,140.38,457,5.7,1.5,0.1,0.6,1,
2025/05/15 22:06:00,42.802,143.324,95,4.7,67.8,2.7,3.5,115,
2025/05/18 09:32:00,42.992,146.604,40,4.5,9.4,0.3,1.5,11,
2025/05/19 12:14:00,37.177,141.316,7,4.7,14.3,0.6,2.2,81,
2025/05/23 06:28:00,41.85,142.687,53,5.4,104.1,6.9,4.0,202,
2025/05/26 09:56:00,38.507,142.019,32,4.5,210.6,3.5,3.8,97,
2025/05/26 17:47:00,42.329,143.074,50,5.3,195.6,5.5,4.1,194,
2025/05/29 15:29:00,36.06,137.286,12,4.5,239.7,7.6,4.3,163,
2025/05/30 07:23:00,43.71,147.196,0,5.5,29.2,1.0,2.8,67,
2025/05/31 17:37:00,42.324,144.456,20,6.0,88.8,5.8,4.1,294,
2025/05/31 20:37:00,42.349,144.569,20,4.7,13.6,0.5,2.1,45,
2025/06/02 03:52:00,41.712,143.722,27,6.1,120.2,7.4,4.2,246,
2025/06/02 04:08:00,41.752,143.659,28,4.6,8.2,0.4,1.6,23,
2025/06/02 11:31:00,38.417,142.217,30,4.8,87.2,2.1,3.5,150,
2025/06/02 15:46:00,37.847,141.744,62,4.5,40.4,0.7,2.5,75,
2025/06/03 22:18:00,41.744,143.631,33,5.2,13.5,1.0,2.5,57,
2025/06/05 04:55:00,42.357,144.569,21,4.5,9.8,0.3,1.6,29,
2025/06/05 23:51:00,37.759,141.723,63,4.6,30.5,1.4,2.6,120,
2025/06/11 18:30:00,42.35,144.517,23,4.6,12.4,0.4,2.0,38,
2025/06/11 20:00:00,23.373,121.588,38,6.0,2.5,0.2,1.2,1,
2025/06/14 19:46:00,38.455,142.146,41,5.0,61.6,0.8,2.4,132,
2025/06/18 21:30:00,32.077,131.932,25,4.7,21.8,0.7,2.2,67,
2025/06/19 08:08:00,42.909,146.516,25,6.0,41.7,2.7,3.3,87,
2025/06/19 16:37:00,33.639,139.558,23,4.7,9.1,0.5,1.8,7,
2025/06/22 00:05:00,42.889,146.624,22,5.0,15.3,0.8,2.2,21,
2025/06/22 02:52:00,29.314,129.382,20,4.5,1.8,0.1,0.8,1,
2025/06/22 05:53:00,29.311,129.384,21,4.6,1.8,0.2,0.8,1,
2025/06/22 06:23:00,42.887,146.496,24,6.0,24.5,1.1,2.6,63,
2025/06/22 06:25:00,42.867,146.566,20,5.1,12.3,0.6,2.1,14,
2025/06/22 12:12:00,29.313,129.384,19,4.5,2.7,0.2,1.2,1,
2025/06/22 17:15:00,29.351,129.285,24,5.1,3.5,0.3,1.5,1,
2025/06/23 16:46:00,29.261,129.324,20,4.7,1.3,0.1,0.6,1,
2025/06/23 23:36:00,29.321,129.402,21,5.0,2.7,0.2,1.2,1,
2025/06/24 02:23:00,29.286,129.385,9,4.9,2.2,0.2,0.9,1,
2025/06/24 02:55:00,42.282,144.489,12,4.9,21.6,0.7,2.5,34,
2025/06/24 16:04:00,29.309,129.38,18,5.1,2.0,0.2,1.0,1,
2025/06/27 13:17:00,29.333,129.385,20,4.8,4.0,0.4,1.5,1,
2025/06/29 10:14:00,29.326,129.404,20,5.4,8.8,0.7,2.4,3,
2025/06/29 11:36:00,29.329,129.417,23,4.5,1.7,0.1,0.7,1,
2025/06/29 16:12:00,29.314,129.474,17,5.3,12.9,1.0,2.7,2,
2025/06/30 12:36:00,29.348,129.394,26,4.5,2.3,0.2,1.1,1,
2025/06/30 18:33:00,29.323,129.44,22,5.3,14.4,1.2,2.8,2,
2025/07/01 17:10:00,29.319,129.43,16,4.9,5.6,0.4,1.9,1,
2025/07/02 04:32:00,29.331,129.487,16,5.1,23.7,1.9,3.1,2,
2025/07/02 14:53:00,29.234,129.07,1,5.3,1.5,0.1,0.8,1,
2025/07/02 15:26:00,29.253,129.054,1,5.6,3.2,0.3,1.4,2,
2025/07/03 06:51:00,29.329,129.487,17,4.5,6.3,0.5,2.0,2,
2025/07/03 14:31:00,29.303,129.514,19,4.6,3.6,0.3,1.4,1,
2025/07/03 15:11:00,29.338,129.432,21,4.8,6.5,0.5,2.0,1,
2025/07/03 15:18:00,29.331,129.475,9,4.6,3.4,0.2,1.3,1,
2025/07/03 16:13:00,29.353,129.524,20,5.5,7.4,0.6,2.1,4,
2025/07/05 02:58:00,29.293,129.432,17,4.6,2.2,0.2,1.0,1,
2025/07/05 03:14:00,36.695,142.046,18,4.9,10.7,0.5,2.0,91,
2025/07/05 03:44:00,29.346,129.485,22,4.8,3.8,0.2,1.3,2,
2025/07/05 06:29:00,29.331,129.472,19,5.4,13.0,0.9,2.6,3,
2025/07/05 12:47:00,29.338,129.454,22,4.7,2.9,0.2,1.3,1,
2025/07/06 12:42:00,29.316,129.525,9,4.5,1.9,0.1,0.9,1,
2025/07/06 14:01:00,29.344,129.507,21,4.9,1.9,0.1,1.0,1,
2025/07/06 14:07:00,29.359,129.514,23,5.5,6.5,0.5,1.9,4,
2025/07/06 18:40:00,43.565,147.012,45,4.8,9.6,0.2,1.5,22,
2025/07/06 23:44:00,29.341,129.512,17,4.5,1.8,0.1,1.0,1,
2025/07/06 23:50:00,29.341,129.502,18,4.5,6.1,0.4,1.8,2,
2025/07/07 00:12:00,29.344,129.477,22,5.1,3.7,0.3,1.5,2,
2025/07/07 12:02:00,29.328,129.492,15,4.5,2.5,0.2,1.2,1,
2025/07/08 11:00:00,29.343,129.42,28,4.6,3.8,0.3,1.5,1,
2025/07/11 16:09:00,29.266,129.46,11,5.0,2.3,0.2,1.1,1,
2025/07/11 16:21:00,29.278,129.439,12,4.8,4.9,0.4,1.8,1,
2025/07/11 16:30:00,29.271,129.455,13,4.9,2.6,0.2,1.1,1,
2025/07/12 11:00:00,29.311,129.504,13,4.9,4.2,0.3,1.7,2,
2025/07/13 20:19:00,29.318,129.472,9,4.9,4.2,0.3,1.6,1,
2025/07/13 20:29:00,29.289,129.515,10,4.7,5.9,0.5,2.0,1,
2025/07/13 23:22:00,29.301,129.504,9,4.5,1.9,0.1,0.9,1,
2025/07/15 13:20:00,29.318,129.482,12,5.4,9.6,0.8,2.4,2,
2025/07/15 23:47:00,36.457,140.615,56,4.9,109.3,2.6,3.5,219,
2025/07/16 02:15:00,29.304,129.444,12,4.7,3.3,0.2,1.3,1,
2025/07/18 03:44:00,41.14,143.149,17,4.7,4.8,0.3,1.7,40,
2025/07/25 11:17:00,32.797,130.13,9,4.8,148.8,5.4,3.8,125,
2025/07/28 02:04:00,37.837,141.633,83,4.5,58.4,0.9,2.3,113,
2025/07/28 12:10:00,42.327,143.127,51,5.2,160.5,3.7,3.9,208,
2025/07/30 08:24:00,52.51,160.329,35,8.8,3.9,1.0,1.5,105,
2025/08/02 06:18:00,43.23,146.319,67,4.5,29.9,0.7,2.5,31,
2025/08/02 07:27:00,42.367,145.419,13,5.4,22.1,1.4,2.9,49,
2025/08/07 08:47:00,33.125,131.212,2,4.8,106.0,3.2,3.7,61,
2025/08/07 16:45:00,24.534,122.94,106,5.6,21.5,1.2,2.6,5,
2025/08/12 18:11:00,42.354,144.561,22,5.5,67.1,2.3,3.4,131,
2025/08/14 04:13:00,36.452,141.088,47,5.2,81.7,3.0,3.6,229,
2025/08/17 06:13:00,32.034,131.937,29,5.7,95.8,6.5,4.1,209,
2025/08/18 08:33:00,34.149,137.821,13,4.6,9.3,0.5,1.8,41,
2025/08/19 07:19:00,42.005,140.686,133,5.1,12.5,1.0,2.5,128,
2025/08/21 10:44:00,34.497,139.413,16,4.8,24.2,1.4,2.6,17,
2025/08/22 07:34:00,38.68,142.246,43,5.6,102.3,2.1,3.4,198,
2025/08/28 12:12:00,26.613,127.762,44,4.5,15.8,0.4,2.0,6,
2025/08/28 18:50:00,42.964,145.986,15,4.6,17.5,0.5,2.1,19,
2025/08/29 04:54:00,36.655,140.986,88,4.5,58.6,1.3,3.0,156,
2025/08/30 01:29:00,38.44,142.204,41,5.8,253.4,4.7,3.7,294,
2025/08/30 01:51:00,37.297,141.606,44,4.9,31.0,0.7,2.2,127,
2025/08/30 18:26:00,39.33,142.074,48,4.7,109.7,1.6,2.8,68,
2025/09/08 08:24:00,37.394,137.136,13,4.5,207.6,5.4,4.1,60,
2025/09/13 00:57:00,43.112,146.716,44,4.7,11.0,0.4,1.9,17,
2025/09/13 23:22:00,29.913,129.989,10,4.5,9.1,0.1,1.1,4,
2025/10/01 23:50:00,38.695,141.979,59,4.6,146.4,2.4,3.0,112,
2025/10/05 00:21:00,37.415,141.588,45,6.0,49.8,2.1,3.1,334,
2025/10/07 09:30:00,37.527,141.376,52,5.0,113.3,4.1,4.1,218,
2025/10/13 12:25:00,38.607,142.402,62,4.6,32.3,0.6,2.1,109,
2025/10/22 18:17:00,42.92,145.477,43,5.1,168.4,6.6,3.6,66,
2025/10/24 06:09:00,37.442,141.845,50,4.9,40.4,1.5,3.0,128,
2025/10/25 01:40:00,42.929,145.621,40,5.8,327.5,11.0,4.6,146,
2025/10/26 12:04:00,36.62,139.455,5,4.7,274.3,4.8,4.0,237,
2025/10/30 17:00:00,37.125,141.373,5,4.7,23.8,0.8,2.4,74,
2025/11/04 04:16:00,39.35,143.557,12,5.3,4.3,0.3,1.6,51,
2025/11/05 07:17:00,34.83,140.818,42,4.9,19.0,0.9,2.3,41,
2025/11/06 23:29:00,41.96,144.597,15,4.6,3.1,0.3,1.6,14,
2025/11/07 01:23:00,32.039,132.035,23,4.7,29.3,0.6,2.1,55,
2025/11/08 11:36:00,39.357,143.456,14,4.7,3.8,0.3,1.6,27,
2025/11/09 05:29:00,39.427,143.506,15,5.4,5.1,0.4,1.9,63,
2025/11/09 06:04:00,39.365,143.424,13,5.5,12.7,1.2,2.8,80,
2025/11/09 07:15:00,39.43,143.474,13,5.9,14.8,1.3,2.7,134,
2025/11/09 07:33:00,39.385,143.462,14,5.1,3.7,0.2,1.0,28,
2025/11/09 09:17:00,39.345,143.384,15,5.2,3.3,0.3,1.6,33,
2025/11/09 17:03:00,39.399,143.511,16,6.9,36.3,3.5,3.6,380,
2025/11/09 17:06:00,39.614,143.469,11,4.6,3.6,0.3,1.5,27,
2025/11/09 17:07:00,39.522,143.459,10,4.5,3.4,0.3,1.6,24,
2025/11/09 17:11:00,39.562,143.391,7,5.1,7.3,0.5,1.8,84,
2025/11/09 17:14:00,39.477,143.524,6,6.1,8.2,0.8,2.3,88,
2025/11/09 17:34:00,39.43,143.479,16,5.9,9.5,0.8,2.3,96,
2025/11/09 17:49:00,39.359,143.387,15,5.5,11.5,1.1,2.6,71,
2025/11/09 17:54:00,39.449,143.404,14,6.6,29.4,2.0,3.1,258,
2025/11/09 18:10:00,39.47,143.377,10,5.5,11.7,1.1,2.7,70,
2025/11/09 18:16:00,39.462,143.349,11,5.1,5.0,0.3,1.6,40,
2025/11/09 18:28:00,39.605,143.557,10,5.9,13.4,1.3,2.7,128,
2025/11/10 00:44:00,39.485,143.356,15,4.9,4.9,0.5,1.9,38,
2025/11/10 00:46:00,39.489,143.324,13,5.0,5.9,0.4,1.9,49,
2025/11/10 10:20:00,39.21,143.584,12,5.5,4.3,0.4,1.8,34,
2025/11/10 12:00:00,39.139,143.027,20,5.5,10.1,0.8,2.5,99,
2025/11/10 16:22:00,39.552,143.576,12,5.3,4.5,0.2,1.3,13,
2025/11/10 16:23:00,39.555,143.559,8,6.4,22.3,2.4,3.3,217,
2025/11/10 18:59:00,39.569,143.267,13,5.2,5.6,0.3,1.5,45,
2025/11/12 09:29:00,39.755,143.354,15,5.4,10.0,0.8,2.3,85,
2025/11/14 04:58:00,39.285,143.541,13,5.4,5.2,0.5,2.0,49,
2025/11/18 04:06:00,39.737,143.236,11,5.7,34.8,2.9,3.4,152,
2025/11/18 17:21:00,40.93,142.626,45,4.8,13.3,0.7,2.2,114,
2025/11/21 08:36:00,25.634,124.755,121,5.0,19.7,0.3,1.5,4,
2025/11/21 21:22:00,39.615,143.562,12,5.7,6.9,0.6,2.0,92,
2025/11/25 18:01:00,32.994,131.109,9,5.8,283.9,25.8,5.1,219,
2025/11/27 01:43:00,42.457,144.327,74,4.6,29.0,0.9,2.5,76,
2025/12/01 02:26:00,38.209,141.799,59,4.7,88.1,1.1,2.5,131,
2025/12/01 09:48:00,42.109,142.556,46,4.5,20.2,0.9,2.5,92,
2025/12/02 19:03:00,42.935,145.462,45,5.2,262.1,8.3,4.2,104,
2025/12/07 09:16:00,39.459,143.436,15,4.8,3.5,0.3,1.5,29,
2025/12/08 23:15:00,40.964,142.291,54,7.5,517.4,47.4,5.6,749,
2025/12/08 23:33:00,40.88,142.591,42,5.9,61.7,1.7,3.4,199,
2025/12/09 00:57:00,40.885,143.142,20,4.9,8.6,0.4,1.7,61,
2025/12/09 03:56:00,40.947,143.131,19,6.1,26.9,1.9,3.0,233,
2025/12/09 04:01:00,40.937,143.199,18,4.8,8.2,0.4,1.7,68,
2025/12/09 06:52:00,40.94,143.304,15,6.6,60.1,3.9,3.8,375,
2025/12/09 07:07:00,40.997,143.224,19,4.7,7.5,0.4,1.9,63,
2025/12/09 08:59:00,40.81,142.927,26,5.4,12.5,0.7,2.3,132,
2025/12/09 18:09:00,41.264,142.422,47,5.3,34.7,1.6,2.9,177,
2025/12/10 23:52:00,40.832,142.759,36,6.0,57.4,2.4,3.3,300,
2025/12/12 03:11:00,41.244,142.822,29,4.5,6.9,0.3,1.7,44,
2025/12/12 07:09:00,40.995,143.171,16,5.0,4.5,0.5,1.9,56,
2025/12/12 11:44:00,40.897,142.969,17,6.9,148.3,9.3,4.5,512,
2025/12/12 12:21:00,40.985,143.006,17,5.7,44.2,2.2,3.2,208,
2025/12/12 19:05:00,36.19,140.061,52,4.9,242.0,7.1,4.1,231,
2025/12/14 23:26:00,37.05,136.628,8,4.9,209.7,6.5,3.8,70,
2025/12/15 04:03:00,37.044,136.631,7,4.7,49.0,1.3,2.8,60,
2025/12/16 11:45:00,38.762,141.704,100,4.5,138.9,2.5,3.2,119,
2025/12/16 14:38:00,40.89,143.062,15,5.3,27.6,1.1,2.8,154,
2025/12/17 18:50:00,41.249,142.486,45,4.8,9.5,0.4,1.9,68,
2025/12/18 09:50:00,39.735,143.202,12,4.7,12.9,0.4,1.9,50,
2025/12/20 21:30:00,42.732,146.049,15,5.4,21.3,0.9,2.6,47,
2025/12/20 21:33:00,42.749,146.042,14,4.8,20.9,0.7,2.6,30,
2025/12/20 21:58:00,42.724,146.024,14,5.0,14.5,0.7,2.4,32,
2025/12/21 10:29:00,40.72,142.257,51,5.6,79.9,2.7,3.6,224,
2025/12/23 18:44:00,33.085,137.935,330,5.1,6.6,0.2,1.4,91,
2025/12/26 01:17:00,41.164,142.586,42,5.8,32.2,2.0,3.1,236,
2025/12/26 01:25:00,41.182,142.601,43,4.5,8.8,0.2,1.5,45,
2025/12/28 00:06:00,24.628,121.971,86,7.0,12.0,1.3,2.5,4,
2025/12/30 17:12:00,27.668,128.712,19,5.7,197.6,4.6,3.9,11,
2025/12/31 07:19:00,39.552,143.439,13,5.0,3.9,0.4,1.7,39,
2025/12/31 08:51:00,39.45,142.591,31,4.6,16.1,0.3,1.8,74,
2025/12/31 23:27:00,40.064,142.889,32,6.1,48.3,5.2,3.9,288,
2026/01/01 01:30:00,40.905,143.059,23,4.8,5.5,0.4,1.8,48,
2026/01/06 10:18:00,35.312,133.216,11,6.4,518.0,27.4,5.2,416,
2026/01/06 10:28:00,35.314,133.236,12,5.1,341.7,10.6,4.3,207,
2026/01/06 10:37:00,35.309,133.178,14,5.5,197.4,9.9,4.6,252,
2026/01/07 03:04:00,41.455,142.141,53,4.7,15.8,0.5,2.0,113,
2026/01/09 20:08:00,35.432,140.446,30,4.6,81.0,3.0,3.4,106,
2026/01/11 13:15:00,39.552,141.899,63,5.1,426.4,12.0,4.9,173,
2026/01/12 09:50:00,45.031,142.194,0,5.1,1031.5,67.2,5.6,32,
2026/01/13 01:10:00,45.04,142.162,0,4.7,1278.0,47.1,5.9,25,
2026/01/13 01:58:00,45.046,142.171,0,5.2,1752.2,73.1,5.9,51,
2026/01/13 16:34:00,44.369,148.942,30,6.3,8.9,0.4,1.8,50,
2026/01/15 07:13:00,42.712,145.387,31,5.6,42.1,1.6,3.0,96,
2026/01/15 14:40:00,36.36,137.616,0,4.8,56.4,1.4,2.8,79,
2026/01/15 14:48:00,36.362,137.625,0,5.2,75.4,1.8,3.0,134,
2026/01/17 04:34:00,41.259,142.736,35,5.4,29.6,1.0,2.8,162,
2026/01/21 02:51:00,41.485,142.024,58,5.3,29.0,1.1,2.6,183,
2026/01/22 23:31:00,41.04,142.519,46,5.5,48.7,1.7,3.3,209,
2026/01/24 06:19:00,36.63,140.625,7,4.5,424.9,8.7,4.1,109,
2026/01/27 11:47:00,42.93,146.306,42,5.0,19.5,1.3,2.6,40,
2026/01/28 15:34:00,45.06,142.186,0,4.8,296.6,7.8,4.3,33,
2026/01/28 19:45:00,40.184,143.137,20,5.2,11.9,1.2,2.7,69,
2026/01/29 10:25:00,35.07,140.083,24,4.5,35.8,1.7,3.0,31,
2026/02/03 06:58:00,37.58,142.271,33,4.5,9.3,0.3,1.7,44,
2026/02/03 18:03:00,36.725,140.958,51,4.8,170.8,3.6,3.4,191,
2026/02/05 03:21:00,29.151,130.367,63,5.5,7.4,0.7,2.2,5,
2026/02/05 09:19:00,35.669,140.418,67,4.5,8.8,0.5,1.8,132,
2026/02/12 03:00:00,44.055,147.341,0,5.2,25.2,0.8,2.7,56,
2026/02/13 06:48:00,25.884,128.589,48,5.6,16.4,0.7,2.3,8,
2026/02/18 11:28:00,29.288,130.575,74,4.8,5.8,0.4,1.6,8,
2026/02/20 23:16:00,41.505,142.091,54,5.1,27.6,0.6,2.4,164,
2026/02/21 04:16:00,24.296,122.85,51,4.7,7.4,0.2,1.0,2,
2026/02/25 03:16:00,39.552,142.017,54,4.6,55.3,1.6,3.0,106,
2026/02/25 18:07:00,32.145,132.706,33,5.0,18.0,0.7,2.3,92,
2026/02/26 02:17:00,31.693,132.149,42,4.9,20.9,1.6,2.9,64,
2026/02/27 11:54:00,25.369,124.942,9,5.4,6.2,0.6,1.9,2,
2026/02/27 15:11:00,25.264,124.872,0,5.2,3.6,0.3,1.4,2,
2026/02/27 23:48:00,25.371,124.927,11,5.5,8.3,0.5,1.7,3,
2026/02/28 10:49:00,25.416,124.897,0,5.9,7.6,0.6,1.7,4,
2026/02/28 14:53:00,25.358,124.907,0,5.8,10.1,1.0,2.4,2,
2026/02/28 21:56:00,25.361,124.9,11,5.7,8.2,0.6,1.9,2,
2026/03/01 06:39:00,25.258,124.959,9,5.0,9.6,0.5,1.8,3,
2026/03/01 06:41:00,25.209,124.944,11,5.0,9.2,0.3,1.4,4,
2026/03/01 18:00:00,31.114,130.564,124,5.4,44.0,1.7,3.0,179,
2026/03/02 13:56:00,25.378,124.879,5,5.5,4.9,0.5,1.6,2,
2026/03/02 19:39:00,25.351,124.895,5,6.2,20.2,2.2,2.8,4,
2026/03/03 02:20:00,25.349,124.949,14,5.4,5.8,0.5,1.5,3,
2026/03/03 09:11:00,25.369,124.892,13,5.6,4.9,0.6,1.8,2,
2026/03/05 19:48:00,25.339,124.862,5,5.2,4.7,0.5,1.5,3,
2026/03/07 05:31:00,38.755,142.441,46,4.9,35.9,0.8,2.4,112,
2026/03/07 07:39:00,25.343,124.957,12,5.2,7.1,0.5,1.7,2,
2026/03/08 22:08:00,39.375,143.232,14,5.6,19.4,1.8,3.1,98,
2026/03/08 22:17:00,39.402,143.231,17,6.1,27.0,2.6,3.4,185,
2026/03/10 00:45:00,42.032,140.356,145,5.8,18.6,1.3,2.4,237,
2026/03/10 15:28:00,37.397,141.058,59,4.7,137.5,3.2,3.8,163,
2026/03/10 20:42:00,24.156,125.159,24,4.6,8.0,0.2,1.2,2,
2026/03/14 04:55:00,39.362,143.391,14,5.2,10.0,0.9,2.5,69,
2026/03/15 14:06:00,36.334,139.421,83,4.5,28.2,1.2,2.7,191,
2026/03/16 01:32:00,40.864,143.404,16,4.7,4.4,0.4,1.7,29,
2026/03/16 03:56:00,41.385,142.692,40,4.9,14.6,0.6,2.2,115,
2026/03/21 20:12:00,29.476,130.712,59,5.4,5.7,0.5,1.9,4,
2026/03/26 16:37:00,40.69,142.682,41,4.7,21.6,0.9,2.5,95,
2026/03/26 23:18:00,39.44,143.306,15,6.7,39.1,3.2,3.5,342,
2026/03/28 00:24:00,39.385,143.189,18,4.9,3.3,0.3,1.6,30,
2026/03/29 16:07:00,28.116,128.04,26,5.3,2.6,0.1,0.7,3,
2026/04/01 10:06:00,36.1,140.0,50,5.0,242.6,6.4,4.3,294,
2026/04/02 09:52:00,38.2,141.7,50,4.8,127.2,1.4,2.8,145,
2026/04/04 19:36:00,38.4,141.9,60,4.9,183.0,3.0,3.5,165,
2026/04/12 22:00:00,38.2,141.8,60,4.7,58.8,0.9,2.5,112,
2026/04/18 13:20:00,36.6,137.9,10,5.0,147.3,5.6,3.9,153,
2026/04/18 14:54:00,36.6,137.9,10,5.1,312.9,12.7,4.4,193,
2026/04/20 16:53:00,39.8,143.2,10,7.5,428.6,15.2,5.1,681,
2026/04/20 21:56:00,39.6,143.5,10,5.4,10.7,1.0,2.6,99,
2026/04/22 09:01:00,40.5,142.6,10,5.1,13.7,1.0,2.6,97,
2026/04/27 01:57:00,40.0,142.7,30,5.0,17.5,1.4,2.8,110,
2026/04/27 05:24:00,42.6,143.1,80,6.1,369.0,22.3,5.2,447,
2026/05/02 02:19:00,42.9,145.5,40,4.7,63.2,2.2,3.2,48,
2026/05/02 18:28:00,34.1,135.6,70,5.7,227.5,6.1,4.1,477,
2026/05/05 08:54:00,39.9,143.1,30,5.2,28.1,1.1,2.6,155,
2026/05/07 15:39:00,29.2,129.4,20,4.6,1.5,0.1,0.7,1,
2026/05/08 08:31:00,37.5,141.6,50,4.6,18.7,0.5,2.1,109,
2026/05/10 01:18:00,24.5,123.9,10,4.8,35.2,0.7,2.3,3,
2026/05/14 05:01:00,39.8,141.4,10,5.0,455.7,11.4,5.0,124,
2026/05/15 00:34:00,24.9,142.5,10,6.0,0.3,0.0,-1.0,4,
2026/05/15 20:22:00,38.9,142.1,50,6.3,433.9,11.4,4.6,299,
