Download Time:2026/07/17 12:18:29,Search Date:2000/01/01 - 2026/07/17 
Origin Time,Latitude[degree],Longitude[degree],Depth[km],Magnitude,Max Acc[gal],Max Vel[cm/s],Seismic Intensity,Number of stations
2026/07/17 06:49:00,30.7000,131.5000,40,5.2,12.5,1.0,2.6,32
2026/07/14 17:07:00,40.1000,142.5000,40,4.8,23.7,1.6,2.9,117
2026/07/09 21:59:00,33.3000,135.0000,10,4.7,26.7,1.5,2.9,102
2026/07/08 16:35:00,40.1000,142.3000,40,4.4,117.7,3.0,3.8,77
2026/07/06 20:29:00,40.4000,142.0000,50,4.5,67.0,2.0,3.3,82
2026/07/03 13:05:00,26.0000,125.8000,0,6.4,7.8,1.4,2.3,6
2026/07/01 21:08:00,40.1000,142.4000,40,6.0,139.5,6.3,4.1,315
2026/07/01 08:40:00,32.4000,131.5000,10,5.1,411.7,6.9,4.2,183
2026/06/30 23:02:00,40.1000,142.4000,40,4.9,96.5,2.4,3.6,131
2026/06/28 05:21:00,40.2000,142.4000,40,6.1,123.7,9.4,4.4,379
2026/06/27 02:33:00,37.1000,139.4000,10,3.6,92.7,1.1,2.6,26
2026/06/26 23:17:00,35.5000,139.0000,20,3.3,70.6,1.2,2.5,40
2026/06/26 22:29:00,35.6000,139.0000,20,5.6,1004.0,21.4,5.3,408
2026/06/26 12:46:00,35.7000,140.6000,50,5.8,172.4,13.8,4.5,292
2026/06/26 11:49:00,36.1000,139.9000,40,4.1,59.7,1.5,2.8,131
2026/06/26 01:11:00,40.3000,142.2000,50,4.6,54.1,1.5,3.0,73
2026/06/25 20:58:00,40.3000,142.2000,50,4.7,87.8,2.7,3.4,107
2026/06/25 07:30:00,40.2000,142.3000,50,6.9,1225.3,33.6,5.7,723
2026/06/24 13:31:00,37.1000,139.4000,10,3.7,233.5,2.9,3.1,30
2026/06/24 13:24:00,37.1000,139.4000,10,3.2,123.0,1.6,2.6,11
2026/06/16 19:46:00,36.1000,139.9000,50,5.5,226.4,15.1,4.7,423
2026/06/13 04:49:00,38.2000,141.8000,70,4.4,43.9,1.2,2.9,92
2026/06/05 23:30:00,36.0000,138.1000,10,3.5,31.1,1.1,2.6,37
2026/06/04 08:50:00,36.0000,138.1000,10,3.1,12.7,0.4,2.0,9
2026/06/01 05:54:00,37.5000,138.1000,10,4.6,39.5,1.3,2.7,98
2026/05/31 21:24:00,33.7930,135.7950,25,3.1,17.6,0.2,0.7,11
2026/05/31 10:58:00,27.4000,128.5480,48,3.9,12.1,0.3,1.8,4
2026/05/30 23:34:00,43.0070,143.8580,106,4.1,44.8,1.2,2.7,53
2026/05/30 06:38:00,35.3820,140.3200,27,3.9,67.1,1.3,2.3,36
2026/05/27 16:10:00,36.5600,137.8670,8,3.3,71.2,1.8,2.1,11
2026/05/27 05:20:00,38.8550,142.1080,44,4.3,55.5,0.9,2.5,62
2026/05/26 15:45:00,35.8700,137.3450,11,3.3,32.7,0.6,1.8,26
2026/05/26 09:18:00,35.1920,139.1330,12,3.1,60.3,0.9,2.0,18
2026/05/25 17:14:00,40.1330,142.3880,40,4.7,14.1,0.6,2.2,71
2026/05/24 15:51:00,43.1170,146.4600,66,4.4,16.3,0.4,2.0,20
2026/05/24 15:08:00,36.4380,140.6880,52,3.9,66.5,0.8,2.4,69
2026/05/24 07:06:00,35.8700,137.3470,11,4.1,62.3,0.9,2.3,84
2026/05/24 04:15:00,35.8680,137.3470,11,3.4,41.6,0.7,1.9,40
2026/05/23 01:53:00,40.1420,142.3620,39,4.5,12.8,0.7,2.2,67
2026/05/22 15:22:00,44.0520,141.7330,7,3.5,27.3,1.1,2.5,12
2026/05/22 00:23:00,33.2950,132.4030,40,3.6,16.7,0.4,1.7,23
2026/05/21 13:20:00,38.8650,142.0400,46,3.7,55.3,0.7,2.2,18
2026/05/20 11:46:00,27.4430,128.5750,50,5.9,312.3,23.1,5.0,12
2026/05/18 15:19:00,37.8570,141.5730,49,4.0,13.8,0.3,1.4,34
2026/05/18 08:23:00,24.4430,123.8700,9,4.4,16.7,0.3,1.6,3
2026/05/18 08:21:00,24.4500,123.8520,9,4.6,23.7,0.8,2.0,3
2026/05/17 11:42:00,38.7730,142.2630,42,4.2,43.8,0.5,1.6,43
2026/05/17 09:07:00,39.8930,143.0580,16,4.9,19.4,0.5,2.0,81
2026/05/17 05:55:00,31.9780,130.4500,3,3.1,68.5,0.6,1.5,8
2026/05/16 12:29:00,34.1470,135.1020,7,2.7,14.0,0.2,0.7,1
2026/05/16 07:27:00,36.0000,137.3650,10,3.4,48.9,0.8,2.5,28
2026/05/15 20:22:00,38.9030,142.0970,46,6.4,433.9,11.4,4.6,499
2026/05/15 12:09:00,40.5780,140.3470,8,3.4,45.3,1.1,2.7,13
2026/05/15 00:34:00,25.2450,141.2480,118,5.8,0.3,0.0,-1.0,4
2026/05/14 15:15:00,40.5750,140.3430,8,2.7,16.4,0.3,1.4,5
2026/05/14 05:01:00,39.8370,141.4250,12,4.8,455.7,11.4,5.0,124
2026/05/14 04:59:00,39.8350,141.4270,12,3.5,14.3,0.3,1.6,10
2026/05/14 02:32:00,40.5770,140.3470,8,3.7,70.0,1.2,2.4,24
2026/05/13 21:19:00,24.4480,123.8470,9,3.8,17.7,0.4,1.8,1
2026/05/13 21:12:00,24.4470,123.8500,9,3.7,15.2,0.4,1.6,1
2026/05/12 19:32:00,45.4370,140.9850,14,3.7,25.9,0.9,2.2,2
2026/05/12 09:02:00,36.0850,139.8870,49,4.3,51.8,1.0,2.8,134
2026/05/10 01:18:00,24.4470,123.8630,10,4.9,35.2,0.7,2.3,3
2026/05/10 00:59:00,24.4450,123.8580,9,3.5,6.7,0.2,1.0,1
2026/05/09 11:42:00,38.6980,141.3580,77,3.3,14.8,0.2,1.2,17
2026/05/09 08:04:00,36.5700,137.8550,8,2.5,9.2,0.1,0.3,3
2026/05/08 19:01:00,32.6720,130.5980,15,3.3,18.5,0.4,1.5,15
2026/05/08 12:36:00,35.0500,138.2780,6,4.3,222.8,5.7,4.3,70
2026/05/08 08:31:00,37.5070,141.5430,47,4.7,18.7,0.5,2.1,109
2026/05/08 03:50:00,36.3230,140.0920,69,4.3,35.0,1.0,2.4,178
2026/05/07 15:39:00,29.2280,129.4000,8,4.7,1.5,0.1,0.7,1
2026/05/07 04:30:00,33.7150,133.9620,34,3.7,47.7,0.7,2.1,49
2026/05/06 19:06:00,35.4430,139.5150,105,4.2,26.1,0.7,2.4,152
2026/05/06 10:43:00,24.4480,123.8530,10,3.8,11.7,0.3,1.4,1
2026/05/06 04:35:00,37.4520,140.7300,88,4.3,34.6,0.7,2.6,99
2026/05/05 17:55:00,34.1150,131.4850,21,3.4,29.3,0.4,1.4,26
2026/05/05 15:58:00,24.4500,123.8580,9,4.2,12.7,0.2,1.3,2
2026/05/05 09:14:00,38.6230,140.9600,11,2.8,8.9,0.2,0.8,3
2026/05/05 08:54:00,39.8930,143.0800,17,5.4,28.1,1.1,2.6,155
2026/05/04 16:37:00,42.8150,142.7600,87,3.8,11.2,0.4,1.7,54
2026/05/04 01:18:00,24.8820,123.1820,125,4.9,10.0,0.3,1.5,4
2026/05/02 18:28:00,34.0620,135.5570,65,5.8,227.5,6.1,4.1,477
2026/05/02 15:29:00,36.5480,137.8520,8,2.8,29.8,0.4,1.2,6
2026/05/02 02:19:00,42.8980,145.5280,38,4.7,63.2,2.2,3.2,48
2026/04/30 20:23:00,34.1150,131.4820,22,3.7,46.9,0.4,1.8,35
2026/04/29 16:45:00,36.5770,137.8470,4,3.7,62.6,2.2,2.4,23
2026/04/28 14:53:00,36.1900,135.9480,16,3.6,21.7,0.4,1.6,17
2026/04/27 23:35:00,36.5530,137.8620,8,2.7,34.0,0.6,1.6,4
2026/04/27 07:45:00,36.5520,137.8500,8,3.4,40.2,0.8,2.1,18
2026/04/27 05:24:00,42.6700,143.0750,83,6.2,369.0,22.3,5.2,448
2026/04/27 01:57:00,40.0370,142.7230,34,5.1,17.5,1.4,2.8,110
2026/04/26 15:43:00,40.0880,142.8230,33,4.7,13.2,0.7,2.2,70
2026/04/24 14:13:00,40.0800,142.8350,33,5.1,15.2,0.7,2.3,87
2026/04/23 23:53:00,35.7780,140.1400,70,3.8,15.4,0.5,2.2,112
2026/04/23 09:35:00,36.2300,137.5500,3,2.5,48.9,0.5,1.9,3
2026/04/23 04:32:00,36.6350,140.6170,8,3.3,39.5,0.4,1.7,13
2026/04/23 02:46:00,40.0520,142.1980,45,4.2,24.7,0.6,2.4,55
2026/04/23 02:42:00,36.5670,137.8480,9,4.1,42.7,1.0,2.4,28
2026/04/22 09:01:00,39.8550,143.1750,18,5.3,13.7,1.0,2.6,97
2026/04/22 03:44:00,40.1230,143.2680,17,5.6,9.7,0.9,2.4,105
2026/04/22 00:29:00,36.5630,137.8500,9,3.1,13.6,0.3,1.0,6
2026/04/21 13:50:00,37.1570,141.3670,46,4.1,29.4,0.6,1.9,48
2026/04/20 21:56:00,39.5820,143.4400,12,5.6,10.7,1.0,2.6,99
2026/04/20 18:49:00,39.7580,143.3850,15,5.2,6.3,0.6,2.0,52
2026/04/20 18:44:00,33.8030,134.9130,14,4.3,38.3,1.5,3.0,80
2026/04/20 17:32:00,39.5750,143.2550,14,5.5,7.7,0.5,2.0,106
2026/04/20 16:56:00,39.5970,143.2730,10,5.1,9.1,1.0,2.3,69
2026/04/20 16:53:00,39.8420,143.1570,19,7.7,428.6,15.2,5.1,682
2026/04/20 11:55:00,36.5620,137.8630,8,2.7,15.3,0.2,0.9,4
2026/04/20 07:41:00,36.5630,137.8520,8,2.5,5.6,0.1,0.7,4
2026/04/19 22:38:00,32.7630,130.7100,11,2.5,4.8,0.1,0.9,2
2026/04/19 22:10:00,36.5620,137.8650,8,2.9,55.0,0.7,1.8,4
2026/04/19 05:08:00,36.5780,137.8480,6,2.4,6.3,0.1,0.5,4
2026/04/18 17:47:00,36.5670,137.8650,8,3.1,17.4,0.5,1.5,5
2026/04/18 16:53:00,36.5780,137.8580,8,2.3,5.2,0.1,0.2,3
2026/04/18 16:21:00,36.5720,137.8580,8,3.7,96.5,2.3,2.8,30
2026/04/18 15:33:00,36.5680,137.8630,8,3.2,33.0,0.6,1.8,7
2026/04/18 14:54:00,36.5720,137.8550,9,5.1,312.9,12.7,4.4,193
2026/04/18 13:20:00,36.5800,137.8500,8,5.0,147.3,5.6,3.9,153
2026/04/17 18:42:00,40.3650,141.2170,8,2.4,5.5,0.1,0.7,2
2026/04/17 06:33:00,27.2580,128.4680,39,3.9,6.9,0.2,1.1,4
2026/04/17 02:40:00,35.2970,133.1600,11,3.8,39.0,0.5,2.2,44
2026/04/14 22:20:00,40.6380,142.3980,45,4.3,7.7,0.3,1.5,35
2026/04/14 15:34:00,36.3500,137.6200,2,4.1,24.6,0.4,1.8,20
2026/04/14 15:14:00,32.2430,130.4370,8,2.9,13.8,0.3,1.5,10
2026/04/13 08:54:00,37.6270,137.5030,15,4.5,21.7,0.6,2.5,68
2026/04/13 01:56:00,32.2450,130.4370,9,3.0,12.6,0.4,1.7,9
2026/04/12 22:00:00,38.2280,141.7900,59,4.7,58.8,0.9,2.5,112
2026/04/12 01:30:00,35.1180,132.7200,9,3.7,42.4,0.7,2.1,40
2026/04/11 18:49:00,41.8420,146.3820,29,5.4,16.5,1.1,2.1,76
2026/04/11 18:10:00,39.7580,141.8330,58,4.0,22.5,0.6,1.9,40
2026/04/07 19:52:00,36.2330,138.0200,10,3.1,62.2,1.5,2.4,18
2026/04/06 10:53:00,39.7470,142.3350,10,4.5,22.3,0.8,2.2,50
2026/04/06 02:28:00,37.5430,141.4830,53,4.1,15.2,0.5,1.8,56
2026/04/06 00:23:00,36.2020,140.0250,52,3.6,38.4,0.5,1.7,59
2026/04/05 16:34:00,36.1920,140.1200,52,3.6,35.6,0.5,1.9,68
2026/04/04 19:36:00,38.4030,141.9220,58,4.9,183.0,3.0,3.5,165
2026/04/04 15:43:00,37.1600,136.6720,3,2.9,64.3,1.6,2.6,3
2026/04/04 15:34:00,37.1620,136.6650,3,3.0,51.2,1.0,2.4,3
2026/04/04 06:39:00,33.8650,132.3500,49,3.7,16.6,0.2,1.3,57
2026/04/03 23:37:00,35.3750,136.8550,44,3.3,19.6,0.2,1.3,43
2026/04/03 01:41:00,34.8970,134.9600,17,3.3,21.0,0.4,1.5,18
2026/04/02 23:22:00,39.2470,142.1450,52,4.0,50.0,0.7,2.0,58
2026/04/02 16:27:00,42.7300,143.3630,73,3.3,10.0,0.4,1.6,10
2026/04/02 09:52:00,38.1800,141.7000,52,4.9,127.2,1.4,2.8,145
2026/04/02 01:28:00,36.0680,139.7150,57,3.2,9.8,0.1,0.6,34
2026/04/02 00:59:00,34.2030,135.1130,8,3.0,66.2,0.7,2.1,4
2026/04/01 10:06:00,36.1030,139.9920,48,5.0,242.6,6.4,4.3,294
2026/03/31 04:06:00,38.3070,141.8770,64,4.2,40.2,0.8,2.2,80
2026/03/31 03:43:00,37.2080,136.6600,10,3.5,44.6,0.8,1.8,6
2026/03/30 20:23:00,40.1750,141.1500,10,2.6,5.5,0.1,0.5,6
2026/03/30 10:05:00,38.3100,141.8600,47,4.0,42.6,0.5,1.7,38
2026/03/29 16:07:00,28.1200,128.0380,26,5.3,2.6,0.1,0.7,3
2026/03/29 15:56:00,35.6980,138.7170,12,3.3,57.7,1.3,2.0,34
2026/03/28 19:36:00,34.9870,139.5750,38,3.9,38.3,1.1,2.7,67
2026/03/28 00:24:00,39.3880,143.1850,18,4.9,3.3,0.3,1.6,30
2026/03/27 23:26:00,43.9570,144.9820,2,3.2,11.3,0.3,1.7,8
2026/03/27 22:08:00,34.0830,135.3250,10,2.7,10.0,0.1,0.1,3
2026/03/27 19:51:00,32.2430,130.4400,7,2.6,9.7,0.2,1.3,6
2026/03/26 23:18:00,39.4430,143.3020,15,6.7,39.1,3.2,3.5,343
2026/03/26 16:37:00,40.6930,142.6780,41,4.7,21.6,0.9,2.5,95
2026/03/26 10:08:00,32.2430,130.4300,7,2.6,11.7,0.2,1.0,4
2026/03/25 20:33:00,33.0870,130.5400,13,4.0,111.8,2.5,3.2,88
2026/03/25 20:31:00,34.9020,134.9580,18,4.2,212.4,3.5,3.5,137
2026/03/24 22:11:00,36.4130,137.6250,0,4.0,22.0,0.5,1.9,13
2026/03/22 12:44:00,32.2520,130.4180,7,3.0,27.8,0.5,2.0,8
2026/03/22 04:50:00,32.2500,130.4270,8,2.9,28.8,0.5,2.0,8
2026/03/22 00:43:00,32.2480,130.4200,6,2.5,12.1,0.3,1.6,3
2026/03/21 20:42:00,32.2470,130.4350,8,3.5,82.1,2.1,3.2,21
2026/03/21 20:12:00,29.4800,130.7100,59,5.4,5.7,0.5,1.9,4
2026/03/21 15:04:00,32.2430,130.4380,7,3.5,33.7,0.8,2.6,16
2026/03/21 06:19:00,28.4620,129.3830,55,4.2,35.3,0.6,2.1,4
2026/03/21 04:27:00,32.7220,130.6820,13,3.0,5.3,0.2,1.1,7
2026/03/21 00:29:00,32.2450,130.4380,9,3.6,34.1,1.3,2.6,38
2026/03/20 12:51:00,32.2450,130.4230,7,2.8,15.2,0.4,1.5,5
2026/03/19 06:23:00,40.9750,142.0070,58,4.3,30.0,0.5,2.2,48
2026/03/18 11:43:00,32.2470,130.4250,8,3.2,22.1,0.6,1.8,11
2026/03/18 06:13:00,42.2950,144.2530,53,4.3,12.3,0.5,1.9,36
2026/03/18 04:44:00,32.2470,130.4250,7,3.7,60.8,1.9,3.2,23
2026/03/16 20:37:00,34.7720,139.4430,122,4.3,7.9,0.3,1.4,105
2026/03/16 06:01:00,32.2470,130.4300,7,2.7,12.6,0.2,1.5,5
2026/03/16 05:37:00,32.2470,130.4320,5,2.8,14.6,0.3,1.7,6
2026/03/16 05:25:00,33.6000,132.2080,52,4.0,23.0,0.6,2.4,82
2026/03/16 03:56:00,41.3880,142.6880,40,4.9,14.6,0.6,2.2,115
2026/03/16 03:39:00,31.3330,131.7050,23,4.4,16.2,0.7,2.3,42
2026/03/16 01:32:00,40.8670,143.4000,16,4.7,4.4,0.4,1.7,29
2026/03/16 00:07:00,32.2480,130.4400,8,2.8,17.8,0.4,1.6,6
2026/03/15 23:10:00,32.2470,130.4400,7,3.9,90.5,2.4,3.5,42
2026/03/15 14:06:00,36.3370,139.4180,83,4.5,28.2,1.2,2.7,191
2026/03/15 03:19:00,35.9600,137.5250,9,2.9,39.2,0.5,2.1,11
2026/03/14 11:00:00,35.4150,139.1620,11,3.2,19.8,0.5,1.5,21
2026/03/14 04:55:00,39.3650,143.3870,14,5.2,10.0,0.9,2.5,69
2026/03/13 04:25:00,36.4280,137.6230,1,4.3,15.0,0.5,1.6,15
2026/03/12 20:33:00,36.4300,137.6200,0,3.4,19.0,0.3,1.3,9
2026/03/11 18:47:00,41.4820,141.7370,113,3.8,12.0,0.4,1.8,18
2026/03/10 20:42:00,24.1600,125.1570,24,4.6,8.0,0.2,1.2,2
2026/03/10 15:28:00,37.4000,141.0550,59,4.7,137.5,3.2,3.8,163
2026/03/10 00:45:00,42.0350,140.3520,145,5.8,18.6,1.3,2.4,238
2026/03/08 22:17:00,39.4050,143.2270,17,6.1,27.0,2.6,3.4,185
2026/03/08 22:08:00,39.3780,143.2280,14,5.6,19.4,1.8,3.1,98
2026/03/08 15:06:00,33.0850,130.2870,15,3.7,26.4,1.1,2.4,41
2026/03/07 11:33:00,43.7770,144.1000,10,2.7,10.3,0.2,1.1,5
2026/03/07 07:39:00,25.3470,124.9550,12,5.2,7.1,0.5,1.7,2
2026/03/07 05:35:00,38.7620,142.4380,45,4.3,22.6,0.5,2.1,37
2026/03/07 05:31:00,38.7580,142.4370,46,4.9,35.9,0.8,2.4,112
2026/03/06 23:19:00,32.9770,131.1030,9,2.9,18.0,0.3,1.7,7
2026/03/06 01:43:00,31.6620,129.5880,8,3.8,199.9,2.6,2.8,5
2026/03/05 19:48:00,25.3430,124.8600,5,5.2,4.7,0.5,1.5,3
2026/03/05 14:17:00,37.4870,137.2950,12,3.3,127.1,2.7,2.9,3
2026/03/03 09:11:00,25.3730,124.8900,13,5.6,4.9,0.6,1.8,2
2026/03/03 02:20:00,25.3530,124.9470,14,5.4,5.8,0.5,1.5,3
2026/03/02 19:39:00,25.3550,124.8930,5,6.2,20.2,2.2,2.8,4
2026/03/02 19:29:00,35.8980,137.6450,6,3.1,33.7,0.8,2.2,16
2026/03/02 19:13:00,35.9000,137.6450,6,3.0,24.6,0.5,2.0,13
2026/03/02 13:56:00,25.3820,124.8770,5,5.5,4.9,0.5,1.6,2
2026/03/02 00:50:00,33.3970,132.4270,45,3.3,12.6,0.2,1.4,18
2026/03/01 18:00:00,31.1180,130.5620,124,5.4,44.0,1.7,3.0,179
2026/03/01 12:41:00,33.0670,131.1870,5,3.4,10.6,0.3,1.7,20
2026/03/01 09:35:00,31.4770,131.3400,49,4.0,13.9,0.5,1.8,25
2026/03/01 06:41:00,25.2130,124.9420,11,5.0,9.2,0.3,1.4,4
2026/03/01 06:39:00,25.2620,124.9570,9,5.0,9.6,0.5,1.8,3
2026/02/28 21:56:00,25.3650,124.8980,11,5.7,8.2,0.6,1.9,2
2026/02/28 20:01:00,43.2470,146.0300,48,4.2,40.1,0.6,2.4,25
2026/02/28 14:53:00,25.3620,124.9050,0,5.8,10.1,1.0,2.4,2
2026/02/28 10:49:00,25.4200,124.8950,0,5.9,7.6,0.6,1.7,4
2026/02/27 23:48:00,25.3750,124.9250,11,5.5,8.3,0.5,1.7,3
2026/02/27 22:39:00,45.4480,140.9970,13,3.0,14.0,0.3,1.2,2
2026/02/27 15:11:00,25.2680,124.8700,0,5.2,3.6,0.3,1.4,2
2026/02/27 11:54:00,25.3730,124.9400,9,5.4,6.2,0.6,1.9,2
2026/02/26 02:17:00,31.6970,132.1470,42,4.9,20.9,1.6,2.9,64
2026/02/25 18:41:00,41.4930,142.0450,56,4.2,15.2,0.3,1.7,30
2026/02/25 18:07:00,32.1480,132.7030,33,5.0,18.0,0.7,2.3,92
2026/02/25 03:16:00,39.5550,142.0130,54,4.6,55.3,1.6,3.0,106
2026/02/24 13:26:00,38.1900,141.7700,58,3.7,23.9,0.4,1.9,36
2026/02/24 00:16:00,27.9770,129.1530,14,3.7,7.2,0.2,1.3,3
2026/02/23 14:35:00,34.2980,136.1880,39,3.3,17.9,0.2,1.2,27
2026/02/22 02:09:00,40.9100,142.1100,55,3.8,6.9,0.2,1.1,19
2026/02/21 13:03:00,36.6370,140.6250,7,2.9,80.3,0.8,1.9,4
2026/02/21 04:16:00,24.3000,122.8480,51,4.7,7.4,0.2,1.0,2
2026/02/20 23:16:00,41.5080,142.0870,54,5.1,27.6,0.6,2.4,165
2026/02/20 20:05:00,43.9270,145.0080,4,3.7,15.7,0.4,1.7,12
2026/02/19 17:24:00,35.2350,140.2620,26,4.2,19.7,0.6,2.0,44
2026/02/18 11:28:00,29.2920,130.5730,74,4.8,5.8,0.4,1.6,8
2026/02/16 13:59:00,40.1320,142.4800,38,4.4,11.3,0.4,1.8,59
2026/02/15 21:21:00,37.0650,139.3620,7,2.9,32.5,0.4,1.6,4
2026/02/15 16:19:00,41.5980,141.8670,33,3.8,16.4,0.2,1.4,23
2026/02/15 11:52:00,36.0770,139.9250,47,3.7,18.2,0.3,1.6,77
2026/02/13 06:48:00,25.8880,128.5870,48,5.6,16.4,0.7,2.3,8
2026/02/12 03:00:00,44.0580,147.3370,0,5.2,25.2,0.8,2.7,56
2026/02/12 02:28:00,41.4900,142.0470,56,4.3,13.4,0.4,1.9,75
2026/02/11 17:36:00,34.8570,137.8330,19,3.4,14.4,0.3,1.8,34
2026/02/10 10:17:00,43.9320,145.0130,6,3.5,16.9,0.3,1.8,9
2026/02/10 04:31:00,28.0430,129.0700,11,3.6,31.0,0.4,1.2,2
2026/02/09 23:44:00,45.0370,142.1880,0,3.6,131.9,3.7,3.3,12
2026/02/08 10:00:00,26.8100,128.4220,28,3.9,24.9,0.8,2.2,2
2026/02/08 09:20:00,37.9930,141.8170,52,4.0,11.4,0.3,1.5,43
2026/02/08 08:48:00,36.5680,140.8080,52,3.6,29.2,0.4,1.8,29
2026/02/07 20:01:00,35.4500,138.9450,20,4.0,96.4,2.0,2.9,67
2026/02/07 01:55:00,37.1470,141.1820,18,4.3,12.4,0.2,1.3,50
2026/02/07 00:58:00,36.0630,139.7970,80,4.1,31.2,0.9,2.8,179
2026/02/06 16:45:00,32.7700,130.4300,8,2.7,2.8,0.0,-0.2,1
2026/02/06 09:23:00,36.8100,138.6000,2,3.3,17.9,0.3,1.3,12
2026/02/05 09:19:00,35.6720,140.4150,67,4.5,8.8,0.5,1.8,132
2026/02/05 03:44:00,45.0550,142.1820,0,3.5,169.9,4.7,3.5,14
2026/02/05 03:21:00,29.1550,130.3650,63,5.5,7.4,0.7,2.2,5
2026/02/04 03:36:00,35.7950,140.9830,27,4.3,17.4,0.6,2.0,35
2026/02/04 02:15:00,36.1770,138.0120,4,2.5,5.8,0.1,0.8,3
2026/02/03 18:03:00,36.7280,140.9550,51,4.8,170.8,3.6,3.4,191
2026/02/03 06:58:00,37.5830,142.2670,33,4.5,9.3,0.3,1.7,44
2026/02/03 00:11:00,33.2130,132.3470,39,3.6,18.1,0.4,1.9,24
2026/01/31 03:47:00,36.3270,140.8370,42,4.0,34.2,0.7,2.4,86
2026/01/31 02:11:00,37.3680,136.9400,11,4.3,74.0,2.5,3.2,43
2026/01/29 23:13:00,41.9900,142.5330,66,4.1,10.2,0.3,1.6,42
2026/01/29 22:23:00,35.0630,140.0550,28,3.3,11.9,0.4,1.7,19
2026/01/29 11:47:00,35.0900,140.0850,27,4.3,45.8,1.5,2.9,46
2026/01/29 10:40:00,35.0750,140.0730,25,3.1,5.4,0.3,1.3,14
2026/01/29 10:25:00,35.0730,140.0800,24,4.5,35.8,1.7,3.0,31
2026/01/29 00:42:00,45.0550,142.1800,0,4.1,141.8,4.7,3.8,16
2026/01/28 19:45:00,40.1870,143.1330,20,5.2,11.9,1.2,2.7,69
2026/01/28 15:34:00,45.0620,142.1820,0,4.8,296.6,7.8,4.3,34
2026/01/28 10:53:00,45.0700,142.1780,0,4.4,94.1,2.9,3.5,30
2026/01/28 10:52:00,45.0570,142.1830,0,3.6,24.2,0.8,2.5,7
2026/01/28 07:26:00,30.4400,131.0700,18,3.6,9.7,0.3,1.5,2
2026/01/28 04:48:00,35.0120,136.8420,16,3.4,30.8,0.4,1.5,17
2026/01/27 11:47:00,42.9330,146.3020,42,5.0,19.5,1.3,2.6,41
2026/01/27 05:59:00,37.1730,136.7070,4,2.7,28.5,0.5,1.7,3
2026/01/26 19:49:00,24.8000,125.3830,49,4.4,9.9,0.4,1.5,2
2026/01/26 09:20:00,39.6800,142.1270,48,4.1,33.9,0.5,2.0,46
2026/01/26 06:30:00,36.6330,140.6200,8,3.6,159.3,1.5,2.7,21
2026/01/25 15:42:00,35.8780,137.5700,5,3.3,84.0,1.8,2.9,17
2026/01/25 11:47:00,36.1930,140.0350,51,3.7,16.6,0.4,1.6,49
2026/01/25 11:46:00,36.1980,140.0300,52,4.0,72.3,1.6,3.0,135
2026/01/24 18:00:00,38.3630,141.9830,85,4.0,31.4,0.4,1.7,53
2026/01/24 06:19:00,36.6330,140.6220,7,4.5,424.9,8.7,4.1,109
2026/01/23 10:06:00,42.4430,143.1800,48,4.0,10.6,0.3,1.7,24
2026/01/22 23:31:00,41.0430,142.5150,46,5.5,48.7,1.7,3.3,210
2026/01/21 12:56:00,36.0930,137.5550,3,2.7,40.8,0.9,2.6,4
2026/01/21 09:34:00,45.0600,142.2020,0,4.1,76.1,1.7,3.0,24
2026/01/21 04:40:00,45.0300,142.1650,0,4.4,571.8,20.1,4.9,23
2026/01/21 02:51:00,41.4880,142.0200,58,5.3,29.0,1.1,2.6,184
2026/01/20 18:17:00,45.0550,142.1920,0,3.7,50.7,1.5,2.9,20
2026/01/20 17:36:00,45.0580,142.2100,0,4.2,172.2,6.9,3.8,19
2026/01/20 14:03:00,37.6230,141.8570,40,4.3,10.7,0.2,1.3,41
2026/01/20 12:26:00,35.3080,133.2230,7,3.2,8.1,0.1,1.0,8
2026/01/20 12:25:00,35.3100,133.2230,7,3.2,9.5,0.2,1.1,16
2026/01/18 03:46:00,36.0450,137.4230,7,3.7,136.2,4.0,4.0,38
2026/01/18 01:49:00,35.6500,140.1070,71,3.8,13.1,0.4,1.7,78
2026/01/17 17:37:00,31.8920,130.8180,2,4.0,90.8,2.6,3.3,23
2026/01/17 04:34:00,41.2620,142.7320,35,5.4,29.6,1.0,2.8,162
2026/01/17 00:39:00,44.3270,142.2950,0,4.3,26.6,0.8,2.6,32
2026/01/16 10:56:00,45.0270,142.1580,0,3.6,214.7,9.4,4.2,12
2026/01/16 02:58:00,42.9370,145.4700,44,4.1,16.2,0.3,1.6,19
2026/01/15 14:57:00,36.3850,137.6250,2,3.3,5.1,0.1,0.5,10
2026/01/15 14:49:00,36.3580,137.6180,2,3.1,7.3,0.1,0.8,8
2026/01/15 14:48:00,36.3650,137.6220,0,5.2,75.4,1.8,3.0,134
2026/01/15 14:43:00,36.3600,137.6200,2,4.4,38.8,0.7,2.4,43
2026/01/15 14:40:00,36.3630,137.6130,0,4.8,56.4,1.4,2.8,79
2026/01/15 07:13:00,42.7150,145.3830,31,5.6,42.1,1.6,3.0,97
2026/01/14 23:30:00,32.7000,130.8050,16,2.8,8.8,0.2,1.2,6
2026/01/13 20:46:00,37.4830,137.2900,11,3.4,138.2,3.0,2.9,6
2026/01/13 16:34:00,44.3720,148.9370,30,6.3,8.9,0.4,1.8,50
2026/01/13 10:21:00,34.9170,137.4680,38,3.3,32.5,0.6,2.1,44
2026/01/13 05:09:00,37.4820,137.2770,12,4.3,178.8,5.6,3.6,33
2026/01/13 01:58:00,45.0480,142.1670,0,5.2,1752.2,73.1,5.9,51
2026/01/13 01:10:00,45.0420,142.1580,0,4.7,1278.0,47.1,5.9,25
2026/01/13 00:02:00,38.3120,141.9220,45,3.7,38.5,0.5,2.0,28
2026/01/12 23:08:00,35.2970,133.2280,8,3.0,45.0,0.4,1.4,11
2026/01/12 14:57:00,45.0420,142.1900,0,3.7,85.5,2.5,2.9,17
2026/01/12 12:14:00,38.2800,141.7980,56,4.0,29.0,0.3,1.3,42
2026/01/12 11:57:00,45.0280,142.1630,0,4.4,409.7,13.1,4.6,16
2026/01/12 11:52:00,45.0280,142.1770,0,4.3,207.3,6.4,4.0,17
2026/01/12 09:58:00,45.0350,142.1730,0,4.4,11.5,1.0,2.3,19
2026/01/12 09:50:00,45.0330,142.1900,0,5.1,1031.5,67.2,5.6,33
2026/01/12 09:48:00,45.0400,142.1870,0,4.4,27.9,0.7,2.1,10
2026/01/11 13:15:00,39.5550,141.8950,63,5.1,426.4,12.0,4.9,173
2026/01/11 08:59:00,31.5720,130.3530,4,2.8,64.1,1.4,2.6,4
2026/01/10 11:22:00,37.3520,136.8830,10,4.0,123.8,2.8,3.1,20
2026/01/09 23:24:00,40.2580,140.8350,6,3.0,31.6,0.5,2.0,13
2026/01/09 23:01:00,35.3170,133.2320,14,3.4,67.9,0.5,2.1,27
2026/01/09 20:35:00,40.2630,140.8430,7,3.8,67.1,1.7,2.9,35
2026/01/09 20:24:00,40.2620,140.8430,8,4.2,117.2,3.5,3.7,55
2026/01/09 20:08:00,35.4350,140.4430,30,4.6,81.0,3.0,3.4,106
2026/01/09 19:35:00,40.2620,140.8450,7,3.0,27.9,0.5,2.0,8
2026/01/09 18:56:00,40.2600,140.8420,7,4.3,135.2,3.4,3.8,57
2026/01/09 18:51:00,40.2580,140.8430,7,3.2,32.8,0.8,2.3,9
2026/01/09 04:30:00,42.0250,140.7780,10,2.9,21.0,0.6,1.9,4
2026/01/09 01:36:00,35.3180,133.2500,12,3.2,27.9,0.3,1.6,23
2026/01/08 10:17:00,40.1820,140.6550,2,2.4,2.5,0.1,0.5,1
2026/01/07 18:39:00,35.3150,133.2300,11,4.1,23.8,1.2,2.7,60
2026/01/07 04:54:00,35.3200,133.2350,14,3.3,30.1,0.4,2.0,21
2026/01/07 03:04:00,41.4580,142.1370,53,4.7,15.8,0.5,2.0,113
2026/01/07 01:15:00,35.2970,133.2020,9,3.3,11.4,0.3,1.3,19
2026/01/07 00:20:00,35.3000,133.2280,8,3.7,60.0,1.0,2.3,25
2026/01/06 22:52:00,35.2870,133.2270,13,3.4,29.4,0.4,1.8,25
2026/01/06 22:23:00,35.3120,133.1830,10,3.9,20.4,0.5,1.9,40
2026/01/06 19:53:00,35.3200,133.2370,15,3.9,34.1,0.7,2.1,47
2026/01/06 19:21:00,35.3170,133.2320,13,3.6,26.5,0.6,1.8,31
2026/01/06 15:38:00,35.3050,133.1920,10,3.6,28.2,0.8,2.1,30
2026/01/06 13:41:00,35.3080,133.1850,10,3.6,23.8,0.4,1.8,33
2026/01/06 12:43:00,35.3170,133.2550,12,3.5,22.1,0.3,1.5,26
2026/01/06 11:00:00,35.3030,133.1870,10,3.9,20.1,0.5,1.9,54
2026/01/06 10:50:00,35.3180,133.2280,14,3.6,29.6,0.4,2.0,36
2026/01/06 10:37:00,35.3120,133.1750,14,5.5,197.4,9.9,4.6,252
2026/01/06 10:34:00,35.3180,133.2330,14,3.8,79.3,1.1,2.4,37
2026/01/06 10:28:00,35.3170,133.2330,12,5.1,341.7,10.6,4.3,207
2026/01/06 10:24:00,35.3150,133.2300,11,4.2,159.7,2.2,3.1,104
2026/01/06 10:23:00,35.3000,133.1850,10,3.0,9.1,0.2,0.9,14
2026/01/06 10:18:00,35.3150,133.2130,11,6.4,518.0,27.4,5.2,416
2026/01/06 10:17:00,35.3120,133.2080,12,3.7,18.0,0.5,1.9,24
2026/01/05 18:42:00,35.3130,133.2070,12,3.3,61.1,0.8,1.7,20
2026/01/04 18:16:00,35.3480,136.7650,40,3.8,23.7,0.7,2.1,99
2026/01/02 08:43:00,27.6500,128.7770,19,3.6,7.5,0.1,0.8,2
2026/01/02 07:49:00,33.6850,134.6620,39,3.9,23.3,0.4,1.9,41
2026/01/01 06:29:00,32.9980,131.1230,9,3.4,52.7,1.3,3.1,21
2026/01/01 01:30:00,40.9080,143.0550,23,4.8,5.5,0.4,1.8,48
2025/12/31 23:50:00,39.6380,142.1050,48,3.8,44.1,0.8,2.2,30
2025/12/31 23:27:00,40.0670,142.8850,32,6.1,48.3,5.2,3.9,289
2025/12/31 20:26:00,32.9930,131.1250,9,3.3,26.5,0.7,2.5,19
2025/12/31 16:43:00,27.6620,128.7150,17,4.1,12.0,0.3,1.6,5
2025/12/31 08:51:00,39.4530,142.5870,31,4.6,16.1,0.3,1.8,74
2025/12/31 07:19:00,39.5550,143.4350,13,5.0,3.9,0.4,1.7,39
2025/12/30 17:48:00,27.6330,128.7620,16,4.0,14.1,0.3,1.5,3
2025/12/30 17:12:00,27.6720,128.7100,19,5.7,197.6,4.6,3.9,11
2025/12/29 07:35:00,32.9980,131.1270,9,3.9,86.4,2.3,3.5,64
2025/12/29 06:12:00,32.9980,131.1230,9,3.1,20.1,0.5,2.2,13
2025/12/28 02:19:00,32.9730,131.1000,9,3.0,11.4,0.3,1.7,9
2025/12/28 00:06:00,24.6320,121.9700,86,7.0,12.0,1.3,2.5,4
2025/12/27 12:55:00,42.9050,145.5050,40,4.2,40.1,1.0,2.4,20
2025/12/27 08:26:00,35.7170,134.8200,13,3.5,15.6,0.3,1.4,10
2025/12/26 02:56:00,32.7430,130.6650,11,2.9,3.7,0.1,0.4,8
2025/12/26 01:25:00,41.1850,142.5970,43,4.5,8.8,0.2,1.5,45
2025/12/26 01:17:00,41.1670,142.5820,42,5.8,32.2,2.0,3.1,237
2025/12/24 09:47:00,37.0530,136.6170,8,3.7,17.1,0.6,1.8,7
2025/12/23 18:44:00,33.0880,137.9320,330,5.1,6.6,0.2,1.4,91
2025/12/23 05:03:00,42.3250,143.0150,52,3.9,15.2,0.4,1.4,17
2025/12/22 08:33:00,39.6330,142.1050,49,4.2,53.0,1.0,2.5,42
2025/12/21 15:51:00,27.4770,129.1450,13,3.9,9.6,0.2,1.6,1
2025/12/21 10:29:00,40.7230,142.2530,51,5.6,79.9,2.7,3.6,225
2025/12/20 21:58:00,42.7270,146.0200,14,5.0,14.5,0.7,2.4,32
2025/12/20 21:33:00,42.7520,146.0380,14,4.8,20.9,0.7,2.6,30
2025/12/20 21:30:00,42.7350,146.0450,15,5.4,21.3,0.9,2.6,47
2025/12/20 02:05:00,37.0670,136.6280,8,3.5,17.1,0.5,1.9,6
2025/12/18 22:57:00,36.8770,140.9800,53,4.0,28.0,0.7,2.4,62
2025/12/18 11:18:00,32.9850,131.1250,8,3.0,16.2,0.4,1.6,9
2025/12/18 09:50:00,39.7380,143.1980,12,4.7,12.9,0.4,1.9,50
2025/12/17 18:50:00,41.2520,142.4820,45,4.8,9.5,0.4,1.9,68
2025/12/17 07:28:00,40.7420,142.1420,55,3.8,14.8,0.2,1.6,19
2025/12/16 23:13:00,32.9920,131.1220,10,3.5,46.7,1.3,2.8,27
2025/12/16 14:38:00,40.8930,143.0580,15,5.3,27.6,1.1,2.8,154
2025/12/16 13:57:00,35.9120,136.7470,10,3.8,148.4,3.3,2.7,38
2025/12/16 11:45:00,38.7650,141.7000,100,4.5,138.9,2.5,3.2,119
2025/12/16 06:06:00,36.4130,140.6130,55,3.7,27.2,0.4,2.0,49
2025/12/15 08:44:00,42.9300,145.4520,43,4.1,17.2,0.5,1.7,17
2025/12/15 04:03:00,37.0470,136.6280,7,4.7,49.0,1.3,2.8,60
2025/12/14 23:37:00,37.0630,136.6280,8,3.2,15.5,0.4,1.7,3
2025/12/14 23:26:00,37.0530,136.6250,8,4.9,209.7,6.5,3.8,70
2025/12/14 22:49:00,41.5630,142.1070,53,4.2,5.0,0.1,0.7,14
2025/12/14 17:51:00,40.7350,142.1570,55,3.7,8.0,0.2,1.5,12
2025/12/14 07:52:00,37.0720,141.2050,48,3.9,25.4,0.5,2.0,57
2025/12/13 14:59:00,40.9830,142.3220,49,4.0,4.2,0.2,1.2,20
2025/12/12 19:05:00,36.1930,140.0580,52,4.9,242.0,7.1,4.1,231
2025/12/12 12:21:00,40.9880,143.0020,17,5.7,44.2,2.2,3.2,208
2025/12/12 11:44:00,40.9000,142.9650,17,6.9,148.3,9.3,4.5,512
2025/12/12 07:10:00,43.3750,141.5530,7,3.5,48.5,1.1,2.4,11
2025/12/12 07:09:00,40.9980,143.1670,16,5.0,4.5,0.5,1.9,56
2025/12/12 03:59:00,43.3700,141.5630,7,2.9,24.5,0.5,1.8,6
2025/12/12 03:11:00,41.2470,142.8180,29,4.5,6.9,0.3,1.7,44
2025/12/11 19:12:00,41.8700,142.7850,61,4.0,11.2,0.3,1.5,21
2025/12/11 12:42:00,35.7850,140.9720,18,4.0,19.7,0.5,1.5,29
2025/12/11 04:00:00,34.2000,139.2930,12,3.4,11.4,0.2,1.5,3
2025/12/11 03:55:00,34.1970,139.2920,13,3.8,7.8,0.3,1.5,3
2025/12/10 23:52:00,40.8350,142.7550,36,6.0,57.4,2.4,3.3,300
2025/12/10 08:04:00,41.2680,142.3970,48,4.3,13.7,0.4,1.7,40
2025/12/09 18:09:00,41.2670,142.4180,47,5.3,34.7,1.6,2.9,177
2025/12/09 09:18:00,41.1550,142.2550,52,4.4,15.6,0.4,1.8,61
2025/12/09 08:59:00,40.8130,142.9230,26,5.4,12.5,0.7,2.3,132
2025/12/09 07:07:00,41.0000,143.2200,19,4.7,7.5,0.4,1.9,63
2025/12/09 06:52:00,40.9430,143.3000,15,6.6,60.1,3.9,3.8,375
2025/12/09 04:01:00,40.9400,143.1950,18,4.8,8.2,0.4,1.7,68
2025/12/09 03:56:00,40.9500,143.1270,19,6.1,26.9,1.9,3.0,233
2025/12/09 02:16:00,42.9270,145.4480,44,4.1,36.7,0.6,2.2,16
2025/12/09 00:57:00,40.8880,143.1380,20,4.9,8.6,0.4,1.7,61
2025/12/08 23:33:00,40.8830,142.5870,42,5.9,61.7,1.7,3.4,199
2025/12/08 23:15:00,40.9670,142.2870,54,7.5,517.4,47.4,5.6,749
2025/12/07 09:16:00,39.4620,143.4320,15,4.8,3.5,0.3,1.5,29
2025/12/05 12:11:00,32.9750,131.1130,4,3.3,42.3,1.2,2.5,11
2025/12/04 18:03:00,42.7520,143.2180,56,3.6,15.6,0.6,1.9,30
2025/12/04 08:37:00,37.0920,140.8300,9,3.6,20.6,0.4,1.7,30
2025/12/03 15:20:00,42.3550,143.9800,67,3.9,21.2,0.4,1.5,39
2025/12/03 09:39:00,35.4720,139.2800,109,3.4,8.3,0.3,1.7,20
2025/12/02 23:44:00,35.3330,138.7300,10,2.5,5.4,0.1,0.8,5
2025/12/02 20:07:00,34.5320,139.4400,15,4.2,17.8,1.0,2.1,12
2025/12/02 19:03:00,42.9380,145.4580,45,5.2,262.1,8.3,4.2,104
2025/12/01 09:48:00,42.1120,142.5520,46,4.5,20.2,0.9,2.5,92
2025/12/01 08:44:00,37.3270,141.5820,38,4.1,13.4,0.3,1.7,33
2025/12/01 02:26:00,38.2120,141.7950,59,4.7,88.1,1.1,2.5,131
2025/11/30 23:55:00,34.9970,137.3080,39,3.8,30.1,0.4,2.0,84
2025/11/29 21:23:00,37.5180,140.4980,93,3.3,6.1,0.1,0.6,16
2025/11/27 22:07:00,32.9820,131.1250,7,2.8,16.3,0.3,1.5,5
2025/11/27 22:01:00,32.9900,131.1050,6,3.0,8.8,0.3,1.6,7
2025/11/27 01:43:00,42.4600,144.3230,74,4.6,29.0,0.9,2.5,76
2025/11/26 01:01:00,32.9970,131.1180,9,2.9,10.6,0.1,1.2,5
2025/11/25 23:48:00,32.9820,131.1200,9,3.6,42.4,1.1,3.0,26
2025/11/25 23:41:00,32.9870,131.1080,9,2.9,10.5,0.2,1.4,7
2025/11/25 23:23:00,32.9880,131.1050,9,3.3,31.7,0.8,2.5,21
2025/11/25 22:31:00,32.9870,131.1080,9,3.6,47.4,1.2,2.9,25
2025/11/25 22:17:00,32.9820,131.1180,9,3.3,31.5,0.8,2.6,13
2025/11/25 21:59:00,32.9850,131.1100,9,4.3,147.5,7.3,4.3,64
2025/11/25 21:31:00,32.9970,131.1180,9,3.0,9.3,0.2,1.5,7
2025/11/25 20:44:00,32.9920,131.1270,8,3.8,64.2,1.7,3.2,35
2025/11/25 19:27:00,32.9930,131.0970,7,2.6,4.1,0.1,0.8,4
2025/11/25 18:50:00,32.9820,131.1270,7,2.9,14.8,0.3,1.6,7
2025/11/25 18:31:00,32.9950,131.1050,7,3.4,19.3,0.4,2.1,14
2025/11/25 18:15:00,32.9950,131.1020,7,3.1,11.2,0.2,1.4,9
2025/11/25 18:10:00,33.0000,131.1020,8,3.4,16.2,0.7,2.2,18
2025/11/25 18:04:00,32.9900,131.1080,5,3.2,11.7,0.5,2.0,8
2025/11/25 18:01:00,32.9970,131.1070,9,5.8,283.9,25.8,5.1,219
2025/11/25 11:08:00,39.9370,142.0950,14,3.4,20.2,0.3,1.3,8
2025/11/23 19:09:00,37.2880,140.6050,7,3.2,130.8,1.5,1.7,16
2025/11/23 09:03:00,43.4780,144.0480,0,2.8,33.8,0.8,2.2,2
2025/11/21 21:22:00,39.6180,143.5580,12,5.7,6.9,0.6,2.0,92
2025/11/21 12:24:00,35.6150,139.8830,32,3.2,35.0,1.1,2.1,38
2025/11/21 08:46:00,44.2920,142.1620,7,1.7,11.5,0.3,1.5,1
2025/11/21 08:36:00,25.6380,124.7530,121,5.0,19.7,0.3,1.5,4
2025/11/21 03:51:00,36.0850,137.5430,4,2.8,35.8,0.6,2.2,5
2025/11/20 05:33:00,28.0350,128.9250,57,3.9,6.5,0.1,1.1,2
2025/11/19 21:04:00,44.8170,142.1620,0,2.6,18.8,0.4,1.7,5
2025/11/18 17:21:00,40.9330,142.6220,45,4.8,13.3,0.7,2.2,114
2025/11/18 12:22:00,36.4370,140.6580,53,3.5,17.6,0.2,1.4,27
2025/11/18 05:27:00,34.4550,139.1970,13,3.2,15.5,0.3,1.6,4
2025/11/18 04:06:00,39.7400,143.2320,11,5.7,34.8,2.9,3.4,152
2025/11/16 16:03:00,35.3900,140.4280,60,3.7,19.0,0.4,1.8,32
2025/11/16 08:54:00,36.4180,140.7030,52,3.6,37.2,0.3,1.6,30
2025/11/16 04:44:00,36.2420,137.5800,3,2.6,46.0,0.5,1.5,3
2025/11/15 22:03:00,37.7270,137.6170,22,4.2,9.7,0.3,1.7,23
2025/11/14 08:05:00,39.6130,141.3580,85,3.7,14.1,0.3,1.5,51
2025/11/14 04:58:00,39.2880,143.5370,13,5.4,5.2,0.5,2.0,49
2025/11/13 17:47:00,36.0480,137.6000,5,2.9,37.1,0.8,2.5,8
2025/11/13 10:38:00,42.9220,145.4680,42,3.9,20.6,0.5,1.9,17
2025/11/12 15:50:00,35.2300,137.1530,45,3.4,14.3,0.3,1.2,49
2025/11/12 09:29:00,39.7580,143.3500,15,5.4,10.0,0.8,2.3,85
2025/11/12 08:59:00,37.3380,141.2270,55,3.4,12.9,0.2,1.0,7
2025/11/12 06:50:00,36.4630,140.6000,56,3.8,57.4,1.2,2.7,85
2025/11/10 18:59:00,39.5720,143.2630,13,5.2,5.6,0.3,1.5,45
2025/11/10 16:23:00,39.5580,143.5550,8,6.4,22.3,2.4,3.3,217
2025/11/10 16:22:00,39.5550,143.5720,12,5.3,4.5,0.2,1.3,13
2025/11/10 12:00:00,39.1420,143.0230,20,5.5,10.1,0.8,2.5,99
2025/11/10 10:20:00,39.2130,143.5800,12,5.5,4.3,0.4,1.8,34
2025/11/10 00:46:00,39.4920,143.3200,13,5.0,5.9,0.4,1.9,49
2025/11/10 00:44:00,39.4880,143.3520,15,4.9,4.9,0.5,1.9,38
2025/11/09 18:28:00,39.6080,143.5530,10,5.9,13.4,1.3,2.7,128
2025/11/09 18:16:00,39.4650,143.3450,11,5.1,5.0,0.3,1.6,40
2025/11/09 18:10:00,39.4730,143.3730,10,5.5,11.7,1.1,2.7,70
2025/11/09 17:54:00,39.4520,143.4000,14,6.6,29.4,2.0,3.1,258
2025/11/09 17:49:00,39.3620,143.3830,15,5.5,11.5,1.1,2.6,71
2025/11/09 17:34:00,39.4330,143.4750,16,5.9,9.5,0.8,2.3,96
2025/11/09 17:14:00,39.4800,143.5200,6,6.1,8.2,0.8,2.3,88
2025/11/09 17:11:00,39.5650,143.3870,7,5.1,7.3,0.5,1.8,84
2025/11/09 17:07:00,39.5250,143.4550,10,4.5,3.4,0.3,1.6,24
2025/11/09 17:06:00,39.6170,143.4650,11,4.6,3.6,0.3,1.5,27
2025/11/09 17:03:00,39.4020,143.5070,16,6.9,36.3,3.5,3.6,380
2025/11/09 16:34:00,27.4350,128.8300,35,3.7,13.4,0.3,1.5,2
2025/11/09 13:16:00,41.9580,142.3370,71,4.0,7.9,0.2,1.3,24
2025/11/09 09:17:00,39.3480,143.3800,15,5.2,3.3,0.3,1.6,33
2025/11/09 07:33:00,39.3880,143.4580,14,5.1,3.7,0.2,1.0,28
2025/11/09 07:15:00,39.4330,143.4700,13,5.9,14.8,1.3,2.7,134
2025/11/09 06:24:00,36.3480,140.0770,71,4.0,28.8,0.8,2.4,93
2025/11/09 06:04:00,39.3680,143.4200,13,5.5,12.7,1.2,2.8,80
2025/11/09 05:29:00,39.4300,143.5020,15,5.4,5.1,0.4,1.9,63
2025/11/08 18:17:00,38.2950,141.8730,63,3.9,39.2,0.5,1.8,52
2025/11/08 11:36:00,39.3600,143.4520,14,4.7,3.8,0.3,1.6,27
2025/11/07 04:26:00,32.0370,132.0270,22,4.4,18.3,0.5,2.1,45
2025/11/07 01:23:00,32.0420,132.0330,23,4.7,29.3,0.6,2.1,55
2025/11/06 23:38:00,37.0550,141.2220,48,3.7,24.9,0.3,1.5,27
2025/11/06 23:29:00,41.9630,144.5930,15,4.6,3.1,0.3,1.6,14
2025/11/05 07:17:00,34.8330,140.8150,42,4.9,19.0,0.9,2.3,41
2025/11/04 14:00:00,36.1070,140.0250,68,3.6,9.2,0.2,1.3,53
2025/11/04 04:16:00,39.3530,143.5530,12,5.3,4.3,0.3,1.6,51
2025/11/03 21:01:00,31.8150,130.7130,0,2.1,2.3,0.1,0.4,1
2025/11/03 19:56:00,31.8220,130.7470,0,2.9,4.7,0.2,1.1,4
2025/11/03 19:54:00,31.8130,130.7100,0,2.0,2.5,0.1,0.2,1
2025/11/03 19:51:00,31.8200,130.7380,0,2.9,5.9,0.2,1.4,3
2025/11/03 19:46:00,31.8220,130.7380,0,3.0,10.3,0.4,1.8,3
2025/11/03 19:21:00,31.8200,130.7230,0,2.5,3.6,0.2,0.9,2
2025/11/03 19:18:00,31.8250,130.7250,0,3.3,12.3,0.7,2.2,9
2025/11/03 18:50:00,31.8220,130.7250,0,2.6,6.0,0.2,1.3,2
2025/11/03 17:38:00,31.8180,130.7200,0,2.3,3.0,0.1,0.8,2
2025/11/02 23:15:00,36.0370,139.9350,44,3.6,18.7,0.2,1.3,58
2025/11/02 07:30:00,34.0770,135.3250,9,4.2,56.6,1.2,2.6,50
2025/11/01 23:44:00,39.1030,142.1900,50,4.4,60.4,1.2,2.5,68
2025/10/30 17:00:00,37.1280,141.3700,5,4.7,23.8,0.8,2.4,74
2025/10/30 05:06:00,41.7130,140.7450,12,2.8,37.8,0.5,2.2,4
2025/10/28 19:05:00,41.5870,141.9570,60,3.9,8.4,0.2,1.5,14
2025/10/26 22:34:00,35.8000,140.0970,69,4.3,12.3,0.6,2.0,163
2025/10/26 15:54:00,34.3780,136.0250,8,3.4,60.5,0.9,2.4,18
2025/10/26 12:07:00,36.6230,139.4520,5,3.5,129.2,1.5,3.1,59
2025/10/26 12:04:00,36.6230,139.4520,5,4.7,274.3,4.8,4.0,237
2025/10/26 01:09:00,36.8880,140.5170,9,3.6,42.1,0.7,2.1,30
2025/10/25 01:40:00,42.9320,145.6170,40,5.8,327.5,11.0,4.6,146
2025/10/24 15:47:00,35.8050,140.1220,69,4.0,13.8,0.6,2.3,109
2025/10/24 09:27:00,38.1900,141.7070,51,3.9,14.4,0.2,1.5,31
2025/10/24 06:09:00,37.4450,141.8420,50,4.9,40.4,1.5,3.0,128
2025/10/23 23:36:00,30.5530,131.1670,13,3.7,8.7,0.3,1.5,2
2025/10/22 18:17:00,42.9230,145.4730,43,5.1,168.4,6.6,3.6,66
2025/10/21 14:20:00,38.9180,142.1180,44,3.7,16.4,0.4,1.6,15
2025/10/15 17:50:00,38.5320,141.4150,72,3.9,71.0,0.9,2.5,59
2025/10/14 12:34:00,39.6630,139.4220,20,4.4,28.6,0.8,2.0,60
2025/10/14 07:06:00,39.5170,142.0170,20,4.3,120.5,2.0,2.7,74
2025/10/14 02:33:00,35.8170,137.3230,10,3.3,44.6,0.5,1.9,28
2025/10/13 12:25:00,38.6100,142.3980,62,4.6,32.3,0.6,2.1,109
2025/10/12 04:24:00,36.9330,136.3750,12,3.6,16.0,0.5,1.9,7
2025/10/09 17:59:00,42.0300,140.7970,10,2.6,25.8,0.5,1.7,2
2025/10/09 06:51:00,34.8830,136.7970,8,3.4,24.5,0.5,1.6,19
2025/10/07 09:30:00,37.5300,141.3730,52,5.0,113.3,4.1,4.1,218
2025/10/06 11:31:00,39.7580,141.8370,59,3.7,26.4,0.4,1.9,35
2025/10/05 19:58:00,34.8850,136.7970,8,3.3,57.8,1.2,2.2,21
2025/10/05 00:21:00,37.4180,141.5850,45,6.0,49.8,2.1,3.1,334
2025/10/04 23:15:00,39.6530,142.2680,33,4.4,39.0,0.6,2.3,70
2025/10/04 14:29:00,37.0050,138.1320,4,2.8,9.0,0.3,1.8,7
2025/10/03 15:20:00,37.2720,141.2550,55,4.4,38.6,1.0,2.5,105
2025/10/03 12:48:00,35.5300,139.8870,112,4.1,16.6,0.6,2.2,107
2025/10/03 12:37:00,34.8470,140.1030,60,4.2,12.3,0.6,2.0,55
2025/10/01 23:50:00,38.6980,141.9750,59,4.6,146.4,2.4,3.0,112
2025/09/26 10:58:00,34.9530,139.9630,62,4.1,17.9,0.6,2.0,41
2025/09/25 03:03:00,38.9000,142.0750,46,4.2,30.9,0.5,1.9,54
2025/09/23 18:46:00,36.5250,140.6950,54,4.1,51.9,0.8,2.3,48
2025/09/23 16:37:00,42.0300,140.7880,9,2.3,13.1,0.4,1.7,1
2025/09/22 02:14:00,36.6020,140.9670,47,3.8,36.1,0.6,2.1,37
2025/09/21 17:02:00,34.2530,135.4300,6,2.7,20.6,0.2,0.9,3
2025/09/21 11:32:00,36.3350,138.0020,8,3.1,15.5,0.2,1.3,10
2025/09/21 06:47:00,40.1070,141.9380,16,4.3,20.7,0.6,2.3,33
2025/09/20 03:02:00,36.2220,141.0350,39,4.3,33.9,0.5,2.0,53
2025/09/18 19:06:00,32.0370,131.8970,29,4.1,10.5,0.4,1.7,24
2025/09/17 06:33:00,34.5570,139.4350,13,4.0,19.3,0.4,1.7,14
2025/09/15 13:34:00,38.4270,142.0620,41,4.4,20.2,0.3,1.7,53
2025/09/13 23:22:00,29.9170,129.9870,10,4.5,9.1,0.1,1.1,4
2025/09/13 00:57:00,43.1150,146.7120,44,4.7,11.0,0.4,1.9,17
2025/09/11 14:12:00,36.3220,140.0230,73,3.5,7.4,0.2,1.4,45
2025/09/10 16:30:00,36.0420,139.9120,44,3.5,16.5,0.4,1.7,50
2025/09/09 20:08:00,33.6830,139.4720,17,4.3,4.0,0.1,0.9,4
2025/09/09 08:53:00,35.4430,139.9730,72,4.1,22.2,0.5,2.2,114
2025/09/08 08:24:00,37.3970,137.1330,13,4.5,207.6,5.4,4.1,60
2025/09/07 21:05:00,43.0450,143.6030,8,2.8,13.6,0.3,1.5,2
2025/09/07 10:50:00,34.9920,137.2570,39,4.1,22.8,0.6,2.1,97
2025/09/07 02:39:00,37.8500,141.5180,86,3.7,8.1,0.2,1.4,29
2025/09/06 12:48:00,41.0470,142.0430,58,3.9,9.0,0.2,1.4,20
2025/09/05 21:00:00,36.0670,139.8950,46,4.4,82.3,2.1,3.5,191
2025/09/04 09:31:00,39.4820,140.4280,10,3.0,19.3,0.5,1.6,9
2025/09/04 05:31:00,27.4620,129.2950,39,4.4,4.4,0.2,1.1,2
2025/09/01 13:11:00,37.1530,136.7350,6,3.2,19.4,0.3,1.7,4
2025/09/01 12:39:00,43.8750,142.0600,10,3.6,19.4,0.4,2.2,13
2025/08/31 03:49:00,35.2920,137.8050,17,3.4,71.0,1.0,2.5,38
2025/08/30 18:26:00,39.3330,142.0700,48,4.7,109.7,1.6,2.8,68
2025/08/30 01:53:00,37.2980,141.6020,42,3.9,6.1,0.1,0.6,9
2025/08/30 01:51:00,37.3000,141.6030,44,4.9,31.0,0.7,2.2,127
2025/08/30 01:29:00,38.4430,142.2000,41,5.8,253.4,4.7,3.7,294
2025/08/29 08:10:00,36.9020,140.5080,7,3.5,36.5,0.6,1.6,16
2025/08/29 04:54:00,36.6580,140.9830,88,4.5,58.6,1.3,3.0,156
2025/08/29 03:39:00,35.0830,139.1270,0,2.6,7.9,0.2,1.0,3
2025/08/28 23:35:00,35.7570,136.3070,10,3.4,49.4,0.7,2.4,16
2025/08/28 18:50:00,42.9670,145.9820,15,4.6,17.5,0.5,2.1,19
2025/08/28 18:31:00,38.3150,141.7530,50,4.0,30.1,0.3,1.6,47
2025/08/28 12:12:00,26.6170,127.7600,44,4.5,15.8,0.4,2.0,6
2025/08/28 10:06:00,35.9050,140.3470,40,3.1,11.3,0.2,1.3,26
2025/08/27 21:50:00,32.0600,131.9350,29,4.2,29.3,0.9,2.3,50
2025/08/25 01:44:00,35.7580,136.3080,10,4.4,181.1,2.4,2.9,93
2025/08/22 08:06:00,38.6950,142.2550,41,4.4,29.8,0.4,1.8,53
2025/08/22 07:34:00,38.6830,142.2420,43,5.6,102.3,2.1,3.4,198
2025/08/22 01:30:00,35.0450,135.5470,14,3.3,18.2,0.2,1.3,21
2025/08/21 16:58:00,44.3880,142.3900,4,3.7,28.3,0.5,2.2,12
2025/08/21 10:44:00,34.5000,139.4100,16,4.8,24.2,1.4,2.6,17
2025/08/19 07:19:00,42.0080,140.6820,133,5.1,12.5,1.0,2.5,128
2025/08/19 07:17:00,32.2230,132.0770,21,3.7,11.9,0.2,1.5,12
2025/08/18 23:12:00,34.8980,137.3620,38,3.8,33.9,0.4,1.8,86
2025/08/18 21:57:00,34.9070,137.3620,38,3.7,37.1,0.5,1.7,88
2025/08/18 08:33:00,34.1520,137.8180,13,4.6,9.3,0.5,1.8,41
2025/08/17 20:50:00,36.9500,136.3820,12,3.9,25.5,0.7,2.2,10
2025/08/17 06:13:00,32.0370,131.9350,29,5.7,95.8,6.5,4.1,209
2025/08/16 10:47:00,43.6400,144.4520,0,2.2,21.0,0.3,1.6,1
2025/08/16 03:25:00,36.8480,140.5280,17,3.4,73.7,0.8,1.9,20
2025/08/14 23:18:00,35.0050,138.4800,23,3.9,24.2,1.0,2.4,74
2025/08/14 12:48:00,40.5580,141.3880,88,4.0,21.9,0.7,2.2,50
2025/08/14 04:13:00,36.4550,141.0850,47,5.2,81.7,3.0,3.6,229
2025/08/13 20:46:00,32.1380,131.9750,29,3.8,15.5,0.4,1.7,16
2025/08/13 07:50:00,43.2000,146.1470,48,4.2,17.2,0.6,2.1,18
2025/08/12 23:31:00,42.3580,144.5370,22,4.2,7.6,0.2,1.5,24
2025/08/12 18:11:00,42.3570,144.5570,22,5.5,67.1,2.3,3.4,131
2025/08/12 02:11:00,32.2500,130.6680,5,2.9,44.6,0.6,1.8,9
2025/08/09 19:00:00,35.2650,137.6630,8,2.5,38.3,0.5,1.9,3
2025/08/07 16:45:00,24.5380,122.9380,106,5.6,21.5,1.2,2.6,5
2025/08/07 13:39:00,33.1300,131.1950,4,3.2,12.3,0.3,2.0,14
2025/08/07 08:56:00,33.1350,131.2120,3,3.0,4.6,0.2,1.0,9
2025/08/07 08:47:00,33.1280,131.2100,2,4.8,106.0,3.2,3.7,61
2025/08/06 04:26:00,35.8370,140.5530,38,3.9,11.6,0.3,1.5,18
2025/08/06 02:53:00,33.0770,131.9800,50,4.2,43.1,0.6,2.2,84
2025/08/04 23:40:00,43.0780,144.9880,60,4.1,34.1,1.0,2.5,34
2025/08/02 07:27:00,42.3700,145.4150,13,5.4,22.1,1.4,2.9,49
2025/08/02 06:18:00,43.2330,146.3150,67,4.5,29.9,0.7,2.5,31
2025/08/01 22:58:00,36.2350,139.5000,102,4.0,9.0,0.3,1.7,105
2025/07/30 08:24:00,52.5120,160.3230,35,8.8,3.9,1.0,1.5,105
2025/07/30 03:58:00,36.1650,140.0900,50,3.8,48.4,1.0,2.3,107
2025/07/30 00:29:00,42.9430,141.4780,9,2.7,38.8,0.9,2.2,3
2025/07/28 12:10:00,42.3300,143.1230,51,5.2,160.5,3.7,3.9,208
2025/07/28 02:04:00,37.8400,141.6300,83,4.5,58.4,0.9,2.3,113
2025/07/26 18:20:00,29.3130,129.5370,4,4.3,1.4,0.1,0.7,1
2025/07/26 06:43:00,34.9050,134.2430,19,3.6,66.8,0.6,2.1,24
2025/07/26 00:28:00,32.7930,130.1320,8,3.4,19.8,0.4,1.9,15
2025/07/25 18:12:00,36.6430,140.9320,48,4.2,104.9,2.6,3.2,68
2025/07/25 12:16:00,37.0530,140.7150,18,4.2,62.7,1.4,2.9,74
2025/07/25 11:17:00,32.8000,130.1280,9,4.8,148.8,5.4,3.8,125
2025/07/24 17:47:00,37.2180,137.9980,26,3.7,10.4,0.4,1.7,25
2025/07/24 07:55:00,28.1480,129.2780,49,3.9,9.5,0.3,1.2,3
2025/07/23 21:49:00,35.2030,139.0170,5,3.8,47.6,0.9,2.4,29
2025/07/23 12:13:00,37.0150,141.0270,67,3.7,17.0,0.3,1.7,55
2025/07/23 10:38:00,36.6630,139.4680,2,2.7,33.9,0.5,1.5,5
2025/07/21 15:05:00,42.0180,142.5880,60,4.1,9.8,0.2,1.5,16
2025/07/21 08:17:00,34.7970,139.2630,9,2.7,15.6,0.3,1.6,5
2025/07/21 04:28:00,35.2030,139.0180,5,3.1,46.3,0.8,1.9,7
2025/07/21 00:34:00,37.2570,139.0830,3,3.2,16.6,0.2,1.2,10
2025/07/20 02:40:00,29.3130,129.5580,12,3.8,1.7,0.1,0.6,1
2025/07/19 07:35:00,44.9430,141.7370,25,3.6,18.9,1.0,2.1,15
2025/07/18 18:58:00,33.0380,131.4880,100,3.7,17.0,0.5,2.1,51
2025/07/18 03:44:00,41.1430,143.1450,17,4.7,4.8,0.3,1.7,40
2025/07/16 15:05:00,29.3070,129.5170,10,4.4,5.0,0.4,1.8,2
2025/07/16 02:15:00,29.3080,129.4420,12,4.7,3.3,0.2,1.3,1
2025/07/16 00:49:00,34.5520,132.9550,19,3.7,56.1,0.9,2.6,40
2025/07/15 23:47:00,36.4600,140.6120,56,4.9,109.3,2.6,3.5,219
2025/07/15 22:25:00,35.3080,137.8650,16,3.1,15.8,0.2,1.1,18
2025/07/15 13:20:00,29.3220,129.4800,12,5.4,9.6,0.8,2.4,2
2025/07/14 14:55:00,35.0120,139.5480,30,3.3,14.2,0.5,1.9,18
2025/07/14 08:32:00,29.3070,129.5020,13,4.3,4.5,0.4,1.8,1
2025/07/14 05:36:00,29.3020,129.5350,9,3.9,1.6,0.1,0.8,1
2025/07/13 23:22:00,29.3050,129.5020,9,4.5,1.9,0.1,0.9,1
2025/07/13 20:29:00,29.2930,129.5130,10,4.7,5.9,0.5,2.0,1
2025/07/13 20:22:00,29.2820,129.4950,0,3.7,1.4,0.1,0.6,1
2025/07/13 20:19:00,29.3220,129.4700,9,4.9,4.2,0.3,1.6,1
2025/07/13 13:35:00,29.3200,129.5120,12,4.0,1.5,0.1,0.7,1
2025/07/13 05:54:00,29.2900,129.5380,11,4.4,5.1,0.4,1.8,2
2025/07/13 05:32:00,29.3050,129.5150,13,4.4,2.4,0.2,1.1,1
2025/07/12 11:00:00,29.3150,129.5020,13,4.9,4.2,0.3,1.7,2
2025/07/12 03:44:00,42.6570,143.2580,20,4.1,34.8,0.6,2.1,34
2025/07/11 16:30:00,29.2750,129.4530,13,4.9,2.6,0.2,1.1,1
2025/07/11 16:21:00,29.2820,129.4370,12,4.8,4.9,0.4,1.8,1
2025/07/11 16:09:00,29.2700,129.4580,11,5.0,2.3,0.2,1.1,1
2025/07/11 10:38:00,29.2850,129.4920,0,4.2,1.5,0.1,0.8,1
2025/07/11 10:06:00,29.3030,129.4950,11,4.3,2.2,0.1,0.9,1
2025/07/11 05:20:00,37.0420,140.5780,7,3.8,90.6,1.3,2.6,29
2025/07/11 03:59:00,29.3150,129.4880,14,4.1,2.8,0.2,1.3,1
2025/07/11 03:39:00,36.9670,139.3920,4,2.5,21.5,0.2,1.5,2
2025/07/10 08:16:00,35.5970,140.4220,44,3.9,31.4,0.7,2.1,26
2025/07/09 12:40:00,43.3880,146.0300,96,4.4,32.8,1.1,2.7,45
2025/07/08 11:01:00,29.3100,129.5850,0,4.1,2.0,0.1,0.9,1
2025/07/08 11:00:00,29.3470,129.4180,28,4.6,3.8,0.3,1.5,1
2025/07/07 17:29:00,42.8620,145.0870,87,4.1,20.8,0.6,2.0,31
2025/07/07 13:53:00,29.3570,129.4550,20,3.7,1.5,0.1,0.7,1
2025/07/07 12:02:00,29.3320,129.4900,15,4.5,2.5,0.2,1.2,1
2025/07/07 00:12:00,29.3480,129.4750,22,5.1,3.7,0.3,1.5,2
2025/07/07 00:08:00,29.3430,129.4970,12,4.3,1.3,0.1,0.6,1
2025/07/06 23:50:00,29.3450,129.5000,18,4.5,6.1,0.4,1.8,2
2025/07/06 23:44:00,29.3450,129.5100,17,4.5,1.8,0.1,1.0,1
2025/07/06 18:40:00,43.5680,147.0080,45,4.8,9.6,0.2,1.5,22
2025/07/06 15:47:00,29.2920,129.5280,9,3.5,1.7,0.1,0.8,1
2025/07/06 14:07:00,29.3630,129.5120,23,5.5,6.5,0.5,1.9,4
2025/07/06 14:01:00,29.3480,129.5050,21,4.9,1.9,0.1,1.0,1
2025/07/06 13:25:00,29.3330,129.4600,19,3.8,1.3,0.1,0.6,1
2025/07/06 12:42:00,29.3200,129.5230,9,4.5,1.9,0.1,0.9,1
2025/07/05 16:38:00,29.3800,129.4220,26,4.0,1.5,0.1,0.7,1
2025/07/05 16:16:00,29.3280,129.4670,21,4.1,1.7,0.1,0.8,1
2025/07/05 12:47:00,29.3420,129.4520,22,4.7,2.9,0.2,1.3,1
2025/07/05 06:29:00,29.3350,129.4700,19,5.4,13.0,0.9,2.6,3
2025/07/05 03:44:00,29.3500,129.4830,22,4.8,3.8,0.2,1.3,2
2025/07/05 03:14:00,36.6980,142.0430,18,4.9,10.7,0.5,2.0,91
2025/07/05 03:02:00,29.3230,129.5070,17,4.3,2.8,0.2,1.2,1
2025/07/05 02:58:00,29.2970,129.4300,17,4.6,2.2,0.2,1.0,1
2025/07/04 18:20:00,29.3420,129.4670,18,4.4,1.9,0.2,0.9,1
2025/07/04 16:56:00,39.6050,142.0030,56,4.0,16.9,0.4,1.7,46
2025/07/04 09:03:00,29.3520,129.4920,23,4.3,1.7,0.1,0.9,1
2025/07/04 00:04:00,29.3420,129.4870,21,4.3,2.5,0.2,1.2,1
2025/07/03 22:13:00,29.3420,129.4820,22,4.2,2.5,0.2,1.3,1
2025/07/03 21:28:00,32.6980,132.3250,38,4.0,12.5,0.4,1.7,17
2025/07/03 16:13:00,29.3570,129.5220,20,5.5,7.4,0.6,2.1,4
2025/07/03 16:04:00,29.3450,129.4920,18,4.2,1.5,0.1,0.6,1
2025/07/03 15:18:00,29.3350,129.4730,9,4.6,3.4,0.2,1.3,1
2025/07/03 15:11:00,29.3420,129.4300,21,4.8,6.5,0.5,2.0,1
2025/07/03 14:31:00,29.3070,129.5120,19,4.6,3.6,0.3,1.4,1
2025/07/03 10:33:00,29.3330,129.4900,18,4.3,4.4,0.3,1.7,2
2025/07/03 07:33:00,39.4770,140.4270,10,3.9,62.8,2.5,2.8,34
2025/07/03 06:51:00,29.3330,129.4850,17,4.5,6.3,0.5,2.0,2
2025/07/02 15:26:00,29.2570,129.0520,1,5.6,3.2,0.3,1.4,2
2025/07/02 14:53:00,29.2380,129.0680,1,5.3,1.5,0.1,0.8,1
2025/07/02 06:31:00,29.3350,129.4800,13,4.3,2.0,0.2,0.9,1
2025/07/02 05:18:00,30.5280,131.3680,27,4.4,11.2,0.3,1.8,9
2025/07/02 04:32:00,29.3350,129.4850,16,5.1,23.7,1.9,3.1,2
2025/07/02 00:22:00,29.3220,129.4680,20,3.8,1.2,0.1,0.6,1
2025/07/01 23:03:00,29.3330,129.4670,20,4.3,3.5,0.3,1.4,1
2025/07/01 20:22:00,29.3400,129.4430,18,4.4,1.4,0.1,0.7,1
2025/07/01 17:10:00,29.3230,129.4280,16,4.9,5.6,0.4,1.9,1
2025/07/01 06:49:00,29.3100,129.4450,18,4.3,1.3,0.1,0.6,1
2025/07/01 01:13:00,36.1020,139.9900,47,3.6,18.6,0.6,1.8,59
2025/07/01 00:22:00,29.3230,129.4450,17,4.3,1.7,0.1,0.9,1
2025/06/30 18:33:00,29.3270,129.4380,22,5.3,14.4,1.2,2.8,2
2025/06/30 12:36:00,29.3520,129.3920,26,4.5,2.3,0.2,1.1,1
2025/06/30 00:32:00,29.3230,129.4600,20,3.8,1.6,0.1,0.8,1
2025/06/29 20:16:00,29.3350,129.4420,22,3.9,1.7,0.1,0.8,1
2025/06/29 16:12:00,29.3180,129.4720,17,5.3,12.9,1.0,2.7,2
2025/06/29 14:52:00,29.3220,129.4450,20,3.9,1.4,0.1,0.6,1
2025/06/29 11:36:00,29.3330,129.4150,23,4.5,1.7,0.1,0.7,1
2025/06/29 10:18:00,29.3800,129.4070,25,3.9,1.8,0.2,0.9,1
2025/06/29 10:14:00,29.3300,129.4020,20,5.4,8.8,0.7,2.4,3
2025/06/29 09:59:00,35.3470,133.2730,10,4.1,73.2,2.0,3.1,70
2025/06/28 11:12:00,29.3170,129.4020,23,4.4,1.8,0.1,0.9,1
2025/06/28 09:15:00,29.3050,129.4120,19,4.3,1.6,0.1,0.8,1
2025/06/27 20:25:00,36.6900,139.3100,7,3.2,56.7,0.9,2.0,17
2025/06/27 18:44:00,42.8950,145.5330,38,4.2,11.4,0.2,1.5,31
2025/06/27 13:17:00,29.3370,129.3830,20,4.8,4.0,0.4,1.5,1
2025/06/27 08:56:00,36.4600,140.5730,56,4.3,121.9,2.6,3.6,177
2025/06/25 14:47:00,29.3100,129.3950,21,4.4,1.6,0.1,0.9,1
2025/06/25 13:51:00,36.4330,140.6450,54,4.2,147.8,2.7,3.4,139
2025/06/25 11:05:00,36.9780,139.3880,5,2.7,88.7,1.1,2.0,3
2025/06/24 16:04:00,29.3130,129.3780,18,5.1,2.0,0.2,1.0,1
2025/06/24 02:55:00,42.2850,144.4850,12,4.9,21.6,0.7,2.5,34
2025/06/24 02:23:00,29.2900,129.3830,9,4.9,2.2,0.2,0.9,1
2025/06/23 23:36:00,29.3250,129.4000,21,5.0,2.7,0.2,1.2,1
2025/06/23 16:46:00,29.2650,129.3220,20,4.7,1.3,0.1,0.6,1
2025/06/23 06:22:00,29.3000,129.4100,15,4.3,2.0,0.1,1.0,1
2025/06/22 17:15:00,29.3550,129.2830,24,5.1,3.5,0.3,1.5,1
2025/06/22 14:27:00,29.2930,129.3830,19,4.2,1.4,0.1,0.7,1
2025/06/22 12:37:00,29.3130,129.3380,20,4.4,1.6,0.1,0.6,1
2025/06/22 12:12:00,29.3170,129.3820,19,4.5,2.7,0.2,1.2,1
2025/06/22 06:25:00,42.8700,146.5620,20,5.1,12.3,0.6,2.1,14
2025/06/22 06:23:00,42.8900,146.4920,24,6.0,24.5,1.1,2.6,63
2025/06/22 05:53:00,29.3150,129.3820,21,4.6,1.8,0.2,0.8,1
2025/06/22 02:52:00,29.3180,129.3800,20,4.5,1.8,0.1,0.8,1
2025/06/22 00:05:00,42.8920,146.6200,22,5.0,15.3,0.8,2.2,21
2025/06/21 23:11:00,29.2900,129.4120,17,4.3,2.9,0.2,1.3,1
2025/06/19 17:45:00,28.2230,129.4880,33,4.0,17.8,0.4,1.8,4
2025/06/19 16:37:00,33.6420,139.5550,23,4.7,9.1,0.5,1.8,7
2025/06/19 10:53:00,40.6470,142.3980,45,4.2,20.2,0.5,2.2,49
2025/06/19 08:08:00,42.9120,146.5120,25,6.0,41.7,2.7,3.3,87
2025/06/18 21:30:00,32.0800,131.9300,25,4.7,21.8,0.7,2.2,67
2025/06/16 11:42:00,38.8930,142.3270,46,3.9,17.2,0.2,0.9,17
2025/06/14 19:46:00,38.4580,142.1420,41,5.0,61.6,0.8,2.4,132
2025/06/13 15:18:00,35.6670,140.0700,75,4.2,24.5,0.7,2.3,146
2025/06/12 07:11:00,31.8100,130.2900,8,3.0,10.6,0.2,1.2,8
2025/06/12 06:46:00,32.7620,130.7030,11,2.7,3.3,0.1,0.4,7
2025/06/11 20:00:00,23.3770,121.5870,38,6.0,2.5,0.2,1.2,1
2025/06/11 18:30:00,42.3530,144.5130,23,4.6,12.4,0.4,2.0,38
2025/06/11 04:48:00,32.0220,132.1150,20,3.7,6.1,0.1,0.8,11
2025/06/09 05:28:00,34.5150,139.2150,11,2.8,7.1,0.2,1.1,1
2025/06/08 18:58:00,36.5280,140.5700,57,3.8,87.7,1.1,2.6,82
2025/06/07 14:40:00,41.1870,142.5720,43,4.4,7.1,0.3,1.6,31
2025/06/06 13:48:00,37.1030,136.4300,10,4.3,7.9,0.4,1.4,15
2025/06/06 03:00:00,27.4120,128.6430,43,3.4,8.5,0.1,0.9,3
2025/06/06 02:35:00,36.9720,139.3870,4,2.1,29.0,0.4,1.9,1
2025/06/05 23:51:00,37.7620,141.7200,63,4.6,30.5,1.4,2.6,120
2025/06/05 04:55:00,42.3600,144.5650,21,4.5,9.8,0.3,1.6,29
2025/06/03 22:18:00,41.7470,143.6270,33,5.2,13.5,1.0,2.5,57
2025/06/03 20:18:00,33.2500,132.2250,45,4.3,42.9,0.6,2.1,77
2025/06/03 05:00:00,39.8530,140.9920,4,3.1,16.3,0.4,1.9,6
2025/06/02 15:46:00,37.8500,141.7400,62,4.5,40.4,0.7,2.5,75
2025/06/02 11:31:00,38.4200,142.2130,30,4.8,87.2,2.1,3.5,150
2025/06/02 09:56:00,36.8220,140.5880,6,3.6,102.9,1.3,2.6,34
2025/06/02 08:50:00,33.8750,135.5600,53,3.8,28.6,0.6,2.1,45
2025/06/02 04:08:00,41.7550,143.6550,28,4.6,8.2,0.4,1.6,23
2025/06/02 03:52:00,41.7150,143.7180,27,6.1,120.2,7.4,4.2,246
2025/05/31 20:37:00,42.3520,144.5650,20,4.7,13.6,0.5,2.1,45
2025/05/31 20:15:00,33.5080,134.8620,35,3.8,10.9,0.4,1.6,18
2025/05/31 17:37:00,42.3270,144.4520,20,6.0,88.8,5.8,4.1,294
2025/05/31 05:02:00,37.1030,136.6130,9,3.0,37.1,0.9,2.7,3
2025/05/30 07:23:00,43.7130,147.1920,0,5.5,29.2,1.0,2.8,68
2025/05/29 21:01:00,36.0620,137.2900,12,3.2,44.3,0.7,2.2,16
2025/05/29 16:21:00,36.0600,137.2870,12,3.7,20.5,0.6,2.0,53
2025/05/29 15:29:00,36.0630,137.2830,12,4.5,239.7,7.6,4.3,163
2025/05/27 21:23:00,41.5630,142.1070,54,4.2,7.0,0.1,1.0,19
2025/05/27 00:33:00,36.1230,141.0120,46,4.2,34.7,0.5,1.9,61
2025/05/26 23:30:00,42.3230,143.0580,51,4.4,22.4,0.6,2.0,78
2025/05/26 17:47:00,42.3320,143.0700,50,5.3,195.6,5.5,4.1,194
2025/05/26 09:56:00,38.5100,142.0150,32,4.5,210.6,3.5,3.8,97
2025/05/23 06:28:00,41.8530,142.6830,53,5.4,104.1,6.9,4.0,202
2025/05/21 19:30:00,32.7380,130.6400,14,2.8,10.9,0.2,1.0,6
2025/05/19 12:14:00,37.1800,141.3130,7,4.7,14.3,0.6,2.2,81
2025/05/18 09:32:00,42.9950,146.6000,40,4.5,9.4,0.3,1.5,11
2025/05/17 17:15:00,42.4600,143.0870,34,3.5,13.4,0.3,1.5,18
2025/05/17 08:52:00,37.2250,139.0880,3,2.9,10.7,0.1,0.7,5
2025/05/16 22:15:00,42.8780,144.5430,55,4.2,33.6,0.6,2.2,41
2025/05/15 22:06:00,42.8050,143.3200,95,4.7,67.8,2.7,3.5,115
2025/05/15 14:05:00,37.0980,140.6400,8,4.0,38.2,1.0,2.7,41
2025/05/15 02:05:00,36.1120,139.9870,48,3.4,12.9,0.3,1.6,36
2025/05/14 17:51:00,35.0480,139.1120,8,2.9,26.8,0.3,1.4,8
2025/05/14 17:32:00,38.3420,142.1600,38,4.2,33.6,0.4,1.5,32
2025/05/14 11:19:00,32.7380,130.6400,14,3.3,10.9,0.3,1.7,20
2025/05/14 01:52:00,27.3970,140.3770,457,5.7,1.5,0.1,0.6,1
2025/05/13 10:37:00,37.1370,140.5180,79,4.6,102.1,3.4,3.7,162
2025/05/13 08:33:00,35.9400,140.1050,66,3.9,6.6,0.3,1.4,44
2025/05/13 06:33:00,42.5980,141.9480,128,4.4,17.8,0.9,2.3,90
2025/05/12 23:54:00,41.5800,142.0900,55,5.2,29.7,1.0,2.9,162
2025/05/10 20:45:00,29.6630,130.0150,63,4.3,7.9,0.1,0.8,4
2025/05/09 13:34:00,36.9330,136.3680,13,4.2,30.1,1.1,2.3,31
2025/05/09 12:24:00,41.6920,143.4730,42,4.3,11.7,0.3,1.6,19
2025/05/07 09:47:00,35.4130,139.1600,11,3.1,28.1,0.5,1.6,20
2025/05/05 20:57:00,34.0300,135.2580,5,2.8,5.1,0.1,0.4,6
2025/05/05 01:34:00,36.3880,141.0350,41,4.2,25.2,0.5,2.3,89
2025/05/04 12:35:00,35.6870,139.7850,82,4.1,15.4,0.5,2.1,145
2025/04/28 16:54:00,32.5020,130.5570,11,3.8,48.6,0.7,2.0,40
2025/04/28 15:37:00,41.8980,142.4870,62,4.2,7.4,0.4,1.7,40
2025/04/26 19:31:00,37.3320,138.7250,23,3.2,26.1,0.6,1.7,10
2025/04/26 12:06:00,32.5880,130.6330,11,4.2,162.3,4.3,3.3,78
2025/04/25 07:59:00,35.1380,135.7320,11,3.2,19.7,0.2,0.8,17
2025/04/25 01:15:00,38.2820,141.6630,54,3.6,29.0,0.3,1.6,35
2025/04/24 09:08:00,40.3700,141.8970,62,4.4,59.5,1.8,3.1,99
2025/04/22 03:23:00,41.8080,143.2800,35,4.0,13.7,0.4,1.7,9
2025/04/22 01:48:00,37.4820,141.5870,45,4.3,18.8,0.6,1.6,60
2025/04/21 22:11:00,36.0920,139.7500,111,4.3,10.2,0.3,1.7,107
2025/04/20 15:11:00,35.5730,140.3420,75,4.3,13.5,0.4,2.1,143
2025/04/20 13:39:00,36.4770,137.9050,13,2.9,14.7,0.1,0.7,3
2025/04/19 12:56:00,37.5600,137.2230,13,3.8,15.0,0.4,1.6,6
2025/04/19 12:24:00,36.4780,137.9020,13,3.3,31.2,0.3,1.2,11
2025/04/19 09:58:00,28.5620,129.6200,9,3.5,19.8,0.5,2.1,1
2025/04/19 02:41:00,36.4820,137.9050,12,3.3,37.3,0.5,1.7,11
2025/04/19 02:27:00,36.4820,137.9020,13,3.1,23.9,0.4,1.4,11
2025/04/19 02:24:00,36.4830,137.9030,12,3.1,23.3,0.3,1.3,8
2025/04/19 02:20:00,36.4780,137.8980,12,3.5,41.6,0.9,2.1,19
2025/04/19 01:53:00,36.4750,137.9080,13,3.9,33.0,0.6,2.0,29
2025/04/19 01:50:00,36.4750,137.9070,13,3.0,11.1,0.1,0.8,6
2025/04/19 01:07:00,36.4830,137.9030,12,3.2,19.0,0.4,1.5,8
2025/04/19 01:02:00,36.4800,137.9030,12,4.3,169.9,3.7,3.7,60
2025/04/19 00:08:00,36.4620,137.9200,11,3.8,42.4,0.5,2.0,21
2025/04/18 23:39:00,36.4620,137.9080,13,4.5,106.8,3.3,3.3,78
2025/04/18 23:29:00,36.4700,137.9050,13,2.7,6.5,0.1,0.1,4
2025/04/18 21:09:00,36.4770,137.9080,13,2.9,8.0,0.1,0.5,5
2025/04/18 20:42:00,36.4530,137.9200,11,3.4,8.0,0.2,1.2,15
2025/04/18 20:22:00,36.4650,137.9100,12,2.9,6.1,0.1,-0.3,3
2025/04/18 20:20:00,36.4630,137.9120,12,3.7,8.3,0.1,0.8,2
2025/04/18 20:19:00,36.4680,137.9130,13,5.1,427.1,13.6,4.4,205
2025/04/18 18:26:00,36.4670,137.9130,12,3.0,7.2,0.1,0.6,10
2025/04/18 09:21:00,33.2850,131.4620,8,3.3,5.4,0.2,1.3,12
2025/04/18 08:57:00,33.2850,131.4680,8,3.7,8.8,0.5,2.0,19
2025/04/18 07:46:00,33.2850,131.4670,8,2.7,1.0,0.0,-1.0,1
2025/04/18 07:42:00,33.2870,131.4680,8,2.9,2.4,0.1,0.6,3
2025/04/18 05:10:00,24.4070,123.7850,12,4.3,3.1,0.1,0.8,2
2025/04/17 07:16:00,42.3620,143.1050,51,4.2,59.1,1.7,3.0,43
2025/04/15 07:17:00,43.1050,146.0120,64,4.3,22.9,0.6,2.3,24
2025/04/14 20:42:00,36.4130,138.0520,9,3.1,11.3,0.2,1.2,14
2025/04/14 09:54:00,40.4620,140.2020,8,4.1,109.0,2.5,3.4,27
2025/04/14 05:38:00,31.0280,131.5800,37,4.2,4.7,0.2,1.5,8
2025/04/13 18:13:00,47.8300,150.5520,418,5.5,6.9,0.3,1.5,46
2025/04/12 20:34:00,37.5470,137.2250,12,3.6,28.9,0.5,2.0,6
2025/04/11 14:06:00,29.2050,130.4700,51,5.0,3.0,0.2,1.4,1
2025/04/10 10:13:00,37.0170,141.1500,49,4.2,37.5,1.1,2.4,87
2025/04/10 08:33:00,39.1300,141.8470,63,4.4,43.4,1.0,2.8,75
2025/04/09 00:26:00,24.7930,123.0900,119,5.4,18.3,0.9,2.5,4
2025/04/08 19:26:00,34.9320,137.1030,36,4.6,79.8,1.8,3.1,184
2025/04/08 09:08:00,32.1580,130.4320,7,2.4,3.6,0.1,0.7,3
2025/04/07 11:26:00,37.0430,140.5350,9,3.3,16.8,0.5,2.1,13
2025/04/07 09:52:00,35.8370,140.8930,32,4.8,25.8,0.9,2.3,54
2025/04/06 15:05:00,35.6780,137.7780,11,3.4,14.0,0.3,1.3,19
2025/04/05 18:42:00,32.7800,130.5170,11,3.4,19.3,0.4,1.8,21
2025/04/05 06:12:00,40.9800,141.9980,59,4.2,22.3,0.5,2.0,30
2025/04/05 04:15:00,41.3030,140.1530,10,4.1,121.0,4.4,3.7,35
2025/04/04 19:46:00,38.1100,138.2580,16,3.3,24.5,0.5,1.7,2
2025/04/04 04:48:00,34.0770,135.1970,6,2.5,36.0,0.4,1.0,3
2025/04/03 06:42:00,31.1120,131.5250,30,4.4,7.8,0.5,2.0,15
2025/04/02 23:04:00,31.0450,131.5220,36,6.1,157.4,9.9,4.4,162
2025/04/01 21:33:00,36.1630,139.8520,102,3.7,15.8,0.4,1.8,44
2025/03/31 16:51:00,27.4430,128.6730,42,3.7,8.9,0.1,1.0,2
2025/03/30 22:55:00,41.9930,142.7250,55,4.6,12.8,0.4,1.8,41
2025/03/30 21:30:00,38.5350,142.2950,44,4.3,33.8,0.4,1.6,48
2025/03/30 10:46:00,32.9230,130.3720,11,3.4,10.0,0.2,1.0,21
2025/03/30 10:18:00,34.6670,140.8250,69,4.9,24.3,1.2,2.7,48
2025/03/29 04:45:00,31.0900,131.5120,33,4.6,25.1,1.1,2.6,25
2025/03/28 11:34:00,32.9780,131.1580,12,2.7,21.8,0.3,1.1,5
2025/03/28 03:50:00,35.4030,140.3600,54,4.4,20.0,0.7,2.3,92
2025/03/28 01:00:00,45.2200,141.8520,0,2.8,22.0,0.6,1.7,3
2025/03/27 17:16:00,35.7970,136.9230,9,3.1,27.7,0.4,1.3,12
2025/03/27 11:56:00,33.9050,134.7120,13,3.1,5.8,0.1,1.0,3
2025/03/25 19:39:00,43.2420,145.3830,81,3.9,16.0,0.5,1.7,24
2025/03/25 10:59:00,35.3430,140.3450,26,3.1,33.0,0.7,1.3,9
2025/03/25 08:19:00,37.7750,141.6270,56,4.3,18.9,0.5,1.8,68
2025/03/25 06:53:00,45.2220,141.8350,0,3.0,43.9,1.6,2.7,4
2025/03/24 11:37:00,36.9520,138.5250,8,3.7,50.6,1.2,2.7,27
2025/03/22 18:42:00,36.4350,140.6900,52,4.1,69.5,1.0,2.6,79
2025/03/20 04:25:00,37.1130,136.6370,7,3.3,43.1,1.2,2.6,2
2025/03/19 13:25:00,37.1150,136.6400,6,4.7,159.7,4.4,3.9,58
2025/03/18 17:28:00,32.4870,130.5630,9,3.8,56.5,0.8,2.2,48
2025/03/18 07:58:00,32.4950,130.5630,9,3.5,22.5,0.5,1.5,24
2025/03/18 07:30:00,38.9850,142.3620,49,4.1,31.5,0.5,1.9,32
2025/03/18 05:00:00,32.4980,130.5550,10,4.8,223.4,10.0,4.1,113
2025/03/17 21:57:00,39.7700,142.2470,50,4.3,46.8,1.1,2.4,55
2025/03/17 06:23:00,35.4470,135.8880,13,3.5,90.4,1.1,2.2,21
2025/03/17 02:36:00,37.1180,136.6350,6,3.1,30.7,0.5,1.9,3
2025/03/17 00:54:00,28.0350,129.3730,20,3.6,11.5,0.3,1.1,3
2025/03/17 00:49:00,42.7580,143.2030,111,4.0,15.4,0.5,2.0,36
2025/03/15 21:22:00,37.5800,137.2630,10,3.7,13.1,0.5,1.8,4
2025/03/15 15:40:00,36.4630,140.6030,55,3.6,25.7,0.5,1.8,42
2025/03/14 19:06:00,39.8080,142.3630,13,4.2,11.9,0.3,1.7,26
2025/03/13 23:57:00,35.4570,139.1550,19,3.0,15.8,0.3,1.5,21
2025/03/12 23:20:00,36.8930,140.4130,81,4.2,66.1,2.0,3.4,138
2025/03/12 16:41:00,26.2470,127.8850,13,2.9,34.1,0.6,1.7,1
2025/03/11 19:36:00,26.2520,127.8730,15,3.5,17.6,0.5,1.8,2
2025/03/11 11:41:00,42.5070,144.0530,71,4.4,46.3,1.2,2.8,76
2025/03/11 11:10:00,28.7650,130.3300,62,5.2,7.9,0.6,2.2,4
2025/03/11 08:04:00,27.2350,128.4030,48,3.5,6.4,0.1,0.8,4
2025/03/09 14:57:00,28.7180,130.1600,55,4.9,4.7,0.3,1.6,1
2025/03/09 13:20:00,28.7370,130.1900,57,4.5,4.2,0.3,1.5,1
2025/03/09 08:43:00,28.7200,130.2730,63,5.9,12.7,0.9,2.6,11
2025/03/09 03:57:00,28.7100,130.2620,59,4.1,5.2,0.4,1.7,1
2025/03/09 03:54:00,28.7000,130.2500,62,5.8,81.9,6.5,4.3,6
2025/03/08 16:12:00,40.0970,142.4070,39,5.0,19.4,0.6,2.2,104
2025/03/06 12:59:00,33.9550,135.6120,32,4.0,99.6,1.7,3.0,63
2025/03/04 15:12:00,36.2100,139.9850,53,4.0,62.6,1.0,2.6,113
2025/03/03 12:50:00,36.3150,139.3180,139,4.2,6.0,0.3,1.5,71
2025/03/02 18:55:00,37.3850,137.0070,5,3.2,30.6,0.7,2.1,3
2025/03/02 04:23:00,38.6750,141.4030,71,3.7,18.5,0.3,1.8,34
2025/03/01 22:17:00,38.1780,141.7130,51,3.9,55.9,0.5,1.9,49
2025/02/28 15:29:00,33.6850,133.6470,36,3.8,73.5,1.0,2.1,70
2025/02/27 13:01:00,36.9400,136.3830,13,3.4,14.5,0.4,1.6,5
2025/02/27 04:45:00,36.9180,136.3780,13,3.8,19.4,0.5,2.0,6
2025/02/26 14:53:00,33.6050,136.3970,398,5.9,10.1,0.5,1.7,124
2025/02/25 21:50:00,36.0630,140.2820,96,4.0,15.9,0.7,2.0,155
2025/02/25 15:00:00,42.9050,145.5100,38,3.8,13.5,0.4,1.5,7
2025/02/25 02:44:00,36.9330,136.3780,14,3.7,15.1,0.5,1.8,5
2025/02/24 08:35:00,36.9480,136.3920,11,3.3,14.0,0.4,1.6,5
2025/02/24 07:07:00,36.9400,136.3800,13,4.4,40.3,1.2,2.7,30
2025/02/24 05:24:00,35.2750,135.3280,12,3.6,132.7,1.0,1.9,37
2025/02/24 04:09:00,36.9320,136.3800,9,4.9,38.0,1.1,2.9,72
2025/02/24 04:08:00,34.7320,140.2420,88,4.7,83.7,3.4,3.6,178
2025/02/23 13:08:00,37.9980,141.7330,56,4.6,38.3,0.9,2.6,120
2025/02/23 10:22:00,37.0370,141.3470,15,4.0,8.2,0.3,1.5,26
2025/02/22 21:25:00,32.6130,130.7150,5,1.9,5.6,0.1,0.9,1
2025/02/22 02:27:00,37.0080,136.4370,10,3.7,16.0,0.6,1.7,5
2025/02/21 22:01:00,37.5150,141.4370,49,4.9,165.9,4.2,3.9,207
2025/02/21 17:24:00,34.1080,135.2100,6,3.4,48.9,0.8,2.4,23
2025/02/21 13:41:00,39.7580,141.8330,59,4.1,62.5,1.2,2.6,58
2025/02/20 22:13:00,35.4830,138.9100,22,4.4,158.1,2.6,3.3,118
2025/02/20 08:25:00,38.8450,142.2730,61,4.3,64.9,0.8,2.5,70
2025/02/19 04:36:00,40.4630,141.4320,87,3.8,18.7,0.5,1.7,20
2025/02/19 01:38:00,31.9220,130.7200,0,1.4,15.9,0.3,1.7,1
2025/02/19 01:36:00,31.9220,130.7180,0,1.5,20.6,0.4,2.0,1
2025/02/18 12:01:00,34.0670,135.1400,7,3.2,42.1,0.6,1.8,10
2025/02/17 14:07:00,33.9280,134.4270,6,3.3,22.5,0.2,1.2,11
2025/02/17 13:29:00,31.8330,130.7270,0,2.1,4.0,0.1,0.9,2
2025/02/17 13:04:00,27.0970,127.2870,92,4.6,3.5,0.2,1.1,4
2025/02/17 12:57:00,32.6820,130.7530,13,3.6,15.3,0.4,1.9,43
2025/02/16 00:55:00,39.3700,142.2780,42,3.8,24.2,0.4,1.7,49
2025/02/13 21:39:00,37.0500,139.3400,7,2.7,25.0,0.3,1.5,5
2025/02/13 10:05:00,36.9630,139.3800,4,2.8,84.2,1.0,2.2,2
2025/02/13 06:04:00,38.3520,142.0420,52,4.9,109.5,1.7,3.0,152
2025/02/12 23:37:00,39.0930,141.8580,65,4.7,117.7,2.2,3.3,122
2025/02/12 05:41:00,36.2400,139.7820,58,3.9,46.2,1.5,2.8,92
2025/02/11 10:25:00,42.6800,145.3400,31,4.4,10.7,0.5,1.9,20
2025/02/10 23:16:00,41.6620,141.3530,90,5.0,20.8,0.6,2.2,136
2025/02/10 14:12:00,37.8600,138.2150,13,3.6,20.4,0.4,1.6,9
2025/02/09 10:59:00,35.8020,137.3670,7,3.5,15.5,0.4,1.8,43
2025/02/07 12:36:00,43.1970,142.8180,156,4.8,14.2,0.7,2.3,116
2025/02/06 12:03:00,39.6320,142.1000,49,4.0,59.6,1.4,2.6,46
2025/02/04 04:15:00,28.7130,130.8400,83,5.2,12.4,0.7,2.2,21
2025/02/03 09:14:00,34.1480,135.2600,5,2.4,19.5,0.1,0.3,2
2025/02/02 17:13:00,37.0550,141.1620,49,4.0,29.6,0.8,2.0,75
2025/02/01 08:16:00,33.6670,130.9270,8,3.1,44.1,0.4,1.6,14
2025/01/31 15:43:00,36.9630,139.3730,3,2.4,43.1,0.6,1.5,1
2025/01/30 17:18:00,36.6200,140.4880,79,3.6,15.2,0.4,1.9,50
2025/01/29 08:58:00,37.1920,136.8020,11,4.0,63.7,1.4,2.7,19
2025/01/28 15:34:00,36.9580,139.3770,3,2.6,37.7,0.5,1.7,2
2025/01/28 01:38:00,34.3630,138.3770,38,3.9,9.7,0.3,1.2,19
2025/01/27 14:06:00,31.7780,131.9220,29,4.2,7.5,0.3,1.6,24
2025/01/27 05:56:00,31.6620,130.7580,5,2.8,12.3,0.3,1.6,4
2025/01/27 01:31:00,25.1350,125.5850,31,4.9,12.3,0.5,2.0,2
2025/01/26 09:42:00,36.9750,139.3870,4,2.2,35.5,0.4,2.0,1
2025/01/26 09:07:00,36.9730,139.3880,4,2.1,24.6,0.3,1.5,1
2025/01/26 08:11:00,34.9750,138.2130,21,3.4,19.8,0.4,1.2,24
2025/01/25 15:23:00,36.9580,139.3700,3,2.4,45.7,0.6,1.7,2
2025/01/25 04:39:00,36.9800,139.3830,4,2.7,81.9,1.1,2.0,2
2025/01/24 14:31:00,35.6430,140.6670,50,3.5,6.8,0.3,1.2,10
2025/01/24 09:09:00,36.9600,139.3780,4,2.5,74.5,1.0,2.1,1
2025/01/24 03:34:00,36.9650,139.3730,3,2.4,33.0,0.5,1.5,2
2025/01/24 03:01:00,36.9620,139.3750,3,3.8,131.6,1.9,2.9,24
2025/01/24 00:14:00,36.9670,139.3800,4,2.1,32.6,0.5,1.7,1
2025/01/23 23:24:00,36.9670,139.3620,3,2.9,39.3,0.5,1.9,7
2025/01/23 20:15:00,36.9700,139.3600,3,3.2,73.6,1.0,2.5,9
2025/01/23 18:17:00,36.9720,139.3850,4,1.9,26.8,0.3,1.5,1
2025/01/23 16:22:00,36.9770,139.3870,4,1.9,26.6,0.3,1.6,1
2025/01/23 11:32:00,36.9700,139.3830,5,2.5,70.7,1.0,2.2,2
2025/01/23 08:09:00,36.9750,139.3780,3,4.7,425.9,7.4,4.2,100
2025/01/23 07:41:00,36.9730,139.3770,3,2.5,32.4,0.4,1.9,2
2025/01/23 04:47:00,37.0720,136.5620,11,2.6,9.5,0.2,1.5,2
2025/01/23 04:20:00,36.9730,139.3780,3,2.9,92.4,1.3,2.8,5
2025/01/23 04:16:00,36.9700,139.3830,4,2.3,22.8,0.3,1.7,2
2025/01/23 03:28:00,36.9700,139.3820,3,2.8,62.9,0.9,2.6,3
2025/01/23 03:21:00,36.9700,139.3820,4,2.7,70.7,0.9,2.5,4
2025/01/23 03:14:00,36.9750,139.3770,4,2.1,43.0,0.5,1.6,1
2025/01/23 03:01:00,36.9670,139.3780,3,2.0,37.8,0.4,1.5,2
2025/01/23 02:57:00,36.9750,139.3770,4,3.0,134.2,1.8,2.7,10
2025/01/23 02:51:00,36.9670,139.3730,3,2.3,31.2,0.5,1.7,2
2025/01/23 02:49:00,36.9770,139.3800,4,5.2,513.6,10.1,4.7,186
2025/01/22 09:45:00,35.5230,138.9420,24,3.4,74.2,1.1,2.3,28
2025/01/22 06:06:00,36.9770,139.3750,4,3.3,237.8,3.7,3.0,16
2025/01/21 22:31:00,31.8830,131.9970,30,4.1,8.2,0.3,1.6,27
2025/01/21 09:03:00,36.9750,139.3800,4,2.2,52.9,0.6,1.8,2
2025/01/21 08:54:00,36.9770,139.3770,4,3.1,72.0,0.8,2.1,12
2025/01/21 06:42:00,36.9770,139.3780,4,2.6,70.1,0.9,2.0,3
2025/01/21 06:34:00,36.9770,139.3770,4,2.9,56.7,0.6,1.9,7
2025/01/21 03:14:00,38.7970,141.5930,69,4.4,53.2,0.9,2.5,106
2025/01/21 02:33:00,34.9450,136.7720,16,2.7,7.8,0.1,0.7,5
2025/01/19 14:36:00,36.7000,138.3980,10,2.6,60.1,0.9,1.6,3
2025/01/17 20:32:00,32.1080,132.1480,19,4.4,34.4,0.5,2.1,36
2025/01/17 12:51:00,36.4370,140.6530,53,3.6,19.9,0.3,1.5,41
2025/01/17 10:10:00,36.8170,140.5930,7,3.7,98.5,1.6,2.7,35
2025/01/16 22:14:00,34.2050,135.2070,5,2.6,68.4,0.7,1.8,2
2025/01/16 21:22:00,36.9280,136.4150,13,4.1,38.9,1.0,2.7,11
2025/01/16 14:25:00,34.2050,135.1820,6,2.9,53.2,0.8,1.9,4
2025/01/16 09:07:00,34.6420,139.9580,46,4.4,67.0,3.0,2.5,45
2025/01/16 07:38:00,41.5630,142.1200,53,4.8,17.4,0.6,2.1,108
2025/01/15 02:55:00,31.7820,131.7950,30,3.9,6.8,0.3,1.6,17
2025/01/15 02:12:00,31.7680,131.8480,29,5.4,48.3,3.3,3.5,119
2025/01/14 21:44:00,39.3320,142.0830,48,3.9,40.2,0.4,1.8,38
2025/01/14 14:33:00,34.2020,135.1770,5,3.0,63.8,0.6,1.8,2
2025/01/14 01:21:00,31.7470,131.9020,29,4.2,5.8,0.3,1.6,17
2025/01/14 01:15:00,31.9420,131.8800,28,5.0,35.3,2.4,3.3,100
2025/01/13 23:17:00,31.9300,131.7020,31,3.5,10.9,0.5,1.9,10
2025/01/13 21:42:00,31.7570,131.9650,29,4.3,5.1,0.3,1.4,23
2025/01/13 21:29:00,31.7650,131.9000,28,4.4,7.0,0.3,1.7,24
2025/01/13 21:19:00,31.8280,131.5700,36,6.6,195.8,15.9,4.7,367
2025/01/10 01:26:00,32.1400,132.1280,22,4.2,17.9,0.5,1.7,27
2025/01/09 04:15:00,36.3430,139.8120,72,4.0,18.1,0.4,1.9,71
2025/01/08 23:49:00,37.1370,136.7750,8,3.5,20.2,0.3,1.7,11
2025/01/08 14:22:00,36.6750,140.2020,80,3.6,34.1,0.5,2.2,55
2025/01/07 19:19:00,27.4450,128.6580,43,3.9,15.1,0.3,1.8,3
2025/01/07 17:31:00,31.7930,138.6150,381,5.6,13.8,0.9,2.4,165
2025/01/07 06:07:00,39.7650,139.9720,19,3.6,64.5,1.3,2.4,14
2025/01/06 18:22:00,32.5370,132.1130,30,4.5,27.3,0.8,2.3,61
2025/01/05 08:51:00,35.5000,138.9530,21,3.9,41.4,0.8,2.5,73
2025/01/01 12:56:00,44.0450,141.7800,8,2.7,15.6,0.6,1.9,5
2025/01/01 09:37:00,43.4470,146.0870,66,3.8,14.2,0.3,1.5,8
2025/01/01 08:51:00,32.4850,132.2820,32,4.0,5.9,0.2,1.4,24
2024/12/30 18:20:00,28.1220,128.1300,17,4.4,3.2,0.1,0.6,1
2024/12/29 04:36:00,37.0300,136.4200,10,4.2,14.2,0.6,1.8,10
2024/12/29 01:44:00,36.7780,140.5580,7,3.7,73.6,1.3,2.5,28
2024/12/29 01:33:00,33.8030,134.3320,14,3.9,106.9,0.9,2.3,48
2024/12/28 04:10:00,37.3430,141.5800,43,5.3,44.8,1.5,3.0,218
2024/12/28 01:55:00,35.4320,140.4730,56,4.2,16.3,0.4,1.9,39
2024/12/27 21:47:00,46.3370,151.4730,210,6.8,11.7,0.5,1.9,147
2024/12/27 20:47:00,28.1280,128.0780,9,4.5,1.9,0.1,0.3,1
2024/12/26 19:01:00,43.1180,144.9650,71,3.5,19.8,0.3,1.5,21
2024/12/24 23:18:00,36.1200,137.8500,4,2.8,12.2,0.2,1.2,7
2024/12/24 07:12:00,36.9450,136.4220,12,4.4,46.9,1.4,2.9,42
2024/12/24 07:03:00,36.9480,136.4250,12,3.7,14.1,0.4,1.5,8
2024/12/24 06:55:00,34.6680,131.9780,12,3.8,30.5,0.4,1.6,41
2024/12/22 16:55:00,31.9230,130.7320,171,4.7,19.6,0.9,2.4,110
2024/12/20 12:39:00,36.9380,136.4130,12,3.6,8.7,0.3,1.5,7
2024/12/19 18:54:00,40.6930,140.4700,14,3.1,25.9,0.5,1.4,7
2024/12/18 00:38:00,37.5120,137.2530,10,3.3,15.9,0.4,1.5,4
2024/12/17 22:11:00,36.2370,140.1050,54,4.2,63.4,1.7,3.3,165
2024/12/17 13:09:00,31.1080,130.3600,164,5.2,26.6,0.9,2.5,83
2024/12/17 12:27:00,35.3950,139.1600,12,2.8,18.5,0.3,1.1,8
2024/12/17 09:22:00,37.1350,136.6500,9,3.2,32.3,0.8,2.2,3
2024/12/16 11:34:00,30.0580,130.4770,52,4.1,38.7,0.4,1.8,3
2024/12/16 04:37:00,34.0230,135.2830,6,4.2,355.9,4.5,3.7,67
2024/12/15 10:58:00,35.4200,140.4900,56,3.4,6.5,0.2,1.1,23
2024/12/14 00:26:00,36.6020,140.5450,75,3.6,26.7,0.5,2.2,49
2024/12/13 18:17:00,38.7800,142.2080,71,4.1,27.8,0.6,2.3,72
2024/12/12 18:17:00,37.4000,141.7050,45,4.3,11.8,0.4,1.9,67
2024/12/10 05:33:00,35.1670,140.5730,53,4.8,14.8,0.7,2.2,76
2024/12/09 21:00:00,40.2420,141.9700,20,4.4,123.1,2.1,3.2,89
2024/12/09 18:33:00,32.6550,130.6830,12,3.0,30.3,0.5,2.0,8
2024/12/09 13:46:00,35.3650,138.9670,9,2.4,2.5,0.1,0.1,1
2024/12/08 22:58:00,36.9280,136.4220,12,4.2,37.9,0.9,2.4,15
2024/12/08 07:39:00,35.6530,140.1800,69,4.1,18.4,0.5,1.9,72
2024/12/07 06:41:00,42.1000,142.3600,34,4.3,14.0,0.3,1.6,38
2024/12/06 14:26:00,31.8270,131.6350,34,4.5,19.1,1.2,2.7,49
2024/12/06 12:56:00,36.7830,140.5700,8,3.4,199.4,3.5,2.9,19
2024/12/06 12:53:00,36.7800,140.5620,7,4.1,193.8,2.6,2.8,57
2024/12/04 19:11:00,36.0870,139.9000,49,4.3,63.7,1.3,2.5,163
2024/12/04 06:05:00,36.9930,136.4380,11,3.9,31.1,1.0,2.4,12
2024/12/03 14:33:00,36.8250,141.2830,35,4.1,10.6,0.2,1.2,37
2024/12/03 04:51:00,34.0320,133.0350,15,3.9,70.3,1.2,2.1,38
2024/12/02 14:36:00,36.3230,138.0170,5,3.5,31.2,0.4,1.8,22
2024/12/02 13:29:00,36.3220,138.0170,5,3.2,17.5,0.3,1.4,18
2024/12/02 09:20:00,36.9620,136.4300,12,4.0,34.1,0.9,2.5,17
2024/12/02 05:48:00,36.9730,136.4250,11,3.8,19.5,0.5,2.1,8
2024/12/01 16:41:00,37.5220,137.1820,10,3.2,30.4,0.4,1.5,4
2024/12/01 11:21:00,37.0020,136.4120,12,4.3,21.9,0.5,2.1,21
2024/12/01 03:54:00,36.9320,136.4080,12,3.5,16.2,0.4,1.8,6
2024/11/30 18:07:00,23.9120,123.3850,28,5.3,2.7,0.2,1.0,1
2024/11/30 18:06:00,37.0380,136.4150,11,4.1,29.4,0.7,2.4,19
2024/11/30 17:46:00,25.3300,125.9930,70,5.8,17.2,1.3,2.3,9
2024/11/30 17:40:00,37.0400,136.4030,11,3.9,16.6,0.3,1.5,17
2024/11/30 11:11:00,36.9430,136.4230,12,3.3,12.2,0.3,1.5,4
2024/11/30 10:22:00,37.0070,136.4080,9,4.0,8.6,0.3,1.5,10
2024/11/30 09:52:00,37.0630,136.4170,8,4.9,32.1,1.4,2.7,63
2024/11/30 09:30:00,36.9970,136.4170,13,3.5,15.5,0.4,1.8,6
2024/11/30 00:44:00,36.9570,136.4270,13,3.5,28.0,0.6,1.9,7
2024/11/29 17:42:00,36.9800,136.3820,12,3.5,15.6,0.4,1.8,6
2024/11/29 17:14:00,28.5570,129.6130,10,3.5,10.8,0.3,1.6,2
2024/11/29 12:57:00,37.4550,137.1520,12,3.6,21.7,0.7,2.2,10
2024/11/28 21:35:00,38.9370,142.0570,55,3.8,31.4,0.3,1.5,28
2024/11/28 20:19:00,36.9270,136.4230,11,3.6,18.7,0.4,1.7,8
2024/11/28 19:22:00,36.9320,136.4050,12,3.4,9.9,0.3,1.5,5
2024/11/28 17:31:00,36.9300,136.3900,10,4.7,160.3,4.3,4.0,64
2024/11/28 06:14:00,36.9400,136.4230,12,3.8,23.1,0.5,1.9,10
2024/11/28 00:32:00,36.9420,136.4250,13,4.3,54.0,1.3,2.9,19
2024/11/27 16:05:00,37.0420,136.4130,11,3.8,11.1,0.2,1.5,8
2024/11/27 16:03:00,36.9720,136.4280,12,3.4,12.5,0.3,1.7,4
2024/11/27 15:01:00,37.0220,136.4200,11,4.1,16.4,0.5,1.9,19
2024/11/27 12:48:00,36.9500,136.3970,12,3.9,10.9,0.3,1.6,10
2024/11/27 11:28:00,37.0300,136.3930,13,3.9,26.4,0.6,2.1,16
2024/11/27 07:50:00,36.9320,136.3900,7,3.4,13.0,0.3,1.9,6
2024/11/27 04:17:00,37.0420,136.4070,10,4.0,18.2,0.5,1.8,13
2024/11/27 03:49:00,36.9870,136.4330,11,3.5,14.9,0.3,1.5,4
2024/11/27 03:08:00,37.0230,136.4130,11,3.8,16.3,0.4,1.6,8
2024/11/27 02:22:00,36.9950,136.4150,12,4.0,23.8,0.7,2.0,11
2024/11/27 02:19:00,37.0380,136.4200,10,4.8,32.5,1.2,2.8,56
2024/11/27 02:13:00,37.0680,136.3930,11,3.8,13.2,0.3,1.5,7
2024/11/27 02:10:00,36.9450,136.4180,10,3.9,33.8,0.9,2.5,11
2024/11/27 01:48:00,36.9300,136.4020,12,3.9,21.0,0.5,2.1,9
2024/11/27 00:45:00,36.9400,136.4100,12,3.3,10.1,0.3,1.5,3
2024/11/27 00:30:00,36.9870,136.4370,11,3.7,24.0,0.6,2.1,6
2024/11/27 00:17:00,36.9620,136.3930,12,3.6,29.4,0.8,2.1,7
2024/11/26 23:56:00,37.0380,136.4250,8,4.0,11.1,0.3,1.5,10
2024/11/26 23:54:00,36.9480,136.3950,7,4.3,9.7,0.4,1.1,14
2024/11/26 23:52:00,37.0120,136.4130,11,4.9,109.2,3.1,3.3,76
2024/11/26 23:33:00,37.0130,136.4100,7,3.5,10.6,0.3,1.6,1
2024/11/26 23:32:00,37.0100,136.4130,8,4.0,11.8,0.3,1.6,14
2024/11/26 23:17:00,36.9330,136.4000,10,3.9,16.7,0.5,2.1,12
2024/11/26 23:14:00,37.0070,136.4280,6,4.1,11.4,0.3,1.5,4
2024/11/26 23:13:00,36.9500,136.3880,12,4.2,16.8,0.4,1.8,25
2024/11/26 23:08:00,36.9400,136.4050,12,3.3,13.0,0.3,1.8,5
2024/11/26 22:58:00,36.9300,136.3930,5,3.7,10.4,0.3,1.6,4
2024/11/26 22:57:00,36.9520,136.4130,10,3.5,2.6,0.1,0.2,4
2024/11/26 22:51:00,37.0080,136.4400,9,4.5,14.4,0.8,1.8,32
2024/11/26 22:47:00,37.0080,136.3970,7,6.6,278.8,12.3,4.8,458
2024/11/26 20:26:00,35.7930,136.8450,10,3.3,63.2,0.8,1.9,26
2024/11/26 13:31:00,38.7270,142.2520,43,5.4,105.8,1.3,3.1,208
2024/11/26 08:45:00,36.3270,138.0130,5,3.2,35.7,0.4,1.3,14
2024/11/24 08:22:00,40.1270,142.4680,39,5.0,115.6,2.9,3.9,137
2024/11/23 22:01:00,35.1970,136.9830,40,3.6,27.2,0.4,1.6,55
2024/11/23 08:33:00,37.3670,136.8880,6,3.2,11.6,0.3,1.3,4
2024/11/22 02:28:00,31.8130,131.5920,35,4.4,22.0,1.1,2.8,38
2024/11/21 23:30:00,41.0300,141.0700,9,4.1,69.2,2.0,2.8,50
2024/11/20 20:51:00,41.0400,141.0630,10,3.3,18.1,0.4,1.6,9
2024/11/20 17:09:00,37.9820,141.8050,60,4.8,37.2,0.7,2.3,111
2024/11/20 15:40:00,41.0350,141.0600,10,5.1,192.9,5.8,4.1,126
2024/11/20 03:36:00,34.1850,138.4780,253,5.0,23.6,0.8,2.6,167
2024/11/18 20:17:00,40.9830,141.9870,58,3.5,12.2,0.2,1.4,12
2024/11/18 09:43:00,35.0970,135.5970,12,3.4,36.0,0.5,1.5,24
2024/11/18 06:54:00,34.0230,135.2350,5,2.7,12.4,0.2,0.7,2
2024/11/17 21:16:00,29.0630,131.3500,80,5.9,14.2,0.9,2.5,71
2024/11/17 01:19:00,28.2600,128.8120,65,3.9,6.8,0.1,1.2,4
2024/11/16 23:53:00,41.0350,141.0720,8,3.4,19.5,0.3,1.7,16
2024/11/16 21:22:00,41.0330,141.0780,8,4.6,130.4,5.5,3.6,95
2024/11/16 08:29:00,34.8820,135.6550,11,3.4,17.4,0.4,1.6,18
2024/11/16 02:58:00,35.8330,140.8980,33,4.9,25.2,1.6,2.5,71
2024/11/16 00:40:00,36.0200,141.2020,13,4.5,22.2,0.6,2.1,59
2024/11/14 20:15:00,38.8470,142.2750,59,4.2,53.7,1.0,2.5,68
2024/11/14 09:02:00,39.8650,141.7300,70,4.1,64.3,1.5,3.1,75
2024/11/14 06:30:00,37.2200,136.8050,7,2.9,12.7,0.3,1.5,4
2024/11/13 18:40:00,36.8820,140.5530,7,3.9,55.1,1.0,2.3,44
2024/11/13 14:58:00,35.7380,137.1200,8,2.8,17.4,0.2,0.6,6
2024/11/11 22:25:00,38.3900,141.8550,56,3.6,38.4,0.4,1.6,42
2024/11/11 04:59:00,37.2350,136.8620,11,2.8,22.1,0.4,1.6,3
2024/11/10 18:03:00,38.3280,141.8800,46,4.0,68.6,0.9,1.8,40
2024/11/10 00:52:00,31.1520,131.3470,31,4.0,9.4,0.5,1.9,20
2024/11/09 22:47:00,36.9850,139.4670,7,2.9,102.1,1.2,2.3,12
2024/11/07 11:24:00,38.8070,142.0120,40,3.5,18.7,0.2,1.1,15
2024/11/06 21:59:00,40.0470,141.9800,48,3.8,44.8,0.8,2.7,50
2024/11/06 06:42:00,36.4720,136.5770,14,3.7,56.2,1.1,2.5,27
2024/11/05 00:10:00,35.5600,140.0880,71,4.1,13.3,0.4,1.9,85
2024/11/04 19:21:00,36.1570,136.7730,2,4.2,64.0,1.1,2.5,14
2024/11/04 08:31:00,35.8980,140.8530,41,4.0,10.5,0.3,1.4,24
2024/11/03 05:48:00,35.6780,136.6320,14,3.0,98.4,1.4,2.0,18
2024/11/02 16:53:00,31.3770,129.6250,11,4.2,6.0,0.2,1.4,16
2024/11/01 23:16:00,35.9020,140.8520,40,4.6,59.3,2.2,2.5,82
2024/11/01 13:18:00,29.2800,130.4050,64,4.6,1.3,0.1,0.7,1
2024/10/30 15:14:00,36.0450,139.9120,45,4.0,39.8,1.0,2.4,103
2024/10/27 12:32:00,36.4420,140.6870,52,3.8,66.7,0.9,2.5,57
2024/10/26 18:26:00,37.1270,136.6320,9,2.7,28.3,0.7,2.2,2
2024/10/26 06:20:00,35.8350,139.3530,56,3.9,12.8,0.6,2.1,93
2024/10/25 23:41:00,34.4350,133.7820,16,3.2,91.4,1.1,2.4,19
2024/10/25 20:17:00,37.0680,142.0420,24,4.6,4.0,0.1,1.1,35
2024/10/25 15:31:00,43.2620,146.6250,66,4.5,19.0,0.4,1.9,31
2024/10/24 03:26:00,31.7280,131.0470,6,3.1,37.3,0.5,2.1,5
2024/10/23 23:41:00,33.6980,132.8370,39,3.5,19.0,0.3,1.6,21
2024/10/23 17:11:00,41.5030,142.0500,56,3.9,14.4,0.2,1.6,12
2024/10/23 11:23:00,34.1920,135.2150,6,2.4,43.5,0.4,1.5,2
2024/10/23 10:17:00,34.1900,135.2130,5,2.8,42.0,0.5,1.8,2
2024/10/23 09:56:00,34.1880,135.2120,4,2.9,71.9,0.6,1.6,3
2024/10/23 09:25:00,34.1900,135.2100,5,3.2,97.1,0.9,2.3,4
2024/10/23 07:08:00,34.1930,135.2130,5,4.0,123.0,2.7,3.2,27
2024/10/22 02:40:00,35.6830,134.8980,11,3.4,21.0,0.3,1.3,12
2024/10/21 23:11:00,42.7380,143.6830,111,4.3,40.5,1.6,2.8,105
2024/10/21 15:19:00,35.2750,136.7130,17,3.8,36.4,0.7,2.0,67
2024/10/20 08:37:00,42.8870,146.5850,18,4.5,7.5,0.3,1.6,10
2024/10/19 23:41:00,33.5470,131.7670,79,3.7,17.9,0.4,1.7,50
2024/10/19 21:06:00,33.9680,134.5920,7,2.6,6.6,0.1,0.8,3
2024/10/18 13:38:00,40.1320,142.4120,40,5.4,58.8,1.5,3.1,154
2024/10/18 07:40:00,37.4580,137.3530,10,3.0,45.1,0.8,1.7,4
2024/10/17 16:40:00,36.6000,140.6350,9,3.0,47.5,0.5,1.9,3
2024/10/16 17:53:00,36.0900,139.8650,47,4.3,55.9,1.4,3.1,165
2024/10/16 10:13:00,31.9550,130.7050,5,2.1,18.6,0.5,1.9,3
2024/10/16 03:49:00,24.8250,125.3780,49,3.9,12.1,0.2,1.2,2
2024/10/15 15:14:00,37.4830,140.7830,76,3.7,18.4,0.3,1.7,47
2024/10/14 19:46:00,35.5550,140.0850,71,4.5,48.0,1.9,3.0,204
2024/10/13 11:23:00,37.1430,136.7170,5,2.2,4.0,0.1,0.2,2
2024/10/13 03:50:00,36.0430,139.9150,45,4.4,132.2,2.7,3.6,171
2024/10/12 07:35:00,37.6600,140.7150,88,3.8,57.6,1.6,3.3,63
2024/10/11 09:15:00,24.2020,124.2020,13,4.9,35.1,1.5,2.7,2
2024/10/10 11:33:00,42.1870,143.3720,41,4.4,90.8,3.4,3.7,39
2024/10/10 05:48:00,31.7680,131.5250,36,3.2,5.7,0.3,1.5,5
2024/10/09 20:19:00,37.5880,137.4280,14,4.3,16.6,0.9,2.4,40
2024/10/07 02:20:00,38.5570,141.8100,42,4.4,130.1,2.4,2.9,133
2024/10/06 10:49:00,37.9500,141.7200,57,4.0,13.8,0.3,1.6,53
2024/10/06 06:21:00,37.3980,136.8750,8,2.5,25.0,0.4,1.2,2
2024/10/05 08:58:00,32.7080,130.6320,12,3.7,30.6,1.0,2.6,34
2024/10/04 13:19:00,35.0120,132.9330,7,2.2,36.6,0.4,1.5,3
2024/10/04 06:48:00,35.0120,132.9330,7,2.9,62.2,1.0,2.3,6
2024/10/03 05:08:00,37.1770,136.8300,11,3.2,42.1,0.7,1.7,7
2024/09/26 20:35:00,32.6850,130.7080,13,3.8,42.2,1.3,2.6,41
2024/09/26 16:01:00,42.7770,145.1120,59,5.7,233.1,8.2,4.3,241
2024/09/24 22:09:00,44.9280,141.8430,14,3.7,72.9,3.5,3.6,13
2024/09/23 15:53:00,43.5830,146.1630,79,4.2,61.3,1.4,2.7,27
2024/09/23 06:53:00,35.0670,138.1500,31,3.9,42.8,0.8,2.0,67
2024/09/22 16:42:00,35.6980,139.1180,122,3.7,3.2,0.1,0.7,21
2024/09/22 09:52:00,37.0780,140.7520,8,3.0,4.7,0.1,0.6,5
2024/09/21 17:45:00,41.5700,142.0920,54,3.7,3.9,0.1,0.4,10
2024/09/20 21:22:00,33.2670,132.3150,41,4.7,141.8,4.2,3.8,201
2024/09/20 12:07:00,36.5480,140.3680,94,3.7,22.8,0.3,1.8,50
2024/09/19 18:18:00,35.7350,140.6850,50,4.2,7.5,0.4,1.7,30
2024/09/19 06:33:00,41.6630,142.7170,45,4.4,9.7,0.3,1.6,39
2024/09/19 05:46:00,43.2250,146.1020,76,4.6,37.0,1.0,2.7,41
2024/09/18 08:33:00,37.4820,137.3030,11,2.8,34.6,0.7,1.6,4
2024/09/16 23:13:00,31.5730,131.8500,22,5.3,26.8,1.7,2.9,87
2024/09/16 01:51:00,35.9330,140.1300,64,4.1,14.4,0.4,1.8,93
2024/09/16 01:23:00,37.4600,137.1370,13,3.4,18.5,0.5,1.9,6
2024/09/16 01:21:00,37.4080,136.9570,1,3.6,45.9,0.7,2.1,6
2024/09/14 13:46:00,42.7770,142.7830,101,3.7,9.5,0.3,1.6,48
2024/09/14 08:03:00,29.7670,131.0270,52,5.7,19.3,1.6,2.6,74
2024/09/13 04:18:00,36.0880,139.8680,47,3.4,13.6,0.3,1.5,49
2024/09/12 11:43:00,35.4600,140.4030,32,4.0,35.5,0.9,2.3,19
2024/09/12 10:59:00,33.6250,132.3420,48,3.9,23.4,0.4,1.9,44
2024/09/12 01:04:00,42.8970,145.5070,39,4.3,30.7,0.8,2.2,23
2024/09/10 12:27:00,31.9750,130.8770,0,3.1,3.6,0.2,1.1,8
2024/09/09 16:17:00,40.3300,141.1150,105,4.1,20.5,0.6,2.2,66
2024/09/09 15:54:00,31.7520,131.9570,26,4.2,6.2,0.2,1.4,17
2024/09/08 21:23:00,36.9950,140.6430,19,3.7,32.2,0.7,2.3,35
2024/09/08 10:41:00,37.5120,141.8880,55,4.6,28.8,0.6,2.2,97
2024/09/08 07:51:00,39.8580,143.1570,18,4.7,10.3,0.3,1.7,56
2024/09/08 07:29:00,37.1680,136.7470,5,3.3,19.9,0.4,1.9,6
2024/09/07 23:01:00,24.8300,125.3800,48,4.2,12.9,0.3,1.2,2
2024/09/07 22:42:00,32.2620,137.8850,399,5.3,10.6,0.4,1.9,139
2024/09/06 15:02:00,31.9750,130.8770,0,3.0,4.4,0.1,1.0,7
2024/09/04 18:49:00,37.7720,141.8330,44,4.1,9.0,0.2,1.0,26
2024/09/01 11:28:00,35.4950,138.9600,23,4.2,143.9,2.5,3.3,107
2024/08/31 22:04:00,31.9230,131.9070,28,4.7,25.8,1.6,3.0,73
2024/08/31 11:52:00,35.0620,134.9270,13,3.4,25.2,0.3,1.6,16
2024/08/29 11:17:00,37.4150,137.0050,11,4.0,83.7,2.0,2.9,19
2024/08/28 03:06:00,37.3470,136.8420,7,2.8,17.1,0.3,1.2,3
2024/08/28 02:05:00,35.5730,139.4830,38,4.0,118.0,2.8,2.9,108
2024/08/24 00:48:00,40.2380,141.2650,7,2.8,33.0,0.5,1.5,8
2024/08/23 21:00:00,36.0320,140.3880,58,4.0,7.4,0.2,1.4,36
2024/08/23 10:14:00,37.2720,139.5200,7,1.9,44.0,0.7,1.7,1
2024/08/22 06:05:00,42.7300,144.9630,80,3.7,16.4,0.3,1.6,28
2024/08/21 23:33:00,28.0580,129.0670,14,3.8,15.3,0.4,1.6,4
2024/08/20 17:24:00,43.9620,147.4270,95,4.8,8.7,0.3,1.8,29
2024/08/20 08:02:00,42.9170,144.1380,114,4.5,69.5,1.8,3.1,69
2024/08/19 01:48:00,37.1850,136.8450,10,2.9,27.8,0.5,1.6,6
2024/08/19 00:50:00,36.7170,140.6200,8,5.1,332.8,10.1,4.4,199
2024/08/19 00:48:00,36.7230,140.6250,7,4.8,206.9,5.6,3.8,124
2024/08/18 07:03:00,35.4720,140.4430,32,3.2,12.4,0.4,1.1,12
2024/08/18 01:38:00,40.1430,141.1750,10,3.0,13.2,0.2,0.9,7
2024/08/17 09:33:00,38.5330,141.8270,49,4.6,105.6,1.4,3.1,105
2024/08/17 00:57:00,43.9370,146.5830,83,4.6,6.5,0.2,1.5,24
2024/08/16 22:06:00,36.3600,134.8020,25,4.3,21.9,0.4,1.9,41
2024/08/15 20:20:00,35.4020,139.1550,12,4.3,123.3,3.3,3.3,85
2024/08/14 19:38:00,35.4100,139.1650,13,4.2,85.0,1.9,2.7,43
2024/08/13 05:16:00,40.9800,142.0050,59,3.6,10.1,0.2,1.2,10
2024/08/13 00:45:00,27.4250,128.6220,44,3.6,7.9,0.1,1.0,2
2024/08/11 20:01:00,32.7280,130.6120,13,3.4,23.1,0.5,1.9,17
2024/08/11 09:38:00,37.7150,141.7170,64,4.3,24.1,0.8,2.2,81
2024/08/11 07:42:00,31.8320,131.6450,32,4.5,18.7,1.4,2.7,62
2024/08/10 21:15:00,31.4850,131.7470,21,3.9,6.5,0.3,1.6,10
2024/08/10 14:18:00,32.5880,130.6630,12,3.7,32.7,0.7,2.5,46
2024/08/10 12:29:00,46.7970,145.0050,447,6.7,17.2,0.9,2.6,248
2024/08/10 04:04:00,36.0580,139.8900,45,3.6,43.2,0.8,2.4,52
2024/08/09 19:57:00,35.4100,139.1600,13,5.3,439.4,14.2,4.8,304
2024/08/09 13:56:00,37.3650,136.8630,9,3.3,23.1,0.5,1.2,8
2024/08/09 04:47:00,31.6450,131.8170,23,4.0,8.8,0.4,1.7,18
2024/08/09 04:23:00,31.8120,131.6480,26,5.4,38.3,2.3,3.3,130
2024/08/09 03:48:00,31.7780,131.8930,26,4.2,7.5,0.3,1.6,34
2024/08/08 18:00:00,31.5750,131.8470,23,4.4,12.2,0.6,2.0,31
2024/08/08 17:35:00,31.6470,131.8120,19,4.6,7.7,0.4,1.7,32
2024/08/08 16:43:00,31.7370,131.7220,31,7.1,403.3,35.9,5.5,347
2024/08/04 22:19:00,42.9820,145.2380,72,4.7,99.9,1.9,3.4,83
2024/08/02 04:16:00,26.6730,127.1680,9,4.1,2.1,0.1,0.7,3
2024/08/01 19:40:00,37.1930,136.6980,6,2.6,11.5,0.3,1.5,3
2024/07/31 23:03:00,43.2750,146.3220,47,4.1,21.8,0.5,1.8,6
2024/07/31 01:47:00,35.6820,139.5770,121,4.7,95.6,3.2,3.7,241
2024/07/30 01:25:00,32.1470,131.6100,48,5.1,179.1,5.4,4.1,154
2024/07/29 23:12:00,34.2750,133.3200,20,3.9,61.0,1.1,2.1,69
2024/07/28 19:13:00,39.4770,143.5980,7,5.5,5.5,0.5,2.0,78
2024/07/28 00:58:00,40.1470,141.1780,10,4.2,88.0,2.0,3.3,89
2024/07/26 20:17:00,35.4230,140.4500,38,3.4,19.0,0.4,1.8,19
2024/07/25 16:26:00,38.3650,141.6630,60,4.5,42.6,0.8,2.5,111
2024/07/25 13:01:00,35.4770,140.4030,33,4.0,42.6,1.2,2.4,30
2024/07/24 01:02:00,32.4880,129.9230,12,3.5,12.1,0.2,1.5,14
2024/07/23 08:27:00,38.2170,141.8030,66,4.7,110.8,3.9,3.6,133
2024/07/22 19:05:00,33.9850,135.3030,5,3.4,134.2,1.7,1.9,12
2024/07/22 10:07:00,36.7780,140.7430,89,4.8,87.1,3.1,3.5,225
2024/07/21 13:27:00,42.7050,145.5220,28,5.4,51.3,1.1,2.9,63
2024/07/21 05:46:00,38.6880,141.9480,57,4.6,95.9,1.2,2.7,127
2024/07/21 00:12:00,33.9930,135.1400,7,3.0,27.2,0.4,1.2,4
2024/07/20 20:15:00,36.7400,141.5500,36,5.0,21.6,1.0,2.7,134
2024/07/19 16:14:00,37.1750,141.2170,81,4.0,12.3,0.3,1.3,50
2024/07/19 14:27:00,40.1430,141.1770,10,4.0,96.7,2.3,3.0,56
2024/07/19 00:17:00,36.0380,140.1020,63,3.8,25.4,0.7,1.9,67
2024/07/18 20:07:00,33.5670,140.2420,100,5.7,62.8,3.0,3.3,233
2024/07/18 05:51:00,37.3120,141.1480,65,3.6,19.2,0.2,1.3,35
2024/07/17 15:48:00,37.0520,139.4350,8,2.4,53.5,0.6,1.6,2
2024/07/16 22:19:00,36.0420,140.1000,65,4.2,77.7,2.1,3.3,163
2024/07/13 12:27:00,37.6730,141.5400,52,4.0,11.9,0.3,1.6,36
2024/07/13 08:18:00,25.1000,128.1520,69,5.3,4.2,0.1,0.7,6
2024/07/11 12:02:00,36.9970,137.5050,14,4.3,36.6,0.7,1.8,24
2024/07/11 12:01:00,37.0080,137.5150,16,4.7,123.3,3.5,3.2,112
2024/07/11 00:00:00,36.4650,140.5970,55,3.5,34.5,0.7,2.3,58
2024/07/10 08:20:00,37.1270,136.7780,12,3.5,23.2,0.5,1.7,7
2024/07/10 04:02:00,38.8650,142.0400,47,3.8,50.9,0.7,1.9,22
2024/07/10 00:19:00,37.1250,136.7780,12,3.5,32.9,0.6,2.0,8
2024/07/08 05:02:00,27.0400,139.2800,598,6.4,3.2,0.3,1.3,41
2024/07/07 23:28:00,36.6430,139.4270,6,3.4,79.9,0.8,1.8,18
2024/07/06 19:21:00,33.5230,140.4780,57,4.8,7.3,0.3,1.5,7
2024/07/05 14:08:00,37.0120,136.5880,9,4.0,27.1,0.8,2.3,18
2024/07/05 06:20:00,42.9650,144.3450,33,4.1,55.7,1.1,2.5,29
2024/07/04 12:12:00,35.2080,140.4630,49,5.2,117.2,8.0,4.0,199
2024/07/04 10:25:00,36.4670,140.6030,55,4.3,130.9,2.7,3.5,149
2024/07/02 07:50:00,27.9920,130.2530,34,4.3,2.2,0.2,1.1,2
2024/07/01 23:55:00,37.3600,137.1350,12,3.7,55.5,1.9,3.2,20
2024/06/30 19:38:00,32.2550,132.1500,25,4.1,33.5,0.8,2.4,38
2024/06/29 00:08:00,33.9020,132.8970,11,3.3,11.0,0.2,0.7,13
2024/06/28 11:30:00,27.3000,128.8600,30,4.8,18.6,0.7,2.4,4
2024/06/28 10:46:00,37.5900,141.8820,43,4.8,12.5,0.5,1.9,72
2024/06/28 04:27:00,27.3230,128.8680,30,4.9,24.4,1.0,2.6,5
2024/06/27 19:43:00,35.4350,137.3900,7,3.3,168.8,1.6,1.8,23
2024/06/27 18:45:00,37.5150,141.4030,50,4.5,47.6,1.0,2.2,106
2024/06/27 03:23:00,37.3930,136.9470,14,3.7,33.0,0.6,2.1,22
2024/06/25 17:47:00,35.2230,136.5050,6,3.1,52.6,0.8,1.8,7
2024/06/25 17:31:00,33.5500,141.2450,44,5.5,10.2,0.5,2.1,93
2024/06/25 15:26:00,32.6480,130.6900,11,3.4,21.0,0.7,2.4,25
2024/06/24 23:24:00,35.8350,139.3420,56,3.7,10.7,0.5,2.0,80
2024/06/23 22:54:00,35.6450,140.0600,72,4.1,28.6,0.8,2.3,102
2024/06/23 13:11:00,32.1420,130.0630,10,3.3,22.2,0.6,1.9,12
2024/06/23 12:12:00,37.0620,141.1970,49,4.9,168.5,4.2,3.5,218
2024/06/21 16:56:00,36.4050,141.0780,41,3.8,10.1,0.2,1.2,29
2024/06/21 14:23:00,36.4780,141.0250,48,4.4,81.1,1.7,2.9,99
2024/06/21 14:04:00,33.8120,132.6630,44,3.9,41.7,1.1,2.7,128
2024/06/20 23:53:00,34.0650,135.3800,7,3.1,21.5,0.3,0.7,7
2024/06/20 22:23:00,34.7630,137.2480,35,4.4,59.2,1.1,2.7,143
2024/06/20 16:40:00,37.9980,141.7330,56,4.1,15.7,0.4,1.9,57
2024/06/20 14:37:00,40.1300,142.4830,38,4.7,36.8,0.9,2.7,100
2024/06/20 04:24:00,34.2050,135.8250,59,3.8,35.7,0.6,1.9,59
2024/06/19 11:24:00,37.3180,136.8630,11,3.6,17.0,0.4,1.5,13
2024/06/18 20:21:00,24.8180,125.3880,49,4.2,23.5,0.6,1.9,2
2024/06/18 03:33:00,36.0130,139.4400,62,3.5,13.5,0.4,1.8,41
2024/06/17 18:26:00,31.4980,131.8270,20,4.3,17.1,0.9,2.6,26
2024/06/17 15:57:00,31.4980,131.8320,21,4.6,28.8,1.7,3.0,54
2024/06/16 19:35:00,35.8030,140.0700,68,4.3,8.6,0.4,1.6,109
2024/06/16 19:16:00,35.8020,140.0770,69,4.3,21.1,0.5,2.1,161
2024/06/15 12:00:00,27.1100,128.2950,54,4.0,9.7,0.3,1.4,4
2024/06/14 02:44:00,43.1250,145.5750,80,4.0,21.3,0.4,2.0,35
2024/06/12 14:35:00,41.9880,142.5650,65,4.4,14.9,0.5,2.2,61
2024/06/12 07:24:00,37.5020,137.3150,10,4.3,121.5,3.1,3.3,25
2024/06/11 19:33:00,40.1570,138.9850,23,4.8,19.7,0.5,2.1,62
2024/06/11 09:58:00,38.9870,140.0130,18,4.0,75.1,1.5,2.5,42
2024/06/09 15:41:00,26.6680,127.7620,48,3.8,5.8,0.2,1.0,4
2024/06/09 03:21:00,32.7050,130.6220,11,2.8,9.7,0.2,1.5,3
2024/06/08 10:11:00,28.7820,129.9400,41,4.1,4.7,0.3,1.7,1
2024/06/07 21:35:00,38.6230,141.8980,47,3.9,31.6,0.4,1.5,23
2024/06/06 19:22:00,26.5500,127.6600,47,3.7,3.3,0.1,0.2,3
2024/06/06 16:04:00,32.5800,130.6470,12,3.3,30.4,0.5,1.9,16
2024/06/06 11:12:00,28.0070,130.2550,32,4.7,3.2,0.2,1.5,1
2024/06/06 09:03:00,35.6330,140.6880,50,4.6,23.6,1.6,2.7,62
2024/06/05 21:54:00,36.2630,139.7830,60,4.2,117.3,2.7,3.4,148
2024/06/03 06:54:00,37.4750,137.3200,12,3.5,53.2,1.0,2.4,7
2024/06/03 06:49:00,37.4550,137.3050,14,2.9,33.0,0.5,1.6,5
2024/06/03 06:45:00,37.4870,137.3520,12,3.5,20.8,0.4,1.7,4
2024/06/03 06:40:00,37.4630,137.3470,14,5.0,151.4,5.7,4.3,89
2024/06/03 06:31:00,37.4670,137.3020,14,6.0,571.8,35.5,5.4,308
2024/06/02 20:17:00,32.5820,130.6500,12,3.4,88.7,1.6,2.7,35
2024/06/01 10:57:00,39.7550,141.8420,58,3.7,27.6,0.5,2.0,42
2024/06/01 04:02:00,33.2150,132.3550,39,4.5,146.5,5.2,3.9,160
2024/05/31 04:46:00,32.5830,130.6470,13,4.7,160.3,5.3,3.8,136
2024/05/31 01:58:00,34.9220,137.8630,36,4.1,20.8,0.8,2.1,71
2024/05/31 00:46:00,33.7750,133.4850,3,2.8,12.9,0.1,1.0,5
2024/05/30 11:54:00,35.7270,138.3120,16,3.9,27.3,0.5,2.0,67
2024/05/30 02:14:00,32.3100,137.7870,405,5.5,11.7,0.4,2.0,141
2024/05/28 18:55:00,37.7000,141.8350,44,4.4,22.2,0.7,2.4,70
2024/05/28 11:50:00,37.1100,136.6430,8,3.0,19.6,0.4,2.0,3
2024/05/26 23:13:00,35.3620,133.2480,11,3.0,11.7,0.4,1.5,9
2024/05/26 16:59:00,38.7520,141.5820,75,4.1,108.2,1.3,2.7,83
2024/05/26 14:23:00,33.3150,131.4180,6,3.3,19.7,0.6,2.2,7
2024/05/26 00:55:00,36.1570,140.0930,66,4.7,60.4,2.6,3.1,241
2024/05/25 13:35:00,35.1080,135.5420,7,3.1,21.9,0.4,1.6,13
2024/05/24 23:30:00,37.1850,136.7450,7,3.3,68.6,1.0,2.0,9
2024/05/23 20:00:00,43.0820,145.5620,48,4.6,104.1,2.3,3.3,32
2024/05/22 13:56:00,35.3750,140.4680,29,3.2,7.0,0.1,0.8,6
2024/05/21 21:06:00,40.6080,142.2320,87,4.2,15.6,0.2,1.6,44
2024/05/19 06:32:00,36.8770,140.7800,10,3.4,14.3,0.2,1.3,20
2024/05/19 00:46:00,37.1600,141.4850,42,4.5,31.9,1.0,2.4,110
2024/05/18 09:55:00,35.9250,141.0400,15,4.5,43.9,1.6,3.0,99
2024/05/17 01:15:00,37.3820,141.4830,48,4.0,20.9,0.7,2.2,43
2024/05/17 00:15:00,32.8300,130.7030,13,3.2,6.4,0.1,0.8,17
2024/05/16 22:18:00,39.6370,142.1030,48,3.7,35.0,0.6,1.9,27
2024/05/15 02:49:00,37.1580,136.6630,3,2.9,122.0,1.6,2.6,3
2024/05/12 07:00:00,37.3630,136.9570,10,3.4,12.8,0.4,1.1,10
2024/05/11 19:52:00,28.1370,129.1570,27,3.8,30.4,0.4,1.5,4
2024/05/11 09:47:00,41.7570,144.2300,17,4.9,6.1,0.4,1.8,28
2024/05/11 06:56:00,33.8150,134.1880,18,3.3,25.9,0.3,1.6,13
2024/05/11 05:43:00,35.1580,135.6750,7,3.3,23.9,0.3,1.2,21
2024/05/11 03:16:00,37.3620,136.8730,7,2.7,20.1,0.4,1.4,2
2024/05/10 18:50:00,37.3720,136.9070,11,3.8,68.3,1.5,2.5,17
2024/05/10 17:30:00,42.4220,143.3970,52,3.9,8.1,0.5,1.8,33
2024/05/09 04:34:00,33.0680,131.5200,96,4.0,17.7,0.5,1.9,84
2024/05/07 15:08:00,43.5670,146.5520,50,4.0,17.2,0.5,2.0,16
2024/05/06 03:53:00,37.3830,136.9370,10,3.3,9.1,0.2,1.1,10
2024/05/06 00:50:00,33.1550,132.4100,37,3.9,37.2,1.1,2.6,49
2024/05/05 01:34:00,30.3330,131.0370,15,3.7,13.9,0.4,1.8,2
2024/05/04 09:40:00,33.2300,132.3730,38,3.9,44.5,0.9,2.6,51
2024/05/03 13:52:00,33.1920,132.3850,37,3.2,16.6,0.3,1.5,15
2024/05/03 09:10:00,33.8070,135.3520,46,3.8,49.8,0.6,1.9,40
2024/05/02 08:20:00,34.4370,131.4050,17,4.2,61.5,0.8,2.5,66
2024/05/02 02:37:00,30.6020,131.1030,31,3.2,8.0,0.2,1.5,2
2024/05/01 21:54:00,37.3700,136.8770,8,3.0,9.4,0.2,0.9,6
2024/05/01 18:16:00,34.1100,136.1920,36,3.5,25.7,0.4,1.5,25
2024/04/30 20:40:00,35.9950,137.5230,9,3.0,103.6,1.6,2.8,13
2024/04/30 01:14:00,35.9920,137.5220,9,3.6,358.5,3.9,3.4,33
2024/04/30 00:08:00,37.4580,137.3000,13,3.0,38.0,0.6,2.0,6
2024/04/29 06:09:00,33.2100,132.3500,39,3.8,34.9,0.8,2.4,38
2024/04/29 05:47:00,33.2100,132.3500,39,3.5,16.5,0.4,1.7,19
2024/04/29 01:16:00,37.3180,141.3180,32,4.6,59.7,1.0,2.6,118
2024/04/28 22:28:00,42.8370,144.8420,87,3.9,18.6,0.3,1.6,22
2024/04/28 14:37:00,37.3720,137.0100,7,3.3,42.9,0.9,2.1,6
2024/04/28 09:25:00,40.1520,138.9770,23,4.6,10.4,0.3,1.5,37
2024/04/28 04:04:00,25.0200,125.6070,53,4.3,11.0,0.3,1.2,2
2024/04/27 17:36:00,27.9030,139.7980,515,6.7,21.4,1.4,2.6,145
2024/04/27 17:11:00,35.3680,140.4520,28,3.1,6.1,0.2,0.9,9
2024/04/27 06:10:00,28.4300,128.9630,9,3.9,11.9,0.2,1.1,4
2024/04/26 18:34:00,37.1620,136.6680,3,2.6,91.8,1.6,2.6,3
2024/04/26 10:33:00,32.9580,131.1130,8,3.6,72.1,2.6,3.3,25
2024/04/26 10:29:00,32.9570,131.1120,8,3.8,46.2,1.8,3.2,36
2024/04/25 13:46:00,36.4580,140.5970,56,3.7,45.1,0.7,2.2,46
2024/04/25 00:26:00,31.7320,131.8170,40,4.1,6.0,0.3,1.6,22
2024/04/24 22:42:00,33.2020,132.3700,37,3.2,14.1,0.4,1.9,13
2024/04/24 21:16:00,36.4320,140.5880,53,3.7,45.2,0.7,2.2,67
2024/04/24 20:40:00,36.4480,140.6150,55,5.1,297.2,6.6,4.0,264
2024/04/24 11:42:00,37.1700,136.6700,10,3.7,29.1,0.7,2.1,13
2024/04/24 10:58:00,33.2120,132.3580,38,3.7,19.4,0.4,1.8,29
2024/04/23 14:29:00,33.2050,132.3430,39,3.8,38.4,1.0,2.6,35
2024/04/23 09:51:00,33.2000,132.3650,40,3.6,33.3,0.7,2.2,28
2024/04/22 03:49:00,32.2300,130.6600,5,2.8,5.0,0.1,0.7,6
2024/04/21 22:36:00,33.2050,132.3450,38,3.4,17.6,0.4,1.8,18
2024/04/21 06:19:00,34.2320,135.1370,7,2.9,245.1,2.1,2.6,3
2024/04/20 07:07:00,43.3320,146.3950,47,4.4,46.4,1.2,2.4,18
2024/04/20 02:51:00,33.4770,135.0600,34,3.7,10.2,0.3,1.6,14
2024/04/19 23:27:00,34.9320,129.6950,15,4.1,12.7,0.3,1.7,6
2024/04/19 09:33:00,36.0880,139.8900,48,4.1,23.5,0.4,1.8,88
2024/04/19 02:59:00,33.2270,132.3720,38,3.5,16.0,0.3,1.7,23
2024/04/18 23:45:00,33.2070,132.3700,39,3.7,22.2,0.6,2.1,28
2024/04/18 12:15:00,33.2280,132.3700,37,3.7,29.3,0.5,1.9,34
2024/04/18 06:31:00,33.2150,132.3700,37,3.6,21.2,0.3,1.7,24
2024/04/18 01:05:00,33.1930,132.3850,37,3.3,22.5,0.5,1.7,14
2024/04/18 01:01:00,33.2020,132.3430,38,3.2,15.2,0.4,1.6,15
2024/04/18 00:44:00,33.2200,132.3820,36,3.4,18.1,0.4,1.7,16
2024/04/18 00:37:00,33.2230,132.3980,39,3.8,34.8,0.8,2.1,31
2024/04/18 00:30:00,33.2100,132.3750,37,3.6,16.4,0.4,1.6,27
2024/04/17 23:31:00,36.6970,138.4000,11,3.3,216.6,3.1,3.1,11
2024/04/17 23:27:00,33.2020,132.3380,38,4.2,63.9,1.7,3.0,81
2024/04/17 23:19:00,33.2200,132.3980,41,5.1,155.4,5.9,4.1,172
2024/04/17 23:14:00,33.2000,132.4080,39,6.6,558.3,53.1,5.9,467
2024/04/17 19:18:00,35.8600,137.8150,10,3.9,129.2,2.4,2.9,66
2024/04/17 03:21:00,39.3350,142.0700,48,4.2,63.9,0.7,2.1,42
2024/04/16 07:38:00,29.4570,131.7380,70,5.6,7.5,0.4,1.7,40
2024/04/14 08:32:00,37.1780,136.8400,11,3.4,58.0,1.1,2.2,9
2024/04/13 16:43:00,33.5150,132.5570,42,3.4,11.8,0.3,1.5,28
2024/04/13 04:48:00,42.9570,145.4200,45,3.9,31.1,0.7,2.2,15
2024/04/12 18:00:00,28.4000,129.1930,41,4.9,65.0,0.9,2.7,7
2024/04/11 16:13:00,40.7270,141.7420,107,4.3,24.6,0.4,1.8,53
2024/04/11 13:16:00,37.4580,137.1470,12,3.5,22.6,0.6,1.8,10
2024/04/10 11:45:00,37.1670,136.6900,4,2.6,43.9,0.6,2.0,2
2024/04/09 20:26:00,37.4850,137.2780,11,2.9,29.2,0.5,1.8,5
2024/04/09 07:36:00,37.4880,137.3150,12,2.7,20.3,0.4,1.7,5
2024/04/09 06:13:00,40.1280,141.6870,76,4.1,76.9,1.1,2.6,70
2024/04/08 22:29:00,37.4720,137.1670,13,4.1,62.2,1.5,2.7,23
2024/04/08 13:57:00,32.1330,131.9100,28,4.5,33.1,0.6,2.2,53
2024/04/08 10:25:00,31.5900,131.4770,39,5.1,133.2,8.0,4.4,87
2024/04/06 15:13:00,38.1720,141.6950,52,4.0,25.9,0.6,2.2,54
2024/04/06 09:12:00,40.8680,143.3980,17,5.5,10.2,1.0,2.5,116
2024/04/06 01:13:00,37.0500,139.3620,6,2.0,30.5,0.3,1.5,1
2024/04/06 00:40:00,37.1070,141.1170,52,3.9,42.7,0.9,2.5,46
2024/04/05 20:03:00,19.6380,145.5000,250,6.8,1.7,0.3,1.1,2
2024/04/05 05:32:00,41.9400,142.4470,66,5.0,31.0,1.7,3.0,171
2024/04/04 12:16:00,37.7300,141.8620,44,6.3,189.6,7.2,4.4,504
2024/04/04 11:15:00,35.6500,139.5520,105,3.8,17.6,0.6,2.1,79
2024/04/03 12:34:00,35.3780,140.3100,29,3.7,60.8,1.4,2.7,22
2024/04/03 10:56:00,37.1950,136.8850,10,3.6,77.4,1.7,2.7,13
2024/04/03 09:11:00,24.0970,121.6780,15,6.6,1.4,0.2,0.9,1
2024/04/03 08:58:00,23.8320,121.5980,23,7.7,20.0,2.0,2.9,5
2024/04/02 17:24:00,37.3670,136.8580,8,3.7,91.3,1.6,2.3,11
2024/04/02 09:34:00,34.2230,135.1320,7,2.6,59.2,0.4,1.6,1
2024/04/02 04:24:00,40.1330,141.7120,71,6.0,411.1,15.0,4.8,392
2024/04/02 02:49:00,37.3820,136.8820,0,2.2,48.8,0.5,1.2,2
2024/04/01 07:54:00,35.6800,138.2000,13,3.3,9.5,0.2,0.7,22
2024/04/01 02:48:00,32.4300,131.5230,13,3.3,35.1,0.5,1.9,22
2024/03/31 20:44:00,37.2250,136.8450,11,3.4,68.9,1.1,2.4,10
2024/03/30 08:31:00,37.1380,136.6980,5,2.7,20.5,0.3,1.4,3
2024/03/29 06:10:00,37.1270,136.7130,3,2.7,5.3,0.1,0.8,3
2024/03/29 03:14:00,36.0830,137.5420,5,3.2,43.8,0.7,2.2,16
2024/03/28 23:15:00,34.9600,135.5970,9,3.1,18.4,0.4,1.5,17
2024/03/27 06:06:00,35.5570,140.3850,55,4.3,21.9,0.8,2.3,69
2024/03/25 23:45:00,31.8470,130.7830,7,2.8,31.7,0.9,1.9,6
2024/03/25 10:58:00,37.4530,137.1470,9,3.0,54.4,1.1,2.0,5
2024/03/24 15:53:00,37.3970,136.8750,6,2.9,99.2,1.4,2.3,3
2024/03/24 01:49:00,35.4920,140.0870,70,3.2,5.1,0.1,0.9,13
2024/03/23 21:05:00,35.3230,140.3650,26,2.7,9.8,0.2,0.7,7
2024/03/23 08:31:00,35.6820,136.6300,14,4.6,468.9,6.4,4.1,227
2024/03/23 02:56:00,37.5750,137.3920,8,4.3,30.2,1.7,2.7,28
2024/03/22 14:44:00,40.3630,142.2020,46,4.3,30.3,0.9,2.6,68
2024/03/21 09:08:00,36.0480,139.8870,46,5.3,269.2,10.0,4.3,335
2024/03/21 07:43:00,35.3270,138.4830,17,2.6,14.6,0.3,1.5,7
2024/03/20 08:54:00,32.9680,131.1050,9,3.1,17.9,0.5,2.2,8
2024/03/19 10:15:00,41.6930,143.8200,21,4.6,9.2,0.3,1.6,18
2024/03/18 18:49:00,35.6370,140.0700,72,3.7,6.7,0.2,1.1,42
2024/03/18 10:58:00,33.2550,132.3500,40,3.9,24.8,0.5,2.2,48
2024/03/18 03:50:00,35.7620,140.2670,58,4.2,21.7,0.7,2.0,103
2024/03/18 02:25:00,37.1600,141.4300,44,3.9,20.1,0.5,2.1,67
2024/03/17 06:17:00,37.1550,141.4470,44,5.4,91.2,3.2,3.5,311
2024/03/16 14:13:00,37.1620,136.6800,4,2.2,19.0,0.4,1.7,2
2024/03/16 06:34:00,32.9070,131.0470,7,3.3,14.4,0.5,1.7,8
2024/03/15 20:04:00,28.5050,130.2020,35,4.9,11.2,0.7,2.3,2
2024/03/15 19:34:00,28.5400,130.0980,31,4.7,1.9,0.1,0.4,1
2024/03/15 19:32:00,28.4930,130.2020,40,5.6,73.3,5.8,4.1,4
2024/03/15 19:28:00,37.4920,137.2300,9,3.6,41.6,1.2,2.5,9
2024/03/15 00:14:00,37.0720,141.1630,50,5.8,342.9,11.7,4.6,444
2024/03/14 18:37:00,41.4980,142.0450,57,4.1,16.9,0.3,1.7,23
2024/03/14 16:34:00,43.5820,143.7570,8,4.1,40.9,0.9,2.2,30
2024/03/14 12:49:00,37.1020,136.6130,9,2.3,12.1,0.3,1.6,2
2024/03/14 11:07:00,37.1080,136.6100,8,2.4,13.2,0.3,1.8,3
2024/03/13 20:24:00,37.0930,141.1300,51,4.7,69.0,1.9,3.2,118
2024/03/13 16:08:00,27.7530,129.6480,62,4.3,3.2,0.2,1.3,4
2024/03/13 03:31:00,37.1280,136.6870,6,4.1,104.8,2.2,3.3,19
2024/03/12 12:27:00,35.3870,140.4120,30,3.0,16.3,0.4,1.6,10
2024/03/10 15:14:00,37.9530,141.7470,55,4.3,25.6,0.5,2.0,85
2024/03/09 21:26:00,32.4320,131.5230,12,3.3,56.3,0.8,2.2,19
2024/03/09 20:21:00,32.4300,131.5230,13,3.5,120.6,1.8,3.1,26
2024/03/09 14:18:00,41.9300,142.3450,71,4.6,55.4,2.3,3.1,117
2024/03/09 12:47:00,37.4170,137.1050,12,3.8,25.5,0.6,2.4,15
2024/03/09 04:26:00,35.3900,140.4200,28,4.4,90.7,2.6,3.2,74
2024/03/09 03:59:00,35.3950,140.4120,28,2.5,5.0,0.1,0.4,2
2024/03/09 02:55:00,34.2150,135.0850,9,3.6,84.3,1.2,2.5,16
2024/03/08 16:10:00,35.3780,140.4100,27,2.7,11.5,0.2,0.7,7
2024/03/08 02:58:00,35.0680,139.1520,9,2.9,55.7,0.8,1.7,9
2024/03/08 02:50:00,37.2100,136.8700,11,2.7,26.0,0.5,1.5,4
2024/03/07 20:58:00,34.0450,135.3100,6,3.3,16.9,0.2,1.1,11
2024/03/07 17:14:00,32.7700,131.8200,52,4.0,19.6,0.5,2.1,61
2024/03/07 15:41:00,37.3720,136.9320,11,4.3,44.0,1.6,3.1,33
2024/03/07 14:25:00,32.4330,131.5220,13,3.4,55.3,0.7,1.9,21
2024/03/07 14:19:00,32.4330,131.5230,13,3.6,33.3,0.5,1.9,30
2024/03/07 11:28:00,34.2200,135.0870,9,3.6,74.0,0.7,2.0,16
2024/03/07 05:40:00,35.5370,138.9370,23,3.6,38.2,0.6,2.1,49
2024/03/06 22:16:00,37.0550,141.2220,48,3.8,21.2,0.3,1.5,26
2024/03/06 17:09:00,35.5120,140.4180,33,3.3,38.1,1.0,2.3,18
2024/03/05 20:01:00,37.1220,136.6680,8,3.3,39.3,0.7,2.2,5
2024/03/05 02:06:00,35.3320,140.3620,25,2.9,13.3,0.3,1.0,9
2024/03/04 21:42:00,37.4920,137.2370,13,3.3,17.2,0.4,1.5,7
2024/03/04 17:46:00,37.1920,136.8150,12,3.3,32.2,0.6,2.0,7
2024/03/04 17:31:00,37.2120,136.6850,5,4.4,67.6,3.2,3.2,36
2024/03/04 14:53:00,37.1230,136.6000,7,2.8,27.0,0.6,2.0,3
2024/03/04 03:51:00,37.1020,136.6180,8,3.4,18.8,0.4,1.8,5
2024/03/03 17:32:00,41.2000,142.0620,56,4.8,36.8,0.8,2.4,91
2024/03/02 23:00:00,32.4350,131.5230,13,4.3,147.3,3.1,3.6,72
2024/03/02 20:23:00,36.0430,139.9020,44,3.8,27.1,0.7,2.0,106
2024/03/02 18:20:00,37.8080,141.6020,56,4.1,10.4,0.3,1.6,42
2024/03/02 09:44:00,35.3330,140.3580,26,3.0,28.6,0.5,1.4,9
2024/03/02 07:13:00,35.3700,140.4520,26,3.1,6.4,0.2,0.9,9
2024/03/02 03:49:00,35.3220,140.3580,25,3.0,14.1,0.4,1.1,9
2024/03/02 03:40:00,35.3250,140.3580,25,4.4,36.1,1.1,2.5,29
2024/03/02 03:38:00,35.3300,140.3520,25,3.8,51.0,1.5,2.6,32
2024/03/02 03:33:00,35.3230,140.3520,24,2.9,7.7,0.2,0.9,7
2024/03/02 03:08:00,35.5050,140.5300,31,3.0,12.0,0.2,0.9,10
2024/03/02 01:49:00,35.3150,140.3470,26,5.0,119.2,4.3,3.5,127
2024/03/01 22:41:00,35.3170,140.3470,23,3.1,11.2,0.4,1.1,9
2024/03/01 21:44:00,41.1870,141.6980,80,4.1,13.5,0.4,2.0,29
2024/03/01 21:19:00,35.4230,140.5320,30,3.0,5.2,0.1,0.7,6
2024/03/01 13:14:00,37.3450,136.9080,11,3.8,36.4,0.7,2.0,12
2024/03/01 05:43:00,35.4350,140.5500,31,5.3,117.0,4.3,3.5,190
2024/03/01 05:35:00,35.3470,140.3550,26,3.0,28.2,0.7,1.6,9
2024/03/01 01:01:00,36.0480,140.0900,63,3.7,15.3,0.3,1.7,64
2024/02/29 18:35:00,35.3950,140.5530,27,4.9,33.9,2.8,3.2,110
2024/02/29 16:27:00,35.3870,140.5520,29,4.6,48.7,1.5,2.6,88
2024/02/29 12:30:00,35.3400,140.5570,28,4.5,18.5,1.1,2.3,36
2024/02/29 11:13:00,35.3880,140.5600,29,4.6,52.4,3.6,3.2,80
2024/02/29 08:45:00,35.4050,140.5550,27,3.4,7.7,0.3,1.2,10
2024/02/29 08:42:00,35.4050,140.5570,28,4.2,13.6,0.5,1.8,19
2024/02/28 22:43:00,41.9870,142.5430,67,4.5,16.8,0.6,2.2,99
2024/02/28 16:14:00,37.3880,136.8720,5,3.8,133.8,2.0,2.8,10
2024/02/27 21:43:00,35.2400,140.6430,23,4.3,10.7,0.3,1.7,14
2024/02/27 14:19:00,37.3820,136.8870,6,3.0,233.3,2.7,3.2,3
2024/02/27 14:10:00,37.3850,136.8880,6,2.9,419.6,5.7,3.2,3
2024/02/27 06:40:00,37.8280,141.7630,54,4.7,37.0,1.0,2.2,98
2024/02/26 15:24:00,33.6420,132.4700,47,5.1,140.5,6.3,3.9,265
2024/02/25 09:28:00,28.0750,129.3550,39,4.0,18.3,0.4,1.8,3
2024/02/24 19:17:00,39.5450,143.5500,13,5.2,5.1,0.3,1.7,58
2024/02/24 12:57:00,38.3720,141.8230,58,4.1,53.9,0.7,2.1,72
2024/02/22 13:22:00,24.8020,125.3520,46,4.4,11.8,0.4,1.6,2
2024/02/21 18:27:00,33.2070,132.6630,37,3.9,111.8,2.5,3.3,49
2024/02/21 11:34:00,37.4800,137.2970,13,3.3,67.7,1.1,2.6,6
2024/02/21 03:58:00,37.5230,137.2530,11,3.4,17.6,0.4,1.7,8
2024/02/20 21:19:00,37.1720,136.7030,6,2.9,30.5,0.4,1.7,5
2024/02/19 11:21:00,38.3170,141.7700,50,3.9,50.7,0.6,2.2,51
2024/02/19 00:31:00,34.0020,135.2350,7,2.9,37.0,0.5,0.8,5
2024/02/18 16:14:00,35.4200,139.9320,113,4.1,25.7,1.0,2.5,113
2024/02/18 00:09:00,37.3950,136.8800,6,2.3,47.4,0.6,1.6,1
2024/02/18 00:00:00,37.3930,136.8680,7,2.4,39.6,0.4,1.4,2
2024/02/17 20:47:00,40.0930,142.4430,38,4.5,14.7,0.4,2.0,81
2024/02/17 07:14:00,37.1950,136.8370,11,3.4,63.2,0.8,2.3,8
2024/02/17 06:23:00,37.1950,136.8400,11,3.5,102.6,1.6,2.6,10
2024/02/16 23:31:00,31.9280,131.0180,7,3.0,9.8,0.3,1.4,7
2024/02/16 18:52:00,36.0850,139.8750,47,3.9,41.9,1.0,2.7,105
2024/02/16 17:49:00,37.4620,137.2170,14,2.9,26.3,0.4,1.5,6
2024/02/16 09:43:00,40.9770,142.0020,59,3.8,16.2,0.3,1.6,18
2024/02/16 06:46:00,37.1420,136.7250,7,3.1,23.1,0.5,2.0,5
2024/02/16 02:18:00,36.6770,141.1280,51,4.0,12.6,0.2,1.6,35
2024/02/15 20:00:00,37.5570,137.6170,17,4.3,36.4,1.0,2.7,47
2024/02/15 15:29:00,37.5530,137.6170,16,5.0,37.0,1.6,2.9,119
2024/02/15 14:22:00,37.2020,136.8350,11,3.2,28.7,0.5,1.8,6
2024/02/15 12:48:00,37.8800,137.7570,21,4.9,26.1,1.9,3.0,100
2024/02/15 10:08:00,35.0550,135.5520,12,3.7,45.3,0.9,2.0,43
2024/02/15 02:25:00,39.7030,141.2530,85,4.1,18.2,0.4,1.8,71
2024/02/14 17:11:00,41.5620,142.1000,53,4.2,4.5,0.1,0.6,10
2024/02/14 15:34:00,37.3580,136.7270,8,4.1,8.5,0.2,1.3,12
2024/02/14 15:29:00,35.0530,135.5550,12,4.4,116.4,1.9,3.0,181
2024/02/14 10:32:00,37.2150,136.7850,11,4.5,132.6,4.4,3.8,49
2024/02/14 04:57:00,32.2670,130.6400,4,2.1,1.9,0.0,-1.2,1
2024/02/12 19:35:00,37.1530,136.6530,8,3.4,72.1,0.9,2.2,7
2024/02/12 13:26:00,37.3620,136.8670,8,3.1,13.7,0.2,1.1,5
2024/02/12 05:31:00,34.9330,135.3730,6,3.3,27.7,0.5,2.0,19
2024/02/11 23:48:00,37.2830,136.6920,10,3.9,27.7,0.6,2.1,20
2024/02/11 23:26:00,37.1650,136.6900,4,3.2,78.9,0.8,2.0,8
2024/02/11 18:35:00,37.6930,137.5800,19,4.2,11.2,0.4,1.6,26
2024/02/11 12:36:00,37.4330,137.1770,15,4.7,203.8,6.4,4.2,90
2024/02/11 11:25:00,36.1450,140.0900,65,3.8,18.8,0.4,1.8,73
2024/02/11 00:34:00,37.6280,137.5770,16,4.1,6.8,0.3,1.7,40
2024/02/10 17:16:00,37.1850,136.7100,3,2.7,22.3,0.4,1.5,3
2024/02/10 16:47:00,36.3070,140.0830,69,4.0,30.2,0.7,2.4,133
2024/02/10 16:09:00,37.1720,136.6500,4,2.5,14.9,0.4,1.5,2
2024/02/10 10:21:00,37.1380,136.7200,5,2.2,2.5,0.0,-0.3,1
2024/02/10 07:48:00,37.1620,136.6850,3,2.1,63.1,1.1,2.2,2
2024/02/10 05:18:00,37.5750,137.4050,12,4.1,22.7,0.9,2.2,18
2024/02/09 23:40:00,35.9820,139.8320,83,3.9,12.0,0.3,1.8,106
2024/02/09 17:42:00,34.9600,139.2280,172,4.9,16.2,0.5,2.1,181
2024/02/09 09:30:00,37.1100,136.6530,6,3.0,12.9,0.4,1.7,3
2024/02/08 21:49:00,37.3850,136.9480,9,3.3,24.9,0.6,1.4,8
2024/02/08 13:26:00,37.6730,141.5200,56,3.9,12.5,0.3,1.5,32
2024/02/07 20:59:00,34.0000,135.2350,7,4.1,224.7,4.9,3.1,50
2024/02/07 16:25:00,39.2450,142.4070,31,4.2,33.7,0.4,1.8,67
2024/02/07 11:15:00,37.2030,136.8080,9,3.1,24.9,0.4,1.8,6
2024/02/07 06:08:00,37.7320,137.5830,20,5.2,96.7,3.4,3.7,159
2024/02/06 23:57:00,35.2400,137.5380,47,3.4,18.2,0.3,1.4,52
2024/02/06 11:56:00,37.1970,136.8420,10,4.1,87.4,2.4,3.1,24
2024/02/06 06:37:00,38.2480,140.6200,9,3.2,47.9,0.6,2.2,12
2024/02/06 02:59:00,32.1420,131.8870,30,3.9,19.6,0.3,1.7,18
2024/02/06 02:23:00,37.2200,136.8900,10,3.2,29.2,0.5,1.8,7
2024/02/06 00:39:00,31.6200,130.9750,9,3.0,34.1,0.7,2.0,9
2024/02/05 17:30:00,30.7650,131.4830,42,4.7,5.3,0.3,1.6,18
2024/02/05 11:38:00,37.0020,136.4250,12,4.0,18.1,0.5,1.7,22
2024/02/05 03:29:00,37.1420,136.7220,5,2.0,5.9,0.1,0.0,2
2024/02/05 00:57:00,37.2630,136.8420,12,3.6,57.8,0.9,2.4,11
2024/02/04 06:43:00,37.1880,136.6800,10,3.9,16.4,0.4,1.5,17
2024/02/04 01:16:00,37.4650,137.2530,12,4.1,107.1,3.7,3.3,22
2024/02/03 22:09:00,37.1170,136.6530,10,3.7,41.1,1.0,2.1,12
2024/02/03 15:09:00,35.4750,138.9950,25,4.0,81.5,1.6,2.8,80
2024/02/03 05:13:00,37.2520,136.6920,8,3.7,32.5,0.7,2.3,11
2024/02/03 00:18:00,28.0320,129.0100,38,3.6,7.6,0.1,0.8,2
2024/02/02 14:40:00,37.2280,136.8500,9,3.0,12.5,0.2,0.5,3
2024/02/02 01:45:00,37.2230,136.8850,10,4.1,132.9,2.1,3.0,29
2024/02/01 14:08:00,37.0500,137.7430,0,3.1,16.5,0.2,1.4,1
2024/02/01 13:43:00,36.9950,136.4320,11,4.0,14.4,0.3,1.5,23
2024/02/01 08:47:00,37.3850,136.8920,6,2.3,17.7,0.2,1.0,2
2024/02/01 08:07:00,37.3430,136.7770,12,4.5,81.6,2.8,3.2,50
2024/02/01 02:04:00,37.1620,136.7050,5,3.4,68.8,1.3,2.6,6
2024/01/31 12:55:00,37.4850,137.2600,12,3.2,23.6,0.3,1.5,6
2024/01/31 07:47:00,37.3380,136.9770,11,3.3,25.6,0.5,1.6,7
2024/01/30 19:37:00,37.1530,136.6600,6,3.0,53.1,1.3,2.6,3
2024/01/30 15:58:00,37.3600,136.7880,8,3.3,17.8,0.3,1.0,5
2024/01/30 12:09:00,37.4630,137.2650,12,3.0,17.9,0.4,1.8,5
2024/01/30 05:11:00,32.6500,130.6830,12,3.6,22.1,0.7,2.4,36
2024/01/30 00:01:00,32.6500,130.6850,12,3.1,16.4,0.5,2.0,9
2024/01/28 23:48:00,34.2880,135.7150,60,3.6,11.5,0.2,1.1,36
2024/01/28 14:22:00,32.5480,130.5800,9,3.0,30.0,0.4,1.5,8
2024/01/28 08:59:00,35.6370,140.0180,73,4.7,144.6,5.8,4.1,265
2024/01/27 04:44:00,37.4900,141.8780,40,4.2,10.9,0.2,1.6,34
2024/01/27 02:33:00,37.2220,136.8150,9,3.5,21.3,0.5,2.2,8
2024/01/26 23:06:00,26.7870,128.4220,31,4.1,26.3,0.7,2.1,3
2024/01/26 14:40:00,37.1580,136.6150,13,4.4,412.4,11.8,4.3,44
2024/01/26 09:35:00,35.4100,140.3650,30,3.1,10.1,0.4,1.5,13
2024/01/26 09:32:00,37.3330,136.8430,0,4.3,18.5,0.7,2.2,10
2024/01/25 13:29:00,43.1550,145.7900,46,4.8,68.7,1.9,3.3,51
2024/01/25 11:15:00,37.2920,136.7670,12,3.7,14.7,0.4,1.2,10
2024/01/25 09:48:00,37.3580,136.8800,7,2.9,21.8,0.4,1.0,3
2024/01/25 09:24:00,37.4800,137.2780,13,3.2,20.4,0.5,2.2,7
2024/01/24 23:46:00,37.3980,137.0770,9,3.4,17.5,0.6,2.2,10
2024/01/24 23:23:00,34.1300,135.1920,6,2.8,12.7,0.3,1.3,3
2024/01/24 19:33:00,35.9330,137.5650,4,3.3,43.5,1.2,2.7,24
2024/01/24 13:29:00,36.1830,137.6850,6,3.3,16.8,0.4,2.1,10
2024/01/24 06:33:00,42.4800,145.0370,25,5.1,11.4,0.4,1.9,57
2024/01/24 06:06:00,37.1530,136.6730,6,3.3,71.8,1.8,2.8,5
2024/01/23 21:01:00,37.3730,136.8550,6,2.5,11.1,0.1,0.6,1
2024/01/23 13:40:00,37.1680,136.6850,2,3.0,112.4,1.2,2.8,4
2024/01/23 08:45:00,34.2900,135.7320,64,4.0,28.9,0.4,1.8,66
2024/01/23 02:13:00,37.1930,136.7280,6,4.2,185.9,3.5,3.5,33
2024/01/22 17:03:00,37.3720,136.9270,10,3.1,22.3,0.4,1.3,5
2024/01/22 16:07:00,37.1680,136.6980,4,3.0,138.2,2.9,3.0,5
2024/01/22 16:00:00,37.4380,136.6370,8,4.0,2.8,0.1,0.9,8
2024/01/21 19:02:00,34.0700,133.4330,15,3.8,42.4,1.2,2.6,68
2024/01/21 12:26:00,37.1230,136.6950,6,2.8,13.0,0.2,1.0,3
2024/01/20 06:59:00,26.3130,127.3550,53,4.1,1.3,0.0,0.1,1
2024/01/20 02:52:00,37.3850,136.8880,8,2.2,27.5,0.4,1.5,1
2024/01/19 22:06:00,37.9150,137.7500,26,4.0,10.8,0.3,1.7,25
2024/01/19 20:22:00,37.5800,137.5220,18,4.2,25.2,0.6,2.0,24
2024/01/19 15:48:00,37.4500,137.1820,13,3.9,49.2,1.6,2.8,22
2024/01/19 15:43:00,35.7170,140.6950,51,3.8,9.7,0.4,1.7,16
2024/01/19 12:02:00,37.3680,137.0900,14,4.1,67.3,2.0,3.3,26
2024/01/19 07:06:00,37.1350,136.7100,7,4.2,68.8,1.4,3.1,30
2024/01/19 04:40:00,37.1470,136.7170,3,2.9,22.5,0.3,1.5,3
2024/01/19 03:04:00,37.3700,137.0100,11,4.4,206.4,4.8,3.4,37
2024/01/18 17:31:00,37.3900,136.9870,12,3.5,11.9,0.3,1.4,10
2024/01/18 12:37:00,37.3770,136.8850,10,2.9,40.5,1.0,1.8,2
2024/01/17 17:45:00,37.1950,136.8300,11,3.2,49.8,0.7,1.9,4
2024/01/17 07:38:00,33.8200,139.3980,20,4.0,5.9,0.1,0.8,3
2024/01/17 04:01:00,37.3450,136.8580,11,3.6,76.8,1.5,2.4,12
2024/01/16 22:02:00,37.4650,137.1420,12,3.7,76.4,1.6,2.8,10
2024/01/16 21:13:00,37.1680,136.7350,3,3.0,7.9,0.2,1.1,5
2024/01/16 18:43:00,37.1720,136.7430,4,4.4,45.9,1.2,2.7,17
2024/01/16 18:42:00,37.1850,136.7520,3,4.8,135.3,10.3,4.5,74
2024/01/16 08:38:00,37.1680,136.6930,3,2.8,30.3,0.6,2.1,4
2024/01/16 04:39:00,37.3980,136.9500,10,2.9,79.3,1.6,2.2,5
2024/01/16 04:11:00,37.1880,136.8380,10,3.6,118.6,1.5,2.6,10
2024/01/16 00:57:00,37.1370,136.7380,0,2.0,2.1,0.0,-0.4,1
2024/01/15 21:20:00,36.7820,138.5280,2,2.9,85.2,0.9,2.1,6
2024/01/15 18:15:00,37.3450,136.8450,12,3.4,18.9,0.5,1.5,10
2024/01/15 15:16:00,37.2320,136.8080,7,3.3,22.7,0.7,2.3,7
2024/01/15 09:59:00,37.2650,136.8500,8,3.3,43.2,0.7,2.1,8
2024/01/15 09:19:00,37.1100,136.6070,8,2.7,9.9,0.2,1.5,3
2024/01/15 08:36:00,37.1580,136.6770,3,2.0,70.8,0.9,2.0,2
2024/01/15 01:10:00,37.2300,136.8100,7,3.5,27.8,1.0,2.6,7
2024/01/15 00:40:00,37.1620,136.7250,6,3.1,29.8,0.7,2.0,6
2024/01/14 18:23:00,37.4480,137.3070,15,3.2,38.4,0.8,2.4,6
2024/01/14 18:16:00,37.1020,136.6130,7,2.5,18.6,0.5,2.0,2
2024/01/14 12:24:00,40.1000,140.6380,6,3.8,35.8,0.8,2.6,31
2024/01/14 04:10:00,37.4170,137.0180,10,3.3,9.7,0.3,1.2,6
2024/01/14 03:56:00,37.1230,136.6320,7,2.8,16.0,0.4,1.6,2
2024/01/14 02:42:00,36.4670,141.1080,43,3.7,23.7,0.3,1.7,26
2024/01/14 01:36:00,37.0670,140.6800,9,4.0,48.2,1.3,3.0,66
2024/01/14 00:01:00,37.1820,136.8330,11,4.3,78.1,2.7,3.3,42
2024/01/13 17:02:00,37.1300,136.7100,2,2.3,5.2,0.1,0.3,2
2024/01/13 16:44:00,43.6030,144.3720,1,2.1,17.9,0.3,1.7,1
2024/01/13 15:58:00,43.6000,144.3800,2,1.9,20.3,0.3,1.6,1
2024/01/13 15:56:00,43.5980,144.3730,0,4.0,163.6,4.1,4.1,9
2024/01/13 13:47:00,24.4930,124.0970,49,4.7,72.7,1.0,2.4,5
2024/01/13 07:51:00,37.3780,136.9300,12,3.5,33.4,0.5,1.6,8
2024/01/13 04:10:00,37.3600,137.0380,11,3.4,24.0,0.3,1.5,4
2024/01/13 04:04:00,37.1680,136.7450,5,4.3,185.3,5.3,3.9,38
2024/01/12 21:10:00,37.1670,136.7500,5,4.5,81.0,1.8,2.9,30
2024/01/12 17:29:00,37.4620,137.2650,13,4.5,84.2,2.7,3.5,30
2024/01/12 16:01:00,37.1620,136.7280,2,3.6,100.0,1.4,2.6,8
2024/01/12 07:23:00,37.4080,136.8980,11,2.9,26.2,0.4,1.8,1
2024/01/12 01:33:00,37.2080,136.6980,2,3.4,20.7,0.5,1.9,3
2024/01/11 21:24:00,32.1370,130.0620,10,3.4,31.5,0.6,2.0,10
2024/01/11 19:48:00,42.7380,142.4700,12,3.7,15.5,0.5,1.8,17
2024/01/11 19:21:00,37.4080,136.8700,10,2.3,19.3,0.2,1.2,1
2024/01/11 19:14:00,37.3970,136.8780,10,3.3,136.8,2.7,3.0,5
2024/01/11 17:59:00,37.3630,137.0350,14,3.9,68.6,2.0,2.6,12
2024/01/11 17:31:00,45.0370,141.9420,12,2.4,5.6,0.2,0.9,2
2024/01/11 16:33:00,37.3900,136.8630,12,3.6,35.8,0.5,1.9,6
2024/01/11 13:30:00,37.3520,136.8200,8,3.6,16.4,0.3,1.4,6
2024/01/11 10:56:00,37.1650,136.7500,3,2.9,17.9,0.3,1.3,3
2024/01/11 00:42:00,37.3170,136.9800,13,3.4,21.2,0.5,1.5,6
2024/01/10 21:26:00,37.5400,137.3470,10,3.1,12.6,0.3,1.5,3
2024/01/10 20:00:00,37.3700,136.9620,12,4.1,53.2,1.4,2.5,44
2024/01/10 17:57:00,40.0980,140.6330,6,3.2,11.2,0.2,1.4,15
2024/01/10 14:43:00,40.0980,140.6280,6,4.3,49.1,0.9,2.6,35
2024/01/10 06:00:00,40.1020,140.6370,6,3.5,23.7,0.4,2.0,20
2024/01/10 04:02:00,37.1630,136.7030,2,2.6,64.3,1.4,2.5,2
2024/01/10 01:59:00,37.1500,136.6620,2,2.2,37.6,0.8,1.9,2
2024/01/10 01:04:00,37.1680,136.7480,6,3.4,61.3,1.2,2.1,7
2024/01/09 20:10:00,37.8630,137.7730,24,4.3,29.1,0.7,2.0,24
2024/01/09 18:55:00,37.8700,137.7750,23,4.3,21.3,0.6,2.1,30
2024/01/09 17:59:00,37.9100,137.7630,27,6.1,175.4,6.6,4.4,311
2024/01/09 13:13:00,37.1670,136.6930,3,3.8,111.8,1.9,3.2,8
2024/01/09 07:09:00,37.1670,136.6600,3,2.8,147.4,2.3,2.7,3
2024/01/09 06:55:00,37.1120,136.6120,8,2.7,14.0,0.4,1.6,3
2024/01/09 01:20:00,37.2630,136.8100,11,3.9,60.8,1.7,2.7,13
2024/01/08 21:48:00,37.1350,136.6350,8,3.1,93.5,2.6,3.5,4
2024/01/08 21:18:00,37.1730,136.7000,3,2.5,44.8,0.7,1.7,4
2024/01/08 20:39:00,37.3680,136.8350,9,2.8,23.0,0.3,1.4,3
2024/01/08 19:18:00,37.3830,136.9880,12,2.7,16.3,0.3,1.1,3
2024/01/08 13:11:00,40.4770,140.8820,5,3.7,82.3,2.2,3.1,27
2024/01/08 11:05:00,37.1300,136.7520,4,3.7,15.5,0.6,2.1,8
2024/01/08 09:49:00,37.3480,136.8070,11,3.4,13.7,0.3,1.3,7
2024/01/08 05:07:00,37.1670,136.6400,6,2.7,45.1,1.2,2.2,2
2024/01/08 03:15:00,37.2550,136.7680,9,3.8,28.2,0.9,2.4,13
2024/01/08 02:59:00,37.3800,137.1000,13,3.8,26.1,0.7,2.5,24
2024/01/08 02:24:00,37.1480,136.7270,5,2.8,5.1,0.1,0.5,3
2024/01/08 02:14:00,37.2880,137.1330,13,3.5,21.7,0.5,2.3,9
2024/01/08 01:08:00,37.1550,136.6550,3,2.5,26.1,0.5,1.7,2
2024/01/07 23:44:00,37.3680,136.8520,12,3.9,53.6,1.5,2.3,13
2024/01/07 23:01:00,37.1730,136.6470,4,2.3,47.7,0.6,1.6,2
2024/01/07 22:05:00,37.3570,137.0420,15,3.5,24.2,0.5,1.8,8
2024/01/07 21:39:00,37.3670,136.9480,11,3.6,93.8,1.6,2.1,3
2024/01/07 21:38:00,37.1780,136.8130,12,4.7,351.1,14.9,4.6,106
2024/01/07 21:32:00,37.3780,136.9170,12,3.1,15.7,0.3,1.3,7
2024/01/07 18:38:00,37.1920,136.7170,4,3.0,64.4,1.1,1.8,6
2024/01/07 15:26:00,37.2120,136.7180,11,4.5,194.4,6.2,3.8,64
2024/01/07 14:38:00,37.4530,137.2800,14,4.6,306.5,12.1,4.6,53
2024/01/07 13:39:00,37.3630,136.9900,11,3.2,47.6,0.8,1.7,5
2024/01/07 07:38:00,37.1630,136.6780,5,3.4,122.0,2.5,3.2,8
2024/01/07 06:57:00,37.2600,136.8180,16,3.2,26.9,0.6,2.1,6
2024/01/07 05:26:00,37.4030,137.0150,13,3.5,28.0,0.5,2.0,9
2024/01/07 05:19:00,37.4770,137.2580,12,3.7,67.2,1.7,2.8,9
2024/01/07 02:05:00,37.0980,136.6150,8,2.6,11.6,0.3,1.5,3
2024/01/07 01:12:00,37.3680,136.9470,13,3.2,24.3,0.5,1.3,8
2024/01/07 00:57:00,37.1630,136.6520,5,3.3,155.0,3.3,3.0,4
2024/01/06 23:43:00,37.0480,137.7550,0,3.2,24.4,0.4,1.7,3
2024/01/06 23:23:00,37.1620,136.6480,6,2.5,41.0,1.0,2.1,2
2024/01/06 23:20:00,37.1720,136.6450,5,4.3,1492.6,34.2,5.6,45
2024/01/06 21:52:00,37.4780,137.3520,13,3.6,48.1,0.9,1.9,8
2024/01/06 18:23:00,37.3750,136.9280,14,4.0,52.1,1.1,2.2,16
2024/01/06 18:03:00,37.1600,136.6770,2,2.4,37.2,0.5,2.0,3
2024/01/06 15:44:00,37.4150,136.9580,12,3.3,27.5,0.5,1.6,6
2024/01/06 15:09:00,37.4580,137.1420,14,3.6,61.3,1.4,2.5,8
2024/01/06 13:52:00,37.1680,136.7280,6,3.6,44.3,0.9,2.1,8
2024/01/06 13:13:00,37.1650,136.7470,6,3.1,34.8,0.6,1.4,7
2024/01/06 12:11:00,37.4030,136.8750,10,2.5,20.4,0.3,1.2,2
2024/01/06 10:43:00,37.2000,136.7550,6,3.1,50.1,0.9,1.8,6
2024/01/06 10:15:00,36.6300,141.0120,45,4.2,56.2,1.2,2.5,75
2024/01/06 07:39:00,37.1330,136.6070,0,2.8,17.3,0.4,1.8,3
2024/01/06 06:57:00,37.3400,136.9580,14,4.4,136.9,3.9,3.5,60
2024/01/06 05:35:00,37.2100,136.8250,14,3.9,37.4,1.3,2.7,20
2024/01/06 05:32:00,37.1930,136.8370,13,3.5,65.4,1.0,2.0,9
2024/01/06 05:26:00,37.2170,136.8320,12,5.4,572.6,32.2,5.1,196
2024/01/06 04:46:00,37.1630,136.6720,3,2.1,42.3,0.5,1.8,1
2024/01/06 01:59:00,37.3620,136.7250,12,4.6,198.3,7.0,3.7,43
2024/01/06 01:05:00,37.3620,136.9070,12,3.9,32.2,0.5,1.8,14
2024/01/05 23:48:00,37.5100,137.3120,11,3.7,35.2,1.2,2.6,5
2024/01/05 23:08:00,37.1400,136.7470,3,2.9,10.6,0.3,1.3,3
2024/01/05 23:03:00,37.1300,136.6120,7,2.8,18.5,0.3,1.5,4
2024/01/05 22:09:00,37.3670,136.9500,14,4.3,169.3,3.5,3.5,47
2024/01/05 21:42:00,37.3900,136.8930,13,2.5,92.8,1.0,2.1,2
2024/01/05 20:51:00,37.1750,136.7200,5,2.8,7.8,0.1,0.7,3
2024/01/05 19:10:00,37.4630,137.1380,14,4.1,35.3,1.5,2.7,18
2024/01/05 17:50:00,37.1700,136.6970,6,3.1,77.1,1.3,2.2,4
2024/01/05 17:43:00,37.1420,136.7230,6,3.5,26.6,0.7,2.2,6
2024/01/05 15:39:00,37.1900,136.7300,6,3.2,19.0,0.6,2.2,4
2024/01/05 15:31:00,37.4220,137.0700,13,3.8,69.2,1.4,2.5,12
2024/01/05 14:15:00,37.4580,137.2380,14,4.2,107.7,4.4,3.8,25
2024/01/05 13:32:00,37.1700,136.7470,3,3.5,15.1,0.3,1.5,6
2024/01/05 12:46:00,37.3530,136.8150,15,3.6,27.7,0.4,1.8,13
2024/01/05 11:42:00,37.3820,136.8220,12,3.1,23.2,0.4,1.3,5
2024/01/05 10:21:00,37.5170,137.2420,12,3.7,43.4,1.2,2.5,10
2024/01/05 10:20:00,37.1670,136.6880,5,2.7,25.9,0.3,1.5,2
2024/01/05 09:53:00,37.1720,136.6950,6,3.9,144.6,4.0,3.4,11
2024/01/05 09:42:00,37.1700,136.6900,10,3.0,56.0,0.6,1.8,3
2024/01/05 09:39:00,37.4080,137.2130,13,4.2,62.5,2.1,3.1,23
2024/01/05 09:27:00,37.1880,136.7270,4,4.0,357.3,10.7,3.9,19
2024/01/05 07:56:00,37.1700,136.6920,7,2.7,40.7,0.7,1.9,4
2024/01/05 07:15:00,37.1330,136.6450,7,2.9,17.2,0.3,1.7,3
2024/01/05 06:39:00,37.1650,136.6620,0,2.0,46.2,0.5,1.5,2
2024/01/05 05:24:00,37.3550,136.8530,13,3.4,14.1,0.2,1.3,7
2024/01/05 01:37:00,37.2920,136.7980,11,3.9,29.2,0.6,2.1,12
2024/01/05 00:17:00,38.6620,141.5070,68,3.7,26.4,0.4,1.8,44
2024/01/05 00:10:00,37.1680,136.6630,4,2.1,73.2,0.7,2.0,2
2024/01/05 00:05:00,37.1830,136.8400,11,3.8,65.7,1.3,2.6,8
2024/01/05 00:04:00,37.1870,136.8320,12,4.4,165.5,4.3,3.5,63
2024/01/04 21:30:00,37.1570,136.6630,8,3.4,26.8,0.5,1.8,21
2024/01/04 21:07:00,37.3670,136.8420,9,3.1,18.0,0.2,1.3,3
2024/01/04 20:25:00,37.5180,137.1850,11,4.1,129.9,3.0,3.3,19
2024/01/04 20:18:00,37.2980,137.0620,0,1.8,29.5,0.4,1.6,4
2024/01/04 19:44:00,37.1870,136.6870,4,3.3,100.0,2.2,2.6,4
2024/01/04 18:15:00,37.3980,136.9050,0,2.6,35.9,0.3,1.5,2
2024/01/04 17:47:00,37.1520,136.6570,3,2.0,25.4,0.5,1.6,2
2024/01/04 17:16:00,37.7120,137.5250,20,5.0,47.1,2.8,3.0,90
2024/01/04 15:56:00,37.1480,136.6970,7,3.7,194.4,4.8,3.6,12
2024/01/04 15:46:00,37.5020,137.2870,12,4.4,227.4,8.1,4.0,46
2024/01/04 15:00:00,37.1450,136.7270,4,2.4,8.3,0.2,0.8,4
2024/01/04 13:02:00,37.1720,136.6800,3,2.6,57.4,0.6,2.0,2
2024/01/04 12:26:00,37.4750,137.2550,11,3.4,142.1,3.2,2.9,9
2024/01/04 10:51:00,37.2250,136.6280,4,3.6,17.3,0.5,1.9,8
2024/01/04 10:10:00,37.4030,137.2070,13,4.1,61.2,1.3,2.9,9
2024/01/04 07:47:00,37.2050,136.6680,8,3.3,41.0,0.7,1.9,5
2024/01/04 06:02:00,37.5480,137.3400,8,3.0,73.4,1.3,1.8,5
2024/01/04 05:16:00,37.1620,136.6980,8,3.6,23.6,0.5,1.7,9
2024/01/04 04:38:00,37.8170,137.8480,18,4.9,37.8,1.2,2.7,75
2024/01/04 03:27:00,37.5020,137.2950,12,3.3,38.9,1.1,2.3,4
2024/01/04 03:18:00,37.3700,136.8600,9,3.1,22.5,0.5,1.4,5
2024/01/04 02:03:00,37.3870,136.8950,7,2.7,50.5,0.6,1.8,2
2024/01/04 00:36:00,37.4600,137.1270,11,4.9,184.1,8.7,4.1,90
2024/01/04 00:12:00,37.3750,136.8700,12,3.8,24.8,0.6,1.9,21
2024/01/03 23:33:00,37.3200,136.9830,13,4.2,85.1,2.1,2.9,15
2024/01/03 23:26:00,37.3770,136.9320,0,2.6,40.5,0.5,1.8,3
2024/01/03 22:26:00,37.4870,137.3000,11,3.2,136.6,2.3,2.9,6
2024/01/03 22:05:00,37.3830,136.8530,0,2.2,28.0,0.3,1.2,1
2024/01/03 21:50:00,37.3830,136.8670,11,3.3,21.7,0.3,1.5,7
2024/01/03 21:42:00,37.1800,136.7470,6,3.1,8.0,0.6,2.0,3
2024/01/03 20:55:00,37.1130,136.5950,7,3.7,62.9,1.9,2.7,7
2024/01/03 20:48:00,37.4630,137.2120,12,3.8,53.9,1.3,2.7,10
2024/01/03 20:46:00,37.2180,136.8370,11,3.0,21.8,0.5,1.5,6
2024/01/03 19:49:00,37.5850,137.4430,14,4.1,9.8,0.4,1.6,20
2024/01/03 19:42:00,37.1700,136.7370,8,4.1,110.3,2.7,3.1,23
2024/01/03 19:34:00,37.2100,136.7130,5,3.6,67.5,1.3,2.5,7
2024/01/03 19:07:00,37.4620,137.1320,12,3.6,21.9,0.6,2.0,11
2024/01/03 19:01:00,37.1800,136.6350,3,3.8,39.1,1.1,2.4,8
2024/01/03 18:48:00,37.3220,136.8030,12,4.8,187.0,7.9,4.0,68
2024/01/03 17:54:00,37.2230,136.7350,10,3.5,13.0,0.4,1.5,6
2024/01/03 17:51:00,37.1750,136.7330,8,3.1,17.7,0.3,1.3,6
2024/01/03 17:22:00,37.1750,136.6900,4,3.6,124.7,2.4,2.9,8
2024/01/03 17:20:00,37.2220,136.6420,6,3.5,24.9,0.5,1.9,4
2024/01/03 16:19:00,37.5130,137.1700,10,3.0,186.3,4.3,3.2,8
2024/01/03 16:08:00,37.3880,136.8570,11,4.2,80.6,1.5,2.8,35
2024/01/03 15:44:00,37.3700,136.8170,8,3.6,31.2,0.5,1.7,7
2024/01/03 14:55:00,37.1130,136.6100,4,3.4,23.3,0.7,2.0,4
2024/01/03 14:51:00,37.3800,136.8330,10,3.0,11.1,0.2,1.0,2
2024/01/03 13:44:00,37.5630,137.3800,11,4.1,12.5,0.7,2.2,19
2024/01/03 13:26:00,37.1300,136.6870,6,3.1,11.1,0.2,1.4,4
2024/01/03 12:54:00,37.6470,137.6070,23,5.0,139.8,4.3,4.0,124
2024/01/03 12:37:00,37.2370,136.6400,5,4.3,64.5,2.4,3.0,18
2024/01/03 11:57:00,37.4320,137.1000,6,3.7,11.5,0.3,1.9,8
2024/01/03 11:48:00,37.4580,137.2020,12,4.2,102.9,2.6,3.1,25
2024/01/03 10:58:00,37.4150,136.9400,4,2.7,13.2,0.2,1.2,2
2024/01/03 10:54:00,37.3730,136.8720,13,5.6,627.8,31.4,5.1,178
2024/01/03 09:58:00,37.1770,136.7520,0,3.1,59.3,1.1,2.0,6
2024/01/03 09:07:00,37.1670,136.7080,7,2.6,16.2,0.2,1.2,3
2024/01/03 08:34:00,37.3600,136.9950,13,4.0,83.4,2.0,2.7,29
2024/01/03 08:14:00,37.3720,136.8720,0,2.4,16.4,0.2,0.9,2
2024/01/03 07:51:00,37.0820,136.4880,6,4.0,15.5,0.4,1.8,18
