Download Time:2026/05/18 12:16:32,Search Date:2012/01/02 - 2024/01/01 Magnitude(min):4.5 
Origin Time,Latitude[degree],Longitude[degree],Depth[km],Magnitude,Max Acc[gal],Max Vel[cm/s],Seismic Intensity,Number of stations
2024/01/01 21:20:00,37.4690,137.2250,11,4.5,183.9,5.1,4.0,41
2024/01/01 20:35:00,37.1500,136.7600,2,4.5,121.3,3.3,3.6,35
2024/01/01 20:34:00,37.3490,136.9360,10,4.5,86.3,2.3,3.0,46
2024/01/01 19:50:00,37.5090,137.2760,12,4.6,175.4,9.1,4.0,48
2024/01/01 18:45:00,37.5690,137.6300,18,4.5,17.6,0.8,2.3,74
2024/01/01 18:40:00,37.1040,136.6500,6,4.8,348.2,14.9,4.5,69
2024/01/01 18:30:00,37.5490,137.3750,12,4.9,185.4,14.0,4.4,112
2024/01/01 18:08:00,37.5750,137.3850,14,5.8,538.0,37.6,5.6,241
2024/01/01 18:06:00,37.5350,137.4560,13,4.7,76.1,1.9,2.9,46
2024/01/01 18:03:00,37.5890,137.4100,14,5.5,264.1,16.3,4.7,166
2024/01/01 17:48:00,37.8940,137.7030,18,4.8,103.6,1.9,3.0,50
2024/01/01 17:29:00,37.6290,137.5400,16,4.5,119.8,2.2,2.9,64
2024/01/01 17:22:00,37.4620,137.2080,12,4.9,355.6,18.6,4.7,98
2024/01/01 17:17:00,37.4640,137.1610,12,4.7,159.7,7.7,4.0,38
2024/01/01 17:07:00,37.1070,136.6130,0,5.3,232.2,6.6,4.3,93
2024/01/01 17:02:00,37.6150,137.3550,8,5.0,213.5,7.7,3.9,52
2024/01/01 16:56:00,37.2590,136.8600,14,5.8,500.8,35.1,5.4,235
2024/01/01 16:48:00,37.2490,136.8460,13,4.9,179.6,5.4,3.9,91
2024/01/01 16:45:00,37.8540,137.8380,14,4.7,49.3,1.3,2.9,63
2024/01/01 16:42:00,37.4440,137.1930,12,5.0,207.6,9.4,4.3,68
2024/01/01 16:39:00,37.5450,137.4450,13,5.2,238.0,8.3,4.1,82
2024/01/01 16:37:00,37.2620,136.8730,14,4.6,79.6,2.2,3.1,48
2024/01/01 16:32:00,37.3190,136.9750,13,4.7,128.0,3.0,3.3,52
2024/01/01 16:29:00,37.5090,137.0960,10,4.7,194.6,8.6,4.2,33
2024/01/01 16:28:00,37.2240,137.0450,2,4.5,59.3,3.4,3.5,62
2024/01/01 16:18:00,37.1950,136.8210,11,6.1,757.7,53.1,5.4,296
2024/01/01 16:17:00,37.3150,136.9460,12,5.1,11.7,2.4,1.9,61
2024/01/01 16:10:00,37.4920,137.2730,16,7.6,2828.2,152.2,6.6,1050
2024/01/01 16:06:00,37.5070,137.2480,12,5.5,538.2,44.9,5.4,149
2023/12/28 22:16:00,40.5770,142.4940,43,4.5,17.8,0.5,2.1,71
2023/12/28 18:15:00,44.5990,149.1580,30,6.6,9.9,1.2,2.4,104
2023/12/27 07:54:00,41.9170,142.3270,70,4.6,41.2,1.8,2.9,123
2023/12/22 10:46:00,39.9740,142.3620,14,4.9,36.2,2.1,3.2,65
2023/12/22 05:45:00,35.2390,141.1180,9,5.1,5.9,1.3,2.4,32
2023/12/22 01:11:00,35.2350,141.1400,10,4.8,7.7,0.9,2.1,39
2023/12/21 23:04:00,35.2300,141.1530,3,5.4,8.9,1.9,2.9,62
2023/12/21 20:29:00,35.2300,141.1510,11,4.8,4.7,0.5,1.6,27
2023/12/09 16:03:00,34.5070,140.2630,64,4.6,66.2,2.4,3.2,60
2023/12/01 12:52:00,37.9520,141.7560,57,4.5,31.0,0.5,2.2,106
2023/11/26 18:39:00,26.9630,126.9850,104,5.0,9.0,0.4,1.8,7
2023/11/26 10:47:00,37.8490,142.5310,42,4.8,10.8,0.3,1.8,61
2023/11/20 06:01:00,41.1640,142.2960,52,5.9,100.1,4.1,3.8,303
2023/11/11 05:50:00,31.3240,130.8050,104,5.0,150.9,5.1,4.1,126
2023/11/10 19:10:00,45.2420,150.7530,130,5.9,7.4,0.5,1.9,100
2023/11/06 02:10:00,37.8250,141.6310,56,5.0,50.7,1.9,3.0,174
2023/11/01 07:34:00,33.7900,135.1010,46,4.9,66.6,2.1,3.1,175
2023/10/29 11:13:00,38.9670,142.4920,29,4.5,60.2,0.8,2.1,78
2023/10/24 08:05:00,23.9860,122.5930,33,5.9,3.6,0.4,1.6,2
2023/10/17 05:50:00,25.1460,125.6070,28,4.6,6.0,0.2,0.9,2
2023/10/16 22:30:00,25.1590,125.6090,32,4.5,6.2,0.2,0.9,2
2023/10/16 19:42:00,25.1660,125.5840,33,6.0,69.8,2.1,3.1,7
2023/10/14 11:29:00,41.5090,142.0870,54,4.7,32.3,0.6,2.3,133
2023/10/13 18:59:00,41.0590,140.2470,171,5.0,13.1,0.8,2.1,104
2023/10/09 14:09:00,44.4800,146.3790,175,5.5,15.2,0.4,1.7,65
2023/10/07 23:26:00,40.1300,142.3940,40,4.9,25.2,1.5,2.9,113
2023/09/29 16:58:00,36.8420,140.3880,109,4.6,76.0,1.6,3.1,182
2023/09/29 02:40:00,44.3750,148.8970,30,6.2,10.6,0.5,2.1,68
2023/09/27 07:21:00,37.5390,141.4910,55,4.9,61.8,2.9,3.3,177
2023/09/26 08:39:00,38.3020,141.1710,77,4.6,67.7,1.7,3.1,166
2023/09/19 04:33:00,38.4690,141.6260,57,5.6,453.7,7.1,4.4,300
2023/09/18 22:21:00,26.4740,125.2220,182,6.5,21.0,1.3,2.6,16
2023/09/12 17:57:00,28.1210,130.3670,35,4.8,9.3,0.7,2.4,3
2023/09/12 01:46:00,29.3180,129.3500,19,4.6,1.9,0.1,0.9,1
2023/09/11 00:02:00,29.3080,129.3900,18,5.3,6.3,0.5,2.0,2
2023/09/09 03:08:00,29.3130,129.3400,19,5.1,1.9,0.1,0.9,1
2023/09/09 02:28:00,29.3130,129.3920,15,4.9,3.3,0.2,1.3,1
2023/09/08 18:28:00,38.8970,142.1040,46,5.4,171.4,3.5,3.6,199
2023/09/05 13:27:00,35.7990,140.1280,72,4.6,28.7,1.0,2.7,232
2023/08/31 06:17:00,37.7440,141.7300,55,4.6,31.7,0.6,2.4,88
2023/08/28 18:08:00,37.1340,142.3110,11,5.0,9.1,0.4,1.9,67
2023/08/27 09:56:00,35.5120,140.9010,37,4.6,4.3,0.3,1.4,22
2023/08/26 22:29:00,33.9220,131.8890,74,4.6,66.6,1.4,3.0,232
2023/08/25 07:48:00,39.4840,143.3420,15,6.0,30.3,3.0,3.4,181
2023/08/23 00:03:00,40.1890,141.9220,15,4.7,235.2,5.4,3.9,86
2023/08/19 23:21:00,43.5900,146.1120,76,4.5,74.1,2.2,3.0,38
2023/08/19 03:33:00,42.3490,143.1010,51,5.1,105.1,2.7,3.3,172
2023/08/16 02:07:00,24.8310,125.3940,46,4.6,43.9,1.4,2.6,2
2023/08/11 22:20:00,38.6750,142.3710,58,4.7,25.4,0.6,2.0,112
2023/08/11 09:14:00,41.1220,142.9160,28,6.2,65.0,6.0,4.1,353
2023/08/07 03:32:00,30.7730,131.5050,37,4.7,14.4,0.8,2.4,31
2023/08/07 03:12:00,30.7630,131.4800,43,5.4,23.9,1.6,2.9,63
2023/07/29 19:34:00,36.3440,139.9610,77,4.6,40.1,1.4,3.0,240
2023/07/27 20:06:00,43.9900,147.6210,85,5.2,11.7,0.4,2.0,42
2023/07/26 21:37:00,36.6240,132.7480,37,4.5,14.6,0.4,1.8,46
2023/07/22 21:14:00,32.6120,132.2290,37,5.0,65.9,3.6,3.5,115
2023/07/22 10:52:00,36.4370,140.6910,52,4.8,146.3,3.5,3.6,189
2023/07/17 09:37:00,42.7840,143.3610,111,4.5,51.6,2.3,3.1,77
2023/07/13 13:43:00,40.0320,142.7260,34,5.0,11.9,0.7,2.2,86
2023/07/10 04:52:00,35.6570,140.4210,66,4.5,10.3,0.8,2.0,120
2023/07/01 23:38:00,35.5500,140.9900,36,4.9,15.1,0.7,2.0,38
2023/06/28 12:08:00,35.6890,141.4200,9,4.5,13.5,0.6,1.9,34
2023/06/28 08:39:00,42.1550,134.4700,518,6.3,14.8,0.8,2.5,121
2023/06/24 09:58:00,37.2820,141.8130,40,5.0,22.8,0.8,2.6,110
2023/06/24 02:39:00,45.7010,143.1870,338,5.8,8.6,0.4,1.7,120
2023/06/22 19:30:00,43.0800,141.9640,157,4.6,24.2,0.8,2.4,55
2023/06/22 10:24:00,26.4080,127.9100,39,5.2,25.7,1.8,2.7,8
2023/06/19 13:50:00,42.4870,143.0240,59,5.0,63.6,2.6,3.4,128
2023/06/19 01:58:00,31.2340,131.6220,28,4.7,20.8,1.6,2.9,46
2023/06/17 20:42:00,41.3820,142.6920,35,5.0,20.4,0.7,2.3,120
2023/06/17 20:35:00,47.1930,147.8520,457,5.8,6.7,0.4,1.9,75
2023/06/17 09:26:00,41.1300,142.8470,30,5.7,32.1,1.8,3.0,215
2023/06/16 21:24:00,35.7020,140.7150,49,4.9,37.5,2.0,3.1,141
2023/06/11 18:55:00,42.5550,141.9190,136,6.2,176.9,8.8,4.5,473
2023/06/04 10:58:00,35.8090,140.0710,70,4.6,43.8,1.9,3.0,209
2023/06/03 19:35:00,42.0020,142.5740,65,5.1,43.6,1.4,3.0,189
2023/05/30 17:49:00,37.5070,137.3930,4,4.6,115.4,4.9,3.8,30
2023/05/27 22:52:00,29.9390,129.9720,12,4.6,11.0,0.2,1.2,2
2023/05/26 19:03:00,35.6370,140.6750,50,6.2,184.8,16.1,4.6,397
2023/05/22 19:46:00,34.4620,139.2460,11,5.1,189.3,6.7,4.3,39
2023/05/22 16:42:00,34.4720,139.2200,11,5.3,178.8,8.2,4.3,87
2023/05/22 07:20:00,29.7430,129.4540,191,5.4,12.4,0.9,2.5,51
2023/05/21 18:39:00,43.5900,146.7140,39,4.7,17.8,0.4,2.1,32
2023/05/19 06:56:00,33.2350,132.2240,46,4.5,41.0,1.4,2.7,142
2023/05/15 01:22:00,33.4470,139.3200,24,5.2,6.4,0.3,1.5,9
2023/05/14 23:03:00,33.3320,139.3160,16,5.5,5.2,0.4,1.5,6
2023/05/14 19:11:00,33.4170,139.2860,19,5.9,14.6,1.2,2.3,17
2023/05/14 17:21:00,33.3450,139.2810,12,5.9,10.9,1.0,2.4,24
2023/05/14 17:12:00,33.3640,139.3150,17,5.6,7.2,0.8,2.2,19
2023/05/13 16:10:00,29.9230,130.0170,12,5.1,9.3,0.3,1.6,7
2023/05/11 22:33:00,24.2230,125.2470,33,5.9,29.8,1.6,2.7,5
2023/05/11 18:52:00,42.3700,143.0110,55,5.5,86.9,2.5,3.5,229
2023/05/11 04:16:00,35.1670,140.1880,40,5.2,268.5,23.6,4.9,262
2023/05/10 21:54:00,37.6490,137.2910,13,5.0,75.7,3.5,3.8,52
2023/05/10 07:14:00,37.5970,137.2880,12,4.9,176.5,8.2,4.2,109
2023/05/09 05:14:00,37.5170,137.3130,15,4.7,410.0,16.7,4.5,114
2023/05/06 02:47:00,41.4700,142.0890,56,5.7,44.0,1.7,3.2,261
2023/05/05 21:58:00,37.5220,137.2380,14,5.9,625.0,35.3,5.4,273
2023/05/05 21:25:00,39.3300,142.0870,48,4.5,100.8,2.1,3.4,82
2023/05/05 14:53:00,37.5220,137.2250,13,5.0,149.7,6.3,4.1,62
2023/05/05 14:42:00,37.5350,137.3060,12,6.5,729.1,103.6,6.1,439
2023/05/01 16:59:00,26.0480,128.6750,30,5.3,4.6,0.4,1.8,6
2023/05/01 12:22:00,26.0440,128.7370,18,6.4,7.5,0.9,2.3,7
2023/04/27 16:43:00,26.1190,128.6240,32,5.5,5.9,0.7,2.0,5
2023/04/17 02:25:00,37.1750,141.4010,46,4.8,81.3,2.5,3.3,137
2023/04/10 03:45:00,24.3180,122.9590,49,5.0,14.8,0.4,1.7,3
2023/04/01 18:41:00,38.2970,138.8560,28,4.9,49.2,2.0,2.9,124
2023/04/01 00:29:00,41.1520,142.8690,28,4.8,20.2,0.7,2.2,65
2023/03/28 18:18:00,41.1550,142.8520,28,6.2,140.0,6.0,4.2,342
2023/03/27 00:04:00,38.3040,141.6190,60,5.3,140.2,4.6,3.8,256
2023/03/26 23:33:00,38.3020,141.6070,59,4.5,46.5,0.7,2.2,103
2023/03/24 16:25:00,36.4150,140.3080,83,4.7,170.6,5.0,4.0,254
2023/03/22 16:37:00,40.2470,143.0760,20,5.7,15.1,0.6,2.2,128
2023/03/20 10:59:00,35.5050,140.9430,35,4.6,24.2,1.1,2.1,26
2023/03/11 05:12:00,42.1950,142.9620,49,4.8,44.0,1.8,3.1,134
2023/03/07 07:24:00,42.3420,144.5960,20,5.0,34.5,1.6,2.9,97
2023/03/02 15:47:00,33.2420,139.4450,14,5.0,35.4,2.1,2.9,3
2023/03/02 15:14:00,43.3700,147.0920,61,4.7,8.6,0.2,1.5,18
2023/02/28 12:55:00,35.8920,140.8730,40,4.5,75.2,3.1,3.0,57
2023/02/25 22:27:00,42.7520,145.0790,63,6.0,287.0,13.5,4.7,381
2023/02/25 19:25:00,27.1260,126.6640,29,4.9,2.4,0.2,0.9,1
2023/02/20 03:55:00,42.7770,143.1990,118,4.9,56.7,2.3,3.4,185
2023/02/17 10:46:00,26.5440,128.7440,24,5.3,11.5,0.4,2.1,7
2023/02/14 03:18:00,42.4800,145.0710,26,4.7,9.4,0.4,1.7,29
2023/02/13 10:02:00,37.7090,141.5400,54,4.8,72.3,1.5,3.0,147
2023/01/29 21:20:00,35.3470,139.2460,144,4.9,38.0,1.5,2.7,238
2023/01/25 10:01:00,37.5870,141.5830,55,5.1,128.3,3.5,3.6,202
2023/01/20 14:48:00,38.8790,142.0970,46,5.0,174.8,2.1,3.0,133
2023/01/18 13:33:00,24.8480,124.9970,14,4.6,21.9,0.5,1.9,2
2023/01/17 16:37:00,43.9660,142.3520,0,4.5,136.2,3.8,3.9,32
2023/01/16 13:50:00,28.9760,139.7360,422,5.9,7.0,0.5,1.9,58
2023/01/16 01:25:00,41.0990,142.4390,46,4.5,38.5,1.2,2.9,100
2023/01/15 20:37:00,25.1090,125.8490,30,5.3,10.1,0.4,1.7,2
2023/01/12 01:19:00,35.4200,141.0330,26,4.7,6.7,0.6,1.8,40
2023/01/08 10:16:00,37.0340,141.3980,40,4.6,81.8,2.2,3.3,165
2023/01/07 23:42:00,37.3900,141.6350,44,4.5,12.4,0.3,1.7,80
2023/01/06 13:44:00,37.5020,137.2760,13,4.5,330.8,11.4,4.5,87
2023/01/03 16:08:00,40.1440,142.6190,37,5.1,28.7,0.7,2.6,121
2022/12/29 09:36:00,29.2440,130.5970,70,4.8,2.0,0.1,1.0,1
2022/12/28 03:51:00,37.7570,141.8000,55,4.6,21.8,0.4,2.0,86
2022/12/18 23:19:00,30.3710,131.2550,31,4.8,20.5,0.9,2.3,19
2022/12/18 16:01:00,26.7960,126.6150,108,4.9,4.9,0.1,1.1,6
2022/12/18 03:06:00,31.7850,131.6350,34,5.4,77.4,5.1,3.9,126
2022/12/13 23:25:00,27.5960,129.4150,37,6.0,17.8,1.2,2.7,6
2022/12/11 18:46:00,37.2070,141.5210,23,4.8,34.6,1.0,2.8,149
2022/12/06 00:20:00,41.0490,142.3890,48,4.6,10.7,0.2,1.5,55
2022/11/30 12:46:00,37.2790,141.6580,42,5.1,17.4,0.6,2.4,140
2022/11/20 18:17:00,42.9140,144.7220,57,4.8,112.4,2.6,3.4,87
2022/11/17 09:28:00,40.7270,142.4240,64,5.0,62.2,1.6,3.3,172
2022/11/14 17:09:00,33.8370,137.4260,362,6.4,65.2,3.4,3.6,468
2022/11/09 17:40:00,36.1820,140.0300,51,4.9,296.8,6.5,4.3,269
2022/11/06 13:23:00,43.2440,146.8690,52,5.4,24.3,0.8,2.8,46
2022/11/03 20:16:00,35.6600,140.1980,71,4.5,13.3,0.6,2.0,115
2022/11/03 19:04:00,35.6570,140.1910,68,4.9,43.9,3.3,3.5,242
2022/10/29 05:56:00,37.3220,141.8000,50,4.5,59.6,2.1,3.2,83
2022/10/26 16:06:00,41.9870,144.8910,11,5.2,3.6,0.4,1.6,34
2022/10/26 07:49:00,30.1490,131.3740,38,4.5,3.2,0.2,1.0,5
2022/10/21 15:19:00,37.3950,141.3080,29,5.0,139.3,3.8,3.5,195
2022/10/19 14:54:00,39.6070,143.5410,12,5.3,4.4,0.3,1.5,52
2022/10/11 20:28:00,37.6270,141.5900,53,4.6,23.9,0.7,2.4,107
2022/10/11 04:24:00,23.9230,122.2430,24,5.9,2.5,0.2,1.2,2
2022/10/10 09:26:00,38.7690,142.2890,42,4.8,33.9,0.6,2.2,112
2022/10/10 09:03:00,42.1420,144.1020,42,4.8,55.8,1.8,3.2,64
2022/10/07 05:09:00,33.5870,139.3810,25,4.7,4.0,0.2,0.9,6
2022/10/07 03:14:00,37.1070,141.1530,26,4.5,75.2,2.2,3.0,102
2022/10/07 01:36:00,27.6680,126.9120,153,5.1,6.4,0.2,1.3,9
2022/10/06 04:04:00,38.7050,141.9790,57,4.5,111.5,1.5,2.9,125
2022/10/02 00:02:00,31.3080,131.5240,29,5.9,109.8,10.6,4.4,225
2022/09/27 01:05:00,40.5190,142.9240,25,5.0,25.3,1.2,2.6,109
2022/09/23 09:54:00,36.0720,140.2050,83,4.7,29.7,1.5,2.9,262
2022/09/22 07:24:00,35.2750,141.2200,13,5.3,7.4,1.4,2.5,77
2022/09/18 19:05:00,26.3310,125.9670,24,5.7,4.8,0.6,1.7,1
2022/09/18 17:09:00,26.3390,125.9220,8,6.0,4.4,0.5,1.8,2
2022/09/18 11:09:00,35.8620,140.6430,51,4.7,19.0,1.1,2.5,90
2022/09/13 09:52:00,41.5720,142.1070,54,5.1,29.0,1.1,2.7,160
2022/09/12 13:39:00,42.0490,144.8760,16,4.9,9.1,0.6,2.1,39
2022/09/09 18:55:00,36.8150,140.5900,7,4.5,244.3,5.8,3.8,125
2022/09/04 15:46:00,37.8370,141.7510,64,4.8,31.5,0.7,2.3,129
2022/09/01 20:21:00,31.2540,131.9220,25,4.6,5.0,0.3,1.6,21
2022/08/26 08:48:00,32.0370,129.9900,12,4.5,73.6,3.1,3.3,73
2022/08/18 14:46:00,37.5990,141.5880,56,5.2,90.6,4.0,3.5,263
2022/08/18 13:06:00,35.6000,141.0260,20,5.0,21.8,1.6,2.6,90
2022/08/14 06:57:00,35.5390,140.9900,32,4.5,6.4,0.4,1.5,10
2022/08/14 04:25:00,46.5810,144.8040,414,5.5,4.5,0.1,1.0,38
2022/08/12 21:11:00,35.5590,140.9200,36,4.6,10.1,0.5,1.7,42
2022/08/11 02:14:00,44.8650,142.1240,6,4.6,159.0,7.2,4.3,40
2022/08/11 00:53:00,44.8460,142.1160,5,5.4,416.6,22.7,5.1,75
2022/08/11 00:35:00,44.8510,142.1170,2,5.2,266.6,16.8,4.8,68
2022/08/07 22:41:00,43.7270,147.7370,0,6.0,48.8,1.7,3.1,222
2022/08/06 21:23:00,36.2470,141.1200,30,5.0,46.3,1.6,3.2,125
2022/08/04 09:48:00,37.6090,141.6210,57,5.6,124.9,8.1,4.2,312
2022/08/03 08:47:00,37.3120,141.1930,33,4.6,71.4,1.4,3.0,146
2022/07/25 23:44:00,26.8040,126.3840,27,4.6,2.1,0.1,0.7,1
2022/07/25 23:41:00,26.7890,126.3990,30,5.1,2.1,0.1,0.7,1
2022/07/22 12:02:00,40.5470,141.4210,86,5.3,68.7,3.2,3.4,200
2022/07/21 18:44:00,37.5040,141.5450,47,4.8,23.1,0.6,2.2,132
2022/07/21 08:50:00,37.5620,141.9460,41,4.6,18.6,0.6,2.3,90
2022/07/09 10:12:00,37.1520,141.3250,11,4.6,18.0,0.5,2.1,88
2022/07/08 09:00:00,26.8310,126.2620,17,5.1,4.5,0.2,1.1,1
2022/07/06 22:02:00,26.7830,126.3590,23,5.1,3.3,0.1,0.9,1
2022/07/06 13:02:00,41.4890,142.0190,58,4.6,10.5,0.2,1.5,50
2022/07/06 05:10:00,38.4090,141.9570,63,5.4,396.6,7.9,4.6,285
2022/07/05 17:52:00,42.3270,142.9960,53,4.9,30.4,1.1,2.7,110
2022/07/05 09:51:00,34.2690,139.8950,89,4.6,34.4,0.8,2.2,52
2022/07/02 11:00:00,45.8160,142.2310,324,5.9,17.7,1.2,2.6,263
2022/06/28 05:03:00,38.4640,142.1310,42,4.9,44.5,0.6,2.2,117
2022/06/26 21:44:00,32.5370,130.6870,9,4.7,194.4,9.3,4.7,158
2022/06/24 07:32:00,24.0530,122.4790,27,5.6,3.3,0.3,1.4,1
2022/06/21 23:53:00,26.7430,126.3240,33,4.8,3.6,0.2,1.0,1
2022/06/20 10:31:00,37.5190,137.3250,14,5.0,649.3,26.9,5.0,118
2022/06/19 19:07:00,26.8160,126.3540,25,5.2,3.3,0.2,1.2,1
2022/06/19 18:55:00,26.8040,126.3550,19,5.8,5.9,0.4,1.6,4
2022/06/19 15:08:00,37.5120,137.2780,13,5.4,605.9,54.3,5.5,149
2022/06/17 23:35:00,37.5800,141.5730,58,4.7,67.3,2.0,3.0,150
2022/06/17 00:51:00,33.9090,134.5910,45,4.9,131.2,3.0,3.5,261
2022/06/13 20:18:00,24.1380,123.7900,19,4.6,26.7,0.9,2.0,3
2022/06/12 21:46:00,37.6340,141.5910,54,5.1,69.1,2.0,3.2,198
2022/06/10 11:14:00,41.8290,142.2060,67,4.9,26.1,1.5,3.0,159
2022/06/07 10:57:00,25.6310,123.4300,204,5.2,9.6,0.2,1.5,5
2022/06/03 16:03:00,26.8310,126.3620,16,5.9,7.5,0.5,1.6,5
2022/05/29 15:55:00,36.2440,140.9780,44,5.3,209.7,6.8,4.1,260
2022/05/27 17:59:00,37.8000,141.6230,55,4.7,57.8,2.7,3.2,158
2022/05/23 11:01:00,41.2200,143.1010,24,5.6,21.7,1.0,2.6,188
2022/05/22 21:22:00,42.1640,142.9720,43,4.7,59.5,1.7,2.9,91
2022/05/22 12:24:00,36.7700,141.4060,5,6.0,189.4,21.8,4.9,297
2022/05/18 06:17:00,40.9840,143.1670,21,5.3,11.6,0.5,2.0,119
2022/05/14 19:48:00,34.6700,140.5450,82,4.6,23.8,0.8,2.4,76
2022/05/14 00:47:00,40.0900,142.7490,34,4.7,13.4,0.5,2.1,90
2022/05/13 05:10:00,37.2490,141.5330,43,4.5,17.6,0.4,1.8,74
2022/05/09 17:33:00,34.5600,136.9800,341,5.2,13.9,0.6,2.3,157
2022/05/09 15:23:00,23.9380,122.4960,19,6.6,9.0,1.1,2.3,3
2022/05/07 20:53:00,26.9140,126.4170,13,5.7,6.4,0.5,1.6,4
2022/05/06 22:21:00,26.8840,126.4990,8,5.5,5.5,0.3,1.4,4
2022/05/05 18:42:00,36.1370,139.8460,52,4.8,255.9,8.2,4.7,276
2022/05/04 12:54:00,24.7940,125.3900,50,4.5,16.0,0.5,1.7,2
2022/05/03 19:40:00,35.6590,139.4850,130,4.6,57.7,1.5,3.0,262
2022/05/02 16:08:00,31.5880,131.8190,22,5.0,52.2,2.8,3.4,75
2022/04/28 19:03:00,41.1920,142.3340,53,4.7,37.2,1.2,2.9,77
2022/04/28 10:23:00,43.0250,142.3720,147,4.8,7.7,0.4,1.7,71
2022/04/24 19:23:00,23.4580,123.1850,51,5.5,2.6,0.1,0.8,2
2022/04/24 17:16:00,41.7490,143.8010,25,5.4,29.9,1.9,3.0,96
2022/04/19 08:16:00,36.8740,140.3500,93,5.4,243.4,6.2,4.3,374
2022/04/13 10:22:00,26.8540,126.4440,16,5.6,7.4,0.5,1.8,2
2022/04/10 18:43:00,36.2520,141.4430,30,5.0,11.6,0.4,2.0,108
2022/04/10 17:30:00,37.3000,141.8200,39,4.8,55.5,0.9,2.5,125
2022/04/07 14:12:00,26.7660,126.3240,28,4.6,2.8,0.2,0.8,1
2022/04/07 09:30:00,34.8920,137.5010,11,4.7,254.2,7.6,4.0,186
2022/04/06 00:04:00,37.7970,141.5850,53,5.2,91.3,3.2,3.5,220
2022/04/04 22:30:00,35.7450,139.9750,62,4.6,50.6,3.3,3.5,260
2022/04/04 19:29:00,37.3400,141.5780,44,5.4,59.4,1.8,3.1,263
2022/04/03 18:00:00,26.8040,126.5350,22,4.7,2.5,0.1,0.8,1
2022/04/02 20:16:00,31.5630,131.8520,22,4.6,9.4,0.6,2.0,42
2022/03/31 20:52:00,35.6190,140.0350,73,4.7,79.1,3.1,3.7,219
2022/03/30 03:01:00,26.8360,126.2950,12,4.9,2.9,0.2,1.0,1
2022/03/30 02:36:00,26.7980,126.4620,19,5.5,7.8,0.5,1.7,1
2022/03/30 00:18:00,40.0000,141.9770,17,4.9,314.2,5.2,4.0,124
2022/03/29 01:36:00,37.7550,141.5950,55,4.5,50.6,2.3,2.9,154
2022/03/27 22:54:00,37.8150,141.6010,54,4.7,33.5,1.2,2.6,153
2022/03/27 08:15:00,42.3150,143.0640,53,5.1,41.3,1.9,3.3,174
2022/03/27 00:38:00,26.7930,126.3790,27,5.6,6.8,0.3,1.6,1
2022/03/26 00:20:00,37.5240,141.4130,51,4.7,24.1,0.6,2.2,108
2022/03/25 12:08:00,37.5320,141.3760,52,5.2,64.4,2.1,3.5,260
2022/03/24 07:53:00,26.8030,126.3170,17,5.3,5.3,0.4,1.5,1
2022/03/24 03:11:00,26.8230,126.5200,7,5.2,4.7,0.3,1.4,1
2022/03/23 13:09:00,37.7800,141.6150,55,4.5,44.8,1.5,2.8,137
2022/03/23 02:41:00,23.3940,121.4930,44,6.6,4.0,0.3,1.4,3
2022/03/19 04:04:00,25.5630,123.9570,171,5.9,20.0,0.6,2.2,6
2022/03/19 00:58:00,37.7320,141.7160,58,5.0,71.3,2.3,3.5,188
2022/03/18 23:25:00,39.9870,142.0070,18,5.6,327.6,14.8,4.7,176
2022/03/17 21:52:00,26.8360,126.4290,24,4.9,3.3,0.3,1.1,1
2022/03/17 21:30:00,37.9690,141.7940,61,4.6,36.5,0.9,2.6,128
2022/03/17 20:33:00,26.8340,126.2950,19,5.9,6.5,0.5,1.7,3
2022/03/17 19:43:00,37.7670,141.7160,57,4.7,53.2,1.6,2.8,142
2022/03/17 14:06:00,25.8140,123.8600,179,5.3,14.6,0.4,1.8,5
2022/03/17 02:28:00,37.8100,141.7620,66,4.5,30.3,0.5,2.1,107
2022/03/17 00:52:00,37.7900,141.7160,57,5.5,171.5,5.5,3.9,290
2022/03/16 23:45:00,37.8220,141.7160,60,4.8,37.6,1.1,2.6,145
2022/03/16 23:43:00,37.8520,141.7260,63,4.7,25.0,0.9,2.3,114
2022/03/16 23:36:00,37.6940,141.6250,57,7.4,1232.7,75.4,6.2,960
2022/03/16 23:34:00,37.6770,141.6080,57,6.1,253.8,9.2,4.3,361
2022/03/08 01:58:00,37.5200,137.2400,14,4.8,193.5,10.5,4.3,119
2022/03/06 10:13:00,27.9940,130.2500,35,5.1,8.3,0.6,2.3,4
2022/02/26 14:49:00,39.2620,142.4560,41,4.8,53.5,1.0,2.6,87
2022/02/26 08:32:00,37.5090,141.4030,49,4.5,45.2,1.0,2.2,103
2022/02/25 17:50:00,26.8060,126.3690,29,5.4,5.0,0.3,1.3,1
2022/02/24 04:53:00,26.8530,126.3840,29,4.9,2.6,0.2,1.1,3
2022/02/22 05:52:00,26.8460,126.3400,17,5.8,6.4,0.5,1.6,2
2022/02/21 11:24:00,28.7640,130.0470,36,4.7,4.0,0.2,1.5,1
2022/02/21 07:11:00,34.0720,137.3480,356,5.0,9.2,0.3,1.6,86
2022/02/18 11:55:00,38.1700,141.7170,52,5.3,214.8,3.7,3.4,197
2022/02/17 18:17:00,42.0390,142.5410,57,5.0,27.2,1.0,2.7,194
2022/02/13 15:50:00,42.3740,144.0690,61,4.6,150.6,3.7,3.5,90
2022/02/12 01:43:00,23.9240,122.2930,17,5.8,2.5,0.3,1.2,2
2022/02/09 07:41:00,26.7780,126.3640,19,5.4,4.4,0.2,1.1,1
2022/02/09 01:36:00,26.8180,126.2840,28,5.6,10.7,0.4,1.9,2
2022/01/29 06:00:00,39.0770,142.4060,47,4.7,57.2,1.6,2.7,89
2022/01/22 05:31:00,32.7140,132.0600,38,4.7,71.3,2.2,3.3,97
2022/01/22 01:21:00,32.7050,132.0600,38,4.5,60.3,1.5,3.1,55
2022/01/22 01:08:00,32.7120,132.0740,45,6.6,427.8,54.2,5.8,488
2022/01/13 15:26:00,31.0830,131.4920,30,4.6,23.0,1.0,2.6,31
2022/01/03 18:46:00,23.9390,122.2180,27,6.3,2.6,0.4,1.5,2
2021/12/26 17:26:00,25.1340,125.6340,39,6.1,58.7,1.6,3.1,9
2021/12/21 11:53:00,43.7270,146.0540,96,5.0,35.2,1.0,2.6,49
2021/12/21 01:05:00,42.3820,142.6610,39,4.8,42.7,1.7,3.0,174
2021/12/12 12:31:00,36.1300,139.8550,50,5.0,214.9,6.7,3.7,307
2021/12/12 06:34:00,43.2590,146.3260,46,4.5,18.8,0.5,2.2,20
2021/12/09 11:05:00,29.3380,129.4520,14,6.1,17.2,1.4,2.9,6
2021/12/08 16:22:00,37.7200,141.5750,53,5.0,69.9,2.0,3.0,201
2021/12/08 02:29:00,37.1620,141.2110,17,5.2,49.4,1.6,3.1,205
2021/12/03 09:28:00,33.7970,135.1500,18,5.4,494.1,8.5,4.4,346
2021/12/03 06:37:00,35.5500,138.9930,19,4.8,320.4,9.8,4.5,293
2021/12/02 17:25:00,37.6650,141.7130,53,4.7,31.2,1.6,2.6,102
2021/12/02 01:58:00,36.2140,139.9930,65,5.1,179.6,6.2,4.3,281
2021/11/29 21:40:00,31.2880,142.3800,90,6.4,6.9,0.6,1.9,201
2021/11/24 17:06:00,39.3290,142.0970,48,4.7,99.3,2.6,3.2,113
2021/11/23 18:48:00,38.9020,142.2740,47,4.7,108.3,3.0,3.4,104
2021/11/20 08:57:00,35.7300,139.5360,99,4.6,49.1,2.0,3.1,266
2021/11/13 13:45:00,31.1880,130.4650,149,4.7,17.8,0.3,1.8,106
2021/11/11 00:45:00,23.7280,126.3690,115,6.5,18.3,1.2,2.6,12
2021/11/09 01:14:00,37.0590,140.5860,6,4.9,198.0,10.9,4.3,200
2021/11/03 11:36:00,37.0600,141.2000,49,4.8,94.8,2.3,3.1,157
2021/11/01 06:14:00,36.4570,140.6150,57,5.3,147.0,6.7,4.1,355
2021/11/01 05:35:00,33.2720,135.6710,20,5.0,17.8,0.7,2.2,87
2021/10/28 09:55:00,36.0600,139.9110,45,4.5,146.3,4.9,3.8,199
2021/10/27 01:28:00,37.2400,142.1750,23,5.0,28.0,1.5,2.7,140
2021/10/24 14:11:00,24.4730,121.7280,73,6.3,4.3,0.6,1.7,3
2021/10/21 17:37:00,32.1760,138.4530,356,5.6,20.6,0.7,2.5,250
2021/10/19 21:36:00,41.5390,142.9090,38,5.4,35.5,2.0,3.0,204
2021/10/18 00:49:00,40.9390,142.2210,61,4.6,38.4,1.2,3.0,105
2021/10/10 23:16:00,42.3520,143.1140,51,4.7,56.5,1.2,3.0,123
2021/10/09 14:32:00,39.9840,142.2490,54,4.7,75.9,1.1,2.9,104
2021/10/09 11:47:00,42.3770,141.9420,97,4.5,33.1,0.9,2.3,109
2021/10/07 22:41:00,35.5870,140.1060,75,5.9,179.9,21.0,4.8,495
2021/10/06 17:13:00,31.2410,131.4820,43,5.4,119.8,8.4,4.4,107
2021/10/06 03:03:00,25.6980,124.9800,29,5.4,7.8,0.4,1.7,2
2021/10/06 02:46:00,40.0040,142.2570,56,5.9,419.8,12.1,4.9,367
2021/10/06 02:30:00,25.7190,124.9920,24,5.5,8.6,0.6,1.9,2
2021/09/30 17:45:00,38.4270,141.9640,61,4.5,91.1,1.5,2.9,129
2021/09/29 17:37:00,38.7940,135.6530,394,6.1,33.3,1.9,3.2,409
2021/09/27 20:26:00,36.6440,141.1080,50,4.8,85.8,1.6,3.1,153
2021/09/19 19:04:00,36.2840,137.6350,4,4.7,106.1,1.3,2.8,57
2021/09/19 17:19:00,36.3370,137.6210,1,4.9,20.2,0.5,1.8,34
2021/09/19 17:18:00,36.3420,137.6260,0,5.3,104.6,3.1,3.3,135
2021/09/16 18:42:00,37.5020,137.3030,13,5.1,327.1,13.2,4.7,144
2021/09/14 07:46:00,32.4560,137.9980,385,6.0,18.2,1.1,2.5,237
2021/09/02 04:17:00,37.6990,141.6200,59,4.6,52.5,1.6,2.9,123
2021/08/27 05:49:00,36.4150,141.0980,40,5.1,73.6,1.6,2.9,196
2021/08/27 05:46:00,36.4100,141.0950,41,4.5,41.5,0.9,2.6,122
2021/08/25 04:38:00,27.4510,129.3240,31,4.9,9.1,0.3,1.5,3
2021/08/22 11:24:00,37.6040,141.6400,60,5.1,122.5,7.4,4.1,213
2021/08/16 05:03:00,35.4470,136.3360,13,4.6,259.1,6.4,3.5,236
2021/08/13 14:36:00,36.9340,141.4060,11,4.6,13.8,0.5,1.8,59
2021/08/05 06:50:00,24.7290,122.3480,55,6.3,1.4,0.2,0.7,1
2021/08/04 13:40:00,36.1600,141.7500,21,5.7,14.3,0.7,2.1,119
2021/08/04 11:56:00,36.2550,141.8430,18,5.1,8.6,0.4,1.6,93
2021/08/04 05:43:00,36.1900,141.9110,6,5.4,13.6,0.8,2.2,138
2021/08/04 05:33:00,36.2020,141.8080,18,6.0,32.3,2.2,3.0,289
2021/08/03 22:20:00,37.3390,142.0710,40,4.6,6.5,0.2,1.5,34
2021/08/03 19:29:00,36.1970,141.8080,17,5.1,13.0,0.6,2.2,109
2021/08/03 13:38:00,42.8130,140.9870,145,4.5,4.8,0.3,1.5,18
2021/07/31 14:26:00,43.2950,141.7740,176,5.1,14.3,0.5,1.9,103
2021/07/31 13:09:00,33.7940,134.6350,45,4.5,75.6,2.6,3.0,183
2021/07/28 00:55:00,35.9690,140.9850,10,4.6,47.5,1.2,3.0,97
2021/07/27 05:19:00,37.3350,141.3450,81,4.5,55.3,2.6,2.9,143
2021/07/26 11:16:00,41.4750,142.1410,52,5.2,88.3,4.6,4.0,192
2021/07/18 19:11:00,37.0500,139.2800,4,4.6,109.4,1.4,2.9,69
2021/07/18 18:50:00,37.0340,139.2800,4,4.7,117.9,1.6,3.3,118
2021/07/17 20:50:00,33.6350,131.8570,76,5.1,151.0,7.6,4.3,315
2021/07/16 20:50:00,33.2390,139.4630,10,4.5,5.7,0.3,1.5,1
2021/07/16 13:20:00,33.2670,139.4830,16,5.4,46.7,2.3,3.3,7
2021/07/13 09:30:00,45.5870,151.5080,30,6.2,3.2,0.3,1.3,25
2021/07/11 11:34:00,28.1260,128.1000,10,4.7,2.1,0.1,0.5,1
2021/07/06 18:34:00,28.1340,128.0850,7,4.7,1.4,0.1,0.7,1
2021/06/30 22:18:00,39.5290,140.4680,130,4.5,7.2,0.3,1.5,50
2021/06/29 14:55:00,31.7240,131.8220,41,4.7,26.9,1.5,3.0,71
2021/06/20 20:08:00,43.4750,142.6870,158,5.4,20.0,0.9,2.2,190
2021/06/19 07:39:00,33.4570,132.5160,42,4.7,124.6,2.3,3.2,216
2021/06/10 18:56:00,40.9900,142.4190,47,4.6,37.0,1.2,2.8,91
2021/06/09 22:06:00,40.0870,142.4320,38,5.0,31.3,1.0,2.8,135
2021/06/09 07:34:00,39.8600,142.2820,33,4.9,120.1,1.7,3.2,118
2021/06/08 10:19:00,37.8050,141.6300,75,4.9,31.7,1.2,2.9,196
2021/06/07 03:11:00,34.5700,140.2300,93,5.1,72.6,3.0,3.5,120
2021/06/01 13:43:00,40.1270,142.4590,39,4.7,12.2,0.5,1.9,76
2021/05/29 19:10:00,42.0420,142.6560,63,4.9,50.6,1.9,3.2,104
2021/05/29 10:02:00,36.3390,141.8360,32,5.7,14.6,0.9,2.3,205
2021/05/29 09:04:00,36.3570,141.8560,28,5.0,9.2,0.4,1.8,92
2021/05/29 08:21:00,36.3470,141.8650,24,5.3,10.8,0.7,2.1,123
2021/05/27 06:04:00,40.4540,143.2170,32,4.8,6.7,0.3,1.6,74
2021/05/24 23:41:00,25.6310,126.9720,57,4.6,2.8,0.1,0.9,2
2021/05/16 15:41:00,37.5950,141.5610,53,4.5,32.2,0.9,2.3,127
2021/05/16 12:24:00,42.0970,144.4770,8,6.1,89.3,4.3,3.8,198
2021/05/14 20:46:00,42.4870,142.5970,20,4.6,42.9,1.6,3.0,74
2021/05/14 08:58:00,37.6950,141.7650,46,6.3,120.4,5.7,3.8,493
2021/05/05 04:33:00,43.2800,146.5010,59,4.5,30.9,0.7,2.2,24
2021/05/05 03:10:00,37.1900,141.6730,36,5.1,35.0,1.4,2.8,175
2021/05/03 14:07:00,25.6110,123.8550,192,5.7,11.8,1.0,2.4,10
2021/05/01 10:27:00,38.1700,141.7440,51,6.8,560.1,23.3,5.4,721
2021/04/21 02:39:00,36.3070,138.6150,165,4.6,7.7,0.5,1.9,102
2021/04/19 13:06:00,38.0390,141.4210,65,4.7,44.4,1.2,2.7,139
2021/04/18 09:29:00,38.3140,141.8670,48,5.8,185.9,4.5,3.7,368
2021/04/12 23:01:00,29.2960,129.3470,14,5.3,3.3,0.3,1.4,1
2021/04/11 05:40:00,29.3210,129.3900,20,4.6,1.9,0.1,0.8,1
2021/04/10 16:36:00,29.3040,129.2750,21,5.1,1.5,0.1,0.7,1
2021/04/10 15:52:00,29.3130,129.3070,19,4.5,3.0,0.2,1.3,1
2021/04/10 07:07:00,29.3110,129.4250,22,5.3,13.8,1.2,2.6,2
2021/04/03 21:58:00,38.9000,142.0760,45,4.5,77.6,1.7,3.0,121
2021/04/01 13:30:00,41.5090,142.0820,55,4.7,13.6,0.3,1.8,76
2021/03/28 09:27:00,33.6490,140.4210,55,5.6,43.8,1.8,3.0,200
2021/03/27 07:02:00,26.0730,125.0420,152,6.2,14.7,0.8,2.1,13
2021/03/21 06:56:00,37.6620,141.6710,55,4.5,21.1,0.4,1.9,74
2021/03/20 18:09:00,38.4640,141.6310,59,6.9,747.7,36.5,5.8,766
2021/03/20 09:26:00,40.1240,142.4120,39,4.8,26.1,0.7,2.3,103
2021/03/17 17:29:00,37.6920,141.6160,57,5.2,120.9,3.1,3.7,221
2021/03/16 04:56:00,36.1500,139.8210,54,4.9,196.5,2.7,3.8,259
2021/03/15 00:26:00,34.0250,135.2500,4,4.6,299.8,4.1,3.5,94
2021/03/14 02:16:00,40.1300,142.4120,40,4.6,21.6,0.6,2.2,83
2021/03/09 08:30:00,38.7570,141.5960,76,4.9,199.0,3.6,3.5,186
2021/03/03 06:23:00,43.8820,147.4710,0,5.9,22.0,0.8,2.7,88
2021/02/28 23:30:00,30.0460,131.3240,27,4.8,9.3,0.5,1.9,14
2021/02/27 02:04:00,37.7550,141.7180,55,4.8,43.8,0.8,2.5,122
2021/02/26 20:31:00,41.0570,142.0910,65,4.5,35.7,1.3,2.9,123
2021/02/20 22:23:00,43.2670,146.7570,68,5.0,29.8,0.8,2.5,41
2021/02/20 01:16:00,40.7020,142.8270,34,5.0,12.5,0.4,1.8,98
2021/02/19 10:07:00,37.6750,141.5530,53,4.6,39.2,1.3,2.8,135
2021/02/17 23:06:00,37.6250,141.5950,56,4.6,31.6,1.1,2.6,122
2021/02/15 21:26:00,37.5150,141.4930,48,5.5,47.7,3.3,3.3,215
2021/02/14 16:31:00,37.5140,141.4310,50,5.2,142.9,6.8,4.1,238
2021/02/14 03:25:00,39.0820,142.4110,47,5.1,110.8,2.7,3.5,145
2021/02/13 23:51:00,37.6520,141.6430,56,5.2,74.6,3.2,3.7,228
2021/02/13 23:36:00,37.6040,141.6010,58,4.6,61.6,1.5,2.9,119
2021/02/13 23:08:00,37.7250,141.7010,55,7.3,1432.4,82.1,6.4,931
2021/02/08 23:24:00,42.3520,144.9720,20,5.1,11.6,0.7,2.2,53
2021/02/07 02:36:00,24.5890,122.5540,112,5.2,6.9,0.3,1.4,3
2021/01/27 14:07:00,42.7070,142.0240,128,5.4,36.1,2.6,3.3,251
2021/01/25 16:25:00,23.4210,123.6250,55,5.5,5.0,0.3,1.5,5
2021/01/25 03:24:00,42.1100,144.8740,11,5.1,5.6,0.5,1.9,31
2021/01/23 22:12:00,37.0970,141.5100,42,4.5,20.3,0.4,2.0,102
2021/01/23 14:39:00,42.3440,142.7310,111,4.6,14.1,0.7,2.2,119
2021/01/23 01:04:00,37.2620,141.5460,22,4.6,18.2,0.8,2.2,85
2021/01/15 22:38:00,33.8870,137.2880,364,5.3,15.9,0.6,2.1,184
2021/01/15 17:40:00,42.4470,143.2590,53,4.6,21.0,0.5,2.1,97
2021/01/12 11:39:00,43.6350,139.9890,235,6.0,13.3,0.6,2.1,241
2021/01/09 14:36:00,37.8440,142.5370,42,4.7,7.9,0.2,1.5,37
2021/01/03 14:24:00,25.9590,128.6270,32,5.2,3.7,0.3,1.5,4
2021/01/01 01:53:00,34.4770,139.3060,12,4.7,87.8,4.6,3.9,42
2020/12/30 09:35:00,36.4470,140.6200,56,5.2,252.0,7.0,4.2,304
2020/12/21 02:23:00,40.7790,142.6960,43,6.5,218.1,11.3,4.6,522
2020/12/20 18:35:00,38.6970,142.2640,42,4.6,26.1,0.8,2.4,82
2020/12/18 20:36:00,34.4990,139.3100,8,4.6,52.4,1.9,3.1,14
2020/12/18 18:09:00,34.4840,139.3060,11,5.0,116.8,4.3,3.9,63
2020/12/17 16:42:00,36.0540,139.9400,45,4.6,186.6,5.4,3.9,192
2020/12/16 10:28:00,42.6870,144.2040,66,5.0,180.5,8.8,4.2,124
2020/12/16 00:35:00,39.2290,143.9360,53,4.8,16.5,0.4,2.1,77
2020/12/12 16:19:00,40.0900,142.1120,48,5.6,352.1,10.2,4.8,276
2020/12/11 18:48:00,24.2640,125.2470,41,5.2,16.9,0.5,1.7,5
2020/12/10 22:19:00,24.6980,121.9690,86,6.3,6.2,0.3,1.5,3
2020/12/01 07:55:00,48.0950,141.1840,619,6.7,10.2,1.4,2.5,203
2020/11/22 19:06:00,36.5870,141.1030,45,5.7,291.0,11.5,4.5,426
2020/11/21 03:01:00,40.1290,142.4890,38,4.5,12.2,0.5,1.8,71
2020/11/15 07:57:00,26.7080,126.6450,104,4.5,5.1,0.2,1.2,5
2020/11/07 02:16:00,40.9540,143.2420,18,5.3,19.3,0.6,2.3,132
2020/11/07 01:14:00,40.9540,143.2240,18,4.6,9.5,0.4,1.9,35
2020/11/06 17:56:00,40.9290,143.2510,17,5.7,43.0,2.0,3.2,199
2020/10/22 16:14:00,23.9540,123.5850,30,4.6,7.8,0.2,1.3,2
2020/10/06 15:27:00,39.3820,141.9170,94,4.7,66.4,1.7,3.4,137
2020/10/05 11:32:00,36.3390,140.6580,87,4.5,61.9,1.3,3.0,160
2020/10/03 21:26:00,29.8310,130.7390,32,5.1,10.9,0.3,1.6,7
2020/10/03 18:31:00,33.5290,141.0450,48,5.8,18.3,1.5,2.9,143
2020/09/30 22:58:00,38.7720,142.1690,43,4.6,52.0,0.8,2.4,84
2020/09/27 15:38:00,24.6090,125.2020,28,4.7,20.0,0.8,2.0,2
2020/09/27 13:13:00,35.0770,137.7880,45,5.1,165.9,4.8,3.9,258
2020/09/17 09:18:00,39.3290,142.0910,48,4.5,64.5,1.3,2.7,67
2020/09/15 12:41:00,55.9550,158.5000,330,6.4,2.5,0.2,1.2,4
2020/09/13 19:44:00,40.6920,142.6810,41,4.7,10.4,0.8,2.3,91
2020/09/12 12:49:00,38.7100,142.2720,42,4.7,42.2,0.8,2.3,98
2020/09/12 11:50:00,38.6920,142.2660,42,4.9,63.6,1.0,2.6,143
2020/09/12 11:44:00,38.7190,142.2740,43,6.2,270.0,5.7,4.0,459
2020/09/08 11:58:00,27.0540,127.9040,61,4.7,17.5,0.8,2.4,9
2020/09/07 06:34:00,36.6840,141.4800,38,5.2,36.4,1.6,2.9,215
2020/09/05 10:34:00,36.6890,141.4810,38,4.6,15.0,0.3,1.8,87
2020/09/04 09:10:00,36.1120,136.1910,7,5.0,89.7,3.8,3.7,176
2020/09/04 06:45:00,37.1140,142.4210,17,5.3,4.1,0.2,1.4,51
2020/09/02 19:35:00,43.0400,145.7840,44,4.8,43.9,1.0,2.6,54
2020/09/02 02:50:00,36.4470,136.7900,9,4.6,86.1,1.6,3.1,124
2020/08/27 23:14:00,44.1050,148.0720,0,4.9,7.0,0.2,1.7,21
2020/08/21 04:51:00,42.7200,145.4070,45,4.5,18.7,0.6,2.3,27
2020/08/07 00:34:00,33.7550,136.8450,389,5.3,15.8,0.5,2.2,138
2020/08/06 12:06:00,37.3400,138.8210,186,5.1,10.8,0.4,1.6,148
2020/08/06 02:54:00,36.2200,141.6060,54,5.6,16.3,1.4,2.7,232
2020/08/04 20:21:00,34.4600,140.2950,75,4.6,138.1,5.3,3.9,107
2020/07/29 05:33:00,35.9290,140.8210,20,4.5,108.7,3.7,3.1,117
2020/07/26 21:52:00,24.1640,122.4030,51,5.5,2.3,0.2,1.0,2
2020/07/20 14:25:00,24.3090,125.2600,43,5.0,10.7,0.3,1.6,3
2020/07/17 15:10:00,44.4350,147.6620,146,4.9,9.6,0.3,1.9,23
2020/07/17 13:49:00,37.5600,141.6250,46,4.6,29.0,0.7,2.2,121
2020/07/14 22:21:00,43.7850,147.1520,88,4.9,24.1,0.4,1.9,40
2020/07/13 10:42:00,41.0370,142.7890,31,4.9,14.3,0.5,2.1,96
2020/07/12 18:32:00,40.8790,143.1590,22,4.9,10.3,0.4,1.9,70
2020/07/09 14:14:00,45.1300,149.6030,146,5.2,7.2,0.2,1.5,40
2020/07/09 06:05:00,36.0600,139.8460,45,4.7,88.1,3.3,3.3,254
2020/07/05 15:09:00,36.2570,137.6230,4,4.8,94.2,1.5,3.2,71
2020/07/03 14:13:00,37.5040,141.5750,46,4.9,62.8,1.8,2.8,172
2020/07/02 16:07:00,43.6070,147.6720,11,4.8,9.3,0.5,1.7,33
2020/06/26 02:00:00,23.9660,123.5800,35,4.6,2.3,0.1,0.7,2
2020/06/25 04:47:00,35.5500,141.1150,36,6.1,142.1,12.4,4.4,341
2020/06/19 09:26:00,24.9440,123.4000,18,5.6,6.1,0.2,1.3,1
2020/06/19 01:43:00,24.9980,123.3700,14,5.7,3.8,0.3,1.2,1
2020/06/16 01:55:00,37.8220,141.6480,82,4.5,32.3,0.8,2.2,137
2020/06/14 05:18:00,24.1980,122.4290,52,5.5,3.5,0.2,0.9,3
2020/06/14 00:51:00,28.7590,128.3570,165,6.3,38.9,1.9,3.2,81
2020/06/10 00:22:00,33.3140,133.3660,21,4.7,115.2,3.8,3.5,124
2020/06/04 05:31:00,36.4250,140.6950,52,4.8,132.6,2.9,3.3,174
2020/06/01 06:02:00,36.1870,140.3460,97,5.2,146.2,5.0,4.1,353
2020/05/31 03:14:00,42.5190,143.7060,94,5.6,217.9,6.9,4.2,240
2020/05/29 19:05:00,36.2590,137.6430,4,5.3,115.0,2.2,3.5,131
2020/05/27 18:19:00,24.8460,125.4100,51,5.2,70.8,2.7,3.1,3
2020/05/23 04:33:00,27.2910,128.4370,48,4.9,50.6,2.0,3.2,10
2020/05/19 18:45:00,27.9810,129.4920,41,4.5,15.8,0.4,1.9,4
2020/05/19 16:55:00,36.3090,137.6250,2,4.7,67.4,1.3,2.7,84
2020/05/19 14:23:00,36.2900,137.6310,3,4.7,157.4,2.7,3.3,65
2020/05/19 13:13:00,36.2800,137.6310,3,5.4,134.9,4.6,3.4,137
2020/05/19 12:17:00,37.5100,141.4280,50,5.4,225.9,8.3,4.0,282
2020/05/19 02:01:00,36.2570,137.6210,5,4.8,67.6,1.4,3.0,50
2020/05/18 12:00:00,38.1720,141.6990,51,5.2,100.5,3.1,3.4,210
2020/05/17 20:38:00,33.6050,134.7560,37,4.6,162.7,6.2,4.3,136
2020/05/15 06:40:00,38.6990,142.2590,39,4.6,51.8,1.0,2.5,85
2020/05/14 04:30:00,40.1000,142.0260,12,4.6,69.1,2.6,3.3,70
2020/05/13 10:28:00,36.2590,137.6380,3,4.8,55.8,1.1,2.7,62
2020/05/13 09:40:00,36.2490,137.6350,2,4.7,37.4,0.8,2.4,58
2020/05/13 07:04:00,36.2570,137.6300,2,4.6,32.5,0.7,2.3,27
2020/05/11 08:58:00,36.3840,141.0410,47,5.8,84.2,2.2,3.5,285
2020/05/09 06:35:00,40.0990,142.0270,11,4.8,77.3,2.3,3.3,99
2020/05/06 01:57:00,35.6290,140.0810,68,5.0,40.3,3.1,3.3,253
2020/05/04 22:07:00,35.7270,140.6130,48,5.6,121.2,7.7,4.2,232
2020/05/03 21:01:00,31.2920,128.6950,15,4.9,3.6,0.3,1.3,13
2020/05/03 20:54:00,31.3000,128.7190,9,6.2,18.6,1.5,2.9,69
2020/04/30 12:15:00,40.8370,142.8270,34,5.3,42.1,1.3,2.9,194
2020/04/27 11:32:00,36.2450,137.6330,10,4.8,48.9,1.3,2.8,69
2020/04/26 23:02:00,42.1000,144.9720,45,4.7,10.4,0.5,1.9,44
2020/04/26 09:49:00,36.1290,140.0830,66,4.8,156.4,5.3,3.6,253
2020/04/26 02:22:00,36.2490,137.6400,6,5.0,108.6,2.2,3.2,130
2020/04/24 04:52:00,41.4770,141.9960,65,5.2,33.1,1.0,2.6,188
2020/04/23 13:57:00,36.2320,137.6530,5,5.0,61.4,1.7,3.0,87
2020/04/23 13:52:00,36.2240,137.6560,1,4.6,52.4,1.0,2.8,51
2020/04/23 13:44:00,36.2220,137.6650,3,5.5,198.7,6.8,4.4,169
2020/04/20 20:38:00,31.1840,130.4020,148,4.6,20.1,0.6,2.2,42
2020/04/20 05:39:00,38.8840,142.1020,46,6.2,242.6,7.0,4.3,433
2020/04/18 17:26:00,27.1690,140.5100,477,6.8,14.7,1.1,2.7,227
2020/04/17 06:22:00,26.0180,128.6970,34,5.3,5.6,0.3,1.5,4
2020/04/15 16:19:00,26.3610,128.9220,36,5.2,6.2,0.3,1.7,4
2020/04/12 00:44:00,36.1950,139.9630,53,5.0,595.5,16.6,5.0,288
2020/04/11 05:29:00,35.6270,141.0680,27,4.5,7.5,0.4,1.5,16
2020/04/08 14:55:00,26.6590,126.6650,102,4.5,3.7,0.1,0.9,5
2020/04/07 14:12:00,32.5420,132.1340,33,4.7,43.4,2.3,3.4,91
2020/04/04 12:55:00,28.6490,129.2770,66,4.7,18.3,0.5,2.2,4
2020/04/02 19:08:00,24.7990,125.3750,49,4.5,18.7,0.6,1.9,2
2020/03/31 20:24:00,36.3870,141.0400,47,4.7,51.1,1.6,3.1,149
2020/03/31 00:52:00,23.8480,123.3690,31,5.5,6.3,0.3,1.6,2
2020/03/29 12:39:00,24.1730,124.2090,10,5.0,6.6,0.3,1.5,4
2020/03/28 09:58:00,41.9190,142.3570,70,5.0,60.3,4.0,3.4,181
2020/03/23 22:57:00,26.5510,128.7500,25,4.5,8.5,0.3,1.6,3
2020/03/13 02:18:00,37.2750,136.8260,12,5.5,509.5,31.5,5.3,215
2020/03/09 04:28:00,33.3190,132.0300,59,4.7,65.8,2.3,3.2,207
2020/02/23 21:57:00,45.0560,148.5880,175,4.9,10.9,0.3,1.8,18
2020/02/20 00:50:00,43.3040,143.9490,5,4.6,222.4,6.0,3.5,39
2020/02/13 19:34:00,45.0530,149.1670,155,7.2,119.2,5.5,4.1,409
2020/02/12 19:37:00,37.3070,141.3610,87,5.4,119.4,5.4,4.0,340
2020/02/06 20:19:00,36.3400,141.7280,54,5.7,20.3,2.0,2.9,189
2020/02/02 20:11:00,28.8210,129.9240,26,4.5,9.7,0.5,2.1,2
2020/02/01 02:07:00,35.9650,140.0660,63,5.3,203.3,6.6,4.4,312
2020/02/01 01:11:00,35.6700,140.7150,50,5.0,49.7,2.9,3.4,123
2020/01/29 08:39:00,27.3280,126.5340,14,5.7,2.9,0.3,1.0,2
2020/01/28 10:36:00,43.3700,145.9870,96,5.5,103.1,3.4,3.6,135
2020/01/15 20:31:00,42.9050,145.1210,91,4.8,34.7,1.0,2.6,79
2020/01/14 13:25:00,36.1190,140.8780,52,4.9,43.8,1.3,2.8,150
2020/01/14 04:53:00,36.0740,139.8860,46,4.8,115.2,4.0,3.8,260
2020/01/12 00:55:00,43.3170,146.3810,48,4.8,57.3,1.2,3.0,46
2020/01/08 11:57:00,37.1490,141.9960,41,4.7,6.6,0.3,1.6,60
2020/01/06 09:53:00,29.1630,130.4940,68,4.8,3.1,0.2,1.4,1
2020/01/06 09:20:00,29.1780,130.4890,68,4.9,3.8,0.3,1.6,1
2020/01/03 10:19:00,40.1450,139.4880,204,4.8,9.2,0.2,1.4,85
2020/01/03 03:24:00,35.8070,141.1180,34,5.8,63.7,5.0,3.6,263
2019/12/28 08:41:00,24.1310,123.8190,18,4.6,5.3,0.1,1.0,2
2019/12/27 14:10:00,37.9340,142.7670,29,4.8,15.3,0.6,2.2,63
2019/12/26 18:26:00,38.5250,141.8190,49,4.7,106.3,1.4,2.7,109
2019/12/24 23:37:00,43.4940,146.1690,93,4.8,78.1,1.6,3.3,58
2019/12/20 05:28:00,30.5690,131.1550,30,4.5,14.3,0.4,1.8,12
2019/12/19 15:21:00,40.5090,142.1820,50,5.5,250.8,10.6,4.4,245
2019/12/18 08:35:00,27.3010,128.4340,47,5.1,105.2,2.9,3.6,10
2019/12/11 18:39:00,37.7250,141.8040,41,5.3,62.1,1.5,3.0,211
2019/12/07 12:34:00,37.3770,141.7800,41,4.6,70.3,2.9,3.5,118
2019/12/05 23:54:00,31.1080,131.4470,30,4.7,19.0,0.9,2.5,42
2019/12/05 22:35:00,36.8050,140.5480,8,4.6,728.8,17.0,4.3,154
2019/12/04 19:35:00,36.9500,139.6830,7,4.8,457.7,20.0,5.2,187
2019/12/04 10:38:00,36.8050,140.5410,9,4.9,432.7,9.1,4.5,252
2019/12/03 10:18:00,36.1390,139.8200,52,4.7,254.7,6.3,3.8,260
2019/12/03 08:25:00,40.1950,142.0340,42,4.5,64.5,1.0,2.5,97
2019/11/29 13:01:00,39.1220,143.0370,26,5.6,14.8,1.1,2.7,137
2019/11/28 16:41:00,42.8220,145.2520,49,4.7,82.8,2.1,3.2,56
2019/11/26 15:09:00,34.0420,133.0660,16,4.6,95.5,2.5,3.2,202
2019/11/23 21:58:00,43.6140,147.1820,34,5.4,31.8,1.0,2.7,60
2019/11/22 18:05:00,31.9340,131.9140,24,5.2,35.5,1.6,3.0,135
2019/11/22 05:23:00,36.0670,139.8930,45,4.5,72.2,1.8,2.9,202
2019/11/17 20:05:00,34.6350,139.0550,13,4.7,166.1,6.7,4.0,105
2019/11/17 03:32:00,28.7960,129.9070,28,4.6,3.7,0.2,1.2,2
2019/11/07 07:03:00,40.9200,142.7010,21,4.5,11.9,0.5,2.0,44
2019/11/03 14:02:00,37.2950,141.7800,42,5.0,53.3,1.1,2.8,185
2019/10/19 18:08:00,38.6940,142.2490,36,4.5,30.5,0.6,2.1,67
2019/10/15 08:14:00,44.3860,146.9360,116,5.4,7.1,0.3,1.6,30
2019/10/12 18:22:00,34.6700,140.6510,75,5.4,87.1,4.5,3.8,255
2019/10/06 05:18:00,28.1210,128.0840,12,5.1,2.4,0.2,1.1,2
2019/09/16 01:27:00,41.1970,142.0510,58,4.5,27.7,0.6,2.2,64
2019/09/12 01:44:00,37.7920,141.6680,52,4.5,16.8,0.5,1.9,81
2019/09/07 18:36:00,41.5690,142.0740,64,5.0,35.2,1.3,3.0,155
2019/08/29 08:46:00,40.9770,143.0310,21,6.1,37.6,2.2,3.2,287
2019/08/27 03:47:00,27.0440,126.7790,120,4.6,3.4,0.1,0.8,3
2019/08/24 13:53:00,37.3840,142.4220,25,5.6,14.7,0.8,2.3,163
2019/08/24 08:45:00,24.3610,124.7090,54,5.2,12.9,0.4,1.6,5
2019/08/20 21:52:00,28.0360,130.9200,75,5.0,5.0,0.4,1.8,5
2019/08/20 17:20:00,28.0240,130.2050,46,4.9,11.1,0.7,2.5,4
2019/08/15 15:06:00,40.7890,141.3270,91,4.5,63.4,2.5,3.3,120
2019/08/15 14:33:00,40.7890,141.3420,93,5.5,185.7,9.5,4.4,240
2019/08/08 06:28:00,24.3690,121.8690,38,6.4,1.9,0.3,0.9,2
2019/08/04 19:23:00,37.7040,141.6350,45,6.4,246.5,15.1,4.6,597
2019/07/30 05:38:00,32.9080,140.7800,59,5.9,48.2,2.3,3.2,201
2019/07/28 03:31:00,33.1570,137.4000,393,6.6,44.4,3.6,3.3,494
2019/07/25 07:14:00,35.1440,140.5710,58,5.1,46.9,2.1,3.2,156
2019/07/23 05:47:00,25.1560,124.3170,111,5.0,19.5,0.4,1.7,5
2019/07/17 18:00:00,38.9620,141.6170,78,4.7,69.2,2.0,3.4,155
2019/07/13 09:58:00,29.2310,128.1800,256,6.0,15.5,1.4,2.7,99
2019/07/12 06:21:00,23.8990,122.8980,29,5.5,3.1,0.2,0.9,2
2019/07/09 20:33:00,47.0710,145.2840,489,5.6,3.8,0.3,1.5,59
2019/07/01 09:37:00,41.1450,142.2860,51,5.2,29.8,1.0,2.7,137
2019/06/30 15:53:00,43.2710,142.4070,166,4.5,6.5,0.2,1.4,50
2019/06/26 13:17:00,43.8290,147.0440,99,4.5,12.2,0.3,1.4,21
2019/06/24 09:11:00,34.9250,139.9660,61,5.2,108.8,3.6,3.8,270
2019/06/18 22:22:00,38.6040,139.4810,14,6.7,653.4,28.6,5.3,482
2019/06/17 08:00:00,36.5120,140.5860,77,5.1,260.6,10.6,4.7,321
2019/06/15 13:47:00,39.0320,142.7490,29,4.7,15.5,0.3,1.6,61
2019/06/11 10:21:00,38.4120,141.6520,59,4.5,109.2,1.4,2.9,105
2019/06/11 02:18:00,43.4250,146.6660,45,4.6,24.9,0.6,2.4,37
2019/06/05 06:09:00,37.1470,141.2530,21,4.5,13.7,0.4,2.1,50
2019/06/04 13:40:00,29.0510,139.6650,445,6.2,3.2,0.2,1.1,48
2019/06/01 07:58:00,35.3650,140.2960,35,4.7,45.8,2.8,3.4,101
2019/05/25 15:20:00,35.3540,140.2930,38,5.1,155.2,9.4,4.4,183
2019/05/18 10:18:00,38.9040,141.5920,78,4.6,75.2,2.1,3.5,151
2019/05/15 14:24:00,29.7390,130.6870,36,5.7,9.6,0.8,2.2,25
2019/05/13 18:59:00,37.1520,141.2500,21,4.7,11.9,0.4,2.0,70
2019/05/11 08:59:00,32.6870,132.2950,36,5.0,121.7,5.1,3.9,138
2019/05/10 20:40:00,31.7550,131.8970,27,4.7,10.7,0.6,2.1,74
2019/05/10 09:07:00,31.7640,131.9500,24,4.9,15.8,0.7,2.5,79
2019/05/10 08:48:00,31.7970,131.9750,25,6.3,207.5,17.5,4.8,271
2019/05/10 07:43:00,31.7820,131.9940,25,5.6,29.2,2.2,3.2,119
2019/05/05 04:51:00,38.7350,142.3170,38,4.7,22.4,0.3,1.7,70
2019/05/05 01:40:00,43.1740,146.4310,52,5.3,220.0,4.2,3.8,75
2019/05/04 11:41:00,38.2950,141.8870,46,4.5,83.8,1.2,2.6,101
2019/05/01 00:43:00,36.2640,141.0100,42,4.5,25.8,0.5,1.9,52
2019/04/28 02:24:00,42.5570,142.8820,102,5.6,126.4,8.4,4.2,322
2019/04/23 02:45:00,40.5450,143.8510,57,5.6,7.2,0.7,2.1,105
2019/04/18 14:01:00,24.0060,121.5140,20,6.5,1.5,0.2,1.0,1
2019/04/15 05:28:00,42.4820,144.8210,43,5.1,37.9,1.9,3.1,118
2019/04/11 17:18:00,40.3590,143.4070,5,6.2,25.3,1.6,3.0,255
2019/04/08 13:12:00,26.3030,129.5740,45,5.6,7.8,0.2,1.5,8
2019/04/05 18:56:00,30.3930,139.0110,414,5.9,7.5,0.6,2.0,125
2019/03/30 05:55:00,30.5840,131.1570,32,5.0,44.5,1.6,2.8,30
2019/03/29 12:24:00,37.0300,141.1960,21,4.5,23.9,0.5,1.9,52
2019/03/28 11:16:00,42.4440,143.6740,78,4.6,23.2,0.8,2.3,118
2019/03/27 15:38:00,32.1600,132.1520,21,5.4,127.0,3.8,3.8,195
2019/03/27 09:11:00,32.1490,132.1570,15,5.4,49.6,2.0,3.3,148
2019/03/13 13:48:00,33.7970,134.9160,43,5.3,162.0,6.5,3.7,307
2019/03/11 15:37:00,33.1870,132.7150,38,4.6,121.7,2.6,3.3,139
2019/03/11 02:11:00,36.7590,142.4090,18,6.0,9.9,1.0,2.3,159
2019/03/07 04:26:00,38.7170,141.6370,70,4.6,140.3,2.6,3.4,143
2019/03/02 12:23:00,42.0040,146.8660,51,6.2,63.0,4.7,3.8,351
2019/02/27 09:55:00,38.3470,142.1420,40,4.6,19.8,0.4,1.9,75
2019/02/24 09:33:00,37.4840,142.0040,34,4.8,16.8,0.5,2.1,113
2019/02/23 15:48:00,37.0090,141.8410,59,4.5,22.6,0.5,2.0,98
2019/02/21 21:22:00,42.7630,142.0070,33,5.8,560.5,40.0,5.5,289
2019/02/21 11:11:00,28.5580,129.9900,30,4.5,5.5,0.4,1.8,1
2019/02/20 12:18:00,28.3080,130.3100,28,4.7,5.9,0.4,1.8,1
2019/02/19 21:04:00,36.4590,137.6650,0,4.7,28.7,1.0,2.5,62
2019/02/16 19:01:00,25.4390,124.8300,12,5.5,3.6,0.2,1.0,2
2019/02/16 18:06:00,25.4090,124.8120,17,5.1,3.7,0.2,1.0,2
2019/02/10 14:34:00,28.2690,129.5050,36,4.9,114.4,2.4,3.3,6
2019/02/09 11:24:00,43.8150,145.7270,110,4.8,16.8,0.9,2.4,37
2019/02/07 16:57:00,41.8540,143.7940,29,4.9,21.8,0.8,2.4,59
2019/02/03 04:10:00,35.5690,141.0480,37,4.7,11.1,0.8,1.9,25
2019/01/30 14:21:00,23.6890,122.3730,29,5.6,2.3,0.1,0.5,1
2019/01/29 12:42:00,35.0020,141.1250,50,5.2,10.7,0.6,2.0,43
2019/01/26 17:23:00,40.2770,142.3310,38,5.6,294.1,9.1,4.7,277
2019/01/26 06:22:00,30.2640,131.3990,22,4.5,8.4,0.2,1.6,6
2019/01/25 14:41:00,31.8470,129.1800,7,4.6,8.4,0.3,1.7,28
2019/01/24 20:36:00,31.8540,129.1520,9,4.5,5.1,0.2,1.4,14
2019/01/21 09:24:00,40.6950,142.6120,28,4.5,11.0,0.3,1.9,49
2019/01/19 05:04:00,40.7350,142.5670,29,4.9,11.2,0.9,2.5,120
2019/01/18 21:46:00,35.9170,140.4350,54,5.3,44.3,2.2,3.2,292
2019/01/14 13:23:00,36.1590,139.8130,53,4.9,211.5,5.1,3.8,285
2019/01/13 21:14:00,37.2370,141.3950,22,4.9,19.2,0.5,1.9,93
2019/01/08 21:39:00,30.5680,131.1650,30,6.0,78.5,3.5,3.7,106
2019/01/06 17:34:00,38.6920,141.4770,102,4.5,70.1,2.7,3.5,148
2019/01/03 18:10:00,33.0240,130.5550,10,5.1,417.4,10.3,4.4,198
2018/12/31 23:10:00,37.3390,141.5630,45,5.0,24.1,0.7,2.3,154
2018/12/30 04:08:00,42.3240,143.1170,51,5.3,88.9,3.5,3.7,235
2018/12/27 01:48:00,38.7150,142.2590,39,4.6,33.0,0.5,2.0,87
2018/12/20 14:16:00,23.9540,123.5900,32,4.5,5.9,0.2,1.0,2
2018/12/16 01:28:00,39.2600,141.7220,62,4.6,93.0,3.2,3.5,144
2018/12/14 17:04:00,37.8570,142.4870,44,4.8,15.8,0.5,2.2,91
2018/12/11 09:26:00,43.6590,146.3640,106,4.7,19.9,0.5,2.3,29
2018/12/10 00:21:00,33.2370,138.0950,367,5.2,4.6,0.2,1.4,63
2018/12/08 10:54:00,37.0270,141.3460,50,5.0,80.1,2.9,3.7,234
2018/12/04 15:06:00,34.5400,140.0650,44,4.5,42.8,1.2,2.6,51
2018/12/04 04:15:00,39.1940,142.3810,34,4.5,25.5,0.5,2.1,92
2018/12/03 17:15:00,40.8620,141.4210,87,4.6,52.3,1.2,2.5,101
2018/11/28 20:15:00,36.4390,141.0100,46,4.5,44.6,1.0,2.6,108
2018/11/28 11:23:00,41.3340,143.2260,11,5.7,29.3,1.8,2.9,219
2018/11/27 08:33:00,36.0690,139.8660,44,5.0,172.0,6.4,4.1,303
2018/11/23 23:30:00,37.0690,141.1750,50,5.0,144.8,3.8,3.6,235
2018/11/21 04:10:00,30.3960,130.1520,123,5.2,17.8,0.7,2.4,128
2018/11/14 19:07:00,42.6940,141.9690,32,4.7,93.1,5.9,4.0,114
2018/11/05 23:47:00,29.2640,130.6100,62,4.9,2.3,0.2,1.2,1
2018/11/05 08:19:00,33.7240,135.2860,45,4.6,174.5,3.4,3.7,166
2018/11/05 04:26:00,44.6060,145.8090,20,6.3,64.6,3.1,3.6,99
2018/11/02 20:01:00,47.1400,147.1130,487,6.1,5.8,0.3,1.3,66
2018/11/02 16:54:00,33.6920,135.1980,44,5.4,299.8,5.4,4.0,280
2018/10/30 11:34:00,24.3030,123.4390,46,4.7,9.1,0.5,1.5,2
2018/10/30 06:55:00,24.1310,123.6170,44,4.6,8.2,0.3,1.5,3
2018/10/29 10:27:00,31.7740,140.6880,86,5.4,6.3,0.3,1.7,42
2018/10/27 20:39:00,40.1470,142.3760,37,4.8,27.3,1.1,2.6,101
2018/10/27 09:08:00,36.7990,141.3660,41,5.0,36.9,1.0,2.6,169
2018/10/26 12:06:00,44.4350,145.6310,21,5.0,7.9,0.4,1.6,17
2018/10/26 12:05:00,44.5230,145.6590,20,5.5,33.7,1.5,3.1,66
2018/10/26 03:36:00,38.2750,141.8140,49,5.7,245.6,4.6,4.0,353
2018/10/24 01:04:00,23.9640,122.6030,28,6.3,6.1,0.6,2.0,3
2018/10/23 20:06:00,38.2670,141.9010,46,4.7,145.8,1.9,2.9,137
2018/10/23 13:35:00,23.9510,122.5960,26,6.1,6.4,0.5,1.7,2
2018/10/22 19:47:00,37.5140,141.4460,49,5.0,123.1,5.9,3.9,210
2018/10/21 05:13:00,37.8550,141.7610,53,4.5,30.1,0.7,2.3,103
2018/10/18 14:18:00,35.5070,140.9650,41,4.9,14.7,0.7,2.2,68
2018/10/12 13:15:00,35.7420,140.6910,52,5.2,55.2,3.7,3.5,173
2018/10/12 09:14:00,42.5890,141.9510,23,4.6,77.0,3.2,3.2,88
2018/10/09 04:51:00,37.2970,141.7300,34,4.9,27.4,0.6,2.4,105
2018/10/07 10:14:00,35.0340,137.5760,42,5.0,143.4,4.0,3.9,255
2018/10/05 08:58:00,42.5890,141.9690,31,5.2,402.6,17.5,5.1,153
2018/10/04 00:15:00,35.8050,140.9730,31,4.7,115.7,4.9,3.7,88
2018/10/02 12:28:00,36.4250,141.0900,46,4.6,27.9,1.0,2.7,132
2018/10/01 11:22:00,42.7910,142.0140,35,4.7,181.4,7.1,3.9,109
2018/09/30 17:54:00,42.5450,141.9920,37,4.9,390.2,13.6,4.5,183
2018/09/25 12:31:00,38.7150,142.2590,39,4.6,50.4,1.0,2.5,118
2018/09/19 01:54:00,35.7950,141.8680,28,4.5,3.6,0.2,1.0,4
2018/09/19 01:21:00,38.4670,141.6020,57,5.0,325.5,5.2,4.2,145
2018/09/17 02:51:00,42.7150,141.8660,28,4.6,139.9,5.8,4.0,102
2018/09/16 01:24:00,26.6190,129.5950,43,6.0,4.0,0.3,1.4,6
2018/09/15 09:08:00,26.7130,129.6940,44,5.6,7.8,0.3,1.6,9
2018/09/14 14:35:00,36.7370,140.6110,7,4.9,247.7,6.8,4.3,211
2018/09/14 06:54:00,42.6740,141.9560,26,4.6,104.1,5.5,3.9,98
2018/09/12 18:24:00,42.6720,141.9890,33,4.5,84.7,3.8,3.4,53
2018/09/12 09:45:00,24.1410,123.7390,19,4.5,9.9,0.3,1.4,3
2018/09/11 22:25:00,41.2440,142.3790,47,5.0,31.1,1.1,2.8,130
2018/09/11 04:58:00,42.7090,142.0090,31,4.5,67.2,2.1,3.1,75
2018/09/10 23:58:00,35.0620,140.2280,35,4.7,123.3,3.1,3.6,85
2018/09/09 22:55:00,42.7780,141.9870,35,4.9,154.7,7.7,3.9,149
2018/09/07 13:25:00,42.6970,141.9740,35,4.5,39.0,1.6,3.0,86
2018/09/06 06:11:00,42.6670,142.0190,38,5.4,220.2,12.2,4.5,269
2018/09/06 04:10:00,42.6750,141.9920,32,4.7,113.5,4.8,3.8,102
2018/09/06 03:32:00,42.7210,142.0020,34,4.6,48.8,2.0,3.0,69
2018/09/06 03:23:00,42.7940,141.9790,32,4.8,234.9,8.1,4.2,76
2018/09/06 03:20:00,42.5690,141.9520,36,5.5,133.8,6.0,3.9,196
2018/09/06 03:17:00,42.6240,141.9670,33,4.7,61.8,5.6,3.7,96
2018/09/06 03:11:00,42.5550,141.9520,31,4.5,10.9,1.1,2.0,23
2018/09/06 03:08:00,42.6870,142.0110,37,6.7,1796.4,151.5,6.7,472
2018/09/05 05:11:00,36.4720,141.3400,60,5.5,148.9,4.0,4.0,345
2018/09/03 06:47:00,34.5870,131.3490,16,4.6,97.8,1.9,2.9,132
2018/09/02 00:43:00,28.0280,140.2210,459,5.6,2.2,0.2,0.9,1
2018/08/24 23:16:00,41.0900,142.6290,32,5.1,33.0,1.3,3.0,139
2018/08/23 00:06:00,41.3120,142.6540,35,4.9,19.9,0.9,2.5,106
2018/08/14 12:35:00,35.1920,140.5510,59,4.7,28.5,0.9,2.5,103
2018/08/11 06:11:00,37.1540,141.1980,20,5.0,73.7,1.6,3.1,208
2018/08/08 18:07:00,37.1870,141.1980,21,4.9,78.6,2.3,3.4,195
2018/08/08 00:13:00,37.9120,143.9420,50,5.6,24.6,0.9,2.6,235
2018/08/06 19:56:00,35.5490,141.0500,37,4.5,11.1,0.4,1.6,11
2018/07/31 17:42:00,37.1520,141.2310,21,5.8,113.7,5.9,4.0,303
2018/07/29 09:58:00,36.9500,139.6780,7,4.5,201.6,5.3,4.1,113
2018/07/26 02:46:00,37.5300,141.3900,51,4.5,36.1,1.1,2.3,81
2018/07/24 06:37:00,44.6500,148.3360,150,5.0,7.6,0.3,1.6,25
2018/07/18 16:44:00,35.8820,141.3100,39,4.5,9.5,0.3,1.5,26
2018/07/17 04:34:00,36.4270,140.6950,52,4.8,130.2,3.5,3.6,180
2018/07/16 02:13:00,42.3170,143.0010,55,4.9,50.5,2.3,3.4,135
2018/07/12 17:39:00,38.2600,142.1610,39,4.9,57.3,1.6,3.2,153
2018/07/10 13:56:00,41.5450,142.0770,68,4.9,15.7,0.6,2.1,138
2018/07/07 20:23:00,35.1620,140.5950,57,6.0,146.5,7.6,4.3,356
2018/07/02 20:53:00,41.1920,142.7040,39,5.0,36.2,1.4,3.1,144
2018/07/02 02:27:00,41.4900,142.0670,64,4.9,34.5,0.9,2.6,163
2018/06/26 17:00:00,34.9270,132.8750,12,5.0,296.9,7.2,4.1,185
2018/06/18 07:58:00,34.8400,135.6250,13,6.1,806.2,41.4,5.6,537
2018/06/17 15:27:00,36.4520,139.1750,14,4.6,124.9,3.2,3.6,222
2018/06/12 05:09:00,35.1640,140.5780,17,4.9,48.2,1.7,3.2,62
2018/06/12 04:54:00,31.1840,131.5600,28,5.6,73.0,6.2,4.2,135
2018/06/10 06:45:00,43.7850,145.9590,94,4.5,18.8,0.4,2.0,23
2018/06/02 18:48:00,43.6540,148.0920,0,5.6,4.6,0.3,1.5,23
2018/05/26 23:01:00,37.8020,141.7300,51,4.7,28.9,1.0,2.4,111
2018/05/25 21:13:00,36.9370,138.5910,6,5.2,144.0,6.4,3.8,188
2018/05/18 03:42:00,42.7220,145.4740,47,5.8,117.0,4.0,3.9,124
2018/05/17 12:12:00,35.7120,140.7330,52,5.3,60.4,4.0,3.5,242
2018/05/14 19:31:00,40.0550,142.6890,29,5.1,23.4,1.3,2.8,129
2018/05/13 01:49:00,38.5270,141.8190,50,4.8,71.7,3.0,3.7,146
2018/05/12 10:29:00,36.6290,137.9030,11,5.2,127.8,6.3,3.7,173
2018/05/10 19:57:00,37.8150,141.7620,41,4.7,30.5,0.6,2.0,90
2018/05/07 05:01:00,39.5920,141.1640,98,5.1,60.7,3.0,3.5,202
2018/04/24 17:53:00,43.2350,145.8290,87,5.4,127.5,4.5,4.0,147
2018/04/21 18:47:00,35.5570,141.1060,33,5.1,34.5,2.7,3.1,97
2018/04/20 19:45:00,42.6990,144.7110,51,4.5,23.2,1.2,2.4,47
2018/04/19 20:38:00,40.1440,142.4690,34,4.8,19.5,1.0,2.6,105
2018/04/14 15:13:00,34.8200,137.1300,6,4.5,240.1,3.9,3.9,163
2018/04/14 04:00:00,43.1720,145.7410,53,5.4,269.7,11.4,4.6,144
2018/04/12 22:37:00,38.3720,141.8620,56,4.7,179.3,3.0,3.3,154
2018/04/12 20:36:00,39.4120,143.2310,21,4.7,11.9,0.4,1.9,67
2018/04/09 05:05:00,35.1700,132.5900,9,4.6,166.4,5.8,3.7,101
2018/04/09 02:10:00,35.1690,132.5860,10,4.9,258.5,9.6,4.1,158
2018/04/09 01:56:00,35.1800,132.5780,10,4.8,189.4,6.7,3.8,125
2018/04/09 01:43:00,35.1640,132.5930,10,4.5,181.0,4.8,3.8,88
2018/04/09 01:32:00,35.1800,132.5900,12,6.1,676.2,35.5,5.5,378
2018/04/04 16:37:00,37.3040,141.7360,44,4.5,22.3,0.6,2.2,79
2018/03/30 08:17:00,36.4390,140.6230,56,5.1,197.1,6.1,4.1,297
2018/03/26 00:36:00,32.6360,140.7950,53,4.8,7.0,0.3,1.4,6
2018/03/25 23:37:00,32.6380,140.8900,41,5.8,36.0,1.3,2.8,112
2018/03/23 06:32:00,38.8770,142.0810,45,5.1,114.5,3.5,3.4,177
2018/03/19 11:45:00,35.3170,141.0880,37,5.1,7.0,0.9,2.2,68
2018/03/13 15:46:00,35.7270,140.6760,51,4.9,29.5,1.3,2.6,105
2018/03/12 19:21:00,27.2460,128.4290,48,4.6,46.7,1.0,2.3,5
2018/03/12 15:40:00,41.1450,142.6220,36,4.9,14.8,0.5,2.2,92
2018/03/05 04:52:00,44.6130,148.1760,109,5.4,7.8,0.4,2.0,44
2018/03/02 12:42:00,24.3280,122.9720,48,4.9,8.2,0.2,1.3,3
2018/03/01 22:42:00,24.2440,123.8220,15,5.6,119.1,5.7,3.8,5
2018/02/28 07:57:00,37.5290,141.7710,38,4.7,15.0,0.7,2.0,87
2018/02/26 01:28:00,37.5340,141.7650,40,5.8,108.5,5.9,3.9,390
2018/02/19 03:31:00,32.9000,132.1640,40,5.0,123.0,3.5,3.8,216
2018/02/17 06:38:00,38.4220,141.9840,57,4.5,184.7,2.4,3.0,115
2018/02/11 16:31:00,32.4410,140.4350,29,4.9,2.5,0.1,0.7,3
2018/02/04 22:56:00,24.1130,121.7040,10,6.5,1.4,0.2,0.9,1
2018/01/31 10:15:00,36.3370,141.0160,46,4.5,28.3,0.4,2.0,72
2018/01/31 05:11:00,42.0150,142.5940,62,4.7,18.3,1.1,2.8,128
2018/01/30 09:25:00,38.5340,141.8210,49,4.5,73.2,0.8,2.6,73
2018/01/28 04:43:00,40.1150,142.4270,35,4.9,16.9,0.6,2.2,107
2018/01/27 03:11:00,38.2350,141.6130,63,4.5,89.8,1.3,2.9,115
2018/01/24 19:51:00,41.0050,142.4510,34,6.3,138.6,5.5,4.3,418
2018/01/19 21:00:00,43.5220,146.3820,81,4.7,22.7,0.7,2.2,34
2018/01/14 18:07:00,41.9340,143.0510,41,4.7,27.5,1.3,2.9,98
2018/01/10 07:30:00,35.4190,141.2150,32,5.2,7.8,1.0,2.2,76
2018/01/06 22:45:00,40.7050,142.6940,22,4.5,14.7,0.5,2.2,60
2018/01/06 05:48:00,34.8490,139.2480,11,4.5,82.4,3.7,3.6,81
2018/01/06 00:54:00,35.6400,140.0250,71,4.7,85.1,3.6,3.6,273
2018/01/05 11:02:30,35.8920,140.8930,41,4.5,27.7,1.0,2.3,54
2017/12/31 12:48:00,29.6090,129.5320,165,4.9,8.4,0.2,1.4,19
2017/12/29 06:14:00,41.7290,143.6770,41,4.8,19.5,0.6,2.1,95
2017/12/27 22:05:00,35.5620,140.0860,69,4.5,17.8,0.7,2.4,161
2017/12/19 06:54:00,38.1790,141.6890,51,4.6,54.2,0.9,2.4,99
2017/12/16 02:58:00,39.6820,142.0970,52,5.5,118.7,4.2,3.7,290
2017/12/06 00:22:00,36.8090,140.5430,8,4.5,995.6,25.0,4.6,103
2017/12/06 00:13:00,36.3740,137.9750,10,5.3,64.8,2.7,3.3,201
2017/12/02 05:48:00,42.0340,142.5090,67,4.9,50.4,1.7,3.2,206
2017/11/17 10:02:00,37.1790,141.3850,48,4.8,61.9,2.1,3.1,135
2017/11/16 18:43:00,32.3480,140.7480,46,6.0,32.7,1.6,3.0,112
2017/11/15 14:29:00,36.1920,129.3950,11,5.6,4.3,0.2,1.2,12
2017/11/13 07:24:00,38.0020,144.8090,56,6.0,12.8,0.4,1.9,251
2017/11/11 01:38:00,38.3640,141.8410,59,4.7,184.2,3.6,3.7,165
2017/11/03 21:38:00,36.8120,140.5330,8,4.8,364.7,10.3,4.0,216
2017/11/03 12:45:00,42.5600,143.7520,66,5.0,89.4,4.1,3.7,149
2017/10/22 03:38:00,44.0280,140.8060,10,4.6,16.9,0.6,2.4,50
2017/10/19 18:02:00,28.3230,131.2790,98,5.6,17.2,1.6,2.9,39
2017/10/15 08:34:00,30.9460,130.3290,143,4.7,14.6,0.4,2.0,49
2017/10/12 15:12:00,36.6840,142.1430,26,5.2,11.9,0.7,2.3,118
2017/10/06 23:56:00,37.0840,141.1580,53,5.9,232.5,9.7,4.5,485
2017/10/06 16:59:00,37.4320,143.9520,57,6.3,32.4,1.1,2.8,405
2017/10/01 10:25:00,36.8500,140.5680,5,4.9,122.2,2.1,3.4,184
2017/09/28 16:11:00,37.3420,141.5980,45,4.8,30.4,1.0,2.6,113
2017/09/27 05:22:00,40.2640,142.4590,35,6.1,148.0,4.9,3.9,362
2017/09/21 01:37:00,38.0320,144.4920,53,6.3,22.1,0.8,2.3,428
2017/09/20 05:18:00,37.2740,141.6550,46,5.3,28.0,1.0,2.6,202
2017/09/14 09:27:00,35.8240,139.5560,50,4.5,63.9,1.9,3.1,197
2017/09/10 17:44:00,41.7550,142.8810,43,5.6,79.7,5.2,3.8,265
2017/09/08 22:23:00,39.4970,140.4210,9,5.2,140.9,7.8,4.2,169
2017/09/08 02:27:00,27.7990,140.1310,475,6.1,2.3,0.2,1.0,22
2017/08/31 07:09:00,28.5160,130.1590,33,4.8,13.4,0.7,2.3,2
2017/08/27 11:26:00,36.7440,140.5780,11,4.8,202.8,5.8,3.9,198
2017/08/26 04:20:00,37.0170,140.5860,8,4.7,95.8,3.7,3.5,179
2017/08/16 21:51:00,28.6530,127.9340,192,5.7,8.3,0.5,1.8,11
2017/08/14 18:11:00,35.8320,139.9950,102,4.5,52.7,1.8,2.9,184
2017/08/13 03:23:00,29.9510,131.2620,27,5.0,9.8,0.5,1.8,14
2017/08/10 09:36:00,35.7940,140.0930,64,5.0,42.9,3.1,3.3,277
2017/08/08 14:49:00,26.4880,127.0090,13,5.2,19.0,0.5,2.1,6
2017/08/04 20:19:00,24.5480,123.5790,64,5.3,33.2,1.3,2.7,4
2017/08/03 13:45:00,36.0750,139.8880,46,4.6,98.1,2.3,3.3,195
2017/08/02 07:16:00,36.1170,140.0250,48,4.6,145.9,5.0,4.0,232
2017/08/02 02:02:00,36.8000,140.5380,9,5.5,418.3,12.0,4.7,389
2017/07/26 19:32:00,26.9190,130.1850,66,5.8,7.9,0.7,2.0,10
2017/07/25 21:08:00,39.4920,142.0390,59,4.6,38.9,0.8,2.5,88
2017/07/24 00:35:00,40.1170,143.3770,14,5.7,7.1,0.6,2.2,128
2017/07/20 09:11:00,37.3370,141.5900,46,5.8,110.2,3.4,3.7,396
2017/07/19 16:15:00,26.4230,126.5250,92,4.7,4.2,0.2,1.3,5
2017/07/15 12:02:00,37.8000,141.7310,57,4.6,23.6,0.7,2.2,85
2017/07/12 14:36:00,35.3190,141.1910,34,4.9,4.3,0.4,1.6,24
2017/07/11 11:56:00,31.3790,130.6220,10,5.3,541.5,28.6,5.4,77
2017/07/08 20:48:00,37.3750,141.7260,45,4.5,8.0,0.3,1.5,71
2017/07/07 21:48:00,37.7590,141.0910,66,4.9,172.3,5.6,4.0,231
2017/07/02 00:58:00,33.0000,131.2390,11,4.5,320.5,14.6,4.9,120
2017/07/01 23:45:00,42.7850,141.8620,27,5.1,334.2,11.3,4.7,151
2017/06/30 23:04:00,25.6830,125.1940,98,5.2,16.6,0.6,2.0,5
2017/06/28 21:07:00,43.5590,147.8360,31,5.7,25.7,1.3,2.6,161
2017/06/25 15:17:00,35.8540,137.5860,7,4.7,395.2,11.8,4.3,163
2017/06/25 09:24:00,35.8600,137.5700,6,4.5,148.3,6.7,3.8,139
2017/06/25 07:02:00,35.8640,137.5880,7,5.6,599.7,21.5,5.4,413
2017/06/23 08:59:00,39.3350,142.0640,48,4.5,83.6,1.2,2.5,58
2017/06/20 23:27:00,32.8640,132.0320,42,5.0,110.2,5.3,4.0,166
2017/06/19 05:51:00,37.0820,140.6060,6,4.5,115.3,2.9,3.6,135
2017/06/16 22:40:00,31.8840,131.8340,28,4.6,15.4,1.0,2.5,42
2017/06/14 19:24:00,33.7970,133.4310,38,4.5,106.1,1.7,3.0,112
2017/06/13 23:31:00,28.1590,140.2210,441,4.7,1.3,0.1,0.2,1
2017/06/10 16:31:00,42.3490,144.8220,34,4.6,11.6,0.6,2.0,41
2017/06/10 04:34:00,40.1490,142.5060,32,4.5,12.1,0.6,1.9,77
2017/06/08 09:25:00,35.6450,140.6780,51,4.7,22.7,2.0,2.8,56
2017/05/27 22:50:00,36.0620,135.5460,17,5.1,26.1,0.9,2.3,234
2017/05/22 20:01:00,43.6440,147.6360,35,5.7,22.6,1.1,2.6,168
2017/05/22 12:25:00,34.5350,139.4280,14,4.5,9.1,0.4,1.8,14
2017/05/15 16:05:00,27.2540,130.0770,64,5.4,4.1,0.3,1.6,8
2017/05/10 04:15:00,25.8480,124.9750,105,5.0,8.4,0.2,1.4,4
2017/05/09 10:54:00,24.3730,126.3270,79,6.4,20.1,1.7,2.7,4
2017/05/06 23:23:00,33.2660,140.7910,57,4.9,19.6,0.5,2.1,11
2017/04/30 23:42:00,42.3190,143.0740,53,5.4,101.3,4.4,3.9,202
2017/04/30 05:23:00,30.7660,131.4700,40,4.7,7.5,0.6,2.1,24
2017/04/29 21:32:00,30.7730,131.4840,44,5.6,38.0,1.9,3.2,77
2017/04/23 15:37:00,46.3050,142.2060,14,5.3,10.2,0.9,2.3,27
2017/04/20 20:41:00,43.9850,148.4740,0,5.2,7.0,0.3,1.5,47
2017/04/20 02:15:00,37.3190,141.9160,36,4.8,13.6,0.4,2.0,95
2017/04/20 02:13:00,36.6990,140.6450,6,4.5,72.4,1.6,3.0,105
2017/04/12 22:55:00,28.7130,130.2370,53,4.8,8.6,0.6,2.2,4
2017/04/12 03:10:00,36.1570,140.1030,54,4.6,91.7,2.7,3.4,205
2017/04/09 07:20:00,37.5050,141.5730,45,5.0,24.9,1.3,2.7,159
2017/04/08 23:17:00,32.7480,140.2350,43,4.5,3.3,0.1,0.8,4
2017/03/25 01:43:00,26.8310,127.2000,87,5.1,54.5,2.1,3.1,9
2017/03/22 09:21:00,37.2690,141.5700,34,4.5,11.1,0.4,2.0,73
2017/03/17 15:57:00,30.3960,130.5750,60,4.9,57.9,0.8,2.4,33
2017/03/14 12:57:00,42.8120,142.7040,82,4.7,21.0,1.5,2.9,140
2017/03/12 04:57:00,37.5090,141.5450,46,5.4,83.8,6.8,3.7,269
2017/03/12 03:49:00,30.9840,130.4200,136,5.1,32.1,1.9,3.0,83
2017/03/08 04:51:00,39.9440,143.2360,16,4.6,6.9,0.3,1.5,44
2017/03/08 01:08:00,41.4790,141.9820,65,5.2,34.8,1.0,2.7,171
2017/03/05 19:04:00,37.1870,141.4350,29,4.6,38.3,1.6,3.0,63
2017/03/05 10:19:00,35.7320,140.7230,52,4.7,20.1,1.0,2.4,100
2017/03/03 17:27:00,43.0740,145.4820,93,4.9,70.9,2.2,3.0,83
2017/03/02 23:53:00,32.6420,132.1340,37,5.3,155.6,6.3,4.1,191
2017/03/01 15:43:00,37.5200,141.4560,49,4.9,68.2,3.7,3.3,143
2017/02/28 16:49:00,37.5100,141.3700,52,5.7,234.2,11.6,4.6,428
2017/02/28 01:18:00,24.2210,122.8850,50,4.8,1.4,0.1,0.5,1
2017/02/27 18:10:00,42.3450,143.0520,52,4.7,50.1,1.9,3.1,118
2017/02/27 14:19:00,37.2470,141.5480,33,4.5,11.7,0.3,1.7,63
2017/02/27 00:03:00,37.0640,141.1830,50,4.9,117.8,4.3,3.6,237
2017/02/25 13:52:00,38.7190,142.2640,39,4.5,22.4,0.3,1.7,59
2017/02/19 18:19:00,35.7270,140.6660,52,5.4,137.6,11.4,4.3,246
2017/02/12 22:37:00,40.1570,142.3690,36,4.8,25.5,1.8,3.0,117
2017/02/11 06:05:00,37.1740,141.7210,41,5.4,83.8,2.1,3.3,233
2017/02/03 23:15:00,37.1850,141.4830,27,4.9,10.0,0.4,1.7,60
2017/01/28 22:40:00,39.7570,140.7700,151,5.0,78.7,2.5,3.4,206
2017/01/26 17:06:00,40.1620,142.4590,36,5.2,39.6,1.5,3.0,137
2017/01/22 03:11:00,41.0640,142.4460,37,4.5,38.2,1.1,3.0,89
2017/01/21 20:54:00,40.5540,142.5420,29,4.5,22.3,0.5,2.1,72
2017/01/13 12:25:00,35.7300,140.6160,50,4.9,42.4,2.2,3.1,104
2017/01/05 02:53:00,37.1190,141.3610,26,5.6,102.3,8.1,4.0,311
2017/01/05 00:44:00,36.8590,140.9810,56,5.3,178.1,6.7,4.3,348
2017/01/03 13:38:00,30.5630,131.2300,30,4.5,10.7,0.5,1.9,13
2017/01/03 06:24:00,41.1900,142.0340,58,4.5,25.7,0.5,2.1,70
2017/01/03 03:35:00,34.0170,136.4750,385,5.1,10.9,0.3,1.6,95
2016/12/31 05:08:00,37.3520,141.4110,27,5.4,91.4,2.3,3.3,241
2016/12/28 21:53:00,36.7070,140.6380,6,4.7,142.5,4.5,3.6,124
2016/12/28 21:38:00,36.7170,140.5760,11,6.3,886.7,36.0,5.7,482
2016/12/24 02:25:00,36.7240,141.8550,40,5.1,13.6,1.4,2.5,153
2016/12/23 11:27:00,37.3440,141.6380,34,4.5,17.5,0.6,2.3,69
2016/12/20 01:41:00,37.3050,141.6410,33,5.5,25.1,2.1,3.0,197
2016/12/10 13:45:00,40.1140,142.4570,34,4.8,56.4,1.4,3.3,115
2016/12/08 19:58:00,43.5410,140.7240,11,4.5,12.8,0.4,1.8,53
2016/12/08 17:15:00,37.3820,141.5650,29,5.0,22.7,0.7,2.5,123
2016/12/08 12:18:00,25.0460,125.6620,66,4.9,29.1,1.1,2.3,2
2016/12/06 09:05:00,36.0040,137.3460,5,4.5,276.4,8.8,4.8,94
2016/12/04 20:42:00,37.1920,141.5310,36,4.6,15.0,0.5,2.2,106
2016/12/04 14:36:00,37.1770,141.5030,29,4.9,21.4,0.8,2.6,88
2016/12/04 14:33:00,37.1570,141.5010,27,4.7,13.8,0.5,2.1,56
2016/12/04 08:34:00,37.1550,141.4900,28,4.7,9.1,0.3,1.9,57
2016/12/02 08:03:00,37.3800,141.6350,27,4.6,7.3,0.2,1.2,38
2016/11/29 09:26:00,39.9090,143.3270,13,4.8,6.3,0.6,2.0,47
2016/11/27 21:50:00,37.3200,141.5760,35,4.6,32.2,0.9,2.3,84
2016/11/25 17:22:00,44.8330,141.8510,27,4.6,141.8,7.0,4.0,54
2016/11/24 09:35:00,31.7730,138.3650,365,5.3,9.6,0.5,2.0,106
2016/11/24 06:23:00,37.1700,141.3480,24,6.2,105.3,5.7,3.8,394
2016/11/23 03:45:00,34.5390,140.0700,101,4.5,26.5,1.4,2.7,49
2016/11/23 02:53:00,25.3580,125.1500,72,4.7,23.7,0.5,1.7,2
2016/11/22 23:04:00,37.1750,141.4460,28,5.7,81.8,5.1,3.9,278
2016/11/22 10:38:00,37.1570,141.4700,35,4.9,35.1,1.0,2.7,156
2016/11/22 08:40:00,37.2000,141.4750,31,4.8,20.3,1.0,2.6,126
2016/11/22 06:51:00,37.2500,141.5360,33,5.0,40.8,1.8,2.7,126
2016/11/22 06:39:00,37.2400,141.3800,22,5.7,24.2,1.8,2.8,201
2016/11/22 06:10:00,37.2740,141.4850,35,5.0,31.5,1.0,2.8,204
2016/11/22 06:03:00,37.2870,141.5610,23,4.7,17.3,2.0,2.5,60
2016/11/22 05:59:00,37.3500,141.6060,25,7.4,255.7,29.1,5.2,723
2016/11/21 06:59:00,35.8740,140.9630,17,5.0,56.9,2.4,3.1,192
2016/11/19 11:48:00,33.8390,135.4660,51,5.4,411.1,7.8,4.5,374
2016/11/15 01:15:00,35.8970,140.8650,43,4.6,72.6,2.7,2.7,107
2016/11/12 06:43:00,38.4600,141.6110,58,5.9,321.8,12.9,5.0,403
2016/11/10 07:20:00,38.6870,142.2840,39,5.1,45.5,1.1,2.8,151
2016/11/02 07:37:00,37.4470,141.8530,27,4.9,27.2,1.3,2.7,132
2016/10/29 13:43:00,35.3840,133.8950,7,4.5,70.0,2.3,2.9,43
2016/10/29 06:57:00,25.7290,125.0720,22,5.3,5.9,0.4,1.5,2
2016/10/25 20:12:00,34.6650,140.1130,62,4.5,112.4,4.3,3.7,50
2016/10/24 05:25:00,43.7640,147.9710,0,6.0,11.2,0.5,2.1,56
2016/10/21 14:53:00,35.3570,133.8700,9,5.0,141.2,3.2,3.4,190
2016/10/21 14:07:00,35.3770,133.8580,11,6.6,1494.0,44.5,5.8,596
2016/10/20 11:50:00,35.8590,140.5260,37,5.3,173.5,7.9,4.1,220
2016/10/16 16:37:00,38.3200,141.5300,20,5.2,314.9,4.1,3.5,234
2016/10/14 19:21:00,37.4640,142.1310,32,4.6,8.9,0.3,1.7,80
2016/10/12 04:02:00,42.3220,143.0460,50,5.0,80.4,2.2,3.2,198
2016/10/03 17:48:00,41.9190,142.4410,67,4.5,26.6,1.3,2.5,113
2016/09/29 20:57:00,37.4040,141.8750,29,4.8,15.9,0.3,1.8,61
2016/09/28 18:38:00,24.4830,122.7010,91,4.9,5.7,0.3,1.5,3
2016/09/26 14:20:00,27.4240,128.6220,44,5.6,128.2,7.6,4.4,12
2016/09/26 14:13:00,41.6490,142.9970,29,5.4,56.8,3.2,3.5,229
2016/09/26 11:24:00,41.8290,142.2090,72,4.8,25.4,1.3,2.9,152
2016/09/20 08:46:00,39.3120,142.4020,47,4.7,57.3,1.3,2.6,95
2016/09/17 22:39:00,38.7120,142.2260,40,4.6,45.5,0.8,2.5,124
2016/09/17 16:35:00,35.6120,141.0700,17,4.7,27.4,0.8,2.5,79
2016/09/13 19:12:00,35.9340,139.8130,77,4.9,53.1,1.7,3.1,271
2016/09/12 20:32:00,35.7940,129.2740,36,5.8,15.2,0.7,2.1,53
2016/09/12 19:44:00,35.8170,129.2640,40,5.2,10.4,0.3,1.7,17
2016/09/11 12:22:00,37.5000,141.7530,4,4.6,17.0,0.6,2.2,80
2016/09/09 20:53:00,36.3840,141.0330,47,5.4,53.7,1.7,3.2,227
2016/09/08 20:00:00,27.8460,129.9900,57,4.6,4.5,0.3,1.7,4
2016/09/07 18:42:00,42.4900,142.6840,110,4.7,23.1,1.8,2.8,150
2016/09/07 13:28:00,36.1640,140.0380,50,4.9,242.2,6.7,4.1,251
2016/09/07 00:22:00,24.7780,125.2660,4,4.8,26.4,1.3,2.5,2
2016/09/01 06:33:00,32.7240,130.6190,12,4.8,207.8,6.2,4.0,149
2016/08/31 19:46:00,32.7190,130.6190,13,5.2,155.8,7.5,4.3,186
2016/08/31 05:04:00,36.3840,141.7280,52,4.9,12.2,0.5,2.1,114
2016/08/26 02:04:00,30.5740,138.2230,498,6.1,7.2,0.5,2.0,44
2016/08/23 08:26:00,24.3240,122.9700,48,4.7,4.1,0.1,0.6,2
2016/08/22 15:11:00,38.3790,142.1720,33,5.3,121.6,2.6,3.5,183
2016/08/22 08:13:00,39.8700,143.7470,18,5.4,4.1,0.4,1.8,53
2016/08/21 21:49:00,40.6400,143.6970,22,5.2,5.6,0.4,1.7,59
2016/08/21 01:10:00,40.4020,143.5020,11,5.5,6.5,0.4,1.9,111
2016/08/21 00:58:00,40.3640,143.6910,12,6.2,9.0,0.9,2.4,160
2016/08/20 18:01:00,40.3640,143.7820,11,6.4,12.5,1.2,2.8,185
2016/08/20 14:14:00,39.6170,143.6440,41,5.4,11.3,1.0,2.4,98
2016/08/19 21:07:00,36.5570,141.1350,48,5.4,164.5,7.5,4.4,339
2016/08/16 00:28:00,45.6400,143.2040,6,4.5,20.4,0.6,2.3,23
2016/08/15 16:04:00,37.3750,141.7510,47,5.6,135.0,5.3,4.2,360
2016/08/14 05:15:00,34.5220,140.3980,57,4.9,67.7,5.1,3.8,64
2016/08/05 01:24:00,25.1210,141.9050,534,6.4,1.4,0.1,0.2,1
2016/07/30 16:40:00,35.6800,140.8150,21,4.6,87.3,2.3,3.0,68
2016/07/30 06:18:00,18.8300,145.7610,233,7.7,7.6,1.3,2.4,168
2016/07/27 23:47:00,36.4470,140.6160,57,5.4,174.4,6.1,4.1,379
2016/07/26 00:11:00,26.5380,128.7490,23,5.4,14.7,0.5,2.3,7
2016/07/24 11:51:00,42.8700,143.1770,96,4.9,85.1,4.7,3.7,237
2016/07/23 10:00:00,47.0900,147.3800,458,5.6,5.1,0.3,1.5,54
2016/07/20 08:50:00,39.3340,142.0740,49,4.8,88.9,1.9,3.0,93
2016/07/20 07:25:00,36.0170,139.9510,42,5.0,189.7,6.4,4.1,279
2016/07/19 13:11:00,41.4900,142.0520,66,4.5,29.2,0.5,2.2,79
2016/07/19 12:57:00,35.4120,140.3550,33,5.2,150.7,4.6,3.5,190
2016/07/17 13:24:00,36.0350,139.9310,42,5.0,125.5,8.0,4.1,284
2016/07/16 22:12:00,40.2870,140.9210,8,4.6,514.9,11.6,4.5,102
2016/07/09 18:05:00,32.7300,130.6040,12,4.5,56.3,1.9,3.2,119
2016/07/05 20:33:00,35.6100,129.8750,37,4.9,10.6,0.3,1.7,15
2016/07/05 12:46:00,35.7820,141.0210,35,4.5,14.0,0.8,2.1,34
2016/07/02 10:47:00,43.2350,146.8710,55,4.9,32.0,0.7,2.4,47
2016/07/01 08:04:00,36.8190,137.8480,0,4.6,31.2,1.6,2.6,44
2016/06/30 03:12:00,39.8640,144.6090,43,5.2,28.6,0.7,2.6,224
2016/06/27 13:36:00,37.5640,138.1080,26,4.6,31.3,0.9,2.6,95
2016/06/27 13:35:00,37.5640,138.1010,27,4.5,30.0,0.8,2.2,47
2016/06/27 07:57:00,36.9850,142.4060,19,5.9,22.8,2.3,2.9,279
2016/06/25 13:51:00,36.8140,137.8350,0,4.8,62.7,2.9,3.4,88
2016/06/24 06:05:00,23.4930,123.3340,54,6.2,8.6,0.6,1.8,3
2016/06/18 20:46:00,32.6870,130.7090,10,4.6,142.2,7.4,4.0,123
2016/06/17 06:41:00,28.2630,130.5600,53,4.7,4.8,0.3,1.8,1
2016/06/16 14:21:00,41.9450,140.9910,11,5.3,976.4,33.8,5.8,168
2016/06/12 07:54:00,35.9940,139.9350,40,4.8,169.6,5.4,3.9,245
2016/06/08 09:56:00,29.9710,131.2670,23,4.6,6.9,0.3,1.5,5
2016/06/04 14:56:00,31.8290,128.8650,29,4.5,29.4,1.3,2.5,20
2016/05/31 14:24:00,25.4440,122.5090,236,6.2,23.2,0.7,2.3,5
2016/05/27 12:46:00,26.9030,130.2140,49,5.2,3.6,0.3,1.5,4
2016/05/27 12:44:00,26.9610,130.3050,64,5.6,11.9,0.9,2.3,11
2016/05/25 14:22:00,41.0220,142.4140,34,4.8,44.0,1.2,2.7,113
2016/05/24 00:17:00,31.0540,129.0140,5,4.9,6.5,0.3,1.6,23
2016/05/20 23:04:00,44.0150,148.0590,85,4.9,7.6,0.3,1.7,30
2016/05/16 21:23:00,36.0300,139.8900,42,5.5,413.8,11.0,4.8,351
2016/05/16 17:50:00,31.7240,131.9020,24,4.8,16.4,0.9,2.5,60
2016/05/15 12:56:00,31.0830,129.0390,9,4.5,6.4,0.3,1.6,24
2016/05/15 10:10:00,39.2670,142.1670,54,4.6,94.8,1.7,3.3,116
2016/05/14 04:05:00,31.0160,129.0040,10,5.1,9.4,0.8,2.2,26
2016/05/13 07:28:00,31.0240,129.0070,8,4.6,3.6,0.2,1.3,9
2016/05/13 02:43:00,37.5920,141.8880,37,4.5,11.4,0.6,1.9,63
2016/05/12 15:32:00,43.2000,146.6560,67,5.0,35.9,1.0,2.7,48
2016/05/12 13:30:00,24.6930,121.9980,31,6.4,2.2,0.3,1.2,2
2016/05/12 12:17:00,24.6540,121.9240,37,6.5,2.0,0.2,0.9,2
2016/05/07 18:16:00,31.0590,129.0170,13,4.7,6.0,0.3,1.8,23
2016/05/07 17:09:00,31.0510,129.0120,19,4.6,3.4,0.3,1.5,6
2016/05/07 14:48:00,31.0710,129.0400,19,4.7,3.6,0.2,1.2,12
2016/05/07 14:42:00,31.0910,128.9940,7,5.5,11.4,1.0,2.4,37
2016/05/06 14:11:00,31.0890,129.0300,11,5.0,10.1,0.8,2.3,26
2016/05/05 10:40:00,32.9890,131.1240,11,4.9,214.5,8.3,4.4,142
2016/05/05 10:31:00,32.9970,131.1350,11,4.6,191.7,5.6,3.8,109
2016/05/05 01:10:00,38.5240,141.8190,50,4.8,111.7,2.4,3.4,128
2016/05/03 09:01:00,43.4870,147.6040,44,5.9,52.4,2.0,3.2,178
2016/04/29 15:09:00,33.2540,131.3690,7,4.5,407.1,16.5,4.8,25
2016/04/28 15:30:00,32.8000,130.5000,10,4.7,65.1,3.1,3.4,117
2016/04/27 00:01:00,38.1720,141.6940,52,5.0,60.7,2.1,3.3,169
2016/04/20 21:19:00,37.7670,141.6910,49,5.8,43.6,2.1,3.2,317
2016/04/19 20:47:00,32.5690,130.6540,11,5.0,237.0,11.5,4.4,156
2016/04/19 17:52:00,32.5320,130.6370,10,5.5,356.3,25.0,5.2,192
2016/04/18 20:42:00,32.9990,131.2000,9,5.8,279.5,22.2,4.9,240
2016/04/17 04:46:00,32.6840,130.7770,10,4.5,109.2,5.9,4.1,110
2016/04/17 00:14:00,32.9590,131.0800,9,4.8,197.0,4.4,3.6,117
2016/04/16 16:02:00,32.6950,130.7220,12,5.4,191.1,9.2,4.5,191
2016/04/16 14:27:00,32.6470,130.7440,8,4.6,194.5,9.6,4.2,114
2016/04/16 14:03:00,33.0040,131.2200,9,4.6,69.6,2.4,3.3,105
2016/04/16 09:48:00,32.8440,130.8370,16,5.4,298.7,14.9,4.7,208
2016/04/16 09:16:00,32.5420,130.6540,7,4.5,149.7,4.0,3.2,95
2016/04/16 08:20:00,32.7000,130.7000,10,4.6,136.8,8.1,3.9,129
2016/04/16 07:23:00,32.7840,130.7750,12,4.8,245.1,12.1,4.7,134
2016/04/16 07:11:00,33.2670,131.3970,6,5.4,178.4,12.7,4.5,84
2016/04/16 04:24:00,32.9770,131.0750,12,4.6,111.0,3.1,3.5,62
2016/04/16 03:55:00,33.0220,131.1920,11,5.8,394.2,18.8,4.9,242
2016/04/16 03:03:00,32.9600,131.0890,7,5.9,529.5,26.3,5.2,216
2016/04/16 02:04:00,32.7420,130.7390,12,4.9,100.0,8.5,4.1,77
2016/04/16 01:56:00,32.8000,130.8000,0,4.7,120.9,6.6,4.0,98
2016/04/16 01:46:00,32.8590,130.9000,11,5.9,491.8,47.7,5.6,297
2016/04/16 01:44:00,32.7490,130.7620,15,5.4,144.6,8.6,4.4,154
2016/04/16 01:25:00,32.7500,130.7640,12,7.3,1362.1,133.0,6.5,698
2016/04/15 05:10:00,32.7590,130.8140,10,4.6,140.7,3.5,3.7,136
2016/04/15 01:53:00,32.6970,130.7540,12,4.8,476.8,13.2,4.8,149
2016/04/15 00:34:00,32.6890,130.7490,13,4.5,205.2,9.7,4.2,131
2016/04/15 00:25:00,34.1790,138.4050,279,4.8,12.0,0.4,1.8,121
2016/04/15 00:03:00,32.6970,130.7790,7,6.4,606.3,55.0,5.7,286
2016/04/14 23:43:00,32.7640,130.8290,14,5.1,204.6,7.5,4.3,185
2016/04/14 23:29:00,32.7740,130.8390,13,4.6,263.9,13.1,4.8,140
2016/04/14 22:38:00,32.6740,130.7370,11,5.0,129.0,8.9,4.2,169
2016/04/14 22:22:00,32.6840,130.7420,12,4.6,92.2,4.0,3.5,138
2016/04/14 22:07:00,32.7720,130.8500,8,5.8,709.7,36.9,5.7,241
2016/04/14 22:06:00,32.7090,130.7670,13,4.6,12.0,0.4,1.8,3
2016/04/14 21:42:00,32.7140,130.7690,12,4.9,153.1,5.8,3.9,160
2016/04/14 21:26:00,32.7390,130.8100,11,6.5,1579.7,91.8,6.4,337
2016/04/01 11:39:00,33.3200,136.3850,29,6.5,22.1,1.9,3.0,337
2016/03/30 14:10:00,42.9140,144.7210,57,4.7,58.6,2.2,3.2,80
2016/03/22 14:34:00,36.7750,140.5760,7,4.7,534.4,9.6,4.1,167
2016/03/21 09:11:00,43.5770,147.2260,38,4.7,13.5,0.4,2.1,39
2016/03/19 10:27:00,26.9360,126.6450,23,4.9,3.7,0.3,1.2,3
2016/03/18 03:59:00,39.4340,142.3820,49,4.6,118.8,2.1,3.2,102
2016/03/15 14:05:00,39.4740,143.6370,26,4.9,3.4,0.3,1.5,42
2016/03/14 16:03:00,29.7260,129.2870,224,5.3,13.8,0.8,2.4,63
2016/03/07 16:37:00,40.1400,142.4660,34,4.8,48.4,1.2,3.0,114
2016/03/03 16:11:00,31.7670,131.4320,51,4.9,49.0,2.9,3.5,77
2016/03/01 04:47:00,23.8180,123.3720,31,5.3,8.4,0.4,1.5,2
2016/02/25 01:10:00,38.3000,141.8820,46,4.6,135.9,2.1,3.3,134
2016/02/23 03:41:00,43.0700,145.6660,47,4.6,76.7,1.5,3.0,44
2016/02/22 03:03:00,37.4120,141.8630,29,4.7,10.5,0.2,1.5,71
2016/02/19 22:13:00,37.2290,142.1720,26,5.3,26.4,0.9,2.8,143
2016/02/15 03:09:00,30.3060,139.1200,438,6.0,5.1,0.5,1.8,29
2016/02/08 05:45:00,24.2990,123.4440,45,4.6,5.0,0.4,1.3,1
2016/02/07 19:27:00,36.0490,139.9060,43,4.6,198.9,6.0,4.0,222
2016/02/05 07:41:00,35.6270,139.5430,26,4.6,103.5,3.3,3.7,155
2016/02/04 02:59:00,36.8270,141.3280,29,4.7,21.7,0.7,2.3,83
2016/02/02 23:19:00,25.4080,123.4250,201,5.8,13.0,1.1,2.2,6
2016/02/02 14:32:00,39.6770,142.9110,22,5.6,36.4,2.2,3.2,220
2016/01/26 20:37:00,38.2620,141.8860,51,4.5,124.0,1.6,2.7,153
2016/01/24 06:33:00,35.8750,140.9010,17,4.6,45.8,1.5,3.1,120
2016/01/21 06:53:00,43.0640,146.0560,50,5.1,79.2,1.6,2.9,74
2016/01/14 12:25:00,41.9670,142.8040,52,6.7,173.2,15.9,4.7,519
2016/01/12 02:08:00,44.4280,141.2140,265,6.2,21.8,1.0,2.5,304
2016/01/11 15:26:00,40.3840,141.2670,10,4.6,313.1,10.4,4.4,92
2016/01/09 23:12:00,28.0410,129.4940,28,5.4,70.0,3.0,3.6,10
2016/01/05 11:21:00,30.5230,132.8870,58,5.6,10.7,0.7,2.3,92
2016/01/03 09:37:00,44.0850,148.0290,0,4.7,8.2,0.3,1.7,18
2015/12/18 06:31:00,47.3150,147.3700,501,5.3,2.5,0.2,1.0,16
2015/12/18 03:11:00,42.8490,146.5610,44,4.5,9.1,0.3,1.9,20
2015/12/02 13:41:00,38.3400,141.8540,63,4.6,167.7,3.6,3.5,155
2015/12/02 07:48:00,38.6750,142.2740,39,4.6,36.5,1.0,2.6,104
2015/11/28 11:51:00,43.2200,146.5060,71,5.6,74.9,3.6,3.7,124
2015/11/22 09:37:00,42.9040,146.2760,43,4.7,17.6,0.7,2.2,33
2015/11/22 08:20:00,36.4250,140.6900,52,4.8,147.5,3.4,3.5,184
2015/11/19 18:33:00,37.5300,141.4110,51,4.9,130.1,4.1,3.9,200
2015/11/16 16:31:00,31.1310,128.7970,1,4.6,5.5,0.3,1.6,7
2015/11/15 05:34:00,31.2200,128.6550,9,5.1,4.2,0.3,1.5,15
2015/11/15 04:20:00,31.3270,128.7190,9,5.9,18.2,1.2,2.8,65
2015/11/14 19:21:00,38.0150,143.8140,44,5.1,7.7,0.3,1.6,102
2015/11/14 12:51:00,31.1890,128.6840,13,4.6,3.7,0.2,1.3,5
2015/11/14 06:17:00,30.8580,128.5470,1,5.2,3.9,0.3,1.4,9
2015/11/14 05:51:00,30.9380,128.5920,17,7.1,58.0,6.6,4.1,199
2015/11/12 00:33:00,24.4480,122.6980,97,5.0,10.7,0.6,1.9,3
2015/11/07 22:45:00,35.9850,139.9630,101,4.9,67.7,2.7,3.7,291
2015/11/04 22:47:00,43.3340,146.0490,92,4.6,33.3,0.8,2.5,59
2015/11/01 12:49:00,41.5640,142.0710,65,5.2,43.2,1.3,3.0,227
2015/10/31 23:20:00,35.8570,140.6310,51,4.5,13.1,0.6,2.0,71
2015/10/31 16:56:00,39.8200,138.6550,37,4.8,6.6,0.3,1.5,74
2015/10/28 12:29:00,42.9640,146.4320,64,4.5,29.0,0.6,2.5,38
2015/10/23 01:18:00,39.3370,142.0640,48,4.6,79.9,0.9,2.6,71
2015/10/21 15:04:00,37.3100,141.1950,37,5.3,208.9,10.8,4.5,373
2015/10/20 18:29:00,27.1230,140.6300,314,5.8,3.2,0.2,1.1,6
2015/10/20 06:44:00,30.6380,131.5690,35,4.5,9.6,0.4,1.8,17
2015/10/17 14:17:00,43.1920,146.4360,51,4.5,24.4,0.8,2.4,23
2015/10/13 09:18:00,25.1830,125.0100,70,4.8,32.5,0.8,2.5,5
2015/10/06 19:17:00,38.6990,142.2510,39,4.5,26.4,0.4,1.7,71
2015/10/06 18:32:00,38.6970,142.2510,39,5.0,63.4,0.9,2.5,137
2015/10/04 00:51:00,26.5760,128.2240,43,4.5,26.9,1.1,2.4,7
2015/09/26 18:49:00,42.2090,141.9610,94,4.5,17.3,1.0,2.4,136
2015/09/12 22:38:00,41.8220,142.6740,56,5.4,82.1,4.9,3.8,203
2015/09/12 11:45:00,36.8050,141.2310,41,4.5,39.8,0.8,2.5,125
2015/09/12 05:49:00,35.5500,139.8310,57,5.2,176.9,7.8,4.2,367
2015/09/08 20:22:00,34.6950,138.5210,23,4.6,57.8,2.9,3.2,126
2015/09/05 13:18:00,38.6670,142.1590,42,4.5,30.4,0.8,2.3,91
2015/09/05 12:13:00,38.5300,141.8240,51,4.5,48.0,0.9,2.6,75
2015/09/04 13:49:00,29.3080,130.4600,45,5.3,5.7,0.5,2.0,4
2015/09/04 04:52:00,33.4820,140.0060,107,4.7,37.4,1.8,3.1,22
2015/09/04 01:51:00,37.1500,143.4390,54,5.3,11.7,0.4,2.0,151
2015/09/02 16:07:00,33.2100,134.6430,30,4.5,17.2,0.8,2.5,46
2015/08/30 14:30:00,29.7130,130.3870,53,4.8,12.5,0.3,1.3,11
2015/08/28 23:46:00,36.3500,140.9360,46,4.8,85.7,2.0,3.2,196
2015/08/26 16:23:00,37.2790,141.8030,44,4.5,12.0,0.4,1.6,48
2015/08/26 07:51:00,32.1040,131.8650,34,5.2,132.7,2.9,3.6,164
2015/08/25 03:24:00,38.7190,142.1920,41,4.6,33.6,1.0,2.5,97
2015/08/24 14:49:00,37.2890,141.2150,16,5.1,19.6,1.6,2.6,87
2015/08/22 21:14:00,41.9520,142.8940,43,4.5,30.3,1.4,2.9,55
2015/08/20 21:57:00,38.7170,142.2570,40,4.8,33.0,0.8,2.4,109
2015/08/17 20:40:00,30.8010,131.1090,7,5.0,37.3,1.9,2.8,37
2015/08/14 13:43:00,42.7490,143.1160,80,5.1,84.0,5.0,3.8,215
2015/08/14 05:13:00,37.1620,141.4400,49,5.1,50.9,2.1,3.2,285
2015/08/13 23:08:00,23.9410,122.3840,20,5.7,2.7,0.2,1.1,2
2015/08/06 18:22:00,36.4350,140.6210,55,5.2,280.8,9.1,4.5,344
2015/08/06 10:45:00,35.8270,140.9230,35,4.5,14.7,0.7,2.1,24
2015/08/05 20:56:00,37.5150,141.4700,50,5.0,142.2,6.7,4.0,246
2015/08/03 14:30:00,37.7640,141.6180,49,5.1,105.2,3.4,3.4,206
2015/08/01 23:24:00,38.3650,141.8320,63,4.7,89.6,1.4,2.8,157
2015/08/01 09:23:00,38.7100,142.2220,40,4.5,106.5,1.4,2.8,88
2015/07/25 04:30:00,35.5720,141.0480,38,4.7,12.5,0.6,1.9,38
2015/07/24 17:53:00,33.3850,132.3940,44,4.6,110.9,5.1,3.5,151
2015/07/23 18:43:00,41.9700,142.5470,65,4.5,23.2,0.6,2.4,90
2015/07/21 18:17:00,37.8320,141.7010,65,4.9,69.7,2.0,3.3,216
2015/07/19 02:13:00,31.0780,131.5050,32,4.7,24.3,1.3,2.8,38
2015/07/17 02:15:00,33.2240,139.5310,27,4.5,6.7,0.3,1.7,1
2015/07/16 15:13:00,33.2830,139.5780,21,4.7,6.8,0.3,1.6,2
2015/07/16 10:15:00,41.3300,142.6490,38,4.8,21.7,0.7,2.5,96
2015/07/14 22:16:00,37.3070,141.8200,43,4.7,10.9,0.5,1.9,112
2015/07/13 02:52:00,32.9890,131.8570,58,5.7,167.2,6.8,4.3,390
2015/07/12 03:39:00,26.0290,128.3070,47,4.6,7.5,0.4,1.8,5
2015/07/11 20:27:00,43.6770,147.8640,12,5.1,8.9,0.4,1.6,52
2015/07/10 03:33:00,40.3500,141.5620,88,5.7,186.1,17.5,4.8,359
2015/07/09 17:27:00,40.1140,142.4320,36,5.1,28.4,0.8,2.7,153
2015/07/07 14:10:00,43.6720,147.8420,1,6.3,44.6,1.6,3.1,262
2015/07/05 19:41:00,38.7550,142.1840,42,4.5,42.6,0.7,2.2,82
2015/07/04 13:24:00,38.7170,142.2720,39,4.7,43.5,1.0,2.6,117
2015/07/02 15:05:00,38.4250,141.9360,57,4.7,133.5,2.0,3.1,117
2015/06/27 03:30:00,43.9340,146.9740,73,4.7,11.4,0.3,1.7,23
2015/06/23 21:22:00,27.6940,140.2300,480,5.4,1.5,0.2,0.8,3
2015/06/23 21:19:00,27.6960,140.1810,484,6.8,9.5,0.7,2.3,126
2015/06/23 00:35:00,41.4800,142.0910,63,4.6,18.3,0.6,2.2,88
2015/06/22 11:17:00,38.7320,142.3370,38,5.0,21.7,0.5,2.1,124
2015/06/19 09:35:00,37.5090,141.5410,46,4.7,32.4,1.3,2.5,136
2015/06/13 05:56:00,38.9900,142.2670,50,4.7,115.7,1.9,3.2,116
2015/06/11 18:19:00,29.6930,131.4440,56,4.7,5.2,0.3,1.4,18
2015/06/11 13:56:00,39.6040,143.5940,25,5.6,7.6,0.6,2.1,129
2015/06/11 13:51:00,39.6170,143.5110,36,5.9,15.2,1.4,2.9,189
2015/06/11 13:45:00,39.6940,143.6290,27,5.9,5.3,0.6,1.9,112
2015/06/11 05:06:00,41.6970,144.2660,28,4.7,4.5,0.3,1.6,29
2015/06/10 17:32:00,39.6590,143.6220,36,5.8,8.8,0.8,2.3,127
2015/06/08 15:01:00,41.4520,142.0220,66,5.6,62.1,2.2,3.4,274
2015/06/04 04:34:00,43.4900,144.0640,0,5.0,252.0,17.3,4.7,79
2015/05/30 20:24:00,27.8560,140.6850,682,8.1,182.9,27.5,5.0,926
2015/05/30 01:06:00,36.1420,139.8130,53,4.8,282.6,5.0,3.6,271
2015/05/29 07:13:00,35.3550,141.1910,35,4.6,3.7,0.3,1.5,24
2015/05/25 14:28:00,36.0500,139.6410,56,5.5,446.4,13.7,4.9,417
2015/05/22 22:28:00,28.5580,129.6220,21,5.1,77.0,3.7,3.5,6
2015/05/15 12:30:00,37.0590,141.1830,51,5.0,144.9,5.5,3.9,227
2015/05/13 06:13:00,38.8590,142.1540,46,6.8,399.4,18.3,4.8,668
2015/05/08 15:29:00,38.6190,142.4210,37,4.5,24.9,0.3,1.8,77
2015/05/03 23:30:00,36.1520,138.7860,145,4.7,9.4,0.5,2.0,167
2015/05/03 13:03:00,37.5040,141.5800,45,5.0,71.1,3.8,3.3,234
2015/05/02 01:56:00,40.9070,143.1940,17,4.9,5.9,0.2,1.5,48
2015/04/30 01:10:00,40.0550,142.8820,24,5.4,26.7,1.5,2.9,206
2015/04/26 05:01:00,23.8940,122.4840,21,5.6,1.4,0.2,0.8,1
2015/04/25 15:35:00,32.9630,140.5500,81,5.1,15.5,0.7,2.3,20
2015/04/20 20:59:00,23.9290,122.4860,21,6.4,5.7,0.7,1.8,2
2015/04/20 20:45:00,23.9530,122.4760,21,6.0,5.1,0.4,1.7,2
2015/04/20 10:43:00,23.9510,122.4280,22,6.8,9.5,1.2,2.3,4
2015/04/18 18:34:00,32.0150,132.1450,18,4.5,15.4,0.4,1.7,23
2015/04/16 04:55:00,39.3500,143.6420,45,5.1,3.4,0.3,1.5,51
2015/04/03 04:04:00,38.6050,142.0070,52,4.6,84.7,1.9,3.1,138
2015/03/27 23:39:00,37.2320,141.4130,24,5.0,7.0,0.5,1.8,84
2015/03/27 21:32:00,37.2240,141.3810,24,4.9,11.5,0.4,1.8,87
2015/03/27 12:04:00,36.3470,143.0390,56,5.3,6.0,0.3,1.3,70
2015/03/25 09:34:00,42.3490,143.0990,50,5.0,95.9,2.2,3.3,182
2015/03/24 13:53:00,36.2620,140.0810,68,4.6,31.1,1.6,2.8,195
2015/03/19 10:34:00,38.5240,141.8210,50,4.8,135.6,2.3,3.4,130
2015/03/16 23:23:00,26.7960,128.2450,54,4.5,27.1,1.0,2.4,8
2015/03/13 06:03:00,24.2510,123.7570,17,4.5,11.1,0.6,1.8,3
2015/03/12 20:02:00,37.3300,141.5900,46,5.0,27.1,0.7,2.1,147
2015/03/06 08:06:00,42.4000,142.6260,57,4.9,31.7,1.4,2.6,194
2015/03/04 00:04:00,35.3400,136.8060,40,4.6,276.3,6.0,3.7,245
2015/02/28 17:40:00,35.6340,140.6910,50,4.5,21.8,1.0,2.6,71
2015/02/26 10:11:00,38.4600,142.1020,50,5.0,297.7,5.7,3.8,191
2015/02/25 19:31:00,39.3370,143.6310,20,5.0,3.2,0.3,1.5,43
2015/02/24 11:28:00,39.6300,143.3860,29,5.9,8.0,0.7,2.1,145
2015/02/23 17:00:00,35.5600,140.1400,68,4.5,14.0,0.6,2.1,162
2015/02/23 04:43:00,39.8490,143.5540,18,5.1,6.7,0.4,1.7,64
2015/02/21 19:13:00,39.8900,143.6140,11,6.4,7.5,0.7,2.2,120
2015/02/21 04:28:00,41.9740,142.7190,57,5.1,24.1,1.1,2.8,180
2015/02/20 20:09:00,39.9970,142.3690,20,4.7,4.6,0.3,1.5,29
2015/02/20 13:25:00,39.9090,143.7360,8,6.5,11.5,1.2,2.7,202
2015/02/18 01:33:00,39.6620,143.7210,34,5.6,5.0,0.5,1.9,97
2015/02/17 13:46:00,40.0820,142.1160,50,5.7,281.7,9.9,4.5,297
2015/02/17 08:06:00,39.8690,143.1960,13,6.9,104.0,6.0,4.2,502
2015/02/15 09:14:00,36.6170,141.1300,31,4.7,11.4,0.4,1.8,74
2015/02/06 10:25:00,33.7300,134.3730,11,5.1,564.9,30.5,5.4,218
2015/01/30 20:31:00,35.9750,140.2100,40,4.8,115.3,3.5,3.6,206
2015/01/26 07:20:00,35.8740,140.4850,37,5.0,240.8,7.3,4.1,208
2015/01/22 02:35:00,42.6470,144.5360,54,4.5,33.6,1.3,2.8,63
2015/01/20 07:34:00,37.1540,138.5150,188,4.9,8.4,0.3,1.6,120
2015/01/18 03:17:00,37.4050,141.9100,44,4.5,15.6,0.5,2.2,83
2015/01/14 10:15:00,26.4530,128.4970,32,4.7,33.0,1.1,2.7,8
2015/01/14 02:46:00,39.3370,142.0670,48,4.9,96.4,1.8,3.1,115
2015/01/13 14:27:00,30.6640,131.4520,49,4.7,14.6,0.7,2.4,32
2015/01/09 03:42:00,43.5490,145.0510,126,5.5,184.2,10.5,4.3,196
2015/01/04 14:51:00,29.3240,130.5620,59,4.9,2.4,0.2,1.2,1
2015/01/01 22:57:00,42.5810,141.8410,30,4.5,136.6,6.3,3.6,94
2015/01/01 14:01:00,38.8800,142.0720,44,4.5,98.7,1.6,3.0,126
2014/12/25 08:06:00,37.2220,141.6500,36,5.6,39.2,2.7,3.1,223
2014/12/20 18:30:00,37.4220,141.6080,44,6.0,96.8,3.7,3.8,381
2014/12/19 13:47:00,42.7250,145.5260,46,5.3,51.5,1.8,3.0,57
2014/12/18 03:45:00,38.9270,142.1220,46,4.6,306.4,5.4,3.9,118
2014/12/14 04:46:00,36.6850,141.4180,51,4.5,11.6,0.4,2.0,77
2014/12/11 06:03:00,25.4360,122.4540,250,6.1,12.0,0.5,1.6,5
2014/11/23 22:34:00,39.6020,143.5710,31,5.1,4.6,0.5,1.8,69
2014/11/22 22:37:00,36.7750,137.9130,3,4.5,52.6,2.7,3.1,25
2014/11/22 22:08:00,36.6890,137.8930,5,6.7,589.0,61.0,5.4,537
2014/11/20 10:51:00,37.3340,141.5810,46,5.5,93.2,2.6,3.3,367
2014/11/19 23:34:00,30.6030,131.5720,38,4.7,10.7,0.4,1.7,17
2014/11/19 00:20:00,30.0480,131.3220,28,4.7,9.3,0.5,2.0,11
2014/11/18 05:53:00,42.2090,144.4760,28,4.5,4.7,0.3,1.5,22
2014/11/12 20:04:00,33.0990,140.7000,64,4.9,12.3,0.7,2.0,14
2014/11/12 09:53:00,36.1300,140.0880,66,4.8,72.4,3.0,3.5,272
2014/11/08 08:54:00,37.8050,142.3170,40,5.2,61.1,2.0,3.3,192
2014/11/05 23:01:00,42.6850,145.7360,48,4.6,35.1,1.5,2.8,50
2014/11/03 11:28:00,42.5830,141.8420,29,4.6,152.1,6.7,4.1,120
2014/10/31 15:33:00,40.1500,142.4040,35,4.8,18.7,0.7,2.3,93
2014/10/22 09:15:00,27.4380,128.5700,51,5.6,73.6,3.6,3.8,11
2014/10/16 08:53:00,32.1130,140.8210,9,5.7,10.1,0.8,2.2,28
2014/10/15 12:51:00,38.5420,141.6270,64,4.6,252.6,4.0,3.4,161
2014/10/15 07:52:00,26.2840,127.3620,46,5.1,21.9,0.8,2.3,8
2014/10/15 03:08:00,40.8620,143.4010,35,5.0,16.1,0.5,2.3,85
2014/10/11 14:20:00,40.9170,143.2940,34,5.6,23.1,1.4,2.8,180
2014/10/11 11:36:00,40.9490,143.2470,36,6.1,54.7,3.0,3.5,307
2014/10/03 09:57:00,40.1620,142.6310,28,5.7,63.4,2.8,3.5,240
2014/09/29 10:05:00,41.9320,144.4540,41,4.8,8.2,0.5,1.8,29
2014/09/24 22:31:00,37.5320,141.3950,51,5.1,160.5,5.4,3.6,285
2014/09/24 21:45:00,37.5320,141.4030,51,5.1,92.4,4.9,3.8,234
2014/09/18 14:56:00,43.7420,146.4890,74,4.9,27.5,1.0,2.9,57
2014/09/18 08:19:00,24.8230,125.3970,50,5.2,75.9,3.4,3.1,5
2014/09/16 12:28:00,36.0900,139.8660,47,5.6,285.8,18.2,4.9,485
2014/09/10 10:09:00,40.1300,141.9290,67,4.9,268.1,7.3,4.5,166
2014/09/07 08:33:00,24.0590,122.8980,18,5.0,4.8,0.3,1.3,2
2014/09/04 07:49:00,42.7670,142.6710,28,4.7,68.6,1.6,3.0,107
2014/09/04 05:34:00,36.8700,139.5160,7,4.5,89.4,3.5,3.4,88
2014/09/03 19:11:00,35.4000,141.0930,37,4.8,6.4,0.7,1.9,41
2014/09/03 16:24:00,36.8700,139.5250,7,5.1,286.6,8.7,4.5,183
2014/08/29 16:35:00,36.8740,141.3560,28,5.0,28.9,2.1,3.0,128
2014/08/29 04:32:00,32.1090,132.1450,19,4.5,23.7,0.5,2.0,35
2014/08/29 04:14:00,32.1370,132.1470,18,6.0,104.9,6.3,3.9,247
2014/08/27 13:48:00,41.0390,143.1940,42,5.4,23.3,0.7,2.7,128
2014/08/21 04:38:00,33.2770,138.4180,327,5.3,18.7,0.6,2.2,186
2014/08/19 22:26:00,42.9750,145.6390,46,4.9,156.1,6.7,4.0,50
2014/08/15 02:10:00,28.0560,128.1490,5,5.5,3.7,0.2,0.9,3
2014/08/10 12:43:00,41.1300,142.2820,51,6.1,160.6,9.4,4.4,356
2014/08/06 02:41:00,28.0740,128.1290,7,4.7,2.1,0.1,0.8,2
2014/08/03 13:06:00,28.1060,128.0890,13,5.6,6.2,0.4,1.7,6
2014/08/03 02:34:00,28.1030,128.0790,5,5.2,1.9,0.1,0.7,3
2014/08/02 23:18:00,28.1090,128.0370,10,4.7,2.8,0.1,0.8,1
2014/07/26 08:22:00,43.3290,147.2770,39,4.9,11.5,0.3,1.7,26
2014/07/25 13:18:00,41.5390,142.0910,66,4.9,31.9,1.8,3.1,150
2014/07/21 03:33:00,44.5990,148.8520,30,6.4,34.7,1.5,3.0,251
2014/07/20 10:25:00,36.4490,140.5650,60,4.5,146.7,4.6,4.1,205
2014/07/18 20:41:00,42.1140,144.0590,61,4.6,21.9,0.7,2.4,51
2014/07/16 17:24:00,37.0340,140.7030,13,4.6,120.3,2.8,3.1,109
2014/07/12 04:22:00,37.0470,142.3240,33,7.0,70.3,7.8,4.1,589
2014/07/11 22:11:00,26.3080,125.8570,122,5.3,3.6,0.3,1.0,7
2014/07/10 17:58:00,36.8340,140.5650,5,4.8,285.3,5.7,4.1,164
2014/07/08 18:05:00,42.6460,141.2710,3,5.6,371.1,18.4,4.9,165
2014/07/06 05:23:00,42.1940,142.9670,50,4.6,45.5,1.7,3.0,105
2014/07/05 23:59:00,37.3500,141.7380,44,4.6,11.9,0.7,2.0,72
2014/07/05 07:42:00,39.6720,142.1390,49,5.9,192.0,14.6,4.5,302
2014/06/28 16:11:00,35.8890,140.8930,41,4.5,71.6,3.1,3.0,62
2014/06/27 06:55:00,37.6250,141.5730,51,4.7,57.3,1.6,3.0,167
2014/06/26 14:47:00,43.0970,145.5660,49,4.8,74.4,2.9,3.5,41
2014/06/19 15:01:00,26.3710,127.2040,10,4.5,11.3,0.3,1.7,7
2014/06/18 11:47:00,24.2830,125.2050,38,5.2,16.2,0.6,1.9,5
2014/06/17 02:42:00,33.9970,139.8210,121,5.3,56.3,3.1,3.3,270
2014/06/16 05:14:00,37.0690,141.1660,52,5.8,231.4,11.2,4.5,464
2014/06/16 03:19:00,36.6140,141.8060,37,5.7,41.0,2.0,3.1,275
2014/06/15 02:31:00,39.3920,141.1110,94,5.5,166.2,3.8,4.0,321
2014/06/11 16:31:00,27.4840,129.2790,34,4.9,18.2,0.5,2.0,3
2014/06/09 07:51:00,40.9540,141.6140,82,4.6,41.6,1.3,2.9,112
2014/06/09 06:10:00,37.9000,141.2500,78,4.6,111.5,2.0,3.5,193
2014/06/08 14:24:00,39.1150,141.7560,67,5.0,142.6,3.5,3.6,202
2014/05/28 01:12:00,32.5910,140.8050,50,5.0,12.2,0.5,2.0,11
2014/05/14 08:03:00,41.9890,142.5720,62,4.5,14.9,0.5,2.1,119
2014/05/13 08:35:00,35.5640,140.1160,72,4.9,48.5,3.7,3.5,265
2014/05/06 08:00:00,41.4920,142.0470,64,4.5,12.8,0.4,2.0,88
2014/05/05 05:18:00,34.9490,139.4830,156,6.0,137.5,10.9,4.4,547
2014/05/02 18:15:00,37.9350,144.1370,48,5.6,9.2,0.3,1.5,143
2014/04/24 07:25:00,27.6160,129.4790,41,4.6,6.0,0.2,1.4,3
2014/04/22 06:22:00,35.6140,141.0580,26,4.6,16.5,0.6,2.2,50
2014/04/21 04:30:00,36.8650,142.0110,42,4.7,6.4,0.3,1.7,53
2014/04/18 07:53:00,36.1200,139.8480,49,4.7,214.3,3.4,3.6,276
2014/04/17 23:43:00,37.5150,142.0870,33,5.0,13.8,0.4,2.0,112
2014/04/17 03:17:00,37.3150,142.1240,30,5.1,32.4,1.2,3.0,183
2014/04/13 18:16:00,37.3040,141.1680,64,4.9,100.9,2.6,3.1,240
2014/04/05 10:16:00,39.1850,142.4240,34,5.3,112.3,1.8,3.2,196
2014/04/03 08:22:00,39.1670,141.7670,64,5.5,304.0,8.6,4.4,301
2014/03/30 20:12:00,37.2690,142.1410,33,4.8,22.2,0.8,2.6,127
2014/03/29 16:39:00,40.9120,143.2640,26,4.8,12.5,0.5,2.2,73
2014/03/29 10:53:00,36.3670,141.8160,53,5.3,12.1,1.0,2.3,148
2014/03/26 17:50:00,28.1260,131.6070,77,5.3,10.1,0.9,2.5,11
2014/03/22 23:18:00,29.3540,139.8230,434,5.3,1.9,0.1,0.7,1
2014/03/19 21:19:00,23.9330,122.2830,21,6.0,3.1,0.3,1.4,2
2014/03/17 18:03:00,36.9070,141.4710,33,5.1,33.2,1.0,2.5,116
2014/03/14 02:07:00,33.6890,131.8920,78,6.2,312.9,14.3,4.9,667
2014/03/10 00:13:00,43.2700,145.8790,90,4.6,48.7,1.8,3.3,64
2014/03/08 03:34:00,35.7400,140.6780,51,4.5,19.4,0.6,2.3,46
2014/03/03 11:27:00,26.3040,127.3500,47,5.0,28.2,0.8,2.3,8
2014/03/03 05:11:00,27.3780,127.3970,116,6.4,43.7,2.8,3.3,28
2014/02/23 13:54:00,43.3640,147.6510,12,5.5,6.7,0.3,1.5,76
2014/02/22 19:31:00,24.5890,123.4820,64,4.5,20.6,0.4,1.7,3
2014/02/11 15:05:00,41.9120,142.3320,72,4.6,17.0,0.7,2.3,108
2014/02/11 04:14:00,34.1900,140.1660,91,5.3,247.7,15.2,5.0,258
2014/02/10 19:03:00,39.6670,143.7010,18,5.0,4.9,0.4,1.7,64
2014/02/09 22:34:00,43.4050,147.1110,63,4.7,9.5,0.3,1.9,37
2014/02/08 11:34:00,37.0620,141.1800,51,4.8,78.7,3.2,3.4,160
2014/02/08 02:18:00,37.5140,141.4710,48,5.0,132.1,5.1,3.6,225
2014/02/06 20:32:00,24.8060,125.3440,48,5.0,28.7,1.0,2.3,3
2014/02/06 02:32:00,38.6390,142.4310,40,5.3,102.9,2.3,3.4,186
2014/02/04 09:35:00,37.7800,141.6280,48,4.7,25.1,1.1,2.4,113
2014/02/02 15:05:00,27.9290,128.8950,46,4.5,75.9,2.7,3.6,6
2014/01/28 20:49:00,26.9490,127.0890,94,4.7,7.2,0.2,1.3,7
2014/01/23 18:20:00,35.2170,140.9930,40,4.5,11.7,0.5,1.8,31
2014/01/17 07:56:00,27.9830,129.5020,32,4.8,20.6,0.5,2.1,4
2014/01/16 10:12:00,40.0570,142.7270,28,5.1,19.7,1.4,2.8,134
2014/01/09 13:32:00,42.0550,142.6490,60,4.7,63.8,2.1,3.3,104
2014/01/09 03:57:00,36.7850,140.5830,7,4.6,321.4,4.4,3.7,165
2014/01/09 03:15:00,24.5740,123.4600,70,5.5,50.2,2.7,3.4,4
2014/01/05 23:28:00,33.5250,139.5080,28,4.6,7.1,0.4,1.4,4
2014/01/02 22:11:00,35.3470,140.5710,26,5.0,25.7,2.9,3.3,102
2013/12/31 10:03:00,36.6870,140.6310,7,5.4,357.8,9.1,4.5,266
2013/12/29 10:17:00,33.2480,139.4730,14,4.8,12.0,0.7,2.1,3
2013/12/27 19:31:00,40.2090,142.3310,38,5.0,43.3,1.2,3.0,161
2013/12/21 10:34:00,35.6600,140.7210,51,5.5,55.1,5.5,3.6,180
2013/12/21 01:10:00,35.9250,140.1400,62,5.2,122.7,4.9,4.0,362
2013/12/18 19:14:00,38.6920,142.3610,41,4.7,39.6,0.8,2.4,115
2013/12/18 02:14:00,43.1140,146.1340,72,4.8,61.8,2.1,3.4,57
2013/12/16 02:17:00,43.0990,144.9990,78,4.6,114.6,2.8,3.5,68
2013/12/14 13:06:00,35.6390,140.7330,49,5.5,60.9,5.2,3.6,244
2013/12/10 05:36:00,36.4040,141.8910,25,5.0,6.5,0.2,1.4,61
2013/12/09 02:24:00,44.5520,149.3870,30,6.4,9.0,0.7,2.2,121
2013/12/03 18:17:00,36.5520,141.4950,47,5.5,32.3,2.6,3.2,268
2013/12/03 15:58:00,35.7770,140.9150,12,4.5,169.6,7.2,3.8,100
2013/12/01 13:24:00,24.4120,124.1770,44,4.7,17.3,0.8,2.2,3
2013/11/29 01:15:00,35.6840,140.1210,69,4.8,67.2,2.3,3.2,280
2013/11/28 02:46:00,42.0100,141.5290,90,5.0,28.0,1.1,2.9,163
2013/11/26 00:43:00,38.5240,141.8210,51,4.9,150.1,3.7,3.9,151
2013/11/25 12:24:00,45.9830,141.8120,22,5.2,43.9,1.3,2.8,51
2013/11/24 03:42:00,42.5950,143.8370,77,4.5,39.2,1.1,2.8,117
2013/11/21 12:38:00,37.5550,141.8160,38,4.9,55.2,2.2,3.1,160
2013/11/19 04:10:00,34.3920,137.1130,344,5.7,17.9,0.7,2.4,206
2013/11/16 20:44:00,35.5900,140.1530,72,5.3,88.6,4.4,4.0,324
2013/11/16 17:14:00,37.8000,141.6210,49,4.8,25.9,0.5,2.2,123
2013/11/16 14:54:00,39.3340,142.0710,48,4.9,83.3,1.9,3.3,110
2013/11/16 03:58:00,28.9560,129.7090,55,5.0,5.8,0.4,1.8,7
2013/11/15 11:00:00,41.4570,142.0620,63,5.3,44.1,2.1,3.4,242
2013/11/14 21:39:00,39.9390,143.2260,16,4.7,5.8,0.3,1.6,54
2013/11/12 05:54:00,38.7200,142.1820,41,4.5,59.6,1.4,2.8,108
2013/11/10 07:38:00,35.9990,140.0860,64,5.5,161.1,6.5,4.2,379
2013/11/04 22:47:00,36.6900,141.2630,34,4.8,27.9,1.8,3.0,91
2013/11/03 17:52:00,38.2800,142.7620,31,5.3,35.2,1.2,2.9,117
2013/11/03 14:25:00,36.0040,140.1160,63,5.1,135.5,5.2,4.1,287
2013/11/02 01:30:00,44.1190,148.1540,0,5.3,8.1,0.3,1.8,39
2013/11/01 00:01:00,38.2870,142.7690,27,5.2,73.5,2.9,3.5,142
2013/10/30 12:22:00,37.1840,141.2450,23,4.9,37.6,1.0,2.8,189
2013/10/28 03:13:00,37.2420,144.3840,52,5.6,11.3,0.5,2.1,275
2013/10/26 06:27:00,37.1990,144.4560,64,5.3,10.5,0.3,1.7,187
2013/10/26 02:10:00,37.1920,144.5720,56,7.1,109.1,5.3,3.9,813
2013/10/24 13:04:00,41.3690,141.1990,112,4.5,16.9,0.5,2.1,89
2013/10/22 10:18:00,37.7220,141.9260,26,5.3,52.3,1.2,2.9,200
2013/10/21 12:33:00,42.3170,143.0510,50,4.6,49.6,1.1,2.8,112
2013/10/20 00:14:00,38.1700,141.7060,51,5.1,83.9,2.6,3.6,193
2013/10/12 02:43:00,36.4290,140.7000,52,4.8,166.9,5.4,4.2,248
2013/10/09 10:06:00,29.4810,130.6100,20,4.9,3.8,0.3,1.5,2
2013/10/08 20:45:00,31.7480,131.9300,24,4.5,8.8,0.6,2.0,37
2013/10/03 13:13:00,27.9890,130.2550,33,5.1,10.5,0.8,2.4,4
2013/09/20 02:25:00,37.0470,140.6980,17,5.9,426.0,28.4,5.0,415
2013/09/18 09:27:00,38.7120,142.2960,39,4.9,48.0,0.6,2.1,109
2013/09/17 07:58:00,29.0810,130.4440,66,4.6,2.5,0.2,1.2,1
2013/09/14 21:41:00,38.5670,142.4160,39,4.7,19.8,0.4,1.9,75
2013/09/14 17:44:00,35.5140,140.9600,42,4.5,4.9,0.3,1.5,23
2013/09/06 06:21:00,24.7790,124.8140,13,4.6,3.3,0.1,0.6,2
2013/09/04 09:19:00,29.9310,139.4200,445,6.8,81.8,5.9,4.1,558
2013/08/31 01:56:30,38.7120,142.2720,39,4.6,32.9,0.6,2.0,81
2013/08/28 02:09:00,37.6350,142.1370,31,4.7,10.5,0.3,1.7,84
2013/08/22 15:53:00,42.3150,142.9990,54,4.8,55.2,1.6,2.9,115
2013/08/18 08:00:00,33.3200,139.3180,27,4.8,7.7,0.2,1.4,5
2013/08/13 09:09:00,43.6560,143.5770,179,5.0,10.8,0.3,1.6,59
2013/08/12 21:59:00,36.9350,141.1960,26,4.9,61.3,2.0,3.0,150
2013/08/12 09:51:00,41.9150,142.3390,69,4.8,40.6,1.2,2.9,138
2013/08/10 07:56:00,36.8990,141.0780,52,4.9,79.5,1.6,3.1,225
2013/08/09 11:59:00,39.8700,143.6840,27,5.3,4.1,0.4,1.8,50
2013/08/07 16:51:00,41.2040,142.2460,61,4.5,22.2,0.6,2.5,113
2013/08/05 00:56:00,46.6110,145.4940,408,5.7,11.5,0.6,2.3,96
2013/08/04 12:29:00,38.1590,141.8060,58,6.0,397.3,11.7,4.9,479
2013/08/03 09:56:00,34.6390,137.5350,34,4.9,224.6,7.1,4.0,199
2013/07/31 09:14:00,38.0820,142.0960,18,5.0,53.0,1.8,3.1,175
2013/07/26 04:05:00,40.1400,142.4660,35,4.9,95.7,2.5,3.7,150
2013/07/23 12:02:00,37.1000,140.6860,8,5.2,242.4,8.3,4.4,228
2013/07/23 11:04:00,37.5640,141.7660,48,4.6,24.3,0.5,2.0,71
2013/07/23 08:24:00,36.2740,141.8910,44,4.5,6.1,0.2,1.5,24
2013/07/21 18:52:00,36.2670,141.8130,54,5.0,19.0,0.6,2.4,100
2013/07/21 16:03:00,35.7070,140.6550,49,4.5,35.7,2.5,2.9,93
2013/07/20 15:06:00,36.2270,141.9350,33,5.4,15.6,1.2,2.5,178
2013/07/20 01:39:00,37.5020,141.5750,45,5.4,61.7,4.4,3.6,281
2013/07/19 08:44:00,39.0070,142.1490,52,4.9,103.9,1.7,3.3,152
2013/07/16 23:09:00,42.9650,145.4640,47,5.1,172.2,8.7,4.1,108
2013/07/16 07:46:00,39.5920,142.2890,70,5.1,78.9,2.7,3.4,190
2013/07/15 22:41:00,23.6960,122.8490,58,5.4,2.7,0.2,0.7,2
2013/07/13 03:31:00,38.3970,142.1770,36,4.5,87.7,1.9,3.2,111
2013/07/11 03:18:00,38.3150,141.8520,47,4.5,75.8,1.4,2.4,104
2013/07/10 14:22:00,39.6270,141.5890,81,4.9,220.0,5.0,3.8,194
2013/07/06 07:00:00,35.8000,140.9950,29,4.6,57.6,2.4,3.0,87
2013/07/04 00:06:00,37.2590,141.4960,27,5.0,15.3,0.6,2.2,118
2013/06/21 16:31:00,28.0480,129.3190,22,4.6,46.7,1.3,3.0,7
2013/06/20 10:49:00,40.7350,142.5470,29,4.9,24.4,1.0,2.6,116
2013/06/13 22:24:00,26.4660,128.9890,37,5.8,13.0,1.2,2.5,8
2013/06/09 00:16:00,36.8170,138.7160,4,4.5,43.4,1.3,2.6,84
2013/06/08 01:38:00,23.9490,122.5780,25,5.8,2.4,0.2,1.1,2
2013/06/06 12:29:00,35.6400,140.6580,50,5.0,35.9,2.6,3.0,129
2013/06/04 17:33:00,37.1770,141.3810,48,4.7,80.0,2.8,3.4,157
2013/05/26 06:17:00,24.7210,125.1640,27,4.9,52.3,2.1,3.0,4
2013/05/24 17:33:00,37.6700,141.6460,44,4.9,72.1,1.7,3.2,183
2013/05/24 14:47:00,54.8720,153.2860,609,8.4,8.9,2.6,2.8,471
2013/05/23 19:47:00,38.6420,142.1640,41,4.5,21.6,0.3,1.6,72
2013/05/21 23:51:00,45.1650,142.9110,277,5.0,6.3,0.4,1.8,68
2013/05/21 20:25:00,36.9070,139.4000,4,4.7,386.6,10.0,4.5,111
2013/05/21 17:25:00,23.4190,123.7520,48,5.8,9.6,0.7,2.1,5
2013/05/18 14:48:00,37.7050,141.6310,46,6.0,212.6,8.2,4.3,476
2013/05/16 08:46:00,40.3390,141.9290,12,5.0,120.1,3.9,3.8,157
2013/05/13 22:59:00,36.8540,140.5630,6,4.5,54.9,1.3,2.7,113
2013/05/13 07:42:00,43.6920,147.7190,7,5.1,8.3,0.2,1.6,40
2013/05/07 10:04:00,37.4850,141.8400,50,4.5,34.3,1.1,2.5,114
2013/04/29 22:01:00,35.8050,141.1280,34,5.6,46.7,3.0,3.2,245
2013/04/21 12:22:00,29.8980,139.4100,447,6.4,18.8,1.7,2.8,261
2013/04/19 23:11:00,35.6920,140.9030,15,4.6,223.9,7.8,3.8,100
2013/04/19 12:06:00,45.2970,150.9620,125,7.0,71.0,3.2,3.6,468
2013/04/17 21:03:00,38.4570,141.6220,58,5.9,563.8,12.1,4.9,396
2013/04/17 17:57:00,34.0440,139.3550,9,6.2,347.3,42.5,5.3,156
2013/04/17 17:55:00,34.0470,139.3950,13,4.5,20.0,0.7,2.2,7
2013/04/17 12:22:00,34.0500,139.3850,13,4.6,47.6,1.5,2.9,12
2013/04/17 11:16:00,34.0750,139.3760,12,4.6,57.5,1.5,2.9,10
2013/04/17 11:14:00,34.0720,139.3830,15,4.6,46.1,2.1,3.0,9
2013/04/14 22:25:00,37.5290,141.4080,51,5.3,140.9,7.4,4.2,311
2013/04/14 10:22:00,35.9970,139.4960,97,4.6,39.1,1.3,3.0,275
2013/04/13 05:33:00,34.4150,134.8310,15,6.3,586.1,27.3,5.3,520
2013/04/10 13:38:00,37.5270,142.0170,34,4.7,36.2,0.9,2.4,89
2013/04/07 23:09:00,35.5720,141.0530,37,4.9,15.0,1.1,2.2,38
2013/04/06 05:01:00,36.7450,141.2960,49,5.2,46.2,1.7,3.1,269
2013/04/06 04:25:00,43.3200,146.0020,94,4.8,80.0,2.9,3.5,70
2013/04/04 13:42:00,35.7640,140.9200,12,5.1,95.7,4.8,3.7,183
2013/04/02 11:09:00,39.4950,143.6040,27,5.7,12.7,1.1,2.7,110
2013/04/02 05:04:00,39.4620,143.5220,29,5.3,6.2,0.3,1.6,73
2013/04/02 03:53:00,39.5020,143.5220,29,6.2,31.8,2.2,3.2,256
2013/03/31 16:46:00,38.8770,142.0820,46,5.3,116.6,3.2,3.4,192
2013/03/26 20:55:00,35.8620,140.9280,17,4.6,34.6,1.3,2.4,112
2013/03/26 20:48:00,35.8620,140.9260,15,4.6,70.3,2.8,3.0,115
2013/03/21 14:34:00,36.7400,140.4410,72,4.7,88.9,2.7,3.2,197
2013/03/17 02:24:00,36.1870,141.7760,47,4.8,4.9,0.2,1.3,56
2013/03/14 05:02:00,35.5750,140.1350,68,4.7,20.9,0.8,2.3,209
2013/03/13 06:32:00,39.3340,142.0860,48,5.0,126.5,2.6,3.6,141
2013/03/11 18:59:00,31.5560,131.8820,23,4.5,7.0,0.3,1.6,22
2013/03/11 18:34:00,31.5710,131.8600,25,5.2,31.0,1.8,3.1,79
2013/03/11 14:35:00,31.1460,130.4000,154,4.7,22.5,0.6,2.5,73
2013/03/10 05:11:00,42.6200,144.9890,49,5.1,31.6,0.9,2.5,101
2013/03/09 21:16:00,43.1270,144.7740,101,5.0,85.0,2.8,3.2,130
2013/03/06 05:32:00,27.2980,128.4500,48,5.0,113.0,2.7,3.4,11
2013/03/02 01:35:00,34.4100,140.0650,35,4.7,90.6,2.5,3.4,119
2013/02/26 21:46:00,38.7090,142.2240,41,4.9,95.5,1.3,2.9,133
2013/02/26 01:00:00,29.0510,131.5020,85,5.1,5.7,0.3,1.5,18
2013/02/25 16:34:00,36.8720,139.4300,5,4.7,441.7,16.9,4.9,92
2013/02/25 16:23:00,36.8700,139.4150,3,6.3,1300.3,52.2,6.0,354
2013/02/24 13:55:00,36.9640,140.6960,21,4.5,109.5,1.8,2.9,142
2013/02/22 00:34:00,38.3020,141.9170,64,4.7,124.8,2.2,3.3,159
2013/02/19 21:27:00,35.3420,141.2010,37,5.6,21.1,2.8,3.2,149
2013/02/19 01:02:00,24.8010,125.3770,49,4.5,18.3,0.5,1.7,2
2013/02/17 07:17:00,43.3320,146.8370,44,5.3,36.1,1.2,3.0,65
2013/02/16 10:33:00,37.3400,141.5780,45,4.7,56.3,1.2,2.9,157
2013/02/13 12:57:00,30.2340,131.6090,48,5.1,9.4,0.5,2.0,30
2013/02/13 11:21:00,38.4250,141.8990,56,4.7,410.6,8.7,4.1,134
2013/02/11 12:45:00,38.6470,142.1540,41,4.5,29.1,0.9,2.6,90
2013/02/09 13:43:00,36.8400,141.3610,33,5.2,83.2,4.3,3.7,220
2013/02/05 22:31:00,38.6570,142.1590,42,4.6,38.8,0.9,2.5,98
2013/02/02 23:17:00,42.6990,143.2310,102,6.5,733.3,33.7,5.4,663
2013/01/31 23:53:00,36.6990,140.6060,8,4.7,321.9,7.2,4.1,161
2013/01/29 22:17:00,42.5340,144.1110,70,4.5,56.6,2.4,3.2,73
2013/01/28 05:57:00,27.2860,128.4420,48,4.9,35.5,1.6,2.9,11
2013/01/28 03:42:00,36.5670,140.5630,74,4.8,307.4,10.4,4.3,269
2013/01/24 06:34:00,43.0370,145.8190,65,5.2,119.2,4.1,4.0,137
2013/01/24 06:31:00,37.7790,141.6280,47,4.8,36.4,1.4,2.8,125
2013/01/22 04:47:00,35.8700,140.9400,16,5.1,69.7,3.1,3.2,190
2013/01/17 14:13:00,42.0770,142.7570,48,4.9,23.4,1.0,2.6,142
2013/01/17 08:32:00,42.2690,144.7810,28,4.7,15.2,0.7,2.4,48
2013/01/14 15:54:00,37.1800,141.5400,47,4.9,34.6,1.8,3.0,193
2013/01/13 12:17:00,39.1400,142.3160,48,4.8,129.7,4.3,3.3,129
2013/01/10 21:48:00,37.5100,141.4750,48,5.0,98.5,3.7,3.4,224
2013/01/08 16:51:00,40.1150,142.4420,34,5.4,42.4,1.5,2.9,197
2013/01/07 22:54:00,37.8590,142.4560,41,4.9,16.9,0.6,2.3,109
2013/01/07 15:49:00,24.4480,122.8230,72,5.4,13.1,0.8,2.3,3
2013/01/06 17:11:00,37.5000,142.0610,31,4.6,8.3,0.5,1.8,89
2013/01/05 13:11:00,28.7640,128.6090,15,5.1,11.2,0.8,2.5,2
2013/01/04 13:42:00,35.7450,140.6900,50,4.5,9.9,0.7,1.8,54
2013/01/03 20:14:00,44.8310,141.8440,24,4.8,92.9,3.3,3.6,62
2012/12/30 08:05:00,36.9590,141.3950,35,5.1,43.7,1.6,3.2,147
2012/12/29 23:59:00,38.7140,142.1990,41,5.5,182.2,2.6,3.5,218
2012/12/29 16:19:00,37.0640,141.1850,51,5.0,116.9,3.8,3.7,238
2012/12/22 15:15:00,33.5150,132.3030,47,4.5,45.7,2.7,3.1,164
2012/12/21 17:07:00,38.6390,141.8170,48,5.2,334.7,5.8,4.2,226
2012/12/19 03:36:00,36.6920,142.1060,35,5.1,9.7,0.6,2.1,90
2012/12/18 19:25:00,38.3000,141.8970,46,4.5,97.0,1.6,2.9,91
2012/12/18 03:46:00,36.8470,141.3480,29,4.9,28.5,1.6,2.8,88
2012/12/15 14:46:00,36.8190,141.2110,32,5.0,91.5,3.0,3.6,186
2012/12/15 13:27:00,37.2940,141.3510,59,5.3,144.3,5.3,4.3,277
2012/12/15 05:37:00,38.6440,142.4610,40,4.8,29.4,0.5,2.1,78
2012/12/12 09:19:00,36.9800,141.4300,32,4.7,43.4,1.3,2.9,144
2012/12/08 07:59:00,37.8100,143.7120,44,5.2,3.7,0.3,1.4,73
2012/12/08 04:24:00,40.8250,142.9640,5,4.6,7.2,0.4,1.7,55
2012/12/07 17:31:00,37.9150,143.8590,30,6.6,39.5,1.5,3.0,434
2012/12/07 17:18:00,38.0150,143.8710,49,7.3,342.6,15.8,5.0,961
2012/12/07 05:32:00,35.6450,140.1700,67,4.6,25.9,1.0,2.6,181
2012/11/24 17:59:00,35.6340,140.0200,72,4.8,88.7,3.8,3.6,294
2012/11/24 10:30:00,38.2120,141.7920,56,4.8,93.7,1.4,2.9,164
2012/11/24 05:21:00,38.2050,141.7920,57,5.2,207.9,5.0,3.9,212
2012/11/23 08:26:00,39.1420,142.3060,47,4.7,123.2,3.4,3.2,113
2012/11/22 02:42:00,38.5250,141.8170,50,5.0,112.0,1.6,3.1,150
2012/11/16 17:26:00,35.3540,141.2310,30,5.5,12.0,1.8,2.8,112
2012/11/15 02:19:00,36.4170,141.0060,17,4.5,14.5,0.4,2.0,51
2012/11/12 19:15:00,25.1860,124.9150,5,4.8,9.6,0.2,1.1,2
2012/11/11 14:16:00,37.5800,141.6410,77,4.5,79.5,2.3,3.1,115
2012/11/09 12:52:00,36.8740,141.3810,33,5.5,63.8,2.8,3.3,245
2012/11/05 13:30:00,37.8440,143.6570,47,5.7,10.2,0.4,1.8,214
2012/11/03 07:34:00,37.6140,141.7510,29,5.0,87.5,2.4,3.3,233
2012/10/27 04:44:00,33.5050,133.4750,34,4.5,83.2,1.6,2.9,174
2012/10/26 19:36:00,38.7190,142.1870,42,4.7,130.5,1.8,2.9,119
2012/10/25 19:32:00,38.2850,141.8620,48,5.6,211.4,4.4,3.9,378
2012/10/24 16:05:00,36.5300,140.8500,51,4.5,441.6,8.7,4.1,150
2012/10/22 18:27:00,38.0250,141.8310,50,4.5,25.2,0.6,2.4,95
2012/10/22 10:43:00,39.1970,142.4090,33,4.8,50.5,1.0,2.7,118
2012/10/17 09:44:00,36.7170,140.6280,7,4.5,225.9,4.6,3.8,104
2012/10/16 22:39:00,31.1990,130.3320,166,5.0,17.0,0.5,2.0,70
2012/10/16 06:47:00,36.7150,141.8730,45,4.5,8.4,0.4,1.7,66
2012/10/14 20:11:00,38.2800,144.2620,46,5.4,3.9,0.2,1.2,98
2012/10/12 13:57:00,35.8450,140.5510,37,5.1,123.1,3.7,3.5,202
2012/10/10 05:49:00,32.6840,132.4890,33,4.5,62.5,2.2,3.4,44
2012/10/06 01:19:00,39.9850,140.6100,3,4.9,182.6,3.5,3.9,141
2012/10/05 17:13:00,26.2860,125.1540,152,5.2,4.6,0.2,1.0,4
2012/10/03 18:40:00,38.0490,141.9160,51,5.0,62.3,2.2,2.9,179
2012/10/02 07:55:00,39.7750,143.5370,20,5.0,4.9,0.5,1.9,47
2012/10/02 07:22:00,39.8290,143.5240,22,6.3,33.7,2.4,3.3,301
2012/10/02 05:20:00,36.8640,141.3930,30,4.5,6.5,0.5,1.5,28
2012/10/02 03:40:00,36.9150,141.3980,30,5.6,35.4,1.8,2.8,163
2012/10/01 14:17:00,35.9720,141.4830,48,4.7,13.3,0.4,1.9,61
2012/10/01 07:39:00,38.4070,141.8890,19,4.6,57.9,1.2,2.8,148
2012/09/28 02:38:00,38.4190,142.2170,36,4.5,63.7,0.9,2.4,76
2012/09/18 04:09:00,39.8140,142.2620,43,5.0,54.9,1.5,3.1,123
2012/09/14 02:22:00,35.8570,140.5430,37,5.1,125.1,4.6,3.6,228
2012/09/11 20:12:00,37.6170,141.9040,30,4.7,13.0,0.4,2.0,85
2012/09/08 10:41:00,33.8090,132.3130,50,4.5,77.7,2.1,3.0,197
2012/09/01 00:31:00,37.1800,141.3830,29,4.6,19.6,0.7,2.3,61
2012/08/30 04:05:00,38.4040,141.9170,60,5.6,691.6,24.6,5.2,343
2012/08/28 22:55:00,36.3920,141.8760,27,5.0,10.0,0.6,1.8,91
2012/08/26 03:37:00,36.9640,141.0850,90,5.2,149.3,4.1,3.9,336
2012/08/25 23:16:00,42.3240,143.1140,49,6.1,539.4,21.6,5.2,401
2012/08/22 10:33:00,42.3440,143.0560,53,5.2,177.0,4.5,3.8,189
2012/08/21 01:43:00,36.9020,141.4510,46,5.1,35.8,2.2,3.1,215
2012/08/20 20:42:00,35.9140,140.4450,57,5.2,29.7,1.7,3.0,262
2012/08/17 16:24:00,41.1920,142.0420,58,4.9,52.5,1.4,3.0,137
2012/08/17 15:15:00,37.3500,141.8680,41,4.6,34.3,1.4,2.9,66
2012/08/17 08:46:00,32.0600,130.0000,10,4.9,140.9,2.9,3.6,108
2012/08/14 12:01:00,49.1810,145.8870,654,7.3,39.8,2.3,3.4,454
2012/08/08 16:11:00,25.9130,124.9920,123,5.5,10.3,0.3,1.7,10
2012/08/08 01:11:00,39.1150,142.4310,33,4.7,36.6,0.8,2.4,102
2012/08/07 13:18:00,37.5540,141.8610,35,4.5,33.7,1.0,2.7,97
2012/08/06 14:30:00,29.4740,130.7020,64,4.7,1.9,0.1,1.0,1
2012/08/06 12:28:00,29.4660,130.6920,56,5.3,4.0,0.4,1.6,8
2012/08/03 22:19:00,36.0220,139.9010,43,4.6,92.7,2.3,3.6,243
2012/08/03 19:21:00,39.3350,142.0890,48,4.8,91.7,2.0,3.4,107
2012/08/03 19:00:00,39.3550,143.6760,44,5.0,3.5,0.3,1.6,25
2012/07/30 07:05:00,39.0940,142.4760,34,5.5,191.2,4.3,3.7,223
2012/07/26 02:20:00,30.9910,130.4540,131,4.7,20.1,0.8,2.6,77
2012/07/22 13:42:00,42.4850,143.0290,61,5.1,95.7,4.0,3.7,218
2012/07/21 12:01:00,37.7520,141.9360,37,4.9,25.0,1.0,2.5,185
2012/07/20 01:11:00,37.5790,141.8560,29,4.5,8.6,0.3,1.3,64
2012/07/16 04:31:00,36.1490,139.8200,52,4.8,195.7,7.1,3.9,317
2012/07/15 23:34:00,43.1550,146.4170,62,5.0,38.2,1.2,2.8,79
2012/07/13 14:14:00,38.7950,142.4610,44,4.5,38.8,0.9,2.3,57
2012/07/12 20:17:00,41.5550,143.2020,55,4.6,18.6,0.5,2.1,134
2012/07/10 12:49:00,36.8270,138.3910,9,5.2,238.6,12.5,4.4,189
2012/07/10 04:25:00,29.3230,130.2290,51,5.3,10.6,0.8,2.4,10
2012/07/09 13:01:00,38.6540,142.1540,42,4.5,20.5,0.6,2.0,80
2012/07/06 02:04:00,37.0390,140.5750,9,4.5,67.6,2.2,3.4,128
2012/07/03 11:31:00,34.9970,139.8730,88,5.2,195.6,13.4,4.6,261
2012/07/03 09:46:00,37.3420,142.0010,36,4.6,10.4,0.3,1.8,56
2012/07/02 11:06:00,40.0220,141.9610,9,4.5,135.8,5.0,3.8,72
2012/06/30 16:11:00,38.1970,141.8740,64,4.8,89.4,1.5,2.8,152
2012/06/29 02:44:00,35.2500,140.2100,0,4.5,109.1,4.8,3.6,22
2012/06/28 14:52:00,37.1640,141.2000,63,5.2,134.7,6.5,4.1,319
2012/06/28 13:55:00,36.6670,141.0810,18,4.5,23.0,0.8,2.3,94
2012/06/24 10:29:00,38.8400,142.1190,44,4.8,66.8,1.3,2.7,117
2012/06/22 16:58:00,39.3970,143.6710,37,5.2,4.4,0.4,1.7,53
2012/06/22 05:32:00,39.3750,143.7610,22,5.3,5.4,0.4,1.8,71
2012/06/20 07:29:00,37.6540,141.7210,40,4.8,25.6,0.8,2.3,141
2012/06/18 05:32:00,38.8700,142.0940,47,6.2,364.3,7.0,4.4,450
2012/06/17 16:13:00,36.1750,140.0130,51,4.5,154.3,4.0,3.8,222
2012/06/15 16:32:00,38.1890,141.8570,63,4.6,84.5,1.2,2.5,120
2012/06/10 17:38:00,38.6400,142.1720,41,4.5,15.3,0.3,1.8,67
2012/06/10 06:00:00,24.4130,122.2680,70,6.0,9.3,0.3,1.8,4
2012/06/08 14:22:00,37.5190,142.0310,33,4.9,17.8,0.9,2.2,135
2012/06/06 04:31:00,34.9890,141.3730,37,6.3,39.2,4.4,3.4,302
2012/06/01 17:48:00,36.0240,139.8780,44,5.1,231.4,7.8,4.0,363
2012/05/31 14:49:00,37.5120,141.4510,48,4.6,67.1,1.7,2.8,150
2012/05/29 01:36:00,35.8020,140.0900,64,5.2,60.9,4.9,3.7,336
2012/05/27 20:20:00,24.6860,123.2200,15,5.1,5.8,0.2,1.2,2
2012/05/24 00:02:00,41.3400,142.1270,60,6.1,185.1,13.1,4.7,440
2012/05/22 16:18:00,39.6100,143.5710,32,5.0,4.3,0.4,1.8,51
2012/05/21 19:17:00,39.3600,143.7110,32,5.1,3.6,0.3,1.5,40
2012/05/21 12:19:00,27.1760,127.4720,91,5.1,24.3,1.0,2.6,9
2012/05/21 09:46:00,39.4620,143.7690,34,5.1,3.8,0.4,1.7,54
2012/05/20 17:41:00,39.4000,143.5020,28,5.1,5.0,0.5,1.9,65
2012/05/20 17:20:00,39.6100,143.6120,28,5.5,7.4,0.6,2.1,136
2012/05/20 16:27:00,39.3640,143.6970,0,5.7,5.0,0.5,1.9,59
2012/05/20 16:20:00,39.5340,143.6240,7,6.5,20.2,1.5,2.8,282
2012/05/20 04:05:00,39.6950,143.6840,33,6.0,14.3,1.2,2.7,164
2012/05/19 06:23:00,39.6340,143.6310,27,5.2,5.4,0.3,1.5,70
2012/05/18 17:19:00,36.1320,139.8430,51,4.8,229.5,6.5,4.1,299
2012/05/16 01:00:00,38.2700,141.8920,64,4.8,84.9,3.4,3.5,204
2012/05/14 12:36:00,31.7040,131.8700,27,4.8,26.5,1.7,3.0,69
2012/05/10 17:34:00,36.9000,141.4050,32,4.5,12.4,0.4,1.8,49
2012/05/10 15:41:00,39.7440,142.2570,22,4.6,54.9,1.0,2.9,103
2012/05/10 09:28:00,39.7650,142.2470,23,5.1,142.8,3.5,3.9,167
2012/05/09 06:47:00,39.3390,142.0640,48,4.6,104.8,1.4,2.8,84
2012/05/08 03:59:00,36.8650,141.3630,29,4.7,30.2,1.3,2.7,108
2012/05/06 05:12:00,38.1640,141.7390,51,5.2,88.2,1.5,2.9,185
2012/05/04 14:34:00,43.2890,145.5470,84,4.5,38.1,1.5,2.8,52
2012/04/30 00:02:00,39.7390,142.2590,23,5.6,197.7,3.3,3.8,222
2012/04/29 21:17:00,36.8550,141.1500,48,4.5,48.7,1.9,3.2,147
2012/04/29 19:28:00,35.7120,140.6030,48,5.8,125.3,13.9,4.3,330
2012/04/27 14:37:00,39.9400,143.2070,17,4.9,12.1,0.6,2.1,79
2012/04/27 03:41:00,41.4750,141.9840,65,5.0,31.3,1.4,2.9,176
2012/04/26 05:45:00,37.5870,141.3000,63,4.5,54.3,2.0,3.4,162
2012/04/25 05:22:00,35.7190,140.6810,43,5.5,47.2,5.3,3.4,321
2012/04/22 22:13:00,43.7750,142.6720,193,4.6,5.8,0.2,1.2,49
2012/04/21 23:29:00,42.5100,142.3070,104,4.5,20.0,1.4,2.6,143
2012/04/19 12:33:00,36.9400,141.3930,34,5.1,27.9,1.7,2.9,161
2012/04/17 21:29:00,36.9920,141.3460,27,4.5,11.2,0.3,1.7,61
2012/04/15 19:36:00,36.9990,141.3680,24,4.7,10.1,0.5,1.8,44
2012/04/14 19:51:00,37.1700,141.3050,22,4.7,16.8,1.5,2.6,68
2012/04/14 19:48:00,37.1790,141.3300,22,4.6,11.2,1.1,2.4,65
2012/04/14 18:26:00,36.7590,141.3150,21,4.9,6.0,0.2,1.3,12
2012/04/14 18:25:00,36.7690,141.3450,24,5.0,15.3,1.1,2.5,73
2012/04/13 21:12:00,36.9540,141.3760,31,5.2,31.6,1.1,2.7,178
2012/04/13 19:10:00,36.9440,141.4250,32,6.0,125.0,5.2,3.9,392
2012/04/12 23:51:00,37.4490,141.7360,27,5.9,60.7,4.5,3.8,368
2012/04/12 20:20:00,36.8250,141.3450,29,5.6,70.3,3.3,3.5,230
2012/04/12 05:29:00,39.6670,142.1340,48,4.5,62.0,1.6,2.8,83
2012/04/09 06:43:00,23.9510,122.3330,24,5.8,1.8,0.2,0.9,1
2012/04/03 20:52:00,40.2220,142.5340,28,4.7,21.5,0.7,2.4,95
2012/04/01 23:04:00,37.0740,141.1350,53,5.9,228.4,12.4,4.7,456
2012/03/30 18:41:00,39.7750,142.2890,21,4.5,33.1,1.1,2.8,94
2012/03/30 13:38:00,37.5120,141.4750,46,5.1,96.4,3.7,3.8,233
2012/03/30 05:38:00,38.3090,141.9240,50,4.6,49.6,1.0,2.6,119
2012/03/27 20:00:00,39.8020,142.3370,21,6.6,266.2,14.4,4.8,474
2012/03/27 19:22:00,35.6870,140.9650,12,4.6,24.6,1.6,2.5,71
2012/03/26 11:33:00,40.2390,142.5610,28,4.7,37.1,1.6,2.9,101
2012/03/25 22:22:00,37.6720,141.7710,49,5.2,99.7,3.5,3.7,255
2012/03/25 06:54:00,42.6550,145.0070,29,4.6,27.5,0.9,2.5,58
2012/03/22 03:05:00,37.6470,142.1160,29,4.6,11.8,0.3,1.7,87
2012/03/19 19:23:00,43.4200,146.1140,95,4.6,17.4,0.7,2.0,60
2012/03/19 11:56:00,41.4990,142.0410,63,5.0,30.5,1.2,3.0,174
2012/03/18 09:36:00,39.1000,142.3340,45,5.0,164.3,4.0,4.0,159
2012/03/16 04:20:00,35.8770,139.5930,94,5.3,76.7,2.1,3.4,330
2012/03/15 06:38:00,35.6390,141.7760,57,5.0,6.7,0.6,1.9,41
2012/03/14 21:05:00,35.7440,140.9350,15,6.1,393.3,31.9,5.1,412
2012/03/14 19:57:00,40.7100,144.9670,46,5.5,9.5,0.6,2.1,159
2012/03/14 19:49:00,40.6770,144.9710,69,6.0,25.6,1.2,2.9,317
2012/03/14 18:09:00,40.7720,145.2310,64,6.9,92.9,3.3,3.7,599
2012/03/12 21:32:00,44.7850,147.9640,120,5.5,8.5,0.3,1.8,70
2012/03/10 02:25:00,36.7140,140.6150,7,5.4,826.3,23.9,5.0,311
2012/03/08 12:23:00,38.5250,141.8220,50,4.8,88.5,1.5,3.0,116
2012/03/07 15:18:00,25.5260,127.2820,47,5.2,4.7,0.4,1.5,4
2012/03/06 18:50:00,37.7700,141.7790,50,4.5,14.7,0.5,1.8,86
2012/03/05 15:24:00,40.1470,142.5160,33,5.1,34.6,1.3,2.7,136
2012/03/02 19:11:00,35.2390,141.3700,34,5.2,6.1,1.1,2.3,43
2012/03/01 11:12:00,35.2600,141.2100,37,4.7,10.7,0.5,1.6,26
2012/03/01 07:32:00,36.4350,140.6280,56,5.3,252.5,8.4,4.4,370
2012/02/29 23:32:00,35.3320,141.2810,39,5.9,24.1,3.3,3.4,215
2012/02/29 18:00:00,37.2850,141.6800,44,5.4,100.8,3.2,3.3,305
2012/02/29 01:22:00,31.7520,131.9940,28,4.5,15.2,0.6,2.2,45
2012/02/28 14:20:00,36.5320,140.9700,23,5.1,147.8,4.7,4.0,216
2012/02/28 04:32:00,25.4960,127.2600,48,5.6,8.0,0.5,1.7,5
2012/02/28 01:30:00,38.5320,141.8240,50,4.5,67.6,0.7,2.5,92
2012/02/28 01:29:00,25.5010,127.2770,45,4.8,3.1,0.2,1.1,2
2012/02/27 10:11:00,23.8310,123.3620,30,5.5,11.3,0.5,1.9,3
2012/02/24 04:28:00,39.0050,142.3140,58,4.8,151.4,2.3,3.1,135
2012/02/19 14:54:00,36.7470,140.5910,7,5.2,285.1,7.7,4.5,272
2012/02/18 23:20:00,36.4670,140.9750,17,4.8,45.6,1.2,2.6,137
2012/02/15 15:28:00,37.7770,141.6350,47,4.8,45.0,1.8,3.0,139
2012/02/15 07:34:00,36.2420,141.6410,54,4.9,6.3,0.4,1.5,59
2012/02/14 19:48:00,39.3670,144.3410,58,4.8,8.2,0.5,1.9,90
2012/02/14 15:22:00,36.2140,141.6000,54,6.0,37.7,3.2,3.2,319
2012/02/14 12:29:00,36.2220,141.6880,52,5.0,9.2,0.5,1.8,52
2012/02/14 12:28:00,36.2170,141.6360,59,5.6,17.5,1.6,2.6,239
2012/02/12 13:41:00,38.5500,144.1740,45,5.0,8.2,0.2,1.2,104
2012/02/12 04:56:00,38.7220,142.1910,42,4.6,48.1,0.8,2.4,120
2012/02/11 10:27:00,36.0840,139.7910,46,4.7,62.0,2.3,3.0,249
2012/02/09 12:55:00,31.5010,131.8290,22,4.6,14.4,1.1,2.7,41
2012/02/08 21:01:00,37.8620,138.1730,14,5.7,388.7,24.2,4.9,249
2012/02/07 22:30:00,45.4710,142.3620,314,4.9,6.7,0.3,1.7,46
2012/02/06 07:05:00,36.4590,141.0230,17,5.0,27.3,1.1,2.7,103
2012/02/05 08:59:00,36.1250,140.9150,38,4.5,74.4,1.6,3.0,133
2012/02/04 11:54:00,24.6180,122.6290,117,4.9,7.1,0.3,1.5,3
2012/02/03 18:59:00,38.4300,142.1720,45,4.5,49.9,0.6,2.2,99
2012/01/30 03:18:00,32.6100,132.0050,39,4.9,94.1,3.3,3.7,144
2012/01/29 16:46:00,35.5340,138.9860,21,4.7,443.1,6.3,4.2,230
2012/01/28 21:44:00,40.1600,142.3920,37,4.9,27.6,2.2,3.2,128
2012/01/28 16:14:00,24.1710,124.2890,40,4.7,13.0,0.4,1.9,3
2012/01/28 14:21:00,36.7670,141.2550,37,4.7,104.7,4.0,3.9,122
2012/01/28 09:22:00,40.1490,142.4310,36,5.7,45.3,2.4,3.3,234
2012/01/28 07:43:00,35.4850,138.9800,18,5.4,226.9,7.2,4.3,366
2012/01/28 07:39:00,35.4890,138.9810,18,4.9,227.9,8.1,4.3,266
2012/01/27 13:19:00,35.7720,140.9850,14,5.0,77.4,3.9,3.5,155
2012/01/27 10:08:00,38.0170,143.8010,43,4.9,7.8,0.4,1.9,64
2012/01/26 05:43:00,38.1720,141.6960,51,5.2,92.5,2.2,3.1,187
2012/01/26 05:21:00,36.7750,141.2950,30,4.6,27.0,1.3,2.7,56
2012/01/23 20:45:00,37.0550,141.1930,52,5.1,191.8,7.9,4.3,305
2012/01/22 12:09:00,35.5300,140.9080,38,4.5,7.4,0.4,1.8,25
2012/01/19 22:09:00,35.7700,140.9830,14,4.5,44.6,1.5,2.6,48
2012/01/17 12:30:00,36.0620,139.8630,46,4.7,68.2,1.7,3.0,222
2012/01/14 18:58:00,40.1400,142.4760,34,4.7,47.1,1.2,3.0,112
2012/01/12 14:37:00,38.3740,142.6260,28,5.5,78.3,1.2,2.8,191
2012/01/12 12:20:00,36.9640,141.3060,33,5.9,102.6,7.5,4.0,409
2012/01/12 10:40:00,36.4350,141.1950,52,4.7,100.2,2.2,3.0,152
2012/01/11 10:16:00,39.5220,143.4290,40,4.7,3.6,0.3,1.7,34
2012/01/09 17:50:00,36.7050,141.4310,50,4.7,16.8,0.7,2.4,92
2012/01/09 16:10:00,36.6850,141.5260,38,4.6,12.1,0.7,2.1,73
2012/01/09 07:13:00,39.3370,142.0670,48,5.1,155.7,2.4,3.3,128
2012/01/09 00:37:00,33.9950,135.5050,56,4.7,124.3,1.9,2.9,160
2012/01/07 19:43:00,37.2270,141.4250,56,4.7,52.6,2.8,3.3,159
2012/01/06 05:55:00,35.8850,140.8550,40,4.5,67.9,2.8,2.9,55
2012/01/06 01:47:00,38.7120,142.3560,36,4.9,27.4,0.9,2.5,97
2012/01/03 03:28:00,36.3740,141.9010,60,5.0,16.0,0.8,2.2,110
