Download Time:2026/05/18 12:14:26,Search Date:2000/01/01 - 2012/01/01 Magnitude(min):4.5 
Origin Time,Latitude[degree],Longitude[degree],Depth[km],Magnitude,Max Acc[gal],Max Vel[cm/s],Seismic Intensity,Number of stations
2012/01/01 14:28:00,31.4230,138.5680,397,7.0,145.8,15.6,4.4,704
2011/12/31 08:11:00,36.8520,140.5760,8,4.5,273.2,4.8,3.8,137
2011/12/26 02:41:00,35.8950,140.8400,41,4.5,23.4,1.0,2.0,37
2011/12/22 05:10:00,36.9740,141.1630,30,4.6,44.3,1.6,3.0,180
2011/12/21 11:06:00,39.6290,142.1140,49,4.7,126.7,3.5,3.1,111
2011/12/20 15:26:00,40.0520,142.7020,29,5.0,17.9,1.3,2.7,123
2011/12/19 16:01:00,35.5550,141.0480,36,4.6,24.3,1.4,2.6,46
2011/12/19 13:13:00,43.6040,147.9190,53,4.7,10.6,0.3,1.6,28
2011/12/18 18:02:00,35.5670,141.0250,38,4.8,19.3,1.3,2.4,46
2011/12/18 15:08:00,38.6490,142.1570,42,4.5,22.9,0.6,2.1,80
2011/12/14 13:01:00,35.3520,137.2460,49,5.1,136.0,4.3,3.7,365
2011/12/12 14:13:00,35.9270,140.8300,18,4.6,126.5,3.1,3.1,146
2011/12/12 04:51:00,36.2070,140.9350,38,4.6,125.0,2.9,3.4,101
2011/12/11 10:22:00,28.1260,129.5450,29,5.5,119.2,3.4,3.4,8
2011/12/10 15:08:00,38.6220,141.8160,45,4.7,288.2,4.0,3.7,166
2011/12/10 04:43:00,46.7580,144.8940,431,5.7,14.2,0.8,2.5,119
2011/12/08 07:11:00,36.2970,141.0700,49,4.7,21.7,0.5,2.1,98
2011/12/08 05:43:00,34.5400,140.2680,62,4.5,28.2,2.2,3.0,100
2011/12/06 06:50:00,43.3950,146.9120,39,4.5,11.4,0.3,1.9,14
2011/12/05 10:01:00,36.2420,141.9750,48,5.2,15.4,0.5,2.2,91
2011/12/03 05:55:00,35.3490,140.3250,22,5.2,226.5,11.0,4.4,212
2011/12/02 09:50:00,38.1820,141.7790,56,4.6,51.1,1.1,2.6,144
2011/12/01 22:24:00,36.5590,137.7430,1,4.6,77.0,3.8,3.3,44
2011/12/01 20:20:00,44.4630,146.2660,147,4.7,7.2,0.3,1.5,35
2011/11/26 10:43:00,38.8420,142.1160,44,4.5,63.3,0.8,2.5,67
2011/11/25 04:35:00,34.8670,132.8960,12,4.7,192.0,5.8,4.1,172
2011/11/24 19:25:00,41.7470,142.8910,43,6.2,185.2,9.6,4.4,342
2011/11/24 04:24:00,37.3270,141.6150,45,6.1,104.8,3.7,3.6,425
2011/11/21 19:16:00,34.8690,132.8960,12,5.4,364.2,18.8,5.0,301
2011/11/20 10:26:00,36.7170,140.6250,4,4.8,164.8,6.6,3.7,148
2011/11/20 10:23:00,36.7070,140.5900,9,5.3,582.8,13.4,4.8,276
2011/11/20 04:27:00,35.5220,140.9460,43,4.8,12.6,0.9,2.1,74
2011/11/20 02:37:00,37.7650,141.7760,48,4.6,51.6,1.7,2.9,112
2011/11/18 03:58:00,35.9300,136.3400,7,4.8,153.7,3.4,3.2,237
2011/11/17 18:42:00,35.8150,141.9010,20,5.1,13.3,0.7,2.3,29
2011/11/17 17:34:00,38.8040,142.0390,47,4.7,92.0,1.6,2.7,104
2011/11/08 11:59:00,27.2930,125.7400,217,7.0,72.1,4.5,3.6,81
2011/11/07 23:42:00,36.8950,139.3830,3,4.5,123.8,3.0,3.4,52
2011/11/04 11:59:00,36.0040,141.3310,32,4.9,23.9,0.9,2.3,82
2011/11/03 19:34:00,35.9170,140.1450,62,4.9,96.7,4.4,3.8,269
2011/11/01 05:59:00,42.7470,145.3360,47,4.5,40.3,1.2,2.9,46
2011/10/31 08:08:00,38.8270,142.4660,34,4.5,21.3,0.6,2.4,75
2011/10/30 12:23:00,25.2130,122.9940,209,5.5,11.7,0.3,1.6,5
2011/10/29 15:24:00,38.2100,142.0320,51,4.9,75.5,1.8,3.0,157
2011/10/26 04:34:00,32.1710,138.3860,45,4.9,2.8,0.1,0.6,10
2011/10/26 02:08:00,36.9590,141.1500,30,5.0,70.0,3.6,3.5,238
2011/10/21 17:03:00,43.7910,142.6560,196,6.3,36.9,1.7,2.9,313
2011/10/10 11:46:00,37.5040,141.4880,47,5.6,308.2,14.1,4.4,424
2011/10/07 21:44:00,43.1450,146.9010,66,4.8,14.1,0.5,2.1,55
2011/10/07 11:51:00,41.5620,142.0610,67,5.0,22.9,1.3,3.0,201
2011/10/06 19:37:00,36.5640,137.6550,1,4.7,28.5,0.7,2.3,77
2011/10/05 23:33:00,32.9100,130.8520,10,4.5,153.5,7.5,4.1,119
2011/10/05 19:06:00,36.5450,137.6500,0,5.2,48.3,1.6,2.8,133
2011/10/05 19:00:00,36.5290,137.6530,1,5.4,63.5,1.3,2.7,122
2011/10/05 14:17:00,40.1800,142.0220,12,5.0,74.7,2.5,3.3,109
2011/10/04 20:58:00,35.4890,140.9680,24,4.5,13.3,0.7,2.1,50
2011/10/03 01:49:00,37.3340,141.6380,18,5.3,14.8,1.2,2.3,124
2011/10/01 02:20:00,35.4740,140.9800,24,4.5,27.8,0.9,2.2,83
2011/09/29 19:05:00,37.1290,140.8710,9,5.4,114.1,4.1,3.7,245
2011/09/25 13:18:00,41.8890,144.2960,45,4.8,8.2,0.8,2.3,38
2011/09/23 22:12:00,39.3350,142.0670,48,5.0,112.5,3.0,3.4,120
2011/09/23 17:15:00,36.6890,140.6200,4,5.1,245.1,6.4,4.0,167
2011/09/23 04:59:00,37.3200,141.4960,34,4.7,63.4,1.5,3.2,201
2011/09/21 22:30:00,36.7340,140.5800,9,5.2,624.9,16.4,4.9,321
2011/09/21 05:59:00,38.5270,141.8220,51,4.8,105.3,1.4,2.8,132
2011/09/19 03:32:00,37.7640,141.6110,48,5.2,38.7,1.4,2.9,200
2011/09/18 19:39:00,41.9320,142.4440,66,5.0,47.6,2.6,3.5,205
2011/09/18 16:04:00,39.9250,143.2270,19,5.8,23.9,2.5,3.3,224
2011/09/18 02:54:00,40.2790,143.3310,7,5.1,5.6,0.3,1.5,67
2011/09/17 16:34:00,40.2900,143.2120,8,5.8,35.6,2.3,3.4,244
2011/09/17 07:41:00,40.2720,143.3970,15,5.8,15.8,1.2,2.8,184
2011/09/17 06:36:00,40.1350,143.3910,5,5.8,8.6,0.9,2.4,149
2011/09/17 06:08:00,40.2440,143.2160,4,6.1,26.3,2.3,3.2,259
2011/09/17 05:11:00,40.2620,143.4840,5,5.7,4.8,0.4,1.7,77
2011/09/17 04:39:00,40.2390,143.1670,6,5.2,5.9,0.5,2.0,63
2011/09/17 04:26:00,40.2550,143.0890,7,6.6,43.9,3.7,3.7,420
2011/09/16 14:27:00,35.5690,141.0450,33,4.5,22.2,1.1,2.4,33
2011/09/15 17:00:00,36.2520,141.4860,51,6.3,97.7,5.2,3.9,442
2011/09/14 23:56:00,37.7350,141.7930,51,4.6,47.1,1.1,2.4,115
2011/09/13 23:14:00,38.9320,142.4170,35,4.7,52.7,0.9,2.7,104
2011/09/13 01:50:00,42.6920,142.5040,101,4.5,36.0,2.2,2.8,142
2011/09/10 15:00:00,36.4250,140.6960,53,4.8,147.2,4.9,4.1,208
2011/09/09 07:06:00,39.7950,142.2910,22,4.8,66.5,2.1,3.3,121
2011/09/08 22:38:00,37.2690,141.9260,40,5.2,28.7,1.0,2.7,196
2011/09/07 22:29:00,42.2570,142.5920,10,5.1,411.3,22.1,5.2,78
2011/09/07 14:42:00,38.6440,142.1690,42,4.6,27.4,0.5,2.0,82
2011/09/07 07:43:00,36.6300,141.7600,54,4.5,7.0,0.2,1.6,43
2011/09/07 02:54:00,36.6590,141.6910,36,5.2,14.1,0.9,2.3,142
2011/09/04 05:53:00,35.8690,139.6110,90,4.7,36.4,1.2,2.8,241
2011/09/02 13:08:00,39.0850,142.4170,33,4.5,40.9,0.6,2.2,89
2011/08/31 18:33:00,35.5540,140.1000,72,4.6,37.7,1.3,3.0,227
2011/08/30 22:44:00,39.1840,140.5810,155,4.9,45.1,0.7,2.7,199
2011/08/30 03:22:00,36.5050,140.9350,16,4.6,43.6,1.3,2.6,102
2011/08/29 17:06:00,37.1470,142.3570,14,4.5,5.9,0.2,1.5,40
2011/08/28 00:49:00,27.9910,129.4950,29,4.5,11.0,0.4,1.8,4
2011/08/27 23:29:00,37.0040,141.3900,28,4.8,27.1,0.8,2.5,94
2011/08/27 09:16:00,37.0140,141.4430,28,4.5,9.3,0.3,1.4,35
2011/08/22 20:23:00,36.1040,141.9860,34,6.1,15.0,1.6,2.7,227
2011/08/22 17:36:00,36.0820,140.1580,64,4.7,26.9,0.9,2.8,253
2011/08/22 09:07:00,42.6670,143.2720,25,4.7,76.8,3.8,3.8,116
2011/08/22 07:05:00,37.0840,141.1300,53,4.5,83.2,2.8,3.6,97
2011/08/21 07:58:00,38.6190,141.9590,50,4.8,160.5,3.2,3.5,142
2011/08/20 07:04:00,44.1220,147.4270,95,4.5,5.3,0.3,1.5,30
2011/08/19 14:36:00,37.6450,141.8000,51,6.5,276.7,10.0,4.5,630
2011/08/19 13:51:00,39.0950,142.1460,45,4.5,60.4,1.0,2.6,92
2011/08/17 20:44:00,36.7650,143.7670,52,6.2,16.1,0.7,2.3,315
2011/08/17 16:55:00,35.5140,140.9630,41,4.5,5.9,0.4,1.7,22
2011/08/17 12:14:00,38.4650,142.1970,28,4.5,67.8,1.1,2.8,128
2011/08/17 12:05:00,38.4570,142.1910,31,5.1,140.3,2.2,3.3,200
2011/08/17 04:35:00,40.1200,142.4490,35,5.4,47.9,1.7,3.1,193
2011/08/16 19:16:00,36.8240,140.5750,6,4.6,414.9,11.0,4.6,149
2011/08/15 15:26:00,36.1240,140.0830,64,4.7,60.3,2.8,3.4,214
2011/08/13 23:00:00,37.0050,141.4010,26,5.0,22.3,0.9,2.6,73
2011/08/12 04:37:00,34.4050,138.0850,27,5.2,13.7,1.3,2.5,102
2011/08/12 03:22:00,36.9650,141.1630,52,6.1,355.6,13.6,4.7,581
2011/08/11 22:31:00,38.4450,142.2340,30,5.3,126.3,2.8,3.3,228
2011/08/11 10:26:00,36.1620,141.3460,48,4.6,25.4,0.5,2.1,70
2011/08/10 08:13:00,34.0470,135.5230,61,4.7,244.2,4.3,3.7,170
2011/08/10 04:35:00,36.1920,141.3700,48,4.5,32.0,1.0,2.3,69
2011/08/07 12:33:00,36.7250,140.5980,7,4.7,253.7,3.9,3.7,167
2011/08/06 16:15:00,35.3350,141.1600,28,5.2,20.9,1.5,2.5,97
2011/08/05 20:16:00,37.1170,140.8500,7,4.7,103.9,2.9,3.1,115
2011/08/05 19:53:00,40.1200,142.4820,34,4.9,113.5,2.8,3.8,140
2011/08/02 00:23:00,36.8220,141.3130,37,4.8,17.7,0.7,2.4,66
2011/08/01 23:58:00,34.7050,138.5500,23,6.2,301.8,12.2,4.7,497
2011/08/01 22:47:00,39.1820,142.3910,29,4.5,18.6,0.3,1.7,53
2011/08/01 22:44:00,39.8120,142.2570,43,5.8,200.2,5.5,4.2,270
2011/08/01 15:55:00,38.6500,142.1540,42,4.6,34.0,1.2,2.7,99
2011/08/01 13:29:00,36.7420,141.7950,52,4.8,18.3,0.6,2.2,91
2011/08/01 04:33:00,38.7190,142.3440,43,4.6,43.3,0.6,2.2,97
2011/08/01 02:36:00,41.7050,143.0160,37,5.5,99.7,4.2,3.9,217
2011/07/31 03:54:00,36.8990,141.2230,57,6.5,496.6,17.3,5.2,708
2011/07/29 23:53:00,36.6840,142.1360,29,5.6,19.5,1.5,2.9,247
2011/07/28 18:01:00,40.2920,143.5270,3,5.7,11.6,0.7,2.3,122
2011/07/27 23:49:00,40.0990,142.8010,25,4.9,16.5,0.7,2.2,98
2011/07/26 07:58:00,42.0390,142.5090,67,4.8,52.3,2.1,3.1,210
2011/07/26 06:33:00,39.0290,142.7490,24,4.9,17.7,0.6,2.0,95
2011/07/26 05:39:00,38.5340,141.8220,50,4.6,61.5,0.8,2.2,109
2011/07/25 20:55:00,35.2400,141.2350,37,5.7,22.4,5.7,3.6,141
2011/07/25 20:04:00,38.5600,142.0810,45,5.2,82.2,2.1,3.1,199
2011/07/25 03:51:00,37.7050,141.6300,46,6.3,343.1,12.6,4.6,584
2011/07/25 00:07:00,38.8400,142.1210,44,5.2,85.0,1.8,3.0,162
2011/07/24 23:32:00,33.9170,136.1410,42,4.8,213.3,4.2,4.0,170
2011/07/23 13:34:00,38.8700,142.0940,47,6.4,323.0,16.7,5.0,484
2011/07/21 04:18:00,27.2280,128.3170,59,5.2,132.1,6.6,4.1,12
2011/07/19 10:39:00,37.3220,141.7600,31,5.4,34.2,1.3,2.8,189
2011/07/15 21:01:00,36.1600,140.0860,66,5.4,140.2,6.5,4.2,400
2011/07/14 13:10:00,36.8920,141.5210,29,5.4,16.3,0.9,2.2,87
2011/07/14 10:35:00,38.4320,141.8420,57,4.8,144.0,2.0,3.1,168
2011/07/13 16:19:00,24.9910,123.7970,116,5.1,14.9,0.3,1.6,5
2011/07/13 05:47:00,37.2870,141.1760,14,5.3,31.5,2.6,3.3,102
2011/07/13 00:37:00,38.3270,142.0110,47,5.1,86.2,3.7,3.6,187
2011/07/12 18:40:00,37.6150,142.0520,25,4.5,8.2,0.3,1.4,47
2011/07/12 18:00:00,38.7570,142.0660,57,4.8,196.5,2.8,3.6,150
2011/07/11 13:29:00,39.3390,142.0640,48,5.1,125.5,3.2,3.8,137
2011/07/11 10:36:00,38.4200,142.2060,35,4.6,62.1,0.9,2.5,98
2011/07/10 09:57:00,38.0290,143.5110,34,7.3,75.6,7.2,3.7,774
2011/07/08 22:10:00,39.8370,142.2490,43,4.9,99.0,1.5,3.0,109
2011/07/08 22:08:00,38.4240,142.1990,30,4.5,42.3,0.5,2.1,86
2011/07/08 03:35:00,37.0940,141.1310,55,5.6,265.5,10.6,4.6,450
2011/07/07 14:10:00,37.5790,142.0340,29,4.7,13.4,0.5,1.9,105
2011/07/07 13:02:00,38.0150,142.3060,38,4.7,14.0,0.3,1.7,86
2011/07/07 00:15:00,36.3700,141.7900,76,5.9,26.5,3.1,3.2,267
2011/07/05 19:34:00,33.9920,135.2450,7,4.5,634.5,13.3,4.1,85
2011/07/05 19:18:00,33.9870,135.2360,7,5.5,1084.1,26.3,4.9,340
2011/07/05 01:06:00,40.1590,142.3810,37,4.5,18.4,0.8,2.3,87
2011/07/04 19:45:00,40.1040,142.6940,28,4.5,7.3,0.4,1.7,61
2011/07/04 05:41:00,37.9090,142.5820,39,4.5,5.5,0.2,1.2,39
2011/07/01 13:19:00,37.5940,142.0110,24,4.5,6.7,0.2,1.5,75
2011/06/30 19:22:00,37.3400,141.5910,43,4.8,52.8,1.8,3.2,174
2011/06/30 08:21:00,36.1850,137.9560,4,5.1,60.4,3.8,3.5,72
2011/06/30 08:16:00,36.1850,137.9560,4,5.4,119.3,7.3,4.2,163
2011/06/30 07:14:00,35.7320,140.6210,51,4.6,39.8,1.2,2.6,82
2011/06/28 00:04:00,35.8140,141.0010,18,4.5,22.9,0.7,2.3,60
2011/06/25 16:06:00,36.9600,140.5400,6,4.5,44.7,1.3,3.0,121
2011/06/25 15:54:00,37.0150,142.4690,15,4.7,7.1,0.3,1.7,55
2011/06/25 02:39:00,41.9620,142.7240,57,5.4,70.2,3.7,3.3,251
2011/06/23 20:38:00,30.2440,131.6100,50,4.7,4.6,0.2,1.2,14
2011/06/23 19:35:00,38.4640,141.6110,57,5.3,306.8,6.1,4.2,237
2011/06/23 17:22:00,37.0620,141.1760,50,4.5,95.4,2.4,3.2,79
2011/06/23 06:51:00,39.9440,142.5940,36,6.9,485.1,12.0,5.0,645
2011/06/22 23:29:00,40.0600,142.9170,23,5.5,28.9,1.5,2.9,210
2011/06/22 06:15:00,36.2900,141.8530,73,5.0,13.4,0.5,1.9,72
2011/06/21 17:49:00,35.7550,141.4760,21,5.5,30.7,2.9,3.2,145
2011/06/20 10:46:00,35.5200,140.9460,40,4.6,29.6,1.5,3.0,46
2011/06/20 03:13:00,36.7700,141.2950,30,4.7,14.9,0.8,2.2,56
2011/06/19 15:52:00,35.5120,141.0180,38,4.5,16.1,0.8,2.0,24
2011/06/18 20:31:00,37.6140,141.8230,28,6.0,76.2,3.8,3.7,420
2011/06/18 13:39:00,37.0570,140.6300,15,4.6,145.2,5.4,3.7,142
2011/06/17 04:00:00,35.4140,141.2880,31,4.9,8.1,0.6,2.0,44
2011/06/15 02:54:00,39.4970,142.5560,28,4.6,16.6,0.4,1.9,73
2011/06/14 23:56:00,39.4870,142.5320,28,5.3,70.9,1.9,3.6,211
2011/06/14 22:07:00,37.8090,143.5860,50,6.0,21.0,0.9,2.5,347
2011/06/14 21:49:00,43.1140,145.3640,73,5.1,253.1,8.5,4.2,105
2011/06/13 15:50:00,39.9440,143.2310,16,5.1,10.2,0.8,2.4,90
2011/06/13 05:48:00,27.9960,130.2590,35,4.6,3.3,0.3,1.5,2
2011/06/12 21:57:00,36.2320,141.7560,29,4.9,6.1,0.6,1.8,50
2011/06/12 17:09:00,36.4090,141.0830,47,4.6,46.5,1.6,3.1,127
2011/06/12 05:09:00,37.2120,141.2130,21,4.5,68.0,1.8,3.0,124
2011/06/11 07:36:00,38.3600,142.2260,36,5.0,78.0,1.4,3.1,182
2011/06/10 03:16:00,40.1490,142.3990,37,4.7,28.8,1.2,2.7,93
2011/06/09 19:38:00,36.4940,140.9730,13,5.7,122.8,4.4,4.1,265
2011/06/09 19:26:00,37.2220,142.2810,22,5.2,10.5,0.4,2.0,68
2011/06/09 07:11:00,39.0370,142.4460,34,5.0,247.5,3.6,3.7,139
2011/06/07 05:10:00,37.7690,141.6030,48,4.6,62.7,1.4,2.8,129
2011/06/04 01:57:00,35.0920,132.6730,11,5.2,451.5,10.9,4.4,251
2011/06/04 01:00:00,36.9870,141.2130,30,5.5,129.9,5.7,4.1,364
2011/06/03 10:33:00,35.9770,140.1600,62,4.5,33.0,1.3,2.7,188
2011/06/03 09:05:00,37.2990,143.8360,57,6.1,28.7,1.2,2.8,412
2011/06/02 23:37:00,37.5070,142.7210,31,4.9,5.6,0.2,1.4,42
2011/06/02 11:33:00,37.0140,138.7080,6,4.7,161.8,6.0,3.9,86
2011/06/01 17:18:00,35.5270,140.7200,28,4.5,70.8,1.3,2.7,29
2011/06/01 01:26:00,40.2450,143.3560,12,5.1,7.8,0.7,2.1,73
2011/05/31 21:28:00,39.3390,142.0660,48,5.3,169.1,3.2,3.7,148
2011/05/31 08:53:00,40.2550,143.3860,10,5.0,7.5,0.3,1.8,53
2011/05/31 04:36:00,36.5090,140.9330,15,5.0,81.8,2.7,3.3,144
2011/05/28 08:02:00,39.7920,142.1440,47,4.5,63.7,1.7,3.1,88
2011/05/27 22:33:00,39.6090,140.6350,5,4.6,211.5,8.1,4.1,100
2011/05/27 12:34:00,37.1090,140.8310,8,4.7,40.3,1.2,2.9,57
2011/05/26 19:56:00,36.7150,140.6260,6,4.8,151.5,5.7,4.2,174
2011/05/25 09:19:00,35.9200,140.1410,62,4.5,50.1,1.6,3.2,159
2011/05/25 05:36:00,37.1090,140.8330,7,5.0,52.9,4.5,3.3,73
2011/05/24 20:49:00,36.3950,141.1250,44,5.0,71.6,1.6,3.0,135
2011/05/24 19:18:00,36.7770,141.2910,36,4.6,27.1,0.7,2.5,22
2011/05/24 12:41:00,39.7800,143.4910,27,5.8,16.6,1.2,2.7,142
2011/05/23 23:40:00,38.0590,142.6520,32,4.8,12.9,0.3,1.5,15
2011/05/23 14:20:00,38.1850,142.1570,16,4.8,17.8,0.5,2.2,35
2011/05/22 23:46:00,37.5800,143.4610,45,5.6,8.7,0.3,1.6,57
2011/05/22 20:06:00,37.5790,142.0620,27,4.7,9.2,0.2,1.2,9
2011/05/22 17:33:00,39.1150,143.0140,21,4.7,4.2,0.4,1.4,13
2011/05/22 07:06:00,35.7250,140.6460,48,5.5,115.8,13.1,4.4,273
2011/05/20 17:53:00,35.9850,140.0910,64,4.6,139.2,4.5,4.2,195
2011/05/20 16:28:00,37.4490,141.4860,41,5.2,71.4,3.0,3.5,229
2011/05/20 09:46:00,35.7970,141.1780,36,5.8,62.9,7.3,3.9,257
2011/05/19 18:12:00,37.1690,142.8510,42,5.5,7.1,0.4,1.7,20
2011/05/19 17:32:00,38.3250,141.7790,60,4.8,113.3,1.6,3.0,101
2011/05/17 03:05:00,36.4750,137.6410,2,4.5,42.6,0.7,2.2,59
2011/05/17 00:53:00,37.3740,141.3000,35,4.6,121.9,2.2,2.8,87
2011/05/16 04:07:00,38.6250,141.9370,48,4.7,79.1,1.7,2.8,50
2011/05/15 21:32:00,39.7620,142.7340,31,4.7,15.8,0.4,1.9,42
2011/05/15 21:14:00,37.2840,142.5590,68,5.3,20.0,1.2,2.6,136
2011/05/15 19:25:00,37.0670,142.4960,6,5.1,6.3,0.3,1.5,9
2011/05/15 08:51:00,37.6520,141.5850,48,5.1,68.4,2.5,3.6,132
2011/05/15 07:30:00,42.8500,146.3160,48,5.0,29.7,0.8,2.6,44
2011/05/15 00:01:00,37.4070,141.3200,28,4.6,41.6,1.1,2.7,65
2011/05/14 08:36:00,37.3240,141.6310,41,5.9,105.3,3.5,3.9,388
2011/05/14 06:49:00,35.9540,141.1060,29,4.7,42.4,1.5,2.6,96
2011/05/13 01:21:00,39.6600,142.1420,49,4.7,87.3,2.0,3.1,85
2011/05/12 03:21:00,38.5250,141.8170,50,4.6,70.9,1.1,2.7,66
2011/05/11 05:24:00,35.6700,141.0150,23,4.7,92.8,3.2,3.4,54
2011/05/10 19:14:00,36.2220,141.8650,58,5.4,20.1,0.7,2.6,27
2011/05/10 08:38:00,36.6950,140.6400,6,4.5,71.1,2.7,3.5,56
2011/05/10 05:15:00,37.7920,143.6210,45,5.6,9.3,0.3,1.7,66
2011/05/08 19:43:00,37.6470,141.5910,46,4.7,77.4,1.8,3.3,81
2011/05/08 07:11:00,37.1050,140.7760,4,4.5,31.0,0.9,2.7,56
2011/05/08 05:52:00,40.2400,142.5040,34,5.7,98.9,3.2,3.8,198
2011/05/07 13:35:00,37.7420,139.9350,8,4.6,306.7,10.4,3.9,97
2011/05/06 14:15:00,39.0740,142.2340,44,4.7,68.7,1.2,2.6,52
2011/05/06 08:21:00,26.0780,128.6740,35,5.6,7.4,0.9,2.2,5
2011/05/06 02:04:00,37.0950,140.8110,6,5.2,87.4,4.7,3.7,109
2011/05/05 23:58:00,38.2090,144.1220,42,6.1,28.1,0.9,2.7,305
2011/05/05 19:20:00,36.8450,140.5850,8,4.5,258.1,9.0,4.4,69
2011/05/04 14:41:00,40.8420,141.4170,92,4.6,59.9,1.9,3.2,99
2011/05/03 22:57:00,37.0090,140.5880,8,4.5,220.8,3.9,3.6,68
2011/05/03 22:36:00,38.8000,142.0460,47,4.8,104.6,1.7,2.7,75
2011/05/03 06:26:00,40.0540,142.7260,31,5.1,18.2,1.4,2.8,100
2011/05/02 21:36:00,38.3100,142.2360,38,4.7,37.5,0.8,2.5,68
2011/05/02 11:09:00,37.6490,141.6030,48,4.7,59.5,1.6,2.6,57
2011/05/01 11:48:00,37.4200,141.2110,29,4.6,106.7,2.5,3.3,88
2011/05/01 10:27:00,35.8920,140.8560,39,4.5,59.0,2.6,2.8,15
2011/05/01 02:12:00,36.3850,141.0080,21,4.9,87.5,2.8,3.6,127
2011/04/30 15:04:00,36.7640,141.2510,37,4.6,59.7,1.7,3.2,32
2011/04/30 14:47:00,37.3320,141.2980,33,4.5,84.1,2.3,3.4,76
2011/04/30 14:06:00,36.7550,141.2830,37,5.3,164.0,9.5,4.3,193
2011/04/30 07:19:00,38.8350,142.1170,44,5.2,74.1,1.8,2.8,90
2011/04/30 02:04:00,35.4540,140.9180,24,4.7,52.2,2.4,2.9,50
2011/04/29 15:54:00,39.3370,142.0670,48,4.8,93.3,2.6,3.5,77
2011/04/29 13:38:00,30.2340,130.9500,44,4.6,28.2,0.9,2.5,16
2011/04/28 18:28:00,37.4100,141.7830,44,5.7,119.8,4.0,4.1,347
2011/04/28 10:44:00,38.5600,141.8940,48,4.8,76.1,2.1,3.0,86
2011/04/28 06:45:00,38.1240,141.7810,53,4.8,128.8,1.5,2.9,101
2011/04/27 19:27:00,36.8170,138.6260,0,4.6,66.3,2.6,3.0,72
2011/04/26 21:12:00,36.0820,139.9780,46,5.0,188.0,5.2,4.1,292
2011/04/26 13:01:00,37.2820,141.2500,13,5.2,44.9,1.7,3.1,98
2011/04/26 08:26:00,42.0200,142.5960,61,4.6,14.1,0.7,2.3,87
2011/04/26 06:16:00,38.3450,141.8740,64,4.5,166.2,2.4,3.2,70
2011/04/25 18:00:00,36.1700,141.0280,39,5.0,134.0,4.5,4.1,153
2011/04/25 06:06:00,35.2220,141.2460,40,5.1,7.8,0.6,2.0,25
2011/04/24 19:09:00,37.0550,140.6410,14,4.5,165.4,6.7,4.4,72
2011/04/23 19:13:00,39.1290,143.0040,35,6.1,67.7,1.8,3.2,307
2011/04/23 08:15:00,36.7050,140.6430,5,4.5,99.1,3.0,3.8,31
2011/04/23 00:25:00,37.1650,141.1960,21,5.4,376.2,11.2,4.5,255
2011/04/22 01:11:00,37.5070,141.4550,48,5.6,201.2,7.4,4.3,362
2011/04/21 22:37:00,35.6720,140.6880,46,6.0,110.2,9.2,4.1,376
2011/04/21 17:18:00,38.3170,142.2360,31,5.2,115.8,2.0,3.2,146
2011/04/21 01:33:00,38.1440,141.7440,55,4.5,61.7,1.4,3.0,70
2011/04/20 09:50:00,37.0220,140.6780,7,4.8,47.7,1.9,2.8,98
2011/04/20 08:07:00,34.1170,140.2500,84,5.0,40.7,1.8,3.2,73
2011/04/19 23:47:00,36.8770,140.8160,8,4.5,119.2,6.2,3.7,40
2011/04/19 23:10:00,36.1650,139.8100,53,5.0,309.3,8.9,4.5,291
2011/04/19 15:53:00,37.0140,140.6530,7,4.6,120.8,3.6,3.6,73
2011/04/19 06:34:00,36.7100,141.4700,37,4.8,18.7,0.6,2.4,39
2011/04/19 04:14:00,39.5990,140.3900,6,4.9,398.1,14.9,4.7,67
2011/04/18 00:47:00,36.9940,141.2830,29,4.8,78.7,2.4,3.3,112
2011/04/17 23:46:00,37.0900,140.8360,7,4.5,27.2,1.5,2.5,19
2011/04/17 21:51:00,37.0620,140.7330,8,4.6,87.9,2.4,3.2,80
2011/04/17 15:49:00,35.8640,140.4660,35,4.6,40.1,1.1,2.5,64
2011/04/17 14:38:00,37.0070,140.6830,7,4.5,62.3,0.9,2.6,61
2011/04/17 13:39:00,35.8640,140.4730,35,4.5,31.5,0.7,2.3,56
2011/04/17 10:38:00,38.6470,142.3740,38,4.8,41.4,0.8,2.5,63
2011/04/17 05:21:00,36.1750,140.9730,52,4.7,58.9,1.6,3.2,114
2011/04/17 05:19:00,37.0940,140.8310,8,4.5,51.2,1.1,2.8,71
2011/04/17 00:56:00,37.0190,138.6910,8,4.9,276.6,6.9,4.1,63
2011/04/16 11:19:00,36.3370,139.9480,79,5.9,413.4,14.8,5.0,507
2011/04/16 10:11:00,25.2040,124.0250,137,5.8,12.5,0.6,2.0,6
2011/04/15 23:34:00,39.1640,142.4260,31,5.0,55.6,0.8,2.5,99
2011/04/15 21:53:00,37.4090,141.4900,19,4.7,17.0,0.5,1.9,40
2011/04/14 19:32:00,39.7850,143.4290,32,5.0,14.3,1.0,2.5,81
2011/04/14 12:09:00,36.9800,140.7750,11,5.4,143.0,12.2,4.2,259
2011/04/14 07:35:00,36.7750,140.5750,9,5.1,684.4,26.1,5.2,208
2011/04/14 04:57:00,39.6440,143.8120,0,6.3,16.5,1.7,2.7,207
2011/04/13 21:58:00,37.2220,141.2010,14,4.5,26.2,0.7,2.5,61
2011/04/13 10:08:00,36.9120,140.7100,5,5.7,484.1,20.2,5.2,351
2011/04/13 08:54:00,38.2700,141.8770,61,4.5,58.6,1.0,2.6,78
2011/04/13 08:36:00,35.4840,140.8810,27,5.3,57.2,2.4,3.2,114
2011/04/13 04:37:00,39.3400,142.0670,48,5.5,186.8,4.3,4.0,151
2011/04/13 04:02:00,36.9420,140.6350,7,4.5,97.0,2.3,3.1,77
2011/04/12 19:15:00,37.1470,140.8230,10,4.5,80.7,1.9,3.0,127
2011/04/12 17:48:00,37.0240,140.6910,10,4.9,224.8,7.9,4.0,193
2011/04/12 16:15:00,36.8290,138.5710,1,4.6,111.1,2.7,3.6,95
2011/04/12 14:26:00,37.0390,140.6550,14,4.8,190.0,7.8,4.5,141
2011/04/12 14:15:00,37.0500,140.6760,13,4.5,81.9,1.7,2.9,65
2011/04/12 14:07:00,37.0490,140.6460,15,6.4,847.0,60.5,5.8,529
2011/04/12 08:48:00,37.0270,140.6950,11,4.7,102.9,2.7,3.3,155
2011/04/12 08:08:00,35.4790,140.8700,26,6.4,203.5,9.4,4.4,387
2011/04/12 07:32:00,36.8270,138.5860,0,4.7,75.5,2.5,3.3,84
2011/04/12 07:26:00,36.8150,138.6080,0,5.6,209.8,11.7,4.4,221
2011/04/12 00:57:00,37.0590,140.6560,11,5.0,60.5,3.1,3.7,158
2011/04/12 00:43:00,36.9400,140.6530,11,4.5,302.8,6.4,3.9,130
2011/04/12 00:21:00,36.8370,140.5160,7,4.8,97.1,3.9,3.8,140
2011/04/11 22:05:00,37.0150,140.6930,11,4.7,323.1,10.6,3.8,182
2011/04/11 20:42:00,36.9620,140.6360,11,5.9,385.6,12.3,4.6,455
2011/04/11 18:36:00,36.8970,140.6830,8,4.8,190.2,5.3,4.0,164
2011/04/11 18:05:00,36.9850,140.7330,12,5.1,257.8,10.8,4.4,299
2011/04/11 17:59:00,36.9890,140.7330,12,4.8,190.0,11.1,4.3,136
2011/04/11 17:58:00,37.0200,140.6100,10,4.9,212.9,4.5,3.6,214
2011/04/11 17:26:00,37.0590,140.6250,5,5.4,164.3,7.6,4.4,258
2011/04/11 17:19:00,37.0020,140.7230,11,4.5,69.1,3.1,3.3,100
2011/04/11 17:17:00,36.8870,140.7180,9,5.7,61.8,1.8,2.7,49
2011/04/11 17:16:00,36.9420,140.6750,6,7.0,745.8,56.6,5.8,731
2011/04/11 13:51:00,37.4650,141.3260,29,5.0,135.3,5.3,4.1,186
2011/04/11 06:36:00,36.7370,141.1560,53,5.1,161.0,6.1,4.3,246
2011/04/11 02:45:00,37.2940,141.4450,36,4.5,59.0,2.2,3.2,123
2011/04/11 00:07:00,38.3250,141.8690,64,4.5,68.0,1.1,2.7,101
2011/04/09 21:58:00,30.0110,131.8400,62,5.8,14.5,0.8,2.4,84
2011/04/09 18:42:00,38.2440,141.8170,58,5.4,286.0,5.3,4.1,253
2011/04/09 03:42:00,43.5350,147.5370,34,5.2,17.7,0.5,2.3,56
2011/04/08 11:57:00,36.7700,141.1700,44,4.7,56.0,1.2,3.0,145
2011/04/07 23:49:00,38.1390,141.8210,59,4.6,52.7,1.2,2.9,96
2011/04/07 23:32:00,38.2000,141.9240,66,7.1,1495.8,67.9,6.2,923
2011/04/07 11:40:00,36.5370,140.8930,51,4.9,205.1,5.4,4.0,167
2011/04/07 01:25:00,38.3840,142.1470,39,4.5,22.4,0.6,2.0,67
2011/04/06 22:55:00,37.6300,141.5750,46,5.3,145.1,4.3,3.6,309
2011/04/06 21:56:00,36.7300,140.6050,7,4.9,421.2,7.1,3.9,195
2011/04/06 07:02:00,38.3970,142.3140,27,5.0,29.7,0.7,2.6,174
2011/04/05 23:41:00,35.7000,140.9880,10,4.6,89.6,3.3,3.1,63
2011/04/05 13:25:00,38.8950,142.5490,42,4.6,30.4,0.5,2.2,69
2011/04/05 10:29:00,39.6690,142.1440,48,4.7,98.1,2.0,3.1,82
2011/04/04 17:42:00,37.8070,142.5470,38,4.8,10.6,0.3,1.9,115
2011/04/03 23:55:00,37.8600,142.1640,36,4.5,6.8,0.3,1.5,89
2011/04/03 23:53:00,37.8650,142.1340,40,4.9,18.5,0.8,2.3,119
2011/04/03 21:57:00,37.2600,141.4050,48,4.6,115.9,3.3,3.2,128
2011/04/03 16:38:00,37.6220,141.6530,47,5.4,170.2,5.8,4.2,304
2011/04/02 23:38:00,37.0920,140.8360,6,4.8,31.6,1.7,3.0,133
2011/04/02 16:56:00,36.2040,139.9650,54,5.0,417.2,13.7,4.9,287
2011/04/02 14:33:00,39.0900,142.3890,36,4.7,87.4,1.2,2.6,82
2011/04/02 14:08:00,36.4190,141.1000,45,4.6,65.7,1.6,3.2,127
2011/04/02 13:08:00,38.7690,142.0990,42,5.2,186.0,4.0,3.9,198
2011/04/02 05:00:00,38.8720,141.9990,49,4.9,111.1,3.2,3.5,130
2011/04/01 20:58:00,39.3320,142.1690,45,6.0,161.7,6.3,4.2,340
2011/04/01 19:49:00,40.2540,140.3660,12,5.0,343.9,13.5,4.9,184
2011/03/31 16:15:00,38.8690,142.0870,47,6.1,239.7,10.7,4.1,400
2011/03/30 22:19:00,36.7000,141.0000,50,5.0,381.5,6.1,4.3,281
2011/03/29 19:54:00,37.4000,142.4000,0,6.4,47.6,4.5,3.6,460
2011/03/28 07:24:00,38.3890,142.3190,31,6.5,193.3,9.9,4.4,519
2011/03/26 19:18:00,38.6000,141.9000,50,5.1,144.2,4.4,3.9,232
2011/03/25 20:36:00,38.7000,142.3000,40,6.2,223.8,6.3,4.3,430
2011/03/24 17:21:00,39.0740,142.3610,34,6.2,198.6,6.3,4.2,433
2011/03/24 08:56:00,36.1740,140.0450,52,4.8,309.6,10.8,4.8,280
2011/03/24 05:33:00,36.3000,141.0000,40,4.7,146.2,3.8,3.9,183
2011/03/23 18:55:00,37.1070,140.7630,9,4.7,136.3,4.4,3.8,151
2011/03/23 07:36:00,37.0600,140.7730,7,5.8,279.1,10.6,4.8,417
2011/03/23 07:34:00,37.0940,140.7980,7,5.5,274.7,9.4,4.7,201
2011/03/23 07:12:00,37.0800,140.7900,8,6.0,254.5,12.6,4.5,395
2011/03/23 00:49:00,39.2000,142.4000,20,5.2,86.2,2.1,3.1,205
2011/03/22 18:44:00,39.8000,143.8000,10,6.2,10.9,1.1,2.6,149
2011/03/22 18:19:00,37.4000,141.9000,10,6.3,189.0,9.9,4.4,529
2011/03/22 16:19:00,37.1000,143.9000,10,6.3,34.5,1.7,2.9,457
2011/03/22 12:38:00,35.3000,141.2000,10,5.7,26.2,3.5,3.5,203
2011/03/21 04:54:00,37.3000,141.2000,30,4.7,143.4,3.3,3.5,187
2011/03/20 21:03:00,39.3000,142.1000,50,5.8,237.2,5.6,4.0,263
2011/03/20 10:30:00,36.9000,141.3000,20,5.7,102.2,6.2,4.2,346
2011/03/19 18:56:00,36.7800,140.5730,5,6.1,1084.4,67.9,6.0,519
2011/03/19 08:49:00,36.8000,140.7000,10,5.3,318.6,15.0,4.8,195
2011/03/19 08:33:00,39.2000,142.5000,20,5.6,82.6,3.5,3.7,243
2011/03/18 17:01:00,35.9000,141.3000,10,5.4,39.7,3.3,3.3,207
2011/03/17 21:55:00,36.7000,141.3000,30,5.8,109.9,4.4,3.9,471
2011/03/17 21:32:00,35.7000,141.1000,40,5.8,202.9,14.8,4.3,263
2011/03/17 13:14:00,40.1000,142.5000,20,5.8,73.9,4.5,3.8,317
2011/03/16 23:46:00,38.5000,141.8000,50,5.2,109.9,2.4,3.4,202
2011/03/16 22:39:00,36.0000,140.5000,60,5.3,57.7,3.1,3.4,328
2011/03/16 13:14:00,37.5000,141.7000,20,5.6,172.8,7.1,4.4,336
2011/03/16 12:52:00,35.8340,140.9080,10,6.1,215.5,8.7,4.4,432
2011/03/15 22:31:00,35.3050,138.7160,14,6.4,1075.6,82.1,6.3,586
2011/03/14 15:52:00,36.9000,141.2000,40,5.2,178.7,4.9,3.9,316
2011/03/14 15:18:00,37.4000,141.4000,30,5.3,146.0,3.6,3.8,275
2011/03/14 15:13:00,37.7000,142.7000,10,6.3,60.1,2.7,3.4,371
2011/03/14 10:02:00,36.4550,141.1280,32,6.2,290.2,12.0,4.6,449
2011/03/13 10:26:00,35.8000,141.9000,10,6.4,94.3,4.6,3.8,314
2011/03/13 08:25:00,38.0090,141.9520,15,6.2,123.7,7.6,4.0,427
2011/03/13 03:09:00,37.4000,141.3000,30,4.5,105.5,3.2,3.3,126
2011/03/12 23:43:00,39.5000,142.7000,30,6.1,138.3,4.6,3.9,315
2011/03/12 22:15:00,37.1940,141.4280,40,6.2,355.3,10.6,4.7,544
2011/03/12 19:53:00,39.0000,142.5000,0,5.8,224.7,6.6,4.1,340
2011/03/12 15:19:00,39.2000,142.5000,10,5.4,296.6,5.4,4.1,254
2011/03/12 10:14:00,37.3000,141.4000,20,4.5,138.5,2.8,3.6,163
2011/03/12 08:11:00,37.2000,141.0000,0,4.8,80.0,3.2,3.6,51
2011/03/12 06:34:30,37.4000,141.4000,20,4.8,61.3,2.9,3.6,195
2011/03/12 05:42:00,36.9690,138.5930,4,5.3,94.1,3.1,3.7,86
2011/03/12 04:47:00,40.4000,139.1000,10,6.4,139.6,7.1,4.3,273
2011/03/12 04:45:00,37.5000,141.7000,30,5.2,91.6,3.7,3.8,226
2011/03/12 04:32:00,36.9450,138.5750,1,5.9,415.0,11.9,4.7,363
2011/03/12 03:59:00,36.9820,138.6000,8,6.7,803.5,36.4,5.4,556
2011/03/11 20:37:00,39.1650,142.6220,24,6.7,363.0,12.0,4.8,586
2011/03/11 17:41:00,37.4220,141.3200,27,6.1,771.6,25.0,4.9,495
2011/03/11 16:30:00,37.3530,141.2840,27,6.0,308.4,12.1,4.7,214
2011/03/11 16:29:00,39.0270,142.2840,36,6.5,366.9,19.2,4.9,322
2011/03/11 15:26:00,37.8340,144.8970,34,7.5,126.1,7.5,4.1,867
2011/03/11 15:15:00,36.1050,141.2680,43,7.7,957.2,52.8,6.0,753
2011/03/11 15:13:00,37.2000,141.6630,27,6.1,232.4,9.4,4.5,240
2011/03/11 15:09:00,39.8350,142.7840,32,7.4,407.2,21.7,5.0,417
2011/03/11 15:08:00,35.1770,139.0280,6,4.6,467.2,14.2,4.5,96
2011/03/11 15:06:00,39.0390,142.4010,27,6.4,274.4,6.6,4.4,251
2011/03/11 14:58:00,37.6720,141.9130,23,6.4,106.4,9.2,4.3,281
2011/03/11 14:54:00,37.4970,141.3330,36,5.8,838.8,49.6,5.8,184
2011/03/11 14:51:00,36.7300,142.0310,11,6.8,139.9,12.7,4.6,397
2011/03/11 14:46:00,38.1000,142.8640,24,9.0,2933.2,112.2,6.6,1225
2011/03/11 01:54:00,38.0590,143.6070,18,5.4,2.3,0.3,1.3,54
2011/03/10 20:21:00,38.5150,143.3110,23,5.2,2.2,0.2,1.0,48
2011/03/10 17:08:00,38.5640,143.5390,34,5.9,4.9,0.5,1.8,109
2011/03/10 08:36:00,38.3870,143.4110,35,5.2,5.1,0.3,1.4,86
2011/03/10 06:24:00,38.1690,143.0470,9,6.8,39.0,3.4,3.2,523
2011/03/10 03:45:00,38.4750,143.4360,36,6.3,8.0,1.2,2.4,172
2011/03/10 03:16:00,38.2670,142.8820,29,6.4,30.9,3.5,3.2,453
2011/03/09 20:27:00,38.5420,143.1560,8,5.3,5.2,0.3,1.4,71
2011/03/09 17:02:00,38.5950,143.1720,7,5.2,4.5,0.4,1.8,88
2011/03/09 13:45:00,38.4340,142.9440,22,5.3,7.3,0.5,1.8,94
2011/03/09 13:37:00,38.6020,143.2520,11,6.1,9.3,1.0,2.4,206
2011/03/09 13:32:00,38.6190,143.2810,22,5.1,2.3,0.2,1.1,51
2011/03/09 13:05:00,38.5990,143.1340,9,5.6,5.4,0.6,1.7,98
2011/03/09 12:08:00,38.3540,143.3190,27,5.8,3.2,0.4,1.6,91
2011/03/09 11:58:00,38.2950,143.1590,21,6.0,6.2,0.8,2.1,132
2011/03/09 11:57:00,38.3190,143.4010,12,6.2,6.4,1.4,2.2,160
2011/03/09 11:45:00,38.3250,143.2820,8,7.3,104.3,14.2,4.4,742
2011/03/07 19:13:00,29.0840,129.4590,27,5.1,9.4,0.7,2.3,4
2011/03/07 18:49:00,29.0840,129.4570,29,4.5,2.0,0.1,0.9,2
2011/03/02 08:27:00,24.7510,125.2200,25,4.9,90.1,3.1,3.1,4
2011/02/28 09:04:00,32.1170,131.8550,34,4.6,56.5,1.5,2.8,76
2011/02/27 05:38:00,36.1520,137.4560,4,5.5,373.4,11.5,5.1,298
2011/02/27 02:19:00,36.1540,137.4600,4,5.0,1538.7,40.7,5.8,180
2011/02/27 00:38:00,37.3000,141.8460,43,5.2,16.2,0.8,2.2,206
2011/02/26 23:40:00,38.1670,143.5390,34,5.2,2.8,0.3,1.4,50
2011/02/26 04:12:00,34.4320,140.3760,56,5.0,66.9,3.5,3.6,100
2011/02/22 13:56:00,26.3510,128.9520,33,5.2,6.7,0.3,1.6,6
2011/02/21 15:46:00,33.8740,135.3660,53,4.8,185.2,4.1,3.9,222
2011/02/17 08:45:00,25.9630,128.4200,46,5.3,9.9,0.8,2.3,5
2011/02/15 23:12:00,25.9540,128.4450,41,5.4,11.7,1.2,2.4,5
2011/02/10 22:03:00,37.1550,141.4110,48,5.4,77.8,5.5,3.9,332
2011/02/05 10:56:00,34.8520,140.6210,64,5.2,123.6,6.9,4.0,228
2011/02/04 20:16:00,29.2030,130.3090,72,5.0,4.5,0.3,1.7,10
2011/02/04 18:11:00,31.0760,131.5170,31,4.7,27.2,1.5,3.0,49
2011/01/25 14:24:00,35.1800,141.4100,39,5.3,5.4,1.1,2.1,44
2011/01/20 20:36:00,29.5480,129.5840,150,4.9,14.4,0.4,1.7,23
2011/01/16 20:33:00,34.0050,133.7780,44,4.5,148.4,2.6,3.5,164
2011/01/16 12:35:00,43.8590,147.9710,62,5.1,6.4,0.2,1.5,16
2011/01/13 06:32:00,27.0710,140.1760,516,6.3,3.5,0.2,1.3,77
2011/01/09 21:42:00,42.3370,144.5260,31,4.7,8.2,0.3,1.7,57
2011/01/03 13:45:00,38.5700,139.2650,12,4.7,66.8,2.4,3.3,124
2011/01/01 08:01:00,36.6540,140.9760,49,4.7,76.7,2.2,3.4,163
2010/12/25 09:22:00,28.2060,130.4840,55,4.7,4.2,0.3,1.7,4
2010/12/23 06:50:00,26.9340,143.6910,59,6.5,2.4,0.2,1.0,28
2010/12/22 02:20:00,27.0480,143.9380,8,7.4,9.1,0.7,2.2,329
2010/12/15 23:19:00,27.4660,129.5520,26,4.7,8.9,0.3,1.7,4
2010/12/15 16:37:00,41.0250,142.8120,23,4.7,11.3,0.5,2.0,100
2010/12/15 14:43:00,41.9490,144.4710,35,4.7,7.8,0.5,2.0,47
2010/12/13 14:19:00,27.5040,129.5420,40,4.6,5.1,0.1,1.2,3
2010/12/10 01:21:00,39.0490,143.8260,8,4.9,3.1,0.3,1.5,27
2010/12/06 16:30:00,40.7950,143.2220,7,5.8,22.1,1.5,3.1,246
2010/12/02 06:44:00,42.9750,141.4440,3,4.6,40.5,1.8,2.9,55
2010/11/30 12:25:00,28.3540,139.5910,494,7.1,80.1,6.8,4.1,433
2010/11/27 04:20:00,23.9210,122.9470,55,4.7,2.1,0.1,0.4,2
2010/11/24 20:09:00,36.2250,140.9050,47,4.9,124.0,3.0,3.8,215
2010/11/19 13:02:00,43.1700,145.6010,53,4.8,139.3,4.9,3.8,103
2010/11/05 19:14:00,36.0590,139.8450,45,4.6,102.4,3.5,3.4,274
2010/11/05 07:31:00,36.7440,141.2750,48,4.9,36.9,1.2,2.9,200
2010/11/03 03:10:00,46.4800,147.2530,392,5.4,12.0,0.5,2.1,65
2010/10/16 06:14:00,40.1590,142.4340,36,4.6,20.0,0.7,2.3,87
2010/10/14 22:59:00,42.3090,143.0720,53,5.5,167.2,4.7,4.0,274
2010/10/10 06:46:00,25.8090,127.8070,43,4.6,12.0,0.6,1.8,4
2010/10/06 13:51:00,33.5240,133.7330,7,4.5,93.9,2.8,3.0,117
2010/10/04 22:28:00,24.2130,125.3370,53,6.4,80.3,3.8,3.5,8
2010/10/03 09:26:00,37.1350,138.4200,22,4.7,260.1,9.3,4.3,158
2010/10/03 06:52:00,37.1320,138.4210,24,4.6,206.7,5.7,4.1,111
2010/10/03 06:37:00,37.1390,138.4250,23,4.5,77.4,2.1,3.1,99
2010/09/30 21:47:00,37.0800,141.1250,51,4.8,51.2,1.9,3.3,160
2010/09/30 01:23:00,37.2770,140.0080,7,4.6,78.1,1.6,3.4,105
2010/09/29 17:00:00,37.2820,140.0280,8,5.7,217.4,8.3,4.2,262
2010/09/29 12:02:00,37.2950,140.0480,6,4.8,85.5,1.7,3.2,129
2010/09/28 21:31:00,25.7230,126.4550,28,4.9,7.0,0.2,1.2,3
2010/09/28 01:13:00,43.4970,145.7620,99,5.3,128.6,4.4,3.9,205
2010/09/27 02:55:00,35.6920,140.1000,68,4.5,16.5,0.6,2.2,215
2010/09/24 04:47:00,24.8310,125.6070,52,4.9,16.0,1.2,2.0,2
2010/09/22 05:32:00,35.8740,140.4830,35,4.5,56.3,1.1,2.5,117
2010/09/13 14:48:00,41.4520,142.1260,63,5.8,84.8,5.4,4.0,358
2010/09/04 06:15:00,42.7390,145.5170,61,5.1,159.2,5.2,4.0,118
2010/09/01 16:33:00,37.9100,141.8740,43,5.0,37.1,0.7,2.3,151
2010/08/31 11:30:00,40.3990,139.1760,33,4.9,22.2,1.2,2.4,100
2010/08/27 00:08:00,36.1890,136.9700,286,5.2,6.6,0.4,1.8,177
2010/08/21 23:25:00,37.3020,141.6980,43,4.6,16.3,0.6,2.0,69
2010/08/14 13:25:00,42.8190,142.3440,109,4.6,34.7,1.3,2.9,174
2010/08/11 00:48:00,28.7940,128.6540,12,4.9,2.9,0.2,1.1,2
2010/08/10 14:50:00,39.3450,143.4970,30,6.3,20.4,1.9,3.0,288
2010/08/08 01:03:00,37.7950,142.0540,37,4.6,15.0,0.3,1.5,76
2010/08/07 14:31:00,42.8270,145.0760,50,4.6,35.5,1.0,2.7,65
2010/08/04 15:48:00,24.9760,125.5240,23,4.8,43.0,1.1,2.6,2
2010/08/03 07:31:00,36.7340,140.3160,82,4.6,118.3,2.4,3.6,196
2010/07/28 08:06:00,42.3340,143.8020,56,4.5,80.6,2.4,3.2,105
2010/07/27 08:31:00,38.9940,142.3110,25,5.3,116.3,2.2,3.2,189
2010/07/23 06:06:00,35.8750,140.4880,35,4.9,224.0,6.9,3.8,205
2010/07/21 06:19:00,34.2020,135.6960,58,5.1,95.0,3.3,3.6,379
2010/07/08 21:23:00,42.5700,144.5320,59,4.7,79.8,2.6,3.3,94
2010/07/05 06:56:00,39.6540,142.6560,34,6.4,115.4,4.1,3.9,471
2010/07/04 15:03:00,35.9350,140.3030,88,4.5,32.8,1.0,2.6,231
2010/07/04 04:33:00,39.0200,140.9150,7,5.2,263.3,6.2,4.2,195
2010/06/28 06:03:00,41.6220,141.8360,57,5.1,70.4,3.2,3.6,247
2010/06/19 19:01:00,41.3040,142.6690,33,4.9,26.6,1.1,2.9,136
2010/06/18 11:23:00,44.5940,149.2000,30,6.5,10.7,1.2,2.6,156
2010/06/13 12:33:00,37.3920,141.7980,40,6.2,277.0,12.4,4.9,544
2010/06/13 00:45:00,28.8160,128.6500,17,5.2,7.2,0.5,1.9,2
2010/06/05 14:22:00,43.2670,146.8720,62,5.5,49.8,1.3,2.9,118
2010/06/01 13:49:00,37.5090,141.5410,45,4.8,29.6,1.9,2.7,151
2010/05/26 17:53:00,25.7380,129.9900,48,6.4,19.2,0.7,2.3,12
2010/05/17 16:58:00,28.7760,128.5550,9,4.7,4.7,0.4,1.7,1
2010/05/16 21:35:00,28.7660,128.5650,13,5.0,9.8,0.8,2.3,2
2010/05/16 20:26:00,28.7790,128.5270,11,4.6,4.9,0.4,1.9,1
2010/05/13 20:01:00,33.4040,131.6650,90,4.7,42.8,1.1,2.7,213
2010/05/03 19:27:00,29.7230,141.4930,65,6.1,5.5,0.2,1.2,63
2010/05/01 18:20:00,37.5550,139.1930,9,4.9,220.9,9.5,4.3,229
2010/04/29 17:01:00,36.6940,141.2500,45,4.5,12.7,0.4,1.7,93
2010/04/27 08:23:00,33.7440,137.0800,377,5.2,8.0,0.3,1.7,104
2010/04/26 12:00:00,22.2060,123.8270,50,6.6,7.9,0.7,2.1,5
2010/04/26 06:23:00,37.9870,142.3970,76,5.1,62.9,1.1,2.9,232
2010/04/26 05:43:00,24.7810,125.0120,53,5.1,18.0,1.2,2.3,5
2010/04/16 16:38:00,38.0370,139.4800,12,4.6,190.3,3.9,3.6,149
2010/04/11 22:02:00,29.5480,130.5000,33,4.9,6.9,0.2,1.4,6
2010/04/09 03:41:00,42.9140,144.7260,57,4.8,75.1,4.2,3.8,113
2010/03/31 06:18:00,36.4190,140.6480,55,4.6,153.9,4.4,4.0,190
2010/03/30 10:03:00,43.1900,138.5810,25,5.8,36.9,1.4,3.1,99
2010/03/28 05:02:00,33.5030,140.9260,50,4.7,8.1,0.3,1.5,5
2010/03/16 07:30:00,35.6700,140.1330,68,4.5,24.9,0.7,2.3,196
2010/03/14 17:08:00,37.7200,141.8210,40,6.7,171.8,11.8,4.6,661
2010/03/13 21:46:00,37.6100,141.4750,78,5.5,206.6,8.9,4.3,457
2010/03/06 22:31:00,43.8800,147.6210,6,5.5,26.8,0.9,2.9,66
2010/03/05 06:49:00,33.9290,139.4250,21,4.6,17.9,0.8,2.2,12
2010/03/01 07:08:00,39.3870,140.6110,118,4.9,17.1,0.7,2.2,148
2010/02/27 05:31:00,25.9140,128.6820,37,7.2,123.0,9.9,4.3,47
2010/02/26 10:07:00,23.6660,122.8090,50,5.7,7.1,0.4,1.6,3
2010/02/22 14:21:00,23.9930,122.9120,32,5.6,6.1,0.3,1.5,2
2010/02/21 11:49:00,33.8220,132.3100,13,4.5,90.8,3.8,3.4,145
2010/02/21 09:57:00,37.5070,141.5710,45,4.8,53.8,2.8,3.0,175
2010/02/18 10:13:00,42.6180,131.0660,619,6.8,6.4,0.4,1.9,278
2010/02/17 04:59:00,34.9470,140.0900,83,4.7,43.8,1.7,3.0,225
2010/02/07 15:10:00,23.3160,123.6950,54,6.5,22.7,1.6,2.8,5
2010/02/04 21:24:00,39.7350,140.6310,151,4.6,27.2,0.5,2.0,106
2010/01/25 16:15:00,30.8690,131.1520,49,5.4,81.0,4.0,3.6,94
2010/01/24 16:19:00,41.2050,141.6490,14,4.5,43.6,2.3,3.5,105
2010/01/17 15:04:00,38.0490,143.5310,41,5.6,17.1,0.6,2.1,285
2010/01/16 00:45:00,43.3740,147.0590,38,5.1,30.8,0.7,2.7,55
2010/01/15 20:08:00,26.7160,126.3870,118,5.6,17.2,0.9,2.5,11
2010/01/15 03:46:00,42.3490,143.1210,51,5.0,47.9,1.9,3.1,200
2010/01/07 16:11:00,27.9440,128.8790,44,4.8,130.2,3.1,3.4,5
2009/12/30 04:23:00,41.8340,142.2060,72,4.8,21.9,1.5,2.9,174
2009/12/28 09:13:00,43.1700,144.6470,85,5.0,105.1,7.3,3.8,120
2009/12/24 09:23:00,42.1930,135.0050,381,6.1,12.4,0.7,2.2,304
2009/12/20 23:30:00,40.9890,143.2720,44,4.7,4.3,0.2,1.5,27
2009/12/19 22:09:00,34.9640,139.1250,4,4.5,210.6,10.8,4.5,43
2009/12/19 22:02:00,23.7730,121.6480,32,6.7,10.2,0.9,2.2,5
2009/12/19 04:31:00,38.0270,141.8840,45,4.6,26.0,0.8,2.4,135
2009/12/19 00:53:00,34.9600,139.1260,4,4.5,370.5,11.8,4.9,87
2009/12/18 20:48:00,33.6990,141.3030,63,5.2,13.1,0.6,2.3,156
2009/12/18 08:45:00,34.9570,139.1310,5,5.1,703.4,47.8,5.6,129
2009/12/18 05:41:00,36.3300,139.7210,78,5.1,238.8,8.9,4.6,349
2009/12/17 23:45:00,34.9550,139.1380,4,5.0,555.0,36.8,5.5,118
2009/12/16 14:12:00,33.1050,133.3650,31,4.6,74.9,2.6,3.3,148
2009/12/15 17:54:00,34.1700,140.3850,47,4.5,31.2,0.7,2.4,38
2009/12/12 22:50:00,28.2060,129.5270,35,4.6,75.1,1.1,2.8,4
2009/12/10 08:25:00,42.9920,146.9470,54,5.2,13.6,0.4,2.0,21
2009/12/02 15:14:00,37.1420,141.4800,48,4.9,32.4,1.4,2.8,159
2009/11/28 14:39:00,24.3330,123.5770,20,4.9,34.1,1.0,2.2,3
2009/11/24 14:26:00,43.2890,146.9610,53,5.0,34.4,1.0,2.8,54
2009/11/21 15:39:00,37.1300,139.8460,10,4.5,207.4,7.5,4.1,196
2009/11/13 21:09:00,37.1600,142.1890,36,4.5,6.3,0.2,1.5,52
2009/11/07 04:22:00,36.6950,141.2460,46,4.5,28.8,0.7,2.4,103
2009/10/31 02:42:00,41.0790,142.8190,14,4.5,10.3,0.4,1.8,55
2009/10/30 16:03:00,29.1630,129.9390,60,6.8,77.2,8.2,4.3,50
2009/10/29 02:37:00,32.3190,132.1000,26,4.7,96.1,1.6,3.0,96
2009/10/25 15:16:00,29.1760,130.0570,66,4.9,5.8,0.4,1.8,1
2009/10/23 10:28:00,36.5990,141.1780,45,5.0,99.5,3.4,3.9,270
2009/10/12 18:42:00,37.4290,139.7000,4,4.9,126.9,4.0,3.6,100
2009/10/11 10:12:00,43.0000,146.9790,50,5.4,34.0,1.3,2.9,48
2009/10/10 17:43:00,41.7170,142.2290,92,5.1,56.0,3.4,3.6,246
2009/10/05 09:35:00,42.4500,141.5620,20,4.7,96.3,2.8,3.3,110
2009/10/04 02:36:00,23.6060,121.5940,74,6.3,2.1,0.2,1.0,2
2009/10/02 10:43:00,41.7440,143.8560,41,4.8,12.0,0.4,2.0,42
2009/09/30 07:36:00,27.8430,127.8300,10,5.7,4.1,0.2,1.2,5
2009/09/29 21:03:00,43.6230,144.6640,5,4.5,70.1,2.2,3.2,56
2009/09/29 04:23:00,27.8640,127.8590,13,6.1,11.0,0.6,2.1,7
2009/09/22 20:40:00,37.5940,141.6660,76,4.7,70.5,3.1,3.3,151
2009/09/13 17:37:00,41.2720,142.7160,27,4.5,13.4,0.4,2.0,60
2009/09/10 18:29:00,43.1550,146.2590,68,4.7,34.7,0.8,2.5,56
2009/09/08 22:33:00,37.6950,141.7580,49,4.5,20.8,0.4,2.0,83
2009/09/08 01:24:00,42.1890,142.9760,51,4.8,49.4,2.0,3.2,159
2009/09/04 11:30:00,35.8100,140.0950,67,4.5,32.0,1.4,2.7,208
2009/09/03 22:26:00,31.1210,130.3020,167,6.0,104.0,3.1,3.6,303
2009/09/01 21:02:00,35.6070,141.0950,36,4.9,10.2,0.6,1.9,70
2009/08/31 00:46:00,37.0900,141.4880,48,4.8,37.3,1.1,2.9,173
2009/08/28 14:47:00,29.8630,130.7000,36,5.0,5.6,0.2,1.1,7
2009/08/25 02:22:00,42.1450,142.8020,32,4.5,23.5,1.0,2.6,102
2009/08/24 14:26:00,41.0570,140.2470,172,5.4,30.6,1.4,2.9,253
2009/08/18 22:17:00,23.3660,123.5550,44,5.9,1.9,0.2,1.2,1
2009/08/17 19:15:00,23.3780,123.6570,43,5.3,1.7,0.3,1.1,1
2009/08/17 19:11:00,23.2730,123.6720,42,6.6,5.1,0.5,1.8,4
2009/08/17 09:06:00,23.4330,123.6350,48,6.7,33.2,3.0,3.3,5
2009/08/15 19:45:00,43.0940,145.8060,50,4.6,42.0,1.0,2.9,49
2009/08/13 18:11:00,34.8370,138.4110,23,4.5,45.3,2.0,2.7,165
2009/08/13 10:53:00,32.8330,140.7230,62,5.0,15.4,0.4,1.9,6
2009/08/13 07:52:00,32.8630,140.6580,66,5.2,0.4,0.1,-0.5,2
2009/08/13 07:49:00,32.8640,140.8280,57,6.6,206.5,6.0,4.2,466
2009/08/11 05:07:00,34.7820,138.5010,23,6.5,544.9,40.8,5.7,678
2009/08/09 19:56:00,33.1240,138.4060,333,6.8,143.3,9.0,4.3,789
2009/08/08 07:30:00,37.2450,142.1560,36,4.7,13.8,0.4,1.9,62
2009/08/06 14:39:00,37.2420,142.1410,36,4.9,10.4,0.3,2.0,60
2009/08/05 12:51:00,32.5150,132.1200,33,5.0,63.6,1.8,2.9,136
2009/08/05 09:18:00,24.1710,125.2650,22,6.5,79.1,7.1,3.8,8
2009/08/03 20:18:00,32.3140,130.5320,7,4.7,103.5,4.4,3.8,126
2009/08/03 16:19:00,37.1600,141.4560,48,4.6,30.3,0.8,2.3,127
2009/08/03 14:13:00,38.2890,138.7850,25,4.7,17.4,0.4,2.0,55
2009/08/02 02:54:00,38.3090,138.7760,26,4.8,36.9,1.2,2.9,110
2009/08/02 00:57:00,38.3000,138.7850,28,4.9,54.8,2.3,3.4,146
2009/08/01 18:45:00,37.5650,141.9170,36,5.0,34.2,1.0,2.2,142
2009/07/28 04:16:00,43.8010,145.4140,147,4.7,20.8,0.7,2.2,54
2009/07/22 23:51:00,33.0290,134.3230,29,4.6,66.5,3.7,3.7,59
2009/07/19 10:47:00,37.3490,141.7800,42,4.5,19.7,0.4,1.9,56
2009/07/16 19:48:00,24.0890,122.2210,33,5.7,1.5,0.2,0.8,2
2009/07/14 03:05:00,24.0180,122.2180,34,6.5,4.9,0.6,1.8,2
2009/07/11 00:01:00,42.4850,141.3810,134,4.7,16.9,1.2,2.5,136
2009/07/07 07:35:00,24.9730,128.0400,72,5.9,4.7,0.3,1.5,7
2009/06/25 23:04:00,33.3650,130.8940,12,4.7,215.6,4.8,3.5,156
2009/06/23 16:37:00,38.8920,142.5360,39,5.6,81.1,2.2,3.5,248
2009/06/23 16:24:00,39.1990,143.7970,29,5.2,3.5,0.3,1.6,35
2009/06/20 11:52:00,39.0870,143.3620,26,5.4,3.6,0.3,1.6,62
2009/06/11 15:50:00,43.7690,147.2160,39,4.7,8.5,0.2,1.5,24
2009/06/10 13:06:00,35.5740,141.1400,38,4.8,7.4,0.4,1.8,49
2009/06/09 11:07:00,40.1440,142.4590,35,4.5,13.2,0.5,2.0,82
2009/06/06 14:52:00,35.5390,141.2660,42,5.9,29.3,2.4,3.1,232
2009/06/05 12:30:00,41.8090,143.6240,31,6.4,97.7,7.4,3.8,320
2009/06/01 00:33:00,37.7740,141.6330,59,4.6,59.0,1.9,3.3,160
2009/05/26 19:31:00,41.9250,142.3560,70,4.7,20.4,1.3,2.5,128
2009/05/25 20:26:00,34.7190,137.8030,26,4.7,84.9,2.1,3.3,188
2009/05/12 19:40:00,37.0690,138.5350,12,4.8,166.4,7.4,4.3,139
2009/05/10 04:34:00,36.6170,142.6740,21,5.5,3.2,0.5,1.7,52
2009/04/30 02:21:00,23.8560,123.3690,27,5.2,5.1,0.3,1.2,2
2009/04/28 20:21:00,42.5850,145.0960,38,5.4,196.8,11.8,4.6,136
2009/04/28 06:37:00,36.4040,141.1330,48,5.0,68.3,1.7,3.3,241
2009/04/25 22:54:00,40.1590,142.3840,37,5.0,48.3,2.7,3.4,157
2009/04/22 20:24:00,30.0560,131.3170,37,4.8,10.9,0.5,1.9,12
2009/04/21 18:58:00,37.3370,141.5900,45,5.2,45.7,1.6,3.1,261
2009/04/21 07:54:00,35.8970,140.8460,41,4.6,54.2,2.0,2.5,89
2009/04/19 04:19:00,45.9880,152.0780,30,6.5,6.6,0.8,2.2,91
2009/04/07 13:24:00,46.0050,152.1970,30,6.7,6.1,0.7,2.1,100
2009/04/05 18:36:00,31.9250,131.8950,28,5.6,57.9,3.4,3.6,199
2009/04/05 17:00:00,42.3120,143.0070,54,4.8,40.0,1.4,3.1,123
2009/04/02 17:39:00,24.7060,125.8450,54,5.1,27.9,1.2,2.4,2
2009/03/27 04:19:00,27.4610,126.8140,139,5.5,14.2,0.8,2.2,11
2009/03/22 23:45:00,26.0210,128.6690,50,5.3,3.3,0.2,1.3,6
2009/03/20 15:52:00,42.5970,144.5390,64,5.0,68.9,3.2,3.4,136
2009/03/07 23:33:00,41.7920,143.8260,39,5.4,14.1,1.5,2.8,118
2009/02/28 09:36:00,42.5800,142.1920,113,5.3,69.9,5.0,3.8,307
2009/02/22 23:24:00,41.7100,144.2210,34,5.4,9.5,0.8,2.3,83
2009/02/18 06:47:00,35.6590,136.3160,9,5.2,440.0,11.6,4.4,374
2009/02/17 09:13:00,37.5150,141.4610,48,4.9,138.7,5.2,3.9,209
2009/02/17 04:54:00,35.2720,140.2300,31,4.6,74.4,3.5,3.5,132
2009/02/15 18:24:00,40.2470,142.4270,36,5.9,62.8,2.8,3.4,290
2009/02/01 18:32:00,37.8670,142.5020,33,5.2,16.7,0.5,2.1,135
2009/02/01 06:52:00,36.7140,141.2810,47,5.8,113.8,4.3,4.0,461
2009/01/24 11:39:00,24.7740,125.7420,50,5.1,26.8,1.3,2.7,2
2009/01/22 21:21:00,34.3300,139.5080,143,4.7,11.9,0.6,2.0,95
2009/01/16 02:51:00,46.9920,155.1720,30,7.4,13.6,0.7,2.2,247
2009/01/11 21:53:00,42.8890,143.1310,88,4.5,25.6,1.0,2.4,113
2009/01/11 14:57:00,42.5900,143.4190,68,4.7,52.7,2.1,3.0,134
2009/01/06 12:37:00,24.1940,124.1200,17,4.8,25.3,0.9,2.3,3
2009/01/05 10:36:00,36.9690,141.7600,50,4.8,16.2,0.6,2.3,92
2009/01/04 22:36:00,23.9580,123.5800,32,4.5,5.4,0.2,1.2,2
2009/01/03 16:13:00,37.0590,141.1750,51,4.8,65.7,2.6,3.2,176
2008/12/31 00:48:00,35.5290,140.9430,43,4.7,9.3,0.5,1.9,46
2008/12/25 21:39:00,41.8970,144.5110,22,4.7,2.4,0.2,1.0,19
2008/12/25 05:32:00,42.3020,144.7270,32,5.0,9.4,0.6,2.0,80
2008/12/24 05:57:00,36.4740,142.4950,39,5.5,2.7,0.4,1.5,30
2008/12/21 18:17:00,36.5970,142.4690,0,6.2,10.9,1.6,2.6,191
2008/12/21 04:13:00,36.6920,142.2510,17,5.4,7.4,0.7,1.9,87
2008/12/21 02:37:00,36.6690,142.2650,45,5.2,4.2,0.3,1.3,63
2008/12/20 21:22:00,36.5570,142.5520,24,5.4,3.4,0.4,1.6,39
2008/12/20 19:29:00,36.5270,142.7040,0,6.6,12.3,3.0,3.1,323
2008/12/18 15:47:00,38.3670,143.4470,27,5.5,5.0,0.6,1.9,111
2008/12/15 05:30:00,39.1640,144.3090,51,5.2,9.0,0.9,2.5,146
2008/12/11 14:35:00,27.4280,128.1620,65,4.8,24.1,0.8,2.1,7
2008/12/06 05:03:00,38.4770,143.4470,23,5.5,4.7,0.3,1.4,75
2008/12/04 12:11:00,38.5400,143.1210,17,5.5,11.8,0.6,2.2,152
2008/12/04 08:17:00,38.5240,143.2210,24,6.1,15.7,1.3,2.7,197
2008/11/22 00:44:00,43.1220,145.8420,46,5.2,114.7,6.9,4.1,77
2008/10/30 00:48:00,38.0420,141.7360,86,5.1,120.3,2.5,3.4,282
2008/10/23 14:32:00,43.0900,146.7970,57,4.6,13.0,0.4,1.7,31
2008/10/22 09:39:00,28.8080,130.1120,65,4.7,5.7,0.4,1.8,3
2008/10/09 02:52:00,41.0650,142.4440,34,4.5,13.1,0.4,2.1,88
2008/10/08 15:07:00,35.5800,140.1450,63,4.7,33.8,1.5,2.7,184
2008/09/27 01:53:00,40.4870,142.9240,17,5.0,17.2,0.6,2.4,114
2008/09/22 16:32:00,41.5340,140.5690,152,5.6,26.8,1.1,2.6,280
2008/09/21 07:17:00,35.6120,140.0650,71,4.8,47.9,1.8,3.1,283
2008/09/18 18:29:00,45.9400,143.6410,348,5.4,8.2,0.4,2.0,93
2008/09/15 16:53:00,41.7290,144.2760,27,4.9,11.6,0.7,2.3,56
2008/09/14 05:21:00,29.0130,129.8590,82,5.1,23.1,1.7,3.1,4
2008/09/12 07:34:00,42.3850,144.7420,42,5.2,27.9,1.1,2.7,108
2008/09/11 13:57:00,41.7170,144.2790,27,4.9,7.0,0.7,2.2,30
2008/09/11 12:14:00,36.4420,141.1130,47,4.6,29.5,0.5,2.2,121
2008/09/11 10:08:00,41.7150,144.2560,27,5.0,5.3,0.5,1.9,42
2008/09/11 09:32:00,41.7600,144.2220,28,5.7,9.2,0.6,2.0,67
2008/09/11 09:21:00,41.7720,144.1540,31,7.1,111.3,20.6,4.8,429
2008/09/10 13:37:00,24.8090,125.3970,49,4.5,13.1,0.4,1.6,2
2008/09/09 16:43:00,24.6530,122.6280,99,5.4,16.0,0.9,2.3,5
2008/09/06 16:29:00,35.3520,141.2480,40,4.7,5.0,0.3,1.4,23
2008/09/06 00:12:00,32.6760,137.2980,419,5.6,7.4,0.6,2.0,152
2008/09/01 14:41:00,42.5880,141.7310,133,4.5,10.0,0.5,1.9,107
2008/08/30 04:55:00,37.7150,142.2840,29,4.6,5.4,0.2,1.4,55
2008/08/24 09:25:00,30.3910,131.2750,26,4.5,10.1,0.3,1.5,15
2008/08/22 19:59:00,36.4390,140.6180,56,5.2,277.6,8.6,4.4,364
2008/08/20 15:13:00,36.0540,139.9030,45,4.6,207.1,5.4,4.0,223
2008/08/14 20:11:00,43.6570,147.6440,63,5.4,21.7,0.8,2.6,103
2008/08/09 20:54:00,26.4880,128.8820,17,5.2,7.5,0.4,1.7,6
2008/08/09 09:54:00,41.9690,142.5390,65,4.5,17.2,0.5,2.1,90
2008/08/09 00:53:00,41.1390,142.2870,51,5.4,47.5,1.5,3.2,201
2008/08/08 12:57:00,35.6270,139.5400,30,4.6,105.3,2.9,3.5,172
2008/08/04 19:25:00,26.9690,126.5390,11,5.4,3.3,0.3,1.1,2
2008/08/02 13:03:00,29.2910,130.3650,63,5.1,2.6,0.2,1.1,2
2008/07/29 16:35:00,39.0590,140.8650,10,4.6,410.6,9.3,4.3,114
2008/07/24 11:28:00,39.6170,141.5260,112,4.8,54.1,1.2,2.9,191
2008/07/24 00:26:00,39.7290,141.6390,108,6.8,1185.9,33.3,5.8,836
2008/07/22 17:47:00,37.6850,142.3720,30,5.5,16.0,0.9,2.4,193
2008/07/21 20:30:00,37.1320,142.3440,27,6.1,61.9,3.3,3.6,448
2008/07/21 18:01:00,37.7150,142.8410,28,5.2,7.9,0.7,2.2,129
2008/07/19 11:47:00,37.4950,142.6360,19,5.5,4.2,0.3,1.4,78
2008/07/19 11:39:00,37.5170,142.2670,32,6.9,57.3,6.0,3.7,581
2008/07/13 04:36:00,24.1840,125.1670,22,4.5,4.7,0.2,1.1,2
2008/07/08 16:42:00,27.4610,128.5490,45,6.1,233.6,18.9,4.8,12
2008/07/05 16:49:00,36.6390,140.9550,50,5.2,481.9,11.1,4.7,325
2008/06/27 22:57:00,38.7500,140.7680,3,4.6,128.2,2.8,3.3,96
2008/06/26 23:34:00,38.7540,140.7860,3,4.6,82.8,3.0,3.4,99
2008/06/26 15:51:00,39.0790,140.9730,7,4.6,20.7,2.4,3.0,72
2008/06/26 08:37:00,41.8220,142.6760,55,5.4,86.1,6.4,3.9,193
2008/06/18 18:04:00,39.0970,140.9330,12,4.5,56.7,1.7,3.2,113
2008/06/18 16:55:00,39.0350,140.8660,12,4.5,429.2,9.2,3.9,133
2008/06/17 04:05:00,39.1320,140.9450,11,4.6,82.3,2.4,3.1,126
2008/06/16 23:14:00,38.9940,140.8430,11,5.3,823.7,20.7,5.2,216
2008/06/14 23:42:00,38.9920,140.8930,10,4.8,1004.0,21.5,4.8,182
2008/06/14 21:48:00,39.1300,140.9080,12,4.7,94.4,3.9,3.5,122
2008/06/14 14:39:00,39.1100,140.9350,11,4.5,82.4,4.1,3.8,109
2008/06/14 12:27:00,39.1390,140.9460,11,5.2,121.6,5.5,3.7,155
2008/06/14 12:10:00,39.0900,140.8650,9,4.7,97.6,2.4,3.3,83
2008/06/14 10:40:00,38.9270,140.8880,6,4.8,430.7,6.2,3.9,151
2008/06/14 10:00:00,39.0320,140.9060,12,4.5,307.2,5.2,3.8,133
2008/06/14 09:52:00,39.0870,140.9080,13,4.6,110.5,3.0,3.4,115
2008/06/14 09:20:00,38.8770,140.6800,6,5.7,785.1,22.0,4.9,227
2008/06/14 09:07:00,39.1140,140.8910,11,4.8,47.1,2.7,3.1,62
2008/06/14 08:49:00,39.1100,140.9450,11,4.5,139.5,3.2,3.6,105
2008/06/14 08:46:00,39.1040,140.8710,14,4.5,22.1,2.4,2.8,58
2008/06/14 08:43:00,39.0250,140.8830,8,7.2,4022.1,100.1,6.4,653
2008/06/13 11:21:00,35.9070,137.7060,13,4.7,191.3,4.7,3.7,217
2008/06/05 02:03:00,41.5220,139.2230,201,5.7,20.9,1.0,2.5,199
2008/06/02 00:58:00,38.3000,141.8870,46,4.8,101.8,1.5,2.9,172
2008/05/31 23:28:00,40.0590,142.7240,28,5.0,23.3,1.3,2.7,139
2008/05/31 16:55:00,36.3940,141.8100,70,4.7,11.5,0.5,2.0,102
2008/05/31 15:24:00,43.3470,145.9390,92,4.5,31.3,0.9,2.5,52
2008/05/31 14:03:00,36.3690,141.7860,68,5.1,10.8,0.6,2.2,113
2008/05/29 01:42:00,38.9900,140.5830,1,4.8,188.0,5.0,4.0,56
2008/05/27 00:26:00,43.0800,147.1260,57,4.5,8.1,0.3,1.5,21
2008/05/11 04:42:00,23.9490,122.4330,32,5.9,3.4,0.2,1.1,2
2008/05/11 03:24:00,43.4200,145.8420,88,5.1,127.3,3.7,3.8,98
2008/05/10 09:01:00,41.4520,142.0860,62,4.8,31.1,1.8,3.2,142
2008/05/09 08:21:00,36.1890,141.9780,69,5.8,12.6,3.1,3.1,219
2008/05/09 07:43:00,35.6620,140.0460,74,4.6,25.9,0.9,2.5,195
2008/05/09 06:18:00,36.3120,142.1600,71,5.0,2.5,0.3,1.4,25
2008/05/09 05:11:00,36.1490,141.4880,48,4.6,11.5,0.3,1.9,61
2008/05/08 04:20:00,36.2290,141.5630,51,4.9,13.0,0.5,2.1,106
2008/05/08 03:19:00,36.2240,141.5430,54,5.0,13.3,0.5,2.2,91
2008/05/08 02:31:00,36.2840,141.8130,58,5.4,9.5,0.4,1.7,87
2008/05/08 01:50:00,36.2090,141.5550,58,4.6,7.4,0.7,1.7,87
2008/05/08 01:45:00,36.2240,141.6100,51,7.0,188.3,8.4,4.5,722
2008/05/08 01:16:00,36.2700,141.9810,18,6.3,14.5,2.5,3.0,276
2008/05/08 01:12:00,36.2800,141.7100,70,5.2,14.0,0.8,2.1,163
2008/05/08 01:09:00,36.2640,141.8310,22,4.9,9.1,0.4,1.8,67
2008/05/08 01:03:00,36.2920,141.9180,22,5.8,21.5,1.0,2.4,137
2008/05/08 01:02:00,36.2270,141.9510,60,6.4,46.5,4.5,3.5,444
2008/05/07 18:59:00,36.2490,141.8830,24,5.0,8.8,0.5,1.8,80
2008/05/05 09:26:00,36.2750,141.8800,75,5.1,10.1,0.6,1.7,90
2008/05/03 09:47:00,24.8360,125.0840,27,4.8,68.9,2.2,2.9,4
2008/05/02 14:41:00,37.2300,141.6630,45,5.1,45.3,1.5,3.1,171
2008/05/02 06:58:00,37.0500,141.4880,49,4.7,19.6,0.4,1.9,104
2008/05/01 07:34:00,35.4340,140.4380,36,4.6,66.8,4.0,3.7,141
2008/04/29 14:26:00,41.4590,142.1120,62,5.7,130.6,7.9,4.4,317
2008/04/28 02:32:00,24.8560,125.0770,32,5.2,193.5,6.9,3.9,5
2008/04/25 18:52:00,35.6800,140.7250,48,4.8,25.8,1.1,2.5,92
2008/04/23 10:27:00,33.7020,141.1000,60,5.3,15.9,0.6,2.3,81
2008/04/17 04:19:00,39.0390,140.2360,166,5.8,92.4,3.3,3.5,532
2008/04/13 16:22:00,29.5890,130.1290,26,4.8,6.6,0.1,1.1,3
2008/04/12 09:46:00,43.5840,147.5640,40,5.5,24.9,0.7,2.2,113
2008/04/04 22:30:00,44.0900,148.0270,0,5.2,10.3,0.3,1.9,35
2008/04/04 19:02:00,36.1170,139.8300,53,5.0,371.5,6.0,4.1,337
2008/04/01 23:29:00,34.9420,140.5880,98,4.7,24.1,1.1,2.7,182
2008/03/29 08:03:00,39.5470,142.1660,72,4.6,60.2,1.4,3.0,119
2008/03/24 22:29:00,37.3020,141.2750,59,4.6,37.2,1.6,3.0,133
2008/03/24 12:40:00,37.1170,141.4500,48,5.3,110.4,3.6,3.8,285
2008/03/21 18:16:00,41.7050,144.2970,25,4.7,5.3,0.3,1.5,30
2008/03/17 07:00:00,37.0650,136.2130,7,4.5,12.6,0.4,1.7,59
2008/03/15 17:05:00,24.5910,124.2920,52,4.7,41.7,1.1,2.4,4
2008/03/13 17:41:00,43.0090,146.5710,59,5.3,33.6,1.3,2.8,109
2008/03/10 10:44:00,31.7590,131.9200,29,5.1,36.1,2.2,3.1,94
2008/03/08 01:55:00,36.4490,140.6150,57,5.2,152.1,4.9,3.9,354
2008/02/22 02:39:00,33.6820,140.7130,55,5.0,15.7,0.5,2.2,36
2008/02/13 06:05:00,44.4710,147.8870,139,4.9,16.4,0.5,2.2,36
2008/02/10 09:37:00,34.7900,140.2400,95,5.0,101.4,3.3,3.6,160
2008/02/09 07:07:00,36.7320,141.2080,46,4.9,34.1,1.1,2.7,163
2008/01/26 04:33:00,37.3150,136.7760,11,4.8,434.8,10.4,5.0,104
2008/01/23 04:34:00,42.3190,143.0640,50,4.9,46.0,1.4,2.7,151
2008/01/16 02:55:00,36.4200,141.1830,47,4.7,20.0,0.6,2.0,105
2008/01/12 12:36:00,43.1120,146.1690,42,4.7,25.5,0.6,2.3,35
2008/01/11 08:00:00,39.3370,142.0710,47,4.7,96.8,1.8,3.3,117
2008/01/06 13:51:00,43.9920,147.4070,103,4.6,14.4,0.3,1.7,23
2007/12/26 08:39:00,38.3990,142.2910,36,4.6,27.5,0.8,2.4,121
2007/12/25 23:04:00,38.4800,142.1570,40,5.6,80.1,1.3,3.0,265
2007/12/23 18:53:00,41.4950,142.0440,64,4.5,21.3,1.2,2.7,114
2007/12/23 02:49:00,31.3260,131.6870,21,4.8,10.5,0.5,2.0,43
2007/12/22 17:51:00,34.3840,140.3900,87,4.5,32.7,1.3,2.6,36
2007/12/22 07:05:00,26.8730,126.8500,107,5.1,13.3,0.4,1.9,10
2007/12/21 14:23:00,35.9350,136.3510,7,4.5,108.9,2.5,2.9,107
2007/12/07 09:47:00,30.0540,141.6250,75,6.0,6.1,0.3,1.5,85
2007/11/30 18:37:00,36.4240,140.6980,53,4.7,109.7,3.4,3.7,162
2007/11/26 22:51:00,37.3000,141.7600,44,6.0,61.5,2.2,3.5,373
2007/11/20 20:46:00,32.7690,140.8900,44,5.1,12.5,0.4,1.9,15
2007/11/11 17:22:00,29.3780,130.5900,34,5.1,3.2,0.2,0.7,2
2007/11/07 20:05:00,38.3240,141.6420,61,4.6,38.4,0.7,2.2,128
2007/10/17 19:58:00,26.7030,128.7350,39,5.4,39.2,1.4,2.9,8
2007/10/09 02:10:00,43.3490,146.7290,40,5.8,117.2,4.4,3.7,157
2007/10/07 22:36:00,35.6800,140.7280,45,4.8,16.2,0.8,2.4,94
2007/10/01 02:21:00,35.2220,139.1210,14,4.9,312.9,12.5,4.5,186
2007/09/28 22:38:00,21.9800,143.1000,268,7.6,8.6,1.3,2.5,121
2007/09/22 17:00:00,24.8340,125.4020,48,5.1,55.9,1.9,2.7,3
2007/09/21 07:54:00,35.2450,141.2180,35,5.1,5.5,0.7,2.1,31
2007/09/10 14:29:00,41.9850,142.5710,63,4.5,12.8,0.4,1.9,83
2007/09/07 23:36:00,28.0690,129.3920,40,4.7,19.7,0.6,2.0,4
2007/09/07 02:51:00,24.4080,122.2740,66,6.6,13.1,0.7,2.1,5
2007/09/04 01:14:00,45.0150,150.1280,126,6.3,9.0,0.5,1.9,102
2007/08/27 22:46:00,26.2580,126.5970,10,4.6,31.6,0.7,2.3,2
2007/08/26 14:31:00,43.5550,147.2140,49,5.4,31.2,1.2,2.8,84
2007/08/22 16:26:00,41.9700,140.8040,122,5.4,15.6,1.1,2.5,227
2007/08/18 16:55:00,35.3390,140.3480,20,5.2,200.4,6.6,4.2,144
2007/08/18 13:36:00,35.3550,140.3550,24,4.5,251.0,8.0,4.2,77
2007/08/18 04:14:00,35.3450,140.3630,23,4.8,185.3,5.9,4.1,107
2007/08/16 09:22:00,35.3890,140.5530,28,4.7,36.2,1.7,2.6,68
2007/08/16 08:20:00,35.4020,140.5510,29,4.9,42.3,3.2,3.2,93
2007/08/16 04:15:00,35.4400,140.5330,31,5.3,125.8,7.4,4.0,209
2007/08/14 13:13:00,47.1450,141.8020,18,5.8,3.2,0.6,1.6,14
2007/08/09 00:19:00,27.3060,128.4450,44,5.1,137.7,3.4,3.5,11
2007/08/07 09:02:00,27.3430,126.6690,5,6.3,6.8,1.0,2.1,5
2007/08/02 19:37:00,46.9250,141.7090,4,5.6,5.5,0.9,2.1,18
2007/08/02 14:22:00,46.9710,141.6920,27,5.9,7.2,1.2,2.5,28
2007/08/02 11:37:00,47.2200,141.7270,0,6.4,5.2,1.1,2.3,17
2007/08/01 17:15:00,33.9870,136.7700,383,5.5,20.8,0.7,2.4,163
2007/08/01 00:07:00,27.3840,126.7140,6,6.1,6.8,0.5,1.6,5
2007/07/25 06:52:00,37.5290,138.7230,24,4.8,65.9,4.8,3.8,166
2007/07/16 23:18:00,36.8620,135.1060,374,6.7,65.7,5.8,4.0,628
2007/07/16 17:24:00,34.2570,135.9500,49,4.7,149.0,2.1,2.8,197
2007/07/16 15:37:00,37.5000,138.6460,23,5.8,235.0,17.1,4.8,411
2007/07/16 10:18:00,37.5020,138.5500,18,4.9,71.9,2.4,3.1,128
2007/07/16 10:16:00,37.5340,138.6430,14,4.6,15.5,3.7,2.1,81
2007/07/16 10:13:00,37.5540,138.6110,17,6.8,812.7,126.8,6.3,694
2007/07/10 13:15:00,41.8550,139.4870,15,4.5,33.4,1.1,2.8,44
2007/07/09 16:05:00,27.9190,130.2750,48,4.7,4.5,0.3,1.5,2
2007/07/03 23:31:00,35.8540,140.6010,48,4.5,12.0,0.6,1.9,53
2007/07/01 13:12:00,43.5400,144.9120,132,5.8,190.5,7.1,4.3,276
2007/06/23 14:58:00,34.5890,140.4110,62,4.7,26.5,1.3,2.9,76
2007/06/23 07:20:00,42.5350,142.1870,125,4.9,43.4,2.3,3.1,183
2007/06/22 03:34:00,36.8740,136.6700,8,4.6,223.5,8.2,4.1,53
2007/06/16 05:29:00,38.8320,142.2810,45,4.5,62.0,1.7,2.8,84
2007/06/11 03:45:00,37.2400,136.6560,7,5.0,165.8,9.3,4.1,99
2007/06/07 20:50:00,33.3300,131.5140,8,4.7,45.3,1.6,3.0,87
2007/06/07 17:22:00,33.3120,131.4940,9,4.7,49.1,2.3,3.2,109
2007/06/06 23:42:00,33.3300,131.4970,11,4.9,90.5,4.7,3.7,134
2007/06/02 14:43:00,36.1300,140.0360,50,4.6,154.8,5.5,4.1,232
2007/06/01 07:29:00,36.0900,139.6830,59,4.5,76.6,1.2,2.9,197
2007/05/25 05:53:00,26.1730,127.0000,54,4.7,18.0,0.6,2.0,7
2007/05/19 01:00:00,41.5570,142.0620,67,5.3,43.3,2.2,3.3,250
2007/05/16 05:21:00,41.4370,142.1990,41,4.5,40.3,1.2,2.9,86
2007/05/13 08:14:00,35.0050,132.7950,9,4.6,165.7,2.8,3.4,131
2007/05/11 02:12:00,37.1150,136.3150,11,4.5,24.0,1.2,2.4,40
2007/05/08 21:01:00,36.0570,139.8930,46,4.5,85.9,1.9,3.3,182
2007/05/07 09:29:00,29.9680,130.4570,49,5.1,60.8,1.1,2.9,18
2007/05/06 10:09:00,36.8800,141.4700,62,4.5,15.8,0.5,1.9,88
2007/05/05 01:11:00,37.0700,136.4200,0,4.5,17.7,0.3,1.6,35
2007/05/02 20:44:00,37.3270,136.7650,7,4.7,36.6,2.2,3.2,55
2007/05/01 01:55:00,32.2140,137.6800,452,5.4,3.2,0.1,0.9,27
2007/04/30 05:41:00,28.6430,129.3900,13,4.9,33.7,2.2,3.2,4
2007/04/28 09:27:00,35.7250,136.6280,10,4.6,168.8,2.5,3.0,165
2007/04/27 01:38:00,42.3700,143.6090,58,5.2,139.0,5.2,3.7,213
2007/04/26 09:03:00,33.8850,133.5860,39,5.3,537.1,9.0,4.3,310
2007/04/23 17:27:00,44.0960,141.7110,10,4.6,43.0,2.8,3.2,44
2007/04/22 19:28:00,25.6910,125.1320,22,5.5,13.1,0.8,2.0,2
2007/04/21 04:38:00,27.4340,128.6050,42,5.7,114.6,6.5,4.2,11
2007/04/20 14:23:00,25.7210,125.2240,18,5.7,6.0,0.4,1.5,2
2007/04/20 12:28:00,25.7280,125.2590,22,5.5,3.3,0.2,0.9,2
2007/04/20 12:00:00,25.7240,125.1570,22,5.3,4.9,0.3,1.2,2
2007/04/20 11:23:00,25.6840,125.0540,24,6.1,20.1,0.9,2.6,3
2007/04/20 10:46:00,25.7430,125.1390,21,6.7,29.1,2.4,3.0,4
2007/04/20 09:30:00,25.7410,125.1890,15,5.5,11.1,0.8,2.0,2
2007/04/20 09:26:00,25.7340,125.0720,22,6.3,22.8,1.5,2.6,3
2007/04/19 00:07:00,42.6670,141.9510,126,5.6,55.9,3.7,3.5,312
2007/04/15 18:34:00,34.7900,136.4200,17,4.6,478.8,13.9,4.5,162
2007/04/15 12:19:00,34.7870,136.4100,16,5.4,863.0,36.8,5.3,359
2007/04/14 05:42:00,36.6500,141.1960,46,4.6,28.1,0.9,2.5,132
2007/04/14 03:11:00,33.6720,141.0580,55,5.3,18.2,0.7,2.3,71
2007/04/12 22:50:00,38.1950,141.1500,12,4.5,63.4,1.7,3.1,109
2007/04/12 21:59:00,41.2620,142.6640,36,4.6,15.5,0.6,2.2,40
2007/04/06 21:42:00,37.0920,136.4280,7,4.7,17.9,0.7,2.2,37
2007/04/05 20:39:00,38.1990,141.1510,12,4.5,77.9,2.7,3.2,113
2007/04/01 11:51:00,32.4060,137.9110,405,5.8,11.2,0.4,1.8,142
2007/03/31 22:32:00,38.8640,141.5920,77,4.8,74.2,1.9,3.3,163
2007/03/30 18:05:00,43.9510,146.3240,99,5.6,60.2,2.0,3.1,96
2007/03/30 05:21:00,42.2620,143.1570,47,4.7,69.2,2.4,3.3,90
2007/03/28 13:05:00,37.2790,136.6850,7,4.7,57.6,3.0,3.5,59
2007/03/28 10:51:00,37.1720,136.6150,10,4.6,131.9,2.4,3.2,52
2007/03/28 09:39:00,44.6460,146.3340,194,5.1,19.4,0.5,2.0,75
2007/03/28 08:08:00,37.2190,136.7110,13,4.9,132.6,8.0,4.2,75
2007/03/26 18:02:00,37.2720,136.7030,6,4.6,100.0,2.9,3.6,35
2007/03/26 14:46:00,37.1620,136.5550,9,4.8,409.4,16.2,4.7,78
2007/03/26 07:16:00,37.1640,136.4910,0,5.3,162.2,6.3,3.9,130
2007/03/25 18:11:00,37.3000,136.8410,13,5.3,351.6,19.6,4.8,163
2007/03/25 15:43:00,37.2900,136.7750,9,4.5,42.3,1.7,3.1,41
2007/03/25 10:11:00,37.2900,136.7550,8,4.5,35.7,0.9,2.3,19
2007/03/25 09:56:00,37.2250,136.7260,10,4.7,45.3,1.6,2.9,49
2007/03/25 09:54:00,37.2720,136.7030,7,4.5,51.1,2.5,3.3,14
2007/03/25 09:52:00,37.3100,136.7100,5,4.5,8.4,0.6,1.6,31
2007/03/25 09:45:00,37.1990,136.6680,6,4.7,11.0,0.7,1.5,32
2007/03/25 09:42:00,37.2170,136.6880,11,6.9,945.4,103.7,6.3,719
2007/03/18 10:25:00,42.0520,144.1790,59,5.6,25.4,1.9,3.0,125
2007/03/15 14:43:00,41.9400,141.3910,123,4.5,21.5,0.7,2.4,106
2007/03/14 22:40:00,35.7020,140.7130,52,4.7,15.5,0.5,2.0,82
2007/03/12 20:32:00,42.7160,141.6240,145,4.5,5.9,0.3,1.5,71
2007/03/11 16:09:00,43.6690,147.7740,13,5.6,19.9,0.7,2.6,107
2007/03/09 12:22:00,43.0110,134.2910,501,6.2,3.7,0.3,1.2,95
2007/03/08 14:03:00,29.8640,140.8960,152,6.0,8.1,0.4,1.8,106
2007/03/06 08:55:00,24.0940,123.5920,41,4.6,8.4,0.2,1.4,3
2007/03/03 05:14:00,41.2620,142.8240,18,4.8,11.8,0.8,2.2,57
2007/02/25 20:41:00,33.1190,136.9500,39,4.6,11.1,0.3,1.8,53
2007/02/17 09:22:00,41.7000,143.7370,45,5.1,7.5,0.5,1.8,43
2007/02/17 09:03:00,41.7290,143.7260,40,6.2,90.6,8.5,4.2,282
2007/02/06 23:15:00,37.3240,142.1080,36,4.5,7.6,0.2,1.6,24
2007/01/25 19:59:00,22.7210,122.1160,92,6.1,3.2,0.2,1.1,4
2007/01/22 02:16:00,35.7300,136.3400,13,4.5,99.8,1.8,3.1,182
2007/01/16 21:52:00,41.1790,142.7170,30,5.0,18.2,0.6,2.2,99
2007/01/16 16:47:00,28.1140,129.4100,33,4.7,30.8,0.9,2.4,5
2007/01/16 03:18:00,34.9340,138.8950,175,5.8,44.2,1.7,3.0,336
2007/01/13 13:24:00,46.9340,155.0570,30,8.2,34.3,2.3,3.1,448
2007/01/12 05:34:00,43.2870,147.2260,40,5.2,22.7,0.8,2.4,82
2007/01/09 05:12:00,44.2800,144.0710,9,4.7,40.6,1.3,2.7,96
2007/01/08 18:59:00,37.2640,138.9210,13,4.8,267.3,9.1,4.0,232
2006/12/31 08:30:00,34.8090,140.5680,43,4.9,49.9,2.5,3.4,106
2006/12/31 07:34:00,43.2570,146.2620,46,5.0,209.4,6.2,4.1,59
2006/12/31 02:49:00,34.2470,139.2200,12,4.7,54.1,2.0,3.3,9
2006/12/26 05:17:00,37.8690,138.1610,14,4.9,162.5,6.1,4.1,127
2006/12/11 00:28:00,29.7210,130.6820,54,5.7,30.9,0.8,2.4,22
2006/12/09 23:48:00,46.8830,147.4970,438,5.9,12.4,0.5,2.0,72
2006/12/06 23:05:00,42.2340,144.8490,30,5.0,18.4,1.0,2.6,59
2006/12/04 06:08:00,35.7400,140.6560,49,4.5,42.2,3.0,2.8,87
2006/12/03 07:20:00,24.2030,125.2340,24,4.9,7.9,0.3,1.4,1
2006/11/22 20:15:00,43.8990,146.9490,96,5.6,67.7,5.1,3.7,170
2006/11/18 04:44:00,28.5280,129.9920,33,4.9,17.0,1.6,2.8,3
2006/11/18 03:03:00,28.5130,130.1550,30,6.0,89.8,8.9,4.4,3
2006/11/17 21:31:00,33.2190,137.6050,376,5.5,10.5,0.4,1.8,125
2006/11/15 20:15:00,46.7000,154.0520,30,7.9,5.0,1.0,2.0,68
2006/11/10 07:07:00,43.0300,147.0210,51,4.8,17.7,0.7,2.3,17
2006/11/01 23:21:00,42.3270,143.1240,49,4.8,56.2,2.5,3.5,150
2006/10/26 22:59:00,24.8060,125.4070,50,4.5,14.5,0.5,1.6,2
2006/10/24 06:18:00,29.1690,140.3530,3,6.8,4.1,0.4,1.5,5
2006/10/21 22:36:00,43.4820,146.4140,57,4.6,15.6,0.4,2.0,21
2006/10/16 11:51:00,41.0170,142.4140,35,4.5,27.3,0.9,2.4,75
2006/10/14 20:37:00,36.8770,141.6630,51,4.7,16.4,0.9,2.5,79
2006/10/14 06:38:00,34.8900,140.3060,64,5.1,232.3,14.2,4.6,267
2006/10/12 23:46:00,24.0840,122.5780,46,6.2,5.7,0.6,2.0,2
2006/10/11 08:58:00,37.1900,143.0340,50,6.0,6.1,1.1,2.2,95
2006/10/03 22:42:00,36.9990,135.6530,31,4.6,18.6,0.4,2.1,49
2006/10/02 02:07:00,38.5450,142.8320,56,5.2,31.2,0.9,2.5,180
2006/09/30 00:37:00,43.2540,145.2660,74,4.6,59.7,2.7,3.1,65
2006/09/26 07:03:00,33.5020,131.8850,70,5.3,218.6,15.3,5.1,305
2006/09/24 07:18:00,43.0140,145.8440,67,4.9,24.8,0.6,2.4,54
2006/09/16 11:22:00,41.2810,136.0800,408,5.8,10.1,0.4,1.9,29
2006/09/14 00:51:00,28.5240,128.6170,108,4.6,18.9,0.5,2.3,6
2006/09/11 23:04:00,28.0010,130.1220,35,5.0,5.4,0.4,1.7,2
2006/09/09 19:36:00,38.2790,142.0390,67,4.9,85.2,1.6,3.0,184
2006/09/07 10:57:00,35.6540,140.1800,69,4.6,30.8,1.0,2.7,201
2006/09/07 03:06:00,35.5870,141.0600,38,5.1,22.5,1.1,2.4,52
2006/09/03 23:38:00,28.7630,129.4120,4,4.5,15.9,0.6,2.0,2
2006/09/01 07:58:00,28.6860,130.2400,55,5.4,35.8,2.8,3.6,4
2006/08/31 17:18:00,35.6290,140.0260,76,4.8,72.0,3.0,3.4,263
2006/08/31 03:38:00,43.7050,145.5620,105,4.9,41.7,1.7,2.7,56
2006/08/28 02:11:00,24.8810,123.0820,124,5.3,8.1,0.3,1.5,3
2006/08/22 07:20:00,33.6890,135.9580,420,5.5,5.1,0.5,1.9,42
2006/08/18 00:20:00,46.7230,141.8610,48,5.9,29.4,3.1,3.4,62
2006/08/13 03:39:00,28.6860,130.1800,56,5.3,11.2,1.0,2.6,1
2006/08/12 20:11:00,36.9890,141.6480,50,4.5,13.8,0.5,2.1,57
2006/07/28 16:40:00,24.0380,122.4730,40,6.2,5.3,0.4,1.8,2
2006/07/13 22:21:00,29.5730,130.1500,26,4.5,2.9,0.2,1.0,2
2006/07/11 15:47:00,40.6300,142.6790,31,4.5,16.5,0.5,2.2,63
2006/07/09 17:48:00,34.3490,139.1580,11,4.8,80.6,2.7,3.4,18
2006/07/06 02:08:00,40.1470,142.4340,36,5.4,61.4,1.6,3.3,167
2006/07/01 08:28:00,38.4650,142.1590,40,5.3,155.5,2.5,3.3,195
2006/06/27 04:05:00,24.3390,123.4670,53,4.6,12.9,0.6,2.0,2
2006/06/25 21:33:00,43.9830,146.8070,79,4.8,10.7,0.6,2.2,26
2006/06/22 19:53:00,44.7990,149.5100,111,5.8,14.3,0.7,2.3,92
2006/06/20 06:47:00,35.8040,140.1160,66,4.6,26.2,1.3,2.7,225
2006/06/17 13:51:00,40.1390,142.4670,35,4.6,44.9,1.1,2.9,88
2006/06/17 05:19:00,40.3690,143.7740,22,5.6,7.3,0.7,2.2,61
2006/06/17 03:29:00,46.2260,144.7360,387,5.5,16.7,1.0,2.7,91
2006/06/16 23:21:00,34.7220,140.6560,54,4.6,20.9,0.9,2.4,18
2006/06/13 11:40:00,42.6990,143.4240,86,4.7,114.9,2.8,3.6,139
2006/06/12 05:01:00,33.1300,131.4090,146,6.2,206.5,8.4,4.5,492
2006/06/06 08:17:00,42.4250,147.3790,60,4.9,22.7,0.6,2.4,34
2006/05/21 16:22:00,38.7170,142.2710,39,4.6,19.5,0.4,1.8,47
2006/05/20 13:58:00,35.1990,140.1150,74,4.7,117.8,6.9,4.1,106
2006/05/15 01:42:00,34.2200,135.2230,3,4.5,260.6,3.7,3.5,109
2006/05/12 01:09:00,42.9240,145.8310,56,5.0,91.4,2.0,3.2,66
2006/05/06 20:45:00,38.4390,142.2260,38,4.5,10.7,0.3,1.5,53
2006/05/03 22:07:00,42.8320,145.0740,48,4.8,44.3,1.5,2.8,86
2006/05/02 18:24:00,34.9140,139.3330,15,5.1,469.8,23.3,4.9,207
2006/04/30 13:10:00,35.0700,139.1100,6,4.5,66.9,2.2,3.2,57
2006/04/26 23:10:00,42.0290,142.5970,61,4.6,26.7,0.9,2.5,120
2006/04/26 14:55:00,41.9340,142.3240,70,4.5,18.9,0.7,2.4,70
2006/04/24 13:28:00,38.2850,139.8280,154,4.8,15.6,0.4,1.9,98
2006/04/22 23:36:00,38.6990,141.8240,66,4.6,315.7,5.6,3.6,147
2006/04/22 01:44:00,34.8850,139.2050,1,4.8,30.5,1.5,2.9,27
2006/04/21 23:17:00,34.9370,139.2030,9,4.5,167.6,8.3,4.3,74
2006/04/21 03:20:00,34.9450,139.1980,8,4.5,154.8,7.1,4.1,74
2006/04/21 02:50:00,34.9370,139.1980,7,5.8,333.7,24.1,5.0,249
2006/04/18 19:38:00,42.2140,144.4090,32,4.8,26.4,0.9,2.5,69
2006/04/16 20:48:00,30.2390,139.0280,454,5.7,15.0,1.0,2.5,75
2006/04/13 13:27:00,41.7520,142.8970,43,5.3,56.6,3.5,3.4,145
2006/04/11 17:46:00,34.6750,140.6010,66,5.0,79.1,3.6,3.8,96
2006/04/10 20:26:00,43.6130,144.9110,120,5.1,39.5,2.4,3.0,78
2006/04/10 09:21:00,37.4970,141.2810,80,4.7,48.6,1.5,3.0,156
2006/04/09 09:37:00,41.5950,142.8420,51,4.6,30.9,1.4,2.8,83
2006/04/05 04:30:00,24.5910,122.8050,93,5.2,7.4,0.5,1.7,2
2006/03/29 19:28:00,37.1990,141.5500,76,4.8,46.6,1.6,3.2,152
2006/03/28 22:33:00,31.8310,138.1530,439,6.0,18.1,1.0,2.6,181
2006/03/27 11:50:00,32.5990,132.1590,35,5.5,218.3,16.5,5.1,210
2006/03/25 07:16:00,42.3200,142.9860,51,4.8,21.1,0.9,2.4,83
2006/03/22 20:16:00,37.8550,142.4290,36,4.5,6.8,0.2,1.3,38
2006/03/13 13:15:00,36.0640,141.6730,56,5.1,7.3,0.4,1.8,73
2006/03/13 13:06:00,36.0520,141.7680,59,5.1,7.9,0.3,1.7,44
2006/03/12 07:06:00,40.1120,142.4570,35,5.0,44.8,1.2,3.0,128
2006/03/11 07:24:00,24.3510,123.0000,48,4.5,4.7,0.1,0.6,1
2006/03/10 20:07:00,24.3560,122.9850,48,4.8,6.5,0.2,1.1,2
2006/03/10 17:55:00,36.7240,141.1810,75,4.5,49.7,1.6,3.1,129
2006/03/05 03:38:00,33.7690,137.6080,353,5.3,10.5,0.5,1.9,83
2006/03/02 03:40:00,28.0560,129.0120,15,4.9,49.4,1.3,3.0,6
2006/02/13 17:23:00,38.4140,139.9330,9,4.8,311.0,13.2,4.5,110
2006/02/09 22:05:00,37.7940,142.1720,35,4.6,9.4,0.3,1.6,74
2006/02/04 00:12:00,32.0800,129.8800,12,5.1,123.6,8.8,4.2,102
2006/02/03 15:10:00,36.2250,141.6150,63,5.3,13.9,0.6,2.1,115
2006/02/03 14:41:00,36.2170,141.5830,63,5.0,18.8,0.7,2.4,116
2006/02/03 14:38:00,36.2090,141.6050,60,4.9,15.7,0.6,2.3,99
2006/02/03 13:39:00,36.2440,141.4800,53,4.9,21.0,0.6,2.4,106
2006/02/03 13:37:00,36.2100,141.6130,62,5.9,26.8,2.0,2.9,305
2006/02/03 13:03:00,37.8690,141.8840,42,4.5,37.8,0.6,2.4,96
2006/02/01 20:36:00,35.7570,140.0060,101,5.1,86.6,3.7,3.5,342
2006/02/01 04:23:00,38.3920,142.3120,36,4.5,29.7,0.4,2.1,73
2006/01/18 23:25:00,37.7950,142.2040,36,5.7,60.7,2.7,3.2,249
2006/01/03 21:26:00,41.3150,142.6590,35,4.7,23.7,0.9,2.6,79
2006/01/03 19:54:00,24.6690,125.1500,33,4.5,14.2,0.5,1.6,2
2005/12/31 22:26:00,33.1220,131.4000,123,4.5,24.1,0.9,2.6,129
2005/12/29 00:41:00,43.0900,145.5540,48,4.5,85.7,2.4,3.3,33
2005/12/28 18:46:00,36.1790,140.0300,53,4.8,427.6,11.8,4.6,225
2005/12/24 11:02:00,35.2270,136.8430,43,4.8,189.2,5.6,3.8,216
2005/12/17 03:32:00,38.4450,142.1840,40,6.1,302.1,5.4,4.1,393
2005/12/15 16:41:00,29.4140,129.9890,53,4.8,9.5,0.2,1.4,4
2005/12/13 06:01:00,43.2060,139.4170,29,5.5,116.9,2.3,3.4,66
2005/12/10 18:32:00,32.0300,132.0490,20,4.5,14.7,0.4,1.9,36
2005/12/08 13:05:00,38.7700,141.8820,68,4.5,50.6,0.7,2.4,109
2005/12/05 07:20:00,37.8640,142.6590,25,5.5,20.1,1.2,2.7,193
2005/12/05 03:03:00,40.1640,142.6390,30,5.0,23.4,0.8,2.5,105
2005/12/04 19:23:00,29.2790,130.5470,63,5.0,2.6,0.2,1.2,1
2005/12/04 01:49:00,29.2690,130.5140,67,5.3,8.2,0.6,2.2,1
2005/12/04 01:24:00,29.2290,130.4740,72,5.2,7.1,0.6,2.2,2
2005/12/04 01:10:00,29.2090,130.4400,69,6.1,18.0,1.6,3.0,27
2005/12/02 22:13:00,38.0690,142.3570,40,6.6,56.0,2.6,3.2,417
2005/11/22 00:36:00,30.9430,130.3390,146,6.0,110.4,2.6,3.5,260
2005/11/17 10:53:00,36.2990,141.0680,48,4.7,21.8,0.6,2.3,78
2005/11/16 06:17:00,36.3050,141.0680,48,4.8,35.7,0.8,2.7,104
2005/11/15 06:39:00,38.0270,144.8920,83,7.1,84.4,2.8,3.6,659
2005/11/12 06:02:00,36.4800,140.8580,57,4.6,121.6,2.6,3.4,127
2005/11/07 19:35:00,40.0950,142.8240,24,4.9,11.5,0.6,2.2,67
2005/11/04 01:02:00,37.4340,138.4800,28,4.8,72.0,2.4,3.2,128
2005/11/01 11:01:00,39.0640,140.8160,9,4.6,340.8,8.0,4.2,77
2005/10/29 08:39:00,43.0570,145.6660,48,4.7,68.7,1.7,3.0,51
2005/10/24 18:35:00,38.4920,142.1260,39,4.8,52.2,0.8,2.4,98
2005/10/23 19:08:00,37.3490,134.7580,411,6.1,19.2,0.7,2.2,130
2005/10/22 22:12:00,37.0750,141.1230,52,5.6,156.7,8.0,4.0,275
2005/10/19 20:44:00,36.3790,141.0450,48,6.3,279.3,15.0,4.9,438
2005/10/18 03:48:00,37.9300,141.9140,43,4.8,22.7,0.6,2.1,108
2005/10/18 01:15:00,40.7770,139.1210,14,5.3,9.0,0.3,1.7,15
2005/10/18 01:13:00,40.7450,139.1580,12,5.4,29.4,1.1,2.8,85
2005/10/16 16:05:00,36.0350,139.9400,47,5.1,224.3,8.2,4.1,250
2005/10/16 00:51:00,25.3480,123.4050,175,6.5,38.5,2.0,3.2,10
2005/10/12 13:30:00,37.9090,141.8720,43,4.7,23.9,0.5,2.0,75
2005/10/03 13:59:00,36.1490,136.7650,1,4.5,25.9,0.6,2.0,12
2005/09/28 20:20:00,39.2520,140.3630,150,4.8,18.7,0.6,2.0,97
2005/09/21 11:25:00,43.7050,146.4010,103,6.0,177.9,6.2,4.1,205
2005/09/12 04:28:00,38.1590,142.1920,42,4.7,15.8,0.3,1.7,75
2005/09/11 05:06:00,37.0600,141.1760,50,4.5,39.1,1.2,2.6,99
2005/09/09 16:15:00,35.5870,140.9500,38,5.0,28.2,1.4,2.6,30
2005/09/03 01:24:00,41.4770,141.9790,64,4.9,28.5,0.7,2.4,132
2005/08/31 03:11:00,38.4070,143.4840,22,6.3,15.1,1.4,2.8,176
2005/08/30 01:15:00,43.1020,144.5920,77,4.5,47.9,0.9,2.6,47
2005/08/27 15:46:00,43.3520,146.8540,48,4.7,42.4,1.1,2.9,27
2005/08/26 07:28:00,37.6600,143.5910,10,5.4,3.4,0.4,1.6,19
2005/08/24 19:15:00,38.4400,143.0890,14,6.3,17.7,1.7,2.8,207
2005/08/21 11:29:00,37.2950,138.7150,17,5.0,193.3,10.6,4.6,212
2005/08/16 13:55:00,38.2850,142.0710,43,4.5,30.1,0.5,1.9,47
2005/08/16 11:52:00,38.1820,142.1570,38,4.6,30.1,0.4,1.9,55
2005/08/16 11:46:00,38.1470,142.2820,42,7.2,564.1,21.6,5.2,847
2005/08/16 08:29:00,42.3490,143.0460,51,4.6,55.9,1.9,3.3,89
2005/08/15 19:57:00,29.5840,130.1170,26,4.5,3.4,0.1,0.3,1
2005/08/10 15:12:00,37.0520,141.5100,78,4.6,28.7,1.0,2.5,99
2005/08/08 00:06:00,36.3350,141.4480,46,5.6,34.6,1.5,2.9,243
2005/08/07 23:28:00,41.5340,142.9320,29,4.6,17.9,1.1,2.6,28
2005/08/07 01:05:00,35.5550,140.1160,73,4.7,45.5,1.6,3.1,182
2005/07/28 19:15:00,36.1220,139.8480,51,5.0,204.8,5.9,3.9,260
2005/07/24 18:12:00,35.2040,140.1900,66,4.5,27.7,1.0,2.7,74
2005/07/23 16:37:00,35.6040,140.1350,68,4.5,25.6,1.3,2.9,152
2005/07/23 16:35:00,35.5790,140.1410,73,6.0,213.0,21.1,4.9,446
2005/07/11 07:27:00,36.4100,141.0430,48,4.7,99.9,3.1,3.7,124
2005/07/10 08:37:00,33.5030,141.1360,55,5.8,44.3,2.2,3.2,53
2005/07/06 05:10:00,39.5890,143.3960,24,5.2,5.4,0.3,1.5,33
2005/07/02 09:32:00,39.5070,143.4360,40,5.5,13.8,1.2,2.8,101
2005/06/29 23:18:00,34.4220,129.2800,17,4.6,215.9,3.7,3.6,5
2005/06/24 22:08:00,36.4400,141.0560,46,4.5,44.2,1.2,2.6,99
2005/06/23 03:42:00,42.1420,144.3960,26,4.9,24.4,1.6,2.8,51
2005/06/20 14:04:00,35.7540,136.8580,9,4.6,193.7,4.4,3.6,197
2005/06/20 13:03:00,37.2250,138.5930,15,5.0,132.7,6.2,3.8,131
2005/06/20 01:15:00,35.7300,140.6960,51,5.6,98.2,7.2,4.0,276
2005/06/16 23:42:00,42.9470,145.5970,43,4.7,96.2,2.5,3.5,47
2005/06/09 09:28:00,35.6270,140.0830,72,4.5,38.6,1.7,3.1,145
2005/06/03 04:16:00,32.4920,130.5490,11,4.8,144.9,5.1,3.6,163
2005/05/31 11:04:00,31.3010,131.5470,29,5.8,85.6,8.2,4.2,170
2005/05/30 20:18:00,32.1960,141.0160,11,5.4,5.2,0.2,1.1,1
2005/05/30 07:34:00,35.6870,140.7100,51,4.7,31.8,1.4,2.8,39
2005/05/27 17:07:00,38.5340,140.5830,109,4.9,18.2,1.9,2.8,162
2005/05/27 03:17:00,33.9990,133.7000,42,4.7,181.4,3.7,3.6,171
2005/05/25 20:31:00,33.3200,132.2900,54,4.6,62.2,2.0,3.3,154
2005/05/21 07:01:00,38.8520,142.2610,18,5.1,30.8,1.4,2.9,110
2005/05/19 10:14:00,35.5550,141.0850,33,5.4,28.1,1.6,2.8,103
2005/05/19 01:33:00,42.9170,144.7240,58,4.8,87.0,6.0,4.1,102
2005/05/15 19:01:00,35.7520,140.7050,51,4.7,9.6,0.4,1.8,58
2005/05/15 15:55:00,36.6250,139.4860,9,4.8,453.7,18.9,5.3,164
2005/05/12 04:23:00,32.0720,132.0200,30,4.5,27.2,0.8,2.2,58
2005/05/11 08:50:00,43.6980,143.3620,166,5.2,13.1,0.5,1.9,119
2005/05/08 15:04:00,36.6270,139.4950,10,4.5,194.4,5.6,4.0,164
2005/05/02 01:24:00,33.6670,130.3220,11,5.0,101.8,3.1,3.7,133
2005/04/24 13:00:00,33.3410,140.8680,42,4.8,8.1,0.2,1.3,1
2005/04/20 09:09:00,33.6750,130.2850,13,5.1,101.5,5.3,3.7,174
2005/04/20 06:44:00,33.6770,130.2950,12,4.5,67.4,3.0,3.1,87
2005/04/20 06:22:00,33.6750,130.2900,13,4.7,54.7,1.3,2.7,96
2005/04/20 06:11:00,33.6740,130.2890,14,5.8,370.7,22.6,4.9,278
2005/04/19 10:46:00,29.7280,139.6560,441,6.0,6.3,0.4,1.5,56
2005/04/11 07:22:00,35.7240,140.6230,52,6.1,232.6,23.7,5.0,368
2005/04/10 20:34:00,33.6650,130.2840,5,5.0,78.7,4.5,3.8,70
2005/04/04 02:57:00,37.3690,141.7560,44,5.3,90.5,7.7,3.9,220
2005/04/03 17:41:00,37.1990,139.9500,5,4.5,200.0,4.7,4.0,75
2005/03/24 15:18:00,40.8220,143.0690,9,4.7,8.9,0.5,2.1,28
2005/03/22 15:55:00,33.7220,130.1790,11,5.4,46.1,1.2,2.9,109
2005/03/21 23:59:00,33.7820,130.1020,12,4.8,33.7,1.0,2.2,87
2005/03/20 20:38:00,33.7420,130.1720,11,4.5,30.3,1.6,3.0,72
2005/03/20 19:52:00,33.7970,130.0920,13,4.7,16.7,0.3,1.6,56
2005/03/20 14:32:00,33.7940,130.0890,12,4.5,9.8,0.2,1.3,24
2005/03/20 10:53:00,33.7350,130.1770,9,7.0,360.4,63.1,5.5,564
2005/03/18 09:38:00,44.2310,141.1120,0,5.0,30.3,1.2,2.7,54
2005/03/17 07:41:00,34.7820,139.6930,134,4.5,7.3,0.6,1.8,47
2005/03/16 22:23:00,43.3890,146.5770,46,5.3,20.7,0.6,2.5,54
2005/03/12 03:47:00,43.0090,144.8640,61,5.1,140.8,4.4,3.9,100
2005/03/01 12:21:00,24.8090,125.3990,50,4.5,22.5,0.5,2.1,2
2005/02/26 21:37:00,40.6820,142.5990,45,5.7,130.8,6.2,4.3,259
2005/02/16 04:46:00,36.0320,139.8980,45,5.4,344.5,13.4,4.8,312
2005/02/08 11:29:00,36.1370,140.0880,67,4.8,70.0,2.5,3.3,248
2005/02/05 10:16:00,36.7390,142.0500,36,5.0,13.5,0.5,2.0,74
2005/01/31 18:39:00,41.7600,143.8210,48,5.4,39.7,2.3,3.2,100
2005/01/28 04:49:00,42.8750,145.0970,48,4.5,73.3,1.9,3.3,46
2005/01/23 08:41:00,42.6200,142.9760,106,4.5,35.2,2.3,3.0,85
2005/01/18 23:09:00,42.8720,145.0110,50,6.4,240.7,15.7,4.5,326
2005/01/18 21:50:00,37.3670,139.0000,8,4.7,554.7,19.6,4.5,99
2005/01/13 05:03:00,42.4050,145.5210,43,5.1,30.2,1.2,2.6,46
2005/01/09 18:59:00,35.3090,136.8530,13,4.7,137.8,7.0,4.1,205
2005/01/06 22:00:00,41.4540,142.1070,61,5.3,43.8,2.0,3.3,174
2005/01/01 05:14:00,36.7800,140.9850,89,5.0,191.5,5.2,4.2,297
2004/12/30 22:29:00,38.9380,141.6350,73,5.0,170.4,3.4,3.6,152
2004/12/29 22:59:00,38.4450,142.1830,39,5.5,65.3,1.2,2.9,159
2004/12/28 18:30:00,37.3180,138.9850,8,5.0,134.0,7.4,4.0,142
2004/12/23 21:03:00,37.3920,138.9550,11,4.5,183.8,7.9,4.0,94
2004/12/22 11:56:00,30.6820,131.1400,39,4.6,21.1,0.6,2.3,21
2004/12/22 00:34:00,42.9230,145.5120,45,5.7,136.7,5.7,4.0,147
2004/12/19 19:16:00,38.0420,142.7580,29,4.7,5.5,0.3,1.4,53
2004/12/19 14:22:00,36.2900,141.6400,62,5.1,11.1,0.5,2.1,93
2004/12/19 06:32:00,42.1950,142.9750,50,4.5,9.8,0.4,1.7,57
2004/12/15 02:29:00,44.0950,141.6200,0,4.6,216.0,8.1,4.1,21
2004/12/14 17:54:00,44.0900,141.6570,7,4.8,119.7,8.7,4.4,58
2004/12/14 15:01:00,44.0800,141.7200,9,4.7,121.1,4.2,3.9,59
2004/12/14 14:56:00,44.0730,141.7030,9,6.1,1176.7,78.3,5.9,166
2004/12/14 02:27:00,31.7530,129.1620,19,5.3,26.4,1.3,2.8,45
2004/12/13 07:53:00,31.7550,129.1870,16,4.9,24.9,1.5,2.9,32
2004/12/12 15:58:00,31.7550,129.1700,15,4.7,12.2,0.7,2.1,17
2004/12/12 14:28:00,31.7630,129.1830,15,5.1,37.4,2.4,3.2,58
2004/12/07 18:30:00,42.9350,145.0200,51,4.5,61.4,2.5,2.9,51
2004/12/06 23:15:00,42.8450,145.3470,46,6.9,447.7,30.7,5.3,403
2004/12/06 04:45:00,41.4880,142.0600,65,4.6,35.3,1.0,2.8,92
2004/11/30 01:36:00,42.8550,145.3250,45,4.6,31.6,1.2,2.8,49
2004/11/29 17:00:00,42.9830,145.4120,48,4.9,103.4,3.2,3.5,46
2004/11/29 04:02:00,42.9770,145.4350,47,4.5,108.3,2.1,3.2,42
2004/11/29 03:36:00,42.8800,145.2380,46,6.0,277.0,14.2,4.5,121
2004/11/29 03:32:00,42.9430,145.2780,48,7.1,879.5,41.6,5.6,433
2004/11/27 07:42:00,42.3230,143.0830,51,5.6,199.6,6.7,4.2,229
2004/11/22 23:57:00,41.7300,144.2350,33,5.1,11.9,0.9,2.5,46
2004/11/19 17:40:00,38.8180,141.5800,75,4.5,49.2,1.0,2.5,89
2004/11/15 09:39:00,37.3800,139.0000,0,4.7,112.4,4.7,3.7,49
2004/11/15 03:44:00,41.7350,144.2330,30,5.7,22.7,1.9,3.0,99
2004/11/15 02:37:00,41.7250,144.2120,33,5.2,10.8,0.7,2.3,44
2004/11/11 19:03:00,42.0770,144.4880,39,6.3,85.9,9.8,4.3,218
2004/11/10 03:43:00,37.3670,139.0030,5,5.3,256.9,8.9,4.5,186
2004/11/09 04:16:00,37.3500,139.0020,0,5.0,102.7,3.1,3.3,153
2004/11/09 00:54:00,23.9630,122.4280,32,6.4,6.3,0.7,2.0,2
2004/11/09 00:07:00,33.7830,138.4130,51,5.7,19.9,0.9,2.6,199
2004/11/08 11:43:00,37.3780,139.0420,2,4.7,147.9,8.7,4.2,75
2004/11/08 11:32:00,37.3880,139.0500,6,5.1,230.7,9.1,4.4,179
2004/11/08 11:27:00,37.3900,139.0250,0,5.0,323.5,17.1,4.6,100
2004/11/08 11:16:00,37.3920,139.0350,0,5.9,323.2,18.8,4.8,331
2004/11/07 11:02:00,47.5020,144.7530,507,6.0,8.9,0.5,2.0,31
2004/11/06 15:16:00,37.3670,139.0070,1,4.5,56.1,1.8,3.1,66
2004/11/06 02:53:00,37.3580,139.0030,0,5.1,124.5,4.0,3.9,145
2004/11/04 23:03:00,43.4500,146.9230,60,5.8,107.5,3.5,3.7,148
2004/11/04 08:57:00,37.4270,138.9180,18,5.2,375.4,22.7,4.8,241
2004/11/04 05:28:00,30.5720,131.1620,30,4.7,11.5,0.3,1.6,11
2004/11/02 22:04:00,38.8000,142.8780,19,5.4,19.3,0.5,2.2,105
2004/11/01 04:35:00,37.2080,138.9030,8,5.0,121.9,8.9,4.2,200
2004/10/27 10:40:00,37.2880,139.0350,12,6.1,570.2,44.1,5.6,486
2004/10/25 06:07:00,37.3150,138.9580,14,4.8,93.1,4.2,3.4,83
2004/10/25 06:05:00,37.3270,138.9500,15,5.8,471.5,27.6,5.2,364
2004/10/25 01:27:00,37.1620,138.7630,6,4.7,135.8,5.5,4.1,63
2004/10/25 01:15:00,36.5650,141.1650,46,4.5,28.1,0.6,2.4,82
2004/10/25 00:56:00,37.1210,138.8880,10,4.5,29.0,0.4,1.7,36
2004/10/25 00:28:00,37.1980,138.8730,10,5.3,432.8,30.4,5.1,241
2004/10/24 23:00:00,37.1730,138.9500,2,5.1,66.4,3.7,3.8,32
2004/10/24 16:06:00,37.2920,138.8950,12,4.6,146.7,13.4,4.6,67
2004/10/24 14:21:00,37.2420,138.8280,11,5.0,495.3,36.8,5.6,101
2004/10/24 10:06:00,37.3030,138.9300,10,4.5,153.7,3.8,3.6,50
2004/10/24 09:28:00,37.2130,138.8950,12,4.8,227.4,16.6,5.0,148
2004/10/24 04:00:00,37.1650,138.9450,5,4.7,8.0,0.7,1.9,2
2004/10/23 23:34:00,37.3130,138.9080,20,5.3,262.8,9.7,4.4,285
2004/10/23 21:44:00,37.2680,138.9450,15,5.0,206.2,6.2,4.0,136
2004/10/23 20:55:00,37.2080,138.8000,10,4.5,182.8,2.5,3.0,34
2004/10/23 20:17:00,37.2070,138.8280,8,4.7,84.1,3.0,3.4,48
2004/10/23 19:46:00,37.2920,138.8780,12,5.7,469.2,40.8,5.5,344
2004/10/23 19:36:00,37.2130,138.8270,11,5.3,332.0,19.1,5.0,215
2004/10/23 18:57:00,37.2030,138.8670,8,5.3,146.4,4.3,3.7,217
2004/10/23 18:54:00,37.3820,138.9580,8,4.7,178.6,6.3,4.0,98
2004/10/23 18:36:00,37.2520,138.9430,7,5.1,143.3,5.8,4.1,146
2004/10/23 18:34:00,37.3030,138.9320,14,6.5,989.6,64.1,6.1,563
2004/10/23 18:28:00,37.2170,138.8350,11,4.6,190.3,10.1,4.4,68
2004/10/23 18:13:00,37.3900,138.9570,9,4.8,15.3,0.4,1.5,16
2004/10/23 18:12:00,37.2500,138.8320,12,6.0,359.1,17.2,4.9,422
2004/10/23 18:07:00,37.3450,138.8670,15,5.7,500.2,21.8,5.1,245
2004/10/23 18:03:00,37.3500,138.9850,9,6.3,826.5,42.2,5.8,458
2004/10/23 17:59:00,37.3080,138.8580,16,5.3,49.7,2.6,3.2,193
2004/10/23 17:56:00,37.2880,138.8700,13,6.8,1750.2,135.3,6.7,614
2004/10/22 04:38:00,36.3000,137.9200,228,4.7,13.0,0.3,1.9,58
2004/10/21 19:09:00,28.8200,129.2420,21,4.9,6.7,0.2,1.3,4
2004/10/17 07:05:00,33.2020,137.1930,41,4.8,7.3,0.2,1.1,31
2004/10/17 03:54:00,36.2520,141.3320,49,5.7,44.7,1.6,3.1,267
2004/10/17 02:19:00,36.2700,141.4050,48,5.5,32.1,1.2,2.8,215
2004/10/15 13:09:00,24.5980,122.8280,83,6.6,76.3,4.2,3.8,7
2004/10/08 04:26:00,42.3400,143.1200,50,5.1,110.7,3.8,3.8,134
2004/10/06 23:40:00,35.9850,140.0920,66,5.7,189.7,9.8,4.5,384
2004/10/06 07:10:00,24.7900,125.3800,50,4.5,17.2,0.5,1.7,2
2004/10/05 08:33:00,35.9300,136.3800,12,4.8,457.0,7.1,4.0,271
2004/10/03 03:13:00,28.0750,128.0630,6,5.3,2.5,0.1,0.6,1
2004/09/22 20:04:00,41.3730,141.5670,109,4.8,56.9,2.2,3.3,154
2004/09/16 00:36:00,33.2450,140.9680,46,4.5,6.6,0.1,1.1,1
2004/09/14 16:41:00,27.9700,127.9750,106,4.7,6.1,0.2,1.1,1
2004/09/10 13:22:00,42.3530,143.1050,51,5.1,97.7,2.4,3.4,175
2004/09/10 11:05:00,32.9730,136.7330,30,5.6,8.5,0.3,1.4,51
2004/09/09 23:36:00,41.9320,142.3170,68,4.6,23.3,0.9,2.5,72
2004/09/08 23:58:00,33.1130,137.2900,36,6.5,37.8,1.4,3.0,297
2004/09/08 23:40:00,32.9600,137.3200,43,5.4,8.8,0.2,1.7,63
2004/09/08 03:36:00,33.2220,137.1920,40,5.5,48.5,1.7,3.2,303
2004/09/07 08:29:00,33.3550,137.2950,41,6.4,111.2,3.7,3.9,558
2004/09/06 19:29:00,33.2830,137.1670,40,4.5,7.5,0.2,1.1,34
2004/09/06 05:30:00,33.2850,136.9080,37,5.9,16.8,0.7,2.5,116
2004/09/05 23:57:00,33.1430,137.1420,44,7.4,397.2,10.7,4.7,793
2004/09/05 21:42:00,33.0170,136.9330,34,4.6,15.2,0.3,1.5,34
2004/09/05 19:25:00,33.1080,136.7000,43,5.0,20.5,0.6,2.2,58
2004/09/05 19:17:00,33.0380,136.8400,41,5.0,12.5,0.3,1.6,20
2004/09/05 19:16:00,33.1230,137.1930,43,4.8,16.8,0.4,1.7,50
2004/09/05 19:07:00,33.0280,136.8000,38,6.9,229.9,7.5,4.5,752
2004/09/05 03:25:00,41.9270,142.3000,69,4.5,25.2,0.9,2.5,78
2004/09/01 23:10:00,28.8630,129.8600,42,4.7,8.2,0.6,2.2,2
2004/09/01 20:07:00,28.8480,129.8470,45,5.2,9.7,0.6,2.1,3
2004/09/01 11:49:00,36.9180,141.7830,31,5.6,47.9,1.9,3.1,274
2004/08/21 05:33:00,35.0330,141.4830,38,5.4,2.2,0.2,1.1,15
2004/08/21 02:38:00,23.8770,123.3680,30,5.6,7.8,0.5,1.7,1
2004/08/19 20:40:00,37.0780,141.4630,73,5.0,82.7,2.6,3.4,191
2004/08/17 13:25:00,41.5080,143.4800,47,4.7,11.9,0.6,2.2,18
2004/08/17 13:16:00,41.5280,143.4720,49,4.9,19.3,0.7,2.4,36
2004/08/17 12:01:00,41.5370,143.5030,47,5.1,15.9,0.6,2.1,54
2004/08/10 22:49:00,41.7130,139.3530,23,4.5,27.1,0.6,2.4,24
2004/08/10 15:13:00,39.6700,142.1350,48,5.8,190.3,10.1,4.5,234
2004/08/06 03:23:00,35.6120,140.0580,75,4.6,70.8,2.9,3.6,200
2004/07/31 00:44:00,34.0450,140.3480,72,4.7,9.8,0.4,1.8,30
2004/07/29 13:08:00,42.4280,143.1070,50,4.7,43.2,1.0,2.7,85
2004/07/27 17:44:00,42.9400,145.3080,86,4.6,86.1,2.2,3.3,59
2004/07/27 00:55:00,35.7550,137.1100,11,4.5,316.3,4.2,3.3,228
2004/07/25 03:54:00,26.4630,128.9130,33,5.9,12.5,0.9,2.2,2
2004/07/22 18:45:00,26.4370,129.0350,32,6.1,40.9,2.7,3.4,9
2004/07/22 17:23:00,37.7620,141.8250,40,4.5,12.0,0.4,1.8,29
2004/07/21 09:38:00,40.8630,143.2970,30,5.4,19.2,1.2,2.6,78
2004/07/21 09:11:00,40.8550,143.3980,37,5.5,18.3,0.7,2.4,89
2004/07/20 05:58:00,42.5270,143.1000,98,5.0,99.6,5.8,4.0,201
2004/07/19 23:37:00,36.7570,141.6820,34,4.7,17.9,0.6,2.3,81
2004/07/17 15:10:00,34.8330,140.3580,69,5.5,74.6,4.0,3.6,296
2004/07/10 20:07:00,36.0770,139.8880,48,4.7,102.0,2.5,3.4,190
2004/07/07 23:13:00,42.4420,145.3650,49,5.0,12.9,0.4,1.8,44
2004/07/05 18:22:00,37.9070,141.8730,42,4.7,14.5,0.3,1.8,61
2004/07/04 21:31:00,42.0470,142.4880,62,4.9,56.6,2.1,3.4,176
2004/07/04 03:44:00,40.5280,141.4850,105,4.5,27.3,1.1,2.6,88
2004/07/03 03:59:00,40.8930,143.2430,23,5.2,11.6,0.4,1.9,51
2004/06/27 04:43:00,37.4930,141.5970,45,4.8,67.5,1.3,2.8,125
2004/06/20 14:39:00,33.4620,140.8470,65,5.1,13.7,0.5,1.9,5
2004/06/18 17:21:00,29.7350,130.0000,13,4.5,6.2,0.1,0.9,1
2004/06/13 14:55:00,39.2350,144.0250,65,5.3,22.1,0.6,2.5,156
2004/06/12 02:05:00,40.0300,142.2020,55,4.6,168.6,4.3,4.0,86
2004/06/11 03:12:00,42.3180,143.1330,48,5.2,126.3,4.3,3.8,190
2004/06/08 08:05:00,34.2100,135.0770,8,4.5,88.2,1.3,2.7,58
2004/06/07 13:14:00,42.5380,144.4350,78,4.9,86.8,3.5,3.5,108
2004/05/31 11:19:00,25.4950,126.4770,80,5.1,2.8,0.1,0.8,1
2004/05/30 19:39:00,44.0070,147.6470,24,5.0,24.5,0.7,2.5,37
2004/05/30 05:56:00,34.1030,141.8620,23,6.7,1.8,0.8,0.8,11
2004/05/29 12:47:00,37.6600,142.0230,38,5.9,58.2,5.4,3.7,323
2004/05/21 23:27:00,43.7350,144.7050,0,4.8,152.1,4.3,3.9,53
2004/05/20 06:04:00,27.2930,128.4420,45,5.1,91.7,2.7,3.5,7
2004/05/16 00:37:00,37.3000,141.7600,44,4.6,18.6,0.4,2.1,60
2004/05/06 22:43:00,42.4720,145.1200,43,5.7,79.9,4.5,3.8,114
2004/05/06 22:40:00,42.4820,145.1270,44,5.4,18.3,1.0,2.5,66
2004/04/23 07:16:00,40.7370,142.4880,66,4.9,32.2,1.0,2.7,123
2004/04/21 12:21:00,31.5600,131.8400,25,5.0,37.4,1.8,3.1,67
2004/04/21 12:10:00,31.5620,131.8520,25,4.7,18.4,1.0,2.6,51
2004/04/20 22:26:00,33.4650,132.2470,48,4.6,49.3,1.0,2.7,144
2004/04/12 14:15:00,42.8680,145.1070,48,4.8,88.2,3.0,3.6,60
2004/04/12 03:06:00,42.8280,144.9970,47,5.8,289.9,11.6,4.6,187
2004/04/07 22:47:00,34.2820,140.4870,46,4.9,115.3,3.4,3.8,116
2004/04/04 08:02:00,36.3870,141.1570,49,5.8,121.8,4.5,4.0,349
2004/04/03 18:56:00,37.1800,142.0650,38,4.9,15.5,0.3,1.7,43
2004/03/27 00:20:00,41.7550,144.3750,37,5.8,31.8,2.3,3.2,102
2004/03/19 04:25:00,42.1050,144.0270,64,4.9,41.4,1.4,3.0,62
2004/03/18 16:04:00,42.3070,144.7230,32,5.3,15.0,0.8,2.3,82
2004/03/15 12:59:00,36.3000,141.7970,67,4.9,7.2,0.4,1.6,53
2004/03/15 07:38:00,37.6500,138.3950,24,4.7,74.8,2.2,3.2,96
2004/03/11 11:35:00,36.3180,141.0100,48,5.3,108.3,3.2,3.7,194
2004/03/03 04:37:00,42.8750,146.5220,37,5.4,21.3,0.8,2.4,32
2004/03/01 21:27:00,31.8500,130.6330,178,4.6,27.1,0.9,2.7,58
2004/02/28 18:33:00,36.6900,142.1530,24,4.7,11.1,0.5,2.1,73
2004/02/27 11:49:00,38.7830,141.6230,70,4.6,232.4,2.3,3.0,103
2004/02/26 13:33:00,24.1030,123.1370,69,5.5,11.0,0.4,1.7,3
2004/02/17 16:46:00,43.0920,145.9970,46,5.6,262.2,7.4,4.4,101
2004/02/17 01:30:00,32.7100,140.6300,75,4.5,10.0,0.3,1.6,1
2004/02/15 21:53:00,42.3530,143.1180,51,4.8,135.2,4.7,3.7,106
2004/02/08 19:30:00,43.0800,145.8620,47,4.9,58.0,1.1,2.7,44
2004/02/04 15:08:00,40.1400,141.8980,63,5.3,150.2,4.6,3.9,207
2004/01/27 13:20:00,32.7200,140.6370,72,5.0,27.4,0.8,2.6,7
2004/01/23 18:01:00,37.2580,141.1300,66,5.3,189.5,5.0,3.8,271
2004/01/19 03:16:00,42.8020,145.0270,49,4.7,29.0,1.0,2.6,59
2004/01/15 09:10:00,43.8530,146.1770,106,5.1,36.5,2.1,2.8,41
2004/01/13 05:12:00,42.1830,143.3770,43,4.6,129.9,5.7,3.9,27
2004/01/06 14:50:00,34.2120,136.7170,37,5.4,395.3,6.5,4.0,246
2004/01/02 18:22:00,34.1780,140.4150,64,4.5,25.8,1.0,2.4,12
2004/01/02 13:41:00,42.3520,144.8200,33,4.9,13.7,0.7,2.1,38
2003/12/30 16:35:00,43.0250,146.9670,51,5.5,17.3,0.6,2.4,73
2003/12/29 10:31:00,42.4170,144.7580,39,6.0,82.8,3.5,3.7,187
2003/12/27 06:35:00,42.2580,144.4350,30,5.2,18.3,0.9,2.6,66
2003/12/22 21:07:00,37.8830,138.2570,16,4.7,119.1,4.2,3.7,68
2003/12/22 17:47:00,42.3300,144.6950,34,5.7,36.8,1.9,3.1,173
2003/12/19 06:26:00,42.9330,146.4450,58,4.8,26.0,0.6,2.3,34
2003/12/13 12:32:00,34.5550,134.3000,15,4.6,226.4,5.1,3.9,131
2003/12/12 10:46:00,42.4820,143.0330,59,5.0,43.6,3.0,3.3,129
2003/12/08 16:20:00,41.1850,142.0570,58,4.9,43.0,1.2,2.8,98
2003/12/03 23:11:00,42.3900,144.8180,35,5.6,43.6,2.4,3.3,107
2003/11/30 12:45:00,31.9700,130.3320,10,4.8,117.9,3.4,3.5,79
2003/11/24 21:18:00,42.3130,143.0050,52,5.3,102.0,2.6,3.4,216
2003/11/24 18:48:00,42.3170,142.9980,55,4.8,46.8,1.4,3.1,92
2003/11/23 07:00:00,35.5720,141.1300,39,5.1,161.5,6.3,3.5,88
2003/11/15 03:44:00,36.4280,141.1680,48,5.8,139.6,5.9,4.0,374
2003/11/15 02:05:00,42.1370,144.3950,26,5.0,8.1,1.0,2.3,27
2003/11/14 07:39:00,41.8330,142.2000,70,4.8,27.6,1.2,2.9,122
2003/11/14 02:25:00,28.4750,130.1250,36,4.8,8.3,0.6,2.2,2
2003/11/14 02:16:00,28.4730,130.1430,35,4.6,6.2,0.3,1.8,1
2003/11/12 17:27:00,33.1700,137.0570,398,6.5,112.4,3.5,3.8,415
2003/11/03 16:11:00,37.4820,142.5080,21,5.2,7.4,0.2,1.3,36
2003/11/02 11:58:00,37.8230,143.1150,44,5.6,10.9,1.0,2.4,79
2003/11/02 08:44:00,42.2520,144.4130,31,4.9,41.2,1.5,3.0,54
2003/11/01 22:10:00,37.7700,143.2750,46,6.2,5.0,1.1,2.0,77
2003/11/01 09:26:00,37.8250,143.2880,39,5.2,5.6,0.3,1.5,41
2003/11/01 04:32:00,41.3120,142.6680,37,4.6,7.3,0.4,1.7,31
2003/10/31 23:15:00,38.5750,139.9370,158,5.1,65.7,1.5,2.8,148
2003/10/31 10:06:00,37.8280,142.6980,33,6.8,47.4,3.6,3.3,424
2003/10/29 06:48:00,43.6000,147.7370,31,6.0,46.6,2.8,3.3,145
2003/10/27 11:15:00,24.1570,123.6030,42,4.7,7.2,0.4,1.6,1
2003/10/20 08:27:00,43.0180,145.1680,96,4.7,94.4,2.4,3.5,52
2003/10/18 18:32:00,43.4230,143.8430,8,4.5,72.1,1.6,3.0,65
2003/10/15 16:30:00,35.6100,140.0520,74,5.1,86.6,6.7,4.0,271
2003/10/14 21:39:00,41.6950,144.3200,26,5.3,13.1,1.2,2.8,41
2003/10/12 15:19:00,36.8450,135.6400,24,4.7,8.4,0.3,1.2,24
2003/10/12 03:26:00,41.7570,143.8250,48,5.5,62.6,2.6,3.3,98
2003/10/11 10:11:00,43.7220,147.8350,0,5.5,9.9,0.4,2.0,49
2003/10/11 09:09:00,41.8600,144.4430,28,6.1,83.3,6.5,4.0,163
2003/10/10 21:58:00,42.0970,144.9150,26,5.1,20.1,1.0,2.6,43
2003/10/09 15:52:00,41.6600,143.6150,25,5.4,14.4,1.3,2.6,58
2003/10/09 08:15:00,42.2500,144.7630,28,5.9,33.2,2.4,3.3,123
2003/10/09 00:18:00,42.2550,144.4330,31,4.9,30.1,1.1,2.7,57
2003/10/08 22:32:00,42.2670,144.8050,28,5.7,65.3,4.5,3.8,138
2003/10/08 18:07:00,42.5620,144.6730,51,6.4,124.2,14.3,4.4,225
2003/10/08 02:41:00,42.5050,144.8050,47,5.2,34.7,1.5,3.0,70
2003/10/07 20:40:00,42.2750,144.8180,28,4.7,9.4,0.6,2.1,27
2003/10/07 17:00:00,42.2750,145.0300,24,4.9,9.0,0.5,1.9,32
2003/10/07 04:26:00,42.2370,144.7450,28,5.6,23.9,1.3,2.8,81
2003/10/07 01:28:00,41.9670,142.5420,64,4.5,26.2,0.7,2.4,83
2003/10/05 00:29:00,36.0030,137.2830,13,4.5,120.6,2.9,3.4,168
2003/10/04 23:41:00,41.5580,142.0580,69,4.7,14.8,0.7,2.3,50
2003/10/04 12:10:00,42.2030,145.0550,28,4.8,11.3,0.4,2.1,33
2003/10/04 08:11:00,38.7120,141.6880,74,4.5,79.1,1.3,2.8,106
2003/10/04 05:38:00,42.2220,142.9220,55,4.7,44.9,1.1,2.8,69
2003/10/03 13:45:00,41.9180,143.5470,33,4.9,14.1,0.8,2.2,44
2003/10/02 01:23:00,42.0550,144.5570,38,5.2,10.7,1.1,2.6,52
2003/10/01 10:30:00,41.9580,145.0800,31,5.3,13.0,0.8,2.2,43
2003/09/30 08:24:00,41.9850,144.9920,32,5.0,3.7,0.2,1.1,13
2003/09/30 06:22:00,41.5700,144.1970,25,5.8,5.1,0.9,2.2,38
2003/09/29 23:27:00,42.3870,144.6850,39,4.6,15.2,0.5,2.0,31
2003/09/29 23:22:00,42.0800,144.4850,39,5.7,45.9,3.8,3.6,117
2003/09/29 16:50:00,42.3970,144.0580,64,5.5,70.0,4.8,3.7,155
2003/09/29 11:37:00,42.3570,144.5570,43,6.5,110.3,9.7,4.2,291
2003/09/29 06:29:00,42.1650,144.8480,27,5.0,11.6,0.5,2.1,36
2003/09/29 05:59:00,42.0250,144.9500,28,5.2,6.8,0.4,1.7,35
2003/09/29 01:51:00,41.8730,145.5370,19,5.5,6.5,0.8,2.3,51
2003/09/28 23:13:00,42.0070,144.7930,35,4.9,11.0,0.7,2.2,33
2003/09/28 13:18:00,42.6000,144.8150,48,5.5,41.0,1.9,2.9,92
2003/09/28 09:23:00,42.2650,143.3230,43,5.0,62.2,4.1,3.6,95
2003/09/28 08:04:00,42.1920,144.7300,29,5.1,14.1,1.0,2.6,59
2003/09/28 07:23:00,42.1880,142.9720,51,5.2,56.1,2.2,3.4,157
2003/09/28 01:07:00,42.3270,144.3750,49,5.1,29.1,1.8,3.0,98
2003/09/27 17:06:00,42.7320,144.3450,59,5.2,121.2,6.5,4.0,99
2003/09/27 05:38:00,42.0220,144.7320,34,6.0,64.0,5.5,3.8,152
2003/09/26 19:11:00,42.0520,144.1870,57,4.6,15.9,0.5,2.1,15
2003/09/26 15:27:00,42.1850,144.7800,27,6.1,70.4,5.7,4.0,166
2003/09/26 12:51:00,42.1830,144.8070,28,5.2,12.4,0.9,2.3,47
2003/09/26 12:29:00,41.6950,143.8650,46,5.2,10.8,1.2,2.6,54
2003/09/26 11:35:00,41.9670,144.5630,39,5.8,32.4,4.9,3.8,134
2003/09/26 08:11:00,42.8080,145.0000,46,4.8,77.0,2.0,3.4,73
2003/09/26 07:24:00,42.2620,143.5950,47,4.6,57.7,2.1,3.0,50
2003/09/26 07:20:00,42.0570,143.7330,41,5.2,44.1,2.2,3.3,77
2003/09/26 06:54:00,42.0430,143.7770,38,4.7,17.2,0.6,2.3,27
2003/09/26 06:08:00,41.7070,143.6950,21,7.1,661.4,50.4,5.9,553
2003/09/26 06:02:00,41.7480,144.4020,31,5.5,15.0,1.4,2.7,54
2003/09/26 05:57:00,41.7020,143.7930,40,5.6,28.0,2.0,3.1,97
2003/09/26 05:25:00,42.4820,143.8120,59,4.5,103.4,4.7,3.7,31
2003/09/26 05:10:00,41.7620,143.7920,29,5.8,73.3,2.2,3.4,105
2003/09/26 05:05:00,41.8330,144.4320,32,5.1,19.8,0.7,2.2,49
2003/09/26 04:50:00,41.7780,144.0780,42,8.0,988.4,132.3,6.3,657
2003/09/25 10:31:00,29.0950,129.9420,65,4.8,5.6,0.4,1.8,1
2003/09/20 12:55:00,35.2150,140.3030,70,5.8,118.9,5.5,4.0,361
2003/09/11 04:32:00,42.6730,143.8950,97,4.9,122.5,3.5,3.7,147
2003/08/30 19:06:00,41.8120,142.6730,55,5.2,84.9,4.9,3.7,157
2003/08/30 09:31:00,42.9380,145.3380,47,4.7,46.9,1.0,2.7,38
2003/08/22 22:44:00,38.9700,141.6550,70,4.6,87.3,1.7,3.0,106
2003/08/19 13:27:00,29.1700,129.0820,7,4.9,2.3,0.2,1.0,1
2003/08/18 18:59:00,35.8000,140.1120,69,4.6,47.0,2.7,3.3,201
2003/08/16 10:26:00,42.4600,143.6150,71,4.5,71.5,1.4,2.9,73
2003/08/14 23:46:00,33.5600,133.9820,37,4.6,51.0,1.1,2.5,97
2003/08/06 21:15:00,43.3350,147.2680,41,5.1,20.6,0.7,2.6,43
2003/08/04 20:57:00,36.4380,140.6150,58,4.9,439.1,11.7,4.8,198
2003/07/28 16:24:00,36.7900,141.2470,53,4.7,33.2,0.9,2.6,74
2003/07/28 04:08:00,38.4550,141.1520,14,5.0,141.4,3.9,3.7,165
2003/07/27 15:26:00,46.8170,139.1500,487,7.1,22.8,3.3,3.0,344
2003/07/26 16:56:00,38.4970,141.1920,12,5.3,94.4,4.0,3.8,223
2003/07/26 10:22:00,38.4530,141.1670,13,4.8,110.2,4.3,3.6,170
2003/07/26 07:16:00,38.4550,141.1670,12,4.5,17.4,0.3,1.7,31
2003/07/26 07:13:00,38.4020,141.1730,12,6.2,367.6,30.6,5.2,392
2003/07/26 00:13:00,38.4300,141.1670,12,5.5,289.6,9.7,4.6,269
2003/07/21 19:04:00,38.8000,141.6080,71,4.5,75.3,1.3,3.0,80
2003/07/18 12:32:00,38.2820,141.5850,75,4.8,106.9,2.7,3.2,106
2003/07/10 02:15:00,29.7630,130.1050,59,5.2,9.6,0.6,2.2,15
2003/07/08 13:30:00,42.4370,145.1170,41,5.2,21.4,1.0,2.5,73
2003/07/06 08:30:00,32.6900,135.9450,38,4.7,17.9,0.5,1.9,34
2003/07/03 08:52:00,42.3680,144.9570,33,5.8,45.7,2.9,3.4,143
2003/06/28 20:19:00,38.8080,141.5800,72,4.5,77.9,1.8,3.0,95
2003/06/20 09:29:00,40.8120,143.4030,26,4.9,14.0,0.8,2.5,41
2003/06/19 23:04:00,38.5380,141.9580,89,4.6,37.2,0.7,2.2,49
2003/06/16 18:34:00,36.8380,141.2650,77,5.0,79.9,2.4,3.6,219
2003/06/12 04:46:00,41.5820,139.4370,21,4.6,27.1,0.6,2.0,45
2003/06/10 17:40:00,23.5720,121.6880,92,6.2,4.8,0.4,1.7,2
2003/06/10 16:24:00,38.9270,141.6700,67,4.9,131.8,3.5,3.8,156
2003/06/09 18:59:00,36.4180,140.7050,54,4.6,133.3,3.8,3.7,146
2003/06/06 11:34:00,35.5280,140.9930,46,4.6,7.6,0.5,1.8,20
2003/06/05 15:06:00,28.1480,130.3150,40,4.7,8.2,0.5,2.1,2
2003/06/01 05:38:00,38.8570,141.6120,74,4.5,85.9,2.1,3.0,77
2003/05/31 18:42:00,38.8520,141.6180,74,4.7,117.5,2.4,3.4,127
2003/05/31 03:58:00,33.4030,131.8700,65,4.5,24.3,1.1,2.8,105
2003/05/28 06:24:00,38.8470,141.6250,73,4.6,53.5,0.6,2.2,79
2003/05/27 00:44:00,38.9470,141.6650,69,4.9,237.3,5.9,4.0,147
2003/05/26 22:34:00,38.8850,141.6000,76,4.8,143.0,3.3,3.6,130
2003/05/26 19:09:00,38.7880,141.6050,70,4.6,91.7,1.3,3.0,102
2003/05/26 18:49:00,38.8600,141.6050,74,4.8,16.4,0.2,1.2,26
2003/05/26 18:48:00,38.8620,141.6650,65,4.6,79.7,1.4,2.9,80
2003/05/26 18:42:00,38.8250,141.6230,72,4.5,68.5,1.1,2.5,73
2003/05/26 18:39:00,38.8220,141.6720,66,4.7,106.1,1.6,2.8,51
2003/05/26 18:24:00,38.8050,141.6820,71,7.0,1571.3,60.0,6.2,796
2003/05/23 19:08:00,38.7670,142.0250,55,4.5,43.2,0.6,1.8,23
2003/05/18 03:23:00,35.8630,137.5980,7,4.5,326.3,9.1,4.7,182
2003/05/17 23:33:00,35.7350,140.6530,47,5.1,72.2,6.1,3.8,196
2003/05/12 00:59:00,35.8720,140.0720,50,4.6,33.5,1.6,2.8,184
2003/05/12 00:57:00,35.8650,140.0880,47,5.2,125.7,9.1,4.0,285
2003/05/11 16:28:00,36.5580,140.8100,54,4.5,70.9,1.7,2.7,58
2003/05/10 11:46:00,35.8080,140.1120,70,4.5,29.9,1.1,2.7,155
2003/04/29 22:53:00,43.5250,147.6870,18,5.9,41.2,1.7,3.0,155
2003/04/29 10:04:00,39.6350,142.1300,45,4.8,63.1,1.2,2.9,53
2003/04/25 07:40:00,36.4000,141.1420,50,4.7,32.0,0.7,2.6,118
2003/04/21 10:18:00,36.5350,140.8520,53,4.6,135.8,3.5,3.7,112
2003/04/17 03:00:00,40.9570,142.3450,40,5.4,64.0,3.1,3.7,242
2003/04/12 13:28:00,31.9930,130.2650,10,4.8,167.3,5.7,4.1,114
2003/04/08 04:17:00,36.0680,139.9120,47,4.6,130.4,3.1,3.3,182
2003/04/08 03:28:00,36.3700,141.9600,24,5.8,12.7,1.3,2.5,152
2003/03/27 10:10:00,40.1530,142.4200,36,4.7,20.8,0.6,2.2,69
2003/03/26 04:08:00,33.1350,132.3080,10,4.5,48.9,1.3,2.9,99
2003/03/16 14:35:00,42.4950,143.0080,100,4.6,119.3,6.4,3.9,124
2003/03/16 00:06:00,37.3370,141.7470,41,4.7,29.6,0.9,2.4,52
2003/03/13 12:13:00,36.0870,139.8580,47,4.8,195.3,5.8,4.2,247
2003/03/13 03:04:00,27.3280,127.1180,127,5.4,12.8,0.6,1.9,7
2003/03/03 07:47:00,37.6830,141.7870,41,5.3,95.8,4.8,3.7,308
2003/02/24 02:00:00,41.9350,142.4430,65,4.6,13.3,0.9,2.5,94
2003/02/19 14:02:00,44.1170,141.8500,222,6.1,28.0,1.6,3.0,273
2003/02/16 12:03:00,37.3980,141.1520,63,5.0,114.9,4.0,3.7,249
2003/02/14 10:54:00,36.4220,140.6530,55,4.7,97.7,2.4,3.3,84
2003/02/12 22:13:00,34.0580,139.3920,16,4.7,18.0,0.9,2.5,10
2003/02/12 18:02:00,33.7500,140.8120,61,4.5,5.6,0.1,0.9,1
2003/02/06 02:37:00,35.0800,135.5670,15,4.5,91.0,1.7,2.6,109
2003/01/28 20:09:00,41.3280,142.0750,25,4.5,25.6,1.1,2.8,64
2003/01/28 15:09:00,41.0530,143.2550,34,4.9,5.5,0.3,1.4,29
2003/01/27 16:16:00,38.7700,142.2830,36,4.7,29.8,0.7,2.2,54
2003/01/23 21:42:00,33.9000,137.2730,35,4.5,16.5,0.4,2.0,37
2003/01/21 13:19:00,36.3600,141.0320,47,5.0,75.6,1.2,2.8,124
2003/01/19 04:50:00,33.8720,137.2430,45,5.3,11.9,0.7,2.2,57
2003/01/16 12:42:00,27.3180,128.8880,27,5.1,23.4,1.3,2.9,3
2003/01/15 18:02:00,41.9680,142.5580,62,4.5,14.1,0.4,2.0,45
2003/01/09 22:24:00,37.3430,141.5870,44,4.6,15.9,0.3,1.8,51
2003/01/09 13:14:00,36.4170,141.1320,47,4.7,89.4,2.2,3.4,143
2003/01/07 20:44:00,38.9780,142.5050,33,4.6,11.8,0.2,1.4,23
2003/01/07 03:27:00,42.3450,143.0570,52,4.6,57.2,2.1,3.1,99
2003/01/06 13:43:00,41.0630,142.3550,45,4.9,50.1,1.9,3.2,108
2003/01/01 07:29:00,44.7170,146.2930,203,5.1,9.5,0.4,1.8,50
2002/12/31 19:11:00,37.0630,141.4920,47,4.6,11.2,0.3,1.7,52
2002/12/29 03:38:00,28.7830,129.3950,4,4.5,7.8,0.4,1.7,4
2002/12/19 21:19:00,40.8850,143.1280,14,4.7,12.0,0.4,2.1,41
2002/12/18 00:48:00,40.1120,142.4550,35,4.6,11.6,0.4,1.9,46
2002/12/14 05:15:00,36.7350,141.3750,47,4.5,10.0,0.3,1.7,47
2002/12/14 04:38:00,36.7350,141.3720,47,4.5,11.9,0.4,1.8,43
2002/12/10 20:25:00,42.3300,144.6750,35,4.7,7.6,0.5,1.7,28
2002/12/09 03:34:00,37.6230,141.6600,78,4.6,43.5,0.8,2.6,77
2002/12/07 08:50:00,28.3970,130.2680,32,4.7,13.0,1.0,2.5,2
2002/12/05 02:17:00,37.0730,141.1980,50,4.5,38.4,0.6,2.1,40
2002/12/05 00:53:00,38.7150,142.2650,37,4.9,278.5,9.4,4.5,115
2002/12/05 00:50:00,38.7070,142.3200,40,5.2,168.2,4.9,4.1,147
2002/12/04 19:48:00,24.8380,123.7230,85,4.7,10.4,0.6,1.7,1
2002/12/04 14:17:00,41.7370,143.5170,32,4.7,18.8,0.8,2.3,32
2002/12/02 08:02:00,38.6630,141.8830,54,4.6,88.8,1.2,2.4,54
2002/12/01 18:57:00,42.6600,143.9680,103,5.4,121.9,4.7,4.0,265
2002/11/30 16:15:00,42.5230,145.0150,46,5.2,23.4,1.3,2.7,77
2002/11/24 14:07:00,29.2450,130.5670,74,4.6,2.6,0.2,1.3,1
2002/11/17 13:55:00,47.1250,146.8320,496,7.0,44.9,2.8,3.5,306
2002/11/17 13:48:00,36.2980,136.6750,8,4.5,548.0,9.8,4.6,81
2002/11/04 13:36:00,32.4080,131.8720,35,5.7,268.2,12.7,4.9,289
2002/11/04 04:14:00,38.8330,142.1350,44,4.7,58.4,0.9,2.6,70
2002/11/03 12:39:00,38.9070,142.1200,43,4.9,6.0,0.3,0.8,3
2002/11/03 12:37:00,38.8930,142.1420,46,6.1,417.6,15.3,4.8,383
2002/10/26 19:43:00,37.0630,141.2080,51,4.8,44.3,1.4,2.6,91
2002/10/25 23:40:00,30.5000,130.1980,115,5.1,35.4,0.6,2.2,40
2002/10/25 05:00:00,39.8150,139.9620,20,4.5,231.5,5.1,3.4,84
2002/10/21 01:06:00,36.3650,141.1270,50,5.2,61.1,2.0,3.4,202
2002/10/16 13:04:00,35.8320,140.9050,34,4.8,31.1,1.7,2.7,48
2002/10/14 23:13:00,41.1480,142.2800,53,5.9,120.5,8.8,4.3,335
2002/10/13 19:06:00,33.3450,132.3580,43,4.7,95.6,2.8,3.6,191
2002/10/12 19:59:00,37.7600,142.7700,29,5.6,19.8,1.1,2.6,168
2002/10/11 10:04:00,37.7230,142.8020,27,5.2,10.4,0.7,2.3,100
2002/10/02 16:33:00,44.3750,146.7470,119,5.1,15.4,0.6,2.1,35
2002/09/25 14:45:00,33.6080,131.9480,71,4.5,28.0,0.5,2.0,92
2002/09/16 10:10:00,35.3670,133.7420,10,5.3,311.2,17.0,4.9,230
2002/08/30 14:58:00,44.5170,148.9420,30,5.4,9.5,0.4,1.7,42
2002/08/29 18:04:00,41.9270,142.3230,67,4.6,37.2,1.2,2.8,92
2002/08/25 03:41:00,43.0870,146.1230,44,5.8,233.3,7.6,4.0,157
2002/08/23 11:19:00,40.1430,142.4080,36,4.7,26.4,0.5,2.0,59
2002/08/18 09:01:00,36.1250,136.1800,11,4.5,88.7,2.9,3.4,90
2002/08/12 06:55:00,41.0830,142.6380,26,5.0,26.9,0.9,2.7,108
2002/08/05 06:07:00,43.0670,145.1000,61,4.5,60.0,1.3,2.8,43
2002/08/03 11:23:00,43.5030,147.5220,28,5.1,28.7,1.1,2.6,46
2002/08/03 08:11:00,29.3350,139.5880,449,6.2,7.9,0.4,1.9,79
2002/07/28 20:31:00,42.3180,143.0700,51,4.8,99.5,2.3,3.3,139
2002/07/27 17:59:00,36.4530,140.6200,58,4.5,89.7,2.0,3.3,80
2002/07/25 21:31:00,43.5520,147.4600,12,5.6,22.3,0.9,2.7,86
2002/07/24 05:05:00,37.2280,142.3180,30,5.7,49.7,2.4,3.4,273
2002/07/16 20:57:00,30.7730,132.4980,61,5.1,11.9,0.7,2.3,50
2002/07/15 17:24:00,28.0830,129.6280,54,5.1,63.6,5.4,4.1,5
2002/07/13 21:45:00,35.9950,140.1270,65,4.8,114.6,3.3,3.8,184
2002/07/10 23:48:00,41.6830,142.2620,56,4.8,23.9,0.8,2.4,120
2002/07/09 22:53:00,36.3230,141.9750,60,4.8,6.4,0.3,1.5,46
2002/06/29 02:19:00,43.5020,131.3950,589,7.2,12.5,1.1,2.5,313
2002/06/21 23:15:00,40.1420,142.4720,35,4.8,41.7,1.0,2.8,66
2002/06/20 08:34:00,35.7400,140.7050,47,4.5,19.0,1.0,2.3,29
2002/06/19 18:16:00,36.1880,141.8070,58,5.0,15.5,0.5,2.0,67
2002/06/18 16:58:00,31.3320,131.7100,22,4.5,15.0,0.7,2.3,36
2002/06/16 04:39:00,36.6230,141.2000,45,4.6,37.4,0.7,2.4,76
2002/06/14 11:42:00,36.2120,139.9800,57,4.9,592.6,16.0,5.0,213
2002/06/12 21:59:00,43.8770,146.0770,102,4.5,14.7,0.7,2.1,21
2002/06/05 02:21:00,24.8400,125.4070,50,4.7,58.0,2.2,2.9,3
2002/05/30 14:08:00,41.4980,142.0500,62,4.6,29.5,1.3,3.0,127
2002/05/29 01:45:00,23.9570,122.2780,30,5.9,2.8,0.3,1.3,2
2002/05/22 05:04:00,44.2750,146.7450,146,5.8,33.7,1.9,3.0,114
2002/05/19 05:00:00,35.6420,140.2130,72,4.6,29.4,1.7,2.8,133
2002/05/15 12:46:00,24.6430,121.7980,47,6.8,5.4,0.7,1.9,2
2002/05/12 10:29:00,39.1480,141.1570,96,5.1,128.7,3.0,3.5,200
2002/05/06 17:12:00,38.4620,142.1530,40,5.0,125.6,2.9,3.7,145
2002/05/04 20:35:00,35.4600,140.4080,32,4.6,49.4,3.7,3.3,73
2002/04/28 22:23:00,24.1200,122.8230,16,5.6,5.5,0.6,1.8,2
2002/04/21 09:10:00,38.3320,141.6430,60,4.5,21.0,0.4,1.9,42
2002/04/21 06:30:00,41.5650,142.0950,65,4.7,41.7,1.8,3.2,123
2002/04/15 15:10:00,37.4170,141.7300,39,4.5,14.7,0.5,1.8,20
2002/04/11 21:04:00,40.0450,142.6930,31,4.7,12.8,0.9,2.3,73
2002/04/06 01:57:00,33.4250,132.5320,42,4.5,86.7,2.1,3.3,110
2002/04/04 08:42:00,41.4700,142.0120,59,5.3,79.0,2.8,3.4,217
2002/03/31 15:53:00,24.2280,121.9700,55,7.2,9.1,1.4,2.4,3
2002/03/25 22:58:00,33.8200,132.6170,46,4.7,140.0,3.5,3.7,185
2002/03/17 01:22:00,42.4870,143.5130,73,4.6,57.4,2.6,3.2,106
2002/03/09 12:57:00,37.1030,141.1280,51,4.5,23.4,0.7,2.2,43
2002/03/07 04:19:00,40.5680,142.4970,73,4.7,33.2,0.9,2.5,82
2002/03/06 07:12:00,35.2800,133.3330,15,4.5,324.4,5.8,3.7,112
2002/03/02 20:39:00,40.3450,142.1620,56,4.8,46.5,1.4,3.1,71
2002/02/25 22:14:00,36.3600,140.7320,85,4.7,144.3,3.4,3.5,117
2002/02/14 10:12:00,41.4630,142.0650,64,5.0,39.5,1.7,3.1,188
2002/02/13 18:54:00,38.7620,141.1430,9,4.5,169.3,2.8,3.0,47
2002/02/12 22:44:00,36.5850,141.0850,48,5.5,305.0,13.5,4.6,302
2002/02/11 10:10:00,35.7820,141.0920,35,5.0,31.2,1.9,3.1,101
2002/01/29 08:45:00,37.7630,141.8250,39,4.8,31.7,0.5,2.0,87
2002/01/29 08:42:00,37.7570,141.8370,39,4.6,31.0,0.4,2.0,54
2002/01/27 16:09:00,39.3150,142.4150,46,5.3,254.4,5.6,4.0,188
2002/01/24 16:08:00,35.3600,133.3230,9,4.5,122.1,3.5,3.5,100
2002/01/21 08:55:00,42.5320,144.7800,47,4.7,23.2,1.4,2.6,38
2002/01/19 18:06:00,43.7120,147.3620,32,5.6,34.7,1.2,2.9,66
2002/01/16 22:33:00,23.9330,125.3000,77,5.6,7.2,0.4,1.6,4
2002/01/12 09:18:00,25.8000,125.2000,0,5.5,4.0,0.3,1.2,2
2002/01/10 00:41:00,34.2300,139.7280,117,4.8,26.9,1.6,3.0,84
2001/12/28 09:41:00,24.0370,122.7630,28,5.6,7.5,0.7,1.9,2
2001/12/23 01:41:00,38.0750,140.9730,96,4.5,95.1,2.0,3.2,134
2001/12/20 09:32:00,28.2880,129.4970,35,4.5,76.0,1.4,2.5,4
2001/12/18 13:02:00,23.8880,122.8120,12,7.3,72.3,5.2,3.7,3
2001/12/14 21:00:00,39.3570,142.3350,17,4.5,22.7,0.7,2.1,42
2001/12/11 18:40:00,42.6270,144.7400,69,4.6,58.7,2.1,3.1,56
2001/12/09 13:06:00,34.3600,139.1570,7,4.5,138.6,4.0,3.6,19
2001/12/09 05:29:00,28.2450,129.4900,36,5.8,190.0,13.2,4.5,9
2001/12/08 07:07:00,37.1500,139.9580,5,4.5,139.0,3.5,3.7,57
2001/12/08 04:07:00,35.5370,139.1480,24,4.5,108.5,2.9,3.6,98
2001/12/02 22:02:00,39.3950,141.2670,122,6.4,391.6,16.3,4.9,565
2001/11/25 05:22:00,37.1750,141.4150,46,4.8,53.7,1.2,2.6,62
2001/11/25 01:29:00,33.1630,141.2000,72,4.6,8.0,0.2,1.2,1
2001/11/24 11:56:00,25.1830,125.2580,70,5.1,34.9,1.6,2.5,5
2001/11/21 19:25:00,42.0080,142.5930,60,4.5,24.7,0.8,2.4,101
2001/11/13 16:45:00,39.3330,142.0720,48,4.7,204.0,5.9,4.3,110
2001/11/12 03:13:00,33.3650,137.5550,382,5.7,11.5,0.7,2.1,52
2001/10/31 06:04:00,28.5200,128.3270,122,5.2,18.4,1.6,2.8,12
2001/10/17 00:49:00,43.0570,139.1950,32,4.5,22.2,0.9,2.5,27
2001/10/04 02:26:00,46.2800,149.1320,324,6.0,38.1,1.4,3.2,79
2001/10/02 21:14:00,33.4200,135.3350,25,4.6,34.4,1.6,2.8,44
2001/10/02 17:20:00,37.7250,141.8170,41,5.4,110.2,4.1,3.8,234
2001/09/25 04:57:00,36.3050,140.1000,71,4.5,45.3,1.4,3.0,109
2001/09/17 11:21:00,31.7330,132.0200,28,4.7,16.3,0.7,2.3,60
2001/09/09 04:45:00,24.5650,124.7650,59,4.6,3.9,0.1,0.7,1
2001/09/06 10:40:00,37.4900,141.5030,52,4.5,71.4,1.5,2.5,71
2001/09/04 23:54:00,36.7500,141.5020,45,5.2,54.2,2.4,3.2,204
2001/09/03 00:03:00,36.3870,141.1430,45,4.6,22.4,0.6,2.2,70
2001/08/30 05:52:00,31.4800,131.8750,28,4.6,22.1,1.2,2.8,46
2001/08/26 03:13:00,44.6380,141.7680,247,4.8,3.4,0.1,0.8,6
2001/08/25 22:21:00,35.1470,135.6600,10,5.1,195.8,5.0,3.8,241
2001/08/24 18:48:00,41.0270,142.3700,43,5.2,53.4,3.7,3.8,167
2001/08/20 13:12:00,25.8430,126.2120,45,5.7,17.7,0.6,2.2,6
2001/08/18 07:26:00,25.8880,126.2100,43,6.3,37.7,1.3,2.9,6
2001/08/16 05:32:00,42.2050,142.4700,65,4.5,24.2,0.9,2.6,63
2001/08/14 05:11:00,41.0050,142.4230,43,6.2,91.2,5.0,4.0,414
2001/08/04 20:43:00,37.3330,141.8270,44,4.9,73.1,2.0,3.4,92
2001/07/31 13:59:00,36.0780,141.6270,49,4.9,15.1,0.5,2.1,77
2001/07/24 09:26:00,37.8020,141.9280,55,4.8,65.9,1.2,2.8,67
2001/07/20 06:02:00,36.1670,139.8250,56,4.8,315.4,10.2,4.3,204
2001/07/06 03:57:00,36.6300,140.9370,53,4.5,131.3,3.0,3.3,62
2001/07/05 22:12:00,42.9450,145.2400,61,4.9,51.9,2.6,3.2,78
2001/06/26 18:46:00,43.5200,146.9870,59,5.0,23.1,0.8,2.6,44
2001/06/17 02:31:00,25.2630,123.8020,139,5.0,3.0,0.1,0.6,1
2001/06/13 09:59:00,31.3080,129.0050,14,4.6,8.0,0.4,1.8,18
2001/06/13 02:52:00,36.8330,135.5750,22,4.5,18.9,0.5,1.8,48
2001/06/03 01:19:00,34.2570,139.1350,6,4.6,34.7,1.9,3.1,3
2001/06/01 00:41:00,34.9720,138.1200,32,4.8,144.3,3.5,3.5,150
2001/05/31 08:59:00,36.1830,139.8130,55,4.5,163.9,2.9,3.6,159
2001/05/25 15:55:00,35.7480,140.6930,50,4.8,33.8,2.0,2.7,53
2001/05/25 09:41:00,44.3180,148.7070,30,6.6,24.4,3.4,3.4,97
2001/05/25 08:39:00,40.5900,142.5150,30,4.6,16.1,0.4,2.1,32
2001/05/12 12:32:00,30.4330,131.0170,35,4.5,4.9,0.2,1.5,7
2001/05/08 06:27:00,42.3150,143.1280,55,4.6,64.1,1.6,3.1,79
2001/05/07 23:33:00,27.3630,128.3670,47,4.8,107.4,2.2,3.2,7
2001/04/30 11:02:00,43.7620,147.3550,19,5.2,27.7,0.7,2.6,60
2001/04/27 02:49:00,43.0200,145.8800,83,5.9,222.1,12.0,4.7,278
2001/04/25 23:40:00,32.7850,132.3530,42,5.6,259.2,11.8,4.6,267
2001/04/20 19:05:00,42.7250,145.3870,44,4.6,36.2,1.0,2.6,33
2001/04/17 09:40:00,35.6150,141.1230,40,4.8,131.3,5.4,3.6,51
2001/04/14 08:16:00,42.7250,145.3430,48,5.4,46.5,1.8,3.0,91
2001/04/12 16:02:00,37.2550,141.7170,44,5.0,84.9,1.5,3.0,151
2001/04/10 10:04:00,35.2980,140.3670,98,4.5,34.9,2.2,3.2,112
2001/04/03 23:57:00,34.9950,138.1080,33,5.1,240.9,12.0,4.4,218
2001/04/03 04:54:00,40.6030,141.9000,62,5.4,157.7,6.5,4.2,254
2001/03/31 06:09:00,36.8120,139.3900,8,4.9,305.8,16.4,4.9,99
2001/03/26 05:41:00,34.1080,132.7200,49,5.0,177.4,7.6,4.2,190
2001/03/24 15:28:00,34.1200,132.7080,51,6.4,852.6,33.8,5.7,560
2001/03/23 20:30:00,43.8330,147.9600,8,5.8,19.8,0.8,2.4,82
2001/03/06 14:32:00,36.6280,140.9800,52,4.6,217.5,4.7,4.1,136
2001/03/05 20:08:00,28.5870,129.0750,77,4.9,54.2,2.0,3.3,4
2001/02/27 08:29:00,24.4250,125.2180,50,4.7,9.3,0.4,1.4,1
2001/02/26 15:08:00,37.1630,142.2580,39,5.4,18.0,0.9,2.4,118
2001/02/26 14:58:00,46.4280,144.7630,415,6.2,21.7,0.8,2.4,133
2001/02/25 06:54:00,37.1930,142.2570,24,5.8,66.1,2.5,3.5,249
2001/02/23 07:23:00,34.7430,137.5630,40,4.9,119.4,3.8,3.6,179
2001/02/08 19:01:00,24.3100,125.2280,44,4.9,16.0,1.0,2.2,1
2001/02/08 14:41:00,24.2350,125.3120,45,5.8,38.0,1.6,2.8,5
2001/01/20 07:24:00,35.4930,134.4900,11,4.5,45.8,1.5,3.1,75
2001/01/20 05:20:00,35.5020,134.4800,12,4.7,81.5,2.4,3.2,91
2001/01/12 08:00:00,35.4630,134.4920,10,5.4,129.5,5.7,4.1,273
2001/01/09 13:37:00,33.5850,132.3680,50,4.6,60.7,1.7,3.1,152
2001/01/06 11:48:00,35.3750,137.0980,48,4.6,132.4,3.3,3.5,171
2001/01/04 13:18:00,36.9580,138.7620,14,5.1,422.9,25.3,5.0,215
2001/01/03 23:47:00,43.6030,147.7250,48,5.6,32.7,1.0,2.9,119
2000/12/22 19:13:00,44.4780,147.3750,141,6.5,96.3,6.1,4.0,247
2000/12/05 01:47:00,35.8420,141.1600,37,5.3,41.1,2.7,3.3,122
2000/12/04 10:22:00,27.3680,128.3680,49,4.6,39.9,0.9,2.5,5
2000/11/16 18:31:00,37.4800,141.6050,51,5.0,124.2,6.2,3.6,164
2000/11/15 23:19:00,42.7400,144.5500,57,4.5,68.0,2.1,3.1,52
2000/11/14 12:53:00,42.4800,144.9200,46,5.2,45.9,3.2,3.5,85
2000/11/14 00:57:00,42.4470,144.9300,45,5.9,50.6,4.8,3.7,144
2000/11/03 16:33:00,35.3570,133.2930,10,4.5,95.6,3.9,3.6,77
2000/10/31 04:20:00,34.3950,139.2100,12,4.7,163.3,5.4,4.0,23
2000/10/31 01:43:00,34.2830,136.3450,44,5.5,544.4,14.6,4.9,299
2000/10/18 12:58:00,36.9200,139.7000,9,4.5,398.3,16.5,5.0,114
2000/10/18 12:04:00,30.9270,131.5350,53,4.5,7.7,0.4,1.7,18
2000/10/14 20:19:00,34.1100,140.5220,87,4.9,54.4,2.4,3.3,81
2000/10/08 20:51:00,35.3680,133.3120,9,5.0,128.5,13.4,4.5,102
2000/10/08 13:17:00,35.1370,133.1520,8,5.5,427.3,14.6,4.8,150
2000/10/07 08:19:00,42.3000,143.0000,60,4.6,23.4,0.7,2.5,32
2000/10/07 04:59:00,35.3000,133.4000,10,4.9,262.5,9.4,4.3,55
2000/10/06 13:30:00,35.2750,133.3480,11,7.3,1142.4,146.4,6.6,523
2000/10/03 13:13:00,40.1530,143.3980,0,5.9,25.3,2.4,3.3,189
2000/10/02 16:44:00,29.4070,129.4600,30,5.7,8.0,0.5,1.9,2
2000/10/02 16:29:00,29.3850,129.4000,30,5.2,9.3,0.7,2.2,2
2000/10/02 14:21:00,29.3980,129.4080,31,4.6,11.6,0.9,2.5,2
2000/09/29 08:56:00,35.5220,139.7350,86,4.5,37.1,2.1,3.0,87
2000/09/14 02:23:00,40.1700,143.4670,5,4.9,4.7,0.3,1.6,36
2000/09/11 07:49:00,34.5130,139.2230,9,5.3,72.4,6.5,3.9,46
2000/09/03 20:01:00,42.9880,146.7620,52,5.2,29.8,1.2,2.8,69
2000/08/29 11:00:00,34.3770,139.2280,9,4.9,274.9,14.0,4.7,11
2000/08/28 17:20:00,37.7770,142.7770,41,4.8,35.6,1.3,2.6,100
2000/08/27 09:45:00,33.8970,139.3920,16,4.6,3.4,0.1,0.8,1
2000/08/27 00:30:00,42.1730,142.5470,32,4.7,58.1,2.6,3.5,94
2000/08/25 22:17:00,42.7580,144.8720,75,4.5,33.3,1.0,2.6,54
2000/08/23 23:57:00,34.0850,139.3720,19,4.8,56.1,3.2,3.1,9
2000/08/20 16:24:00,34.0880,139.3720,20,4.8,60.7,3.4,3.4,19
2000/08/20 02:26:00,43.6130,147.1250,62,5.7,62.7,3.4,3.6,116
2000/08/19 21:41:00,36.2750,141.4870,41,5.4,19.8,1.3,2.5,106
2000/08/18 22:47:00,36.2680,141.5250,43,4.6,13.7,0.4,2.0,47
2000/08/18 12:49:00,34.2920,139.1730,7,4.9,98.0,7.4,3.9,1
2000/08/18 11:08:00,34.1730,139.3180,15,4.5,29.0,1.8,2.9,3
2000/08/18 10:52:00,34.2070,139.2570,11,6.0,100.0,7.5,4.1,25
2000/08/16 11:00:00,34.1700,139.3400,11,4.5,22.1,0.9,2.4,4
2000/08/16 07:00:00,34.1500,139.3100,16,4.5,19.1,1.1,2.5,1
2000/08/16 05:21:00,42.9770,146.8100,60,5.7,88.2,5.3,3.9,128
2000/08/16 04:32:00,34.0620,139.3280,22,4.5,18.8,0.8,2.1,2
2000/08/16 04:03:00,34.1200,139.3480,17,4.6,28.6,1.6,2.6,6
2000/08/16 03:32:00,34.1270,139.3480,16,4.7,30.6,2.8,2.8,5
2000/08/16 03:19:00,34.1270,139.2920,18,4.6,18.9,0.9,2.6,2
2000/08/16 02:37:00,34.1750,139.2730,14,4.9,90.5,4.7,3.9,10
2000/08/16 02:22:00,34.1530,139.3080,17,4.8,34.0,1.7,3.1,9
2000/08/16 00:55:00,34.1750,139.2980,13,4.7,33.4,2.5,3.0,7
2000/08/16 00:03:00,34.1650,139.3720,13,4.6,33.5,1.7,2.9,6
2000/08/15 03:39:00,34.1970,139.2630,13,4.5,52.9,2.5,3.1,4
2000/08/07 14:23:00,29.0420,131.0900,89,5.2,30.3,0.7,2.2,35
2000/08/06 16:28:00,28.8580,140.0680,430,7.3,22.6,1.9,2.9,229
2000/08/04 16:18:00,34.2400,139.2370,12,4.5,92.6,3.8,3.6,3
2000/08/04 07:35:00,34.2330,139.2620,13,4.7,30.6,1.0,2.5,1
2000/08/04 04:23:00,34.2530,139.1570,9,4.5,64.2,3.6,3.4,2
2000/08/04 00:42:00,34.2330,139.2250,11,4.5,37.4,0.9,2.7,3
2000/08/03 23:26:00,34.2330,139.2320,13,4.5,36.7,1.6,3.0,5
2000/08/03 22:18:00,34.2430,139.2380,12,6.2,129.1,8.5,4.3,10
2000/08/03 21:22:00,34.1000,139.3330,20,4.7,25.3,1.3,2.7,5
2000/08/03 21:13:00,34.2300,139.2620,10,5.3,93.5,5.3,3.7,7
2000/08/03 20:27:00,34.1800,139.3200,15,4.9,35.4,2.4,3.2,5
2000/08/03 18:04:00,34.2000,139.2670,13,4.7,8.3,0.3,1.6,4
2000/08/03 17:33:00,34.2080,139.2330,12,4.5,3.4,0.1,0.3,1
2000/08/03 17:24:00,34.2070,139.2580,15,4.8,7.5,0.3,1.6,4
2000/08/03 17:00:00,34.2200,139.2570,13,4.5,5.3,0.2,1.4,2
2000/08/03 14:30:00,31.1150,131.4430,36,5.1,29.4,2.2,3.2,43
2000/08/03 06:42:00,34.2180,139.2820,16,5.1,86.4,7.1,4.0,14
2000/08/03 06:14:00,34.2130,139.2850,15,4.5,30.8,2.1,3.0,1
2000/08/02 19:44:00,34.1700,139.3320,17,4.7,32.9,2.4,3.1,5
2000/08/02 19:23:00,34.1730,139.3150,16,5.0,44.9,2.6,3.2,5
2000/07/30 22:16:00,34.1630,139.3520,16,4.7,28.5,1.6,3.0,7
2000/07/30 21:49:00,34.0050,139.3930,18,5.7,97.2,4.9,3.7,23
2000/07/30 21:25:00,33.9620,139.4000,18,6.4,209.9,26.8,4.9,162
2000/07/30 09:18:00,34.0100,139.3800,14,5.8,152.8,13.3,4.3,29
2000/07/30 00:16:00,34.1880,139.2570,12,4.7,43.1,1.7,2.9,9
2000/07/29 07:18:00,34.1620,139.3150,14,4.5,38.4,1.9,3.1,10
2000/07/28 22:32:00,34.1470,139.3050,15,4.8,50.4,2.9,3.4,12
2000/07/28 22:06:00,34.1620,139.0530,15,4.7,30.2,2.3,3.0,11
2000/07/28 13:39:00,34.2080,139.2100,15,4.6,47.7,2.1,3.1,9
2000/07/27 11:12:00,34.1630,139.3200,14,5.3,73.5,5.2,3.5,8
2000/07/27 10:49:00,34.1900,139.2920,12,5.6,195.6,21.7,5.0,21
2000/07/26 19:09:00,34.2100,139.2270,9,4.6,55.8,2.6,3.3,4
2000/07/26 03:36:00,34.1150,139.3530,18,5.0,72.1,5.8,3.5,14
2000/07/25 17:10:00,34.1630,139.3550,16,4.6,29.6,1.9,3.1,2
2000/07/25 16:12:00,34.1570,139.3430,17,4.8,36.6,1.7,3.0,6
2000/07/24 18:04:00,34.1170,139.3070,17,5.1,17.3,1.1,2.6,4
2000/07/24 17:44:00,34.3670,139.2000,6,4.7,247.4,13.9,4.5,11
2000/07/24 06:52:00,34.1980,139.2400,9,5.5,106.7,6.2,4.1,20
2000/07/24 06:36:00,34.1700,139.2780,14,4.6,33.9,2.1,2.9,2
2000/07/24 06:26:00,34.1380,139.3200,19,5.3,52.6,4.2,3.3,11
2000/07/24 04:00:00,34.1880,139.2770,15,4.7,52.3,4.1,3.4,5
2000/07/24 02:13:00,34.1520,139.2920,15,5.0,37.1,1.9,3.0,6
2000/07/23 12:58:00,34.1870,139.3170,13,4.6,13.5,0.6,1.9,2
2000/07/23 12:15:00,34.2670,139.2620,8,5.2,115.2,4.9,4.0,7
2000/07/21 16:56:00,34.2320,139.2180,14,4.5,43.4,1.7,2.9,3
2000/07/21 14:16:00,35.2230,141.3100,46,5.6,12.7,1.1,2.6,33
2000/07/21 03:39:00,36.5220,141.0970,49,6.0,322.4,17.0,4.9,356
2000/07/20 12:10:00,34.2080,139.2650,14,5.1,60.5,2.7,3.3,4
2000/07/20 11:19:00,34.2200,139.2520,5,4.9,11.1,0.4,1.8,2
2000/07/20 09:23:00,34.1950,139.2780,15,4.5,18.6,0.8,2.3,1
2000/07/20 06:18:00,34.1600,139.3080,14,5.2,48.6,4.3,3.2,10
2000/07/20 02:32:00,34.2970,139.1950,5,4.9,83.1,5.2,3.9,1
2000/07/19 21:01:00,34.2300,139.2000,6,4.5,14.0,0.6,2.2,1
2000/07/19 20:48:00,34.2300,139.2530,12,4.5,47.8,1.0,2.8,6
2000/07/18 21:22:00,34.1550,139.3320,16,4.7,29.7,1.0,2.7,7
2000/07/15 10:30:00,34.4230,139.2530,5,6.3,125.2,5.2,4.1,128
2000/07/14 19:19:00,34.1930,139.2670,10,5.3,99.8,4.7,3.8,11
2000/07/14 03:55:00,34.1880,139.2850,12,4.6,38.3,1.8,3.0,5
2000/07/13 04:25:00,34.1770,139.2580,7,5.3,110.8,8.2,4.2,8
2000/07/12 23:07:00,34.1330,139.2870,15,4.6,55.1,2.2,3.2,6
2000/07/12 12:19:00,34.1950,139.2920,17,5.1,52.4,3.6,3.4,14
2000/07/12 04:25:00,34.1970,139.2820,15,5.0,6.7,0.3,1.7,5
2000/07/12 03:23:00,34.2320,139.2330,14,4.9,5.7,0.3,1.3,4
2000/07/12 01:29:00,36.2100,140.9670,44,4.7,58.3,1.6,2.6,52
2000/07/11 22:10:00,34.2000,139.2700,13,4.7,37.5,2.4,3.0,7
2000/07/11 20:43:00,34.1930,139.2370,16,4.8,43.1,1.9,3.0,6
2000/07/11 20:20:00,34.2280,139.2430,16,4.5,29.9,1.1,2.7,3
2000/07/11 19:24:00,34.2180,139.2580,14,4.5,48.8,1.4,2.9,4
2000/07/11 18:44:00,34.2230,139.2570,13,4.6,48.9,3.1,3.4,5
2000/07/11 13:57:00,34.2080,139.3370,15,4.8,39.9,1.6,2.9,8
2000/07/11 01:38:00,34.1700,139.2770,18,4.5,28.6,1.4,2.8,9
2000/07/10 04:15:00,34.2070,139.3000,16,4.5,42.2,3.2,3.3,6
2000/07/09 05:38:00,34.2720,139.0970,3,4.5,19.3,1.4,2.6,4
2000/07/09 03:57:00,34.2220,139.2530,14,6.1,141.2,10.4,4.3,46
2000/07/09 01:52:00,34.2250,139.2630,16,4.7,31.6,1.5,2.7,6
2000/07/09 01:49:00,34.2130,139.2880,13,5.3,44.5,2.5,3.3,7
2000/07/09 00:40:00,34.2170,139.2520,15,4.6,52.7,1.7,3.1,6
2000/07/08 22:34:00,34.1900,139.2930,17,4.6,55.9,2.7,3.4,8
2000/07/08 15:47:00,34.2080,139.2550,16,4.5,33.8,2.3,3.1,3
2000/07/07 11:45:00,34.2150,139.2570,15,5.1,71.7,3.2,3.5,12
2000/07/07 04:15:00,34.2000,139.2830,15,4.6,14.2,0.5,2.0,5
2000/07/07 03:59:00,34.2120,139.2430,16,4.9,20.1,1.0,2.7,14
2000/07/07 03:31:00,34.2170,139.2650,15,4.9,17.2,1.1,2.4,5
2000/07/07 00:48:00,34.1970,139.2670,16,4.5,37.8,2.3,3.0,2
2000/07/06 23:59:00,34.2020,139.2400,17,5.2,67.2,2.3,3.3,6
2000/07/06 22:38:00,34.1980,139.2670,16,4.6,13.9,0.5,2.1,6
2000/07/06 22:20:00,34.2130,139.2470,16,4.5,38.6,1.9,3.0,4
2000/07/06 15:27:00,34.1730,139.3130,15,4.5,33.8,2.2,3.0,3
2000/07/06 13:09:00,36.4320,142.4020,72,5.0,35.1,0.9,2.7,58
2000/07/06 13:07:00,34.2030,139.2880,18,4.7,51.6,2.2,3.2,11
2000/07/05 12:42:00,34.1620,139.3220,17,4.7,26.4,1.8,3.0,8
2000/07/05 11:21:00,34.1380,139.3020,19,5.1,60.4,4.1,3.7,15
2000/07/05 06:51:00,34.1580,139.3350,17,4.7,25.7,1.3,2.5,7
2000/07/04 15:53:00,34.1100,139.3280,17,5.2,49.2,3.6,3.5,12
2000/07/03 22:24:00,31.1020,131.5900,36,4.9,21.9,1.3,2.8,45
2000/07/03 12:36:00,34.1220,139.3430,18,4.8,50.9,3.7,3.2,12
2000/07/03 12:15:00,34.1420,139.3130,18,4.7,25.2,1.1,2.6,4
2000/07/03 11:02:00,34.1320,139.3300,19,4.6,52.4,3.5,3.2,3
2000/07/03 09:53:00,34.1380,139.3350,19,4.6,21.5,1.1,2.5,4
2000/07/03 05:09:00,34.1180,139.3450,20,4.5,5.8,0.4,1.7,3
2000/07/03 05:03:00,34.1530,139.3270,18,5.5,112.7,6.9,4.3,46
2000/07/03 04:42:00,34.1800,139.2450,20,4.9,17.3,0.8,2.2,14
2000/07/02 08:28:00,34.1580,139.3470,18,4.8,28.8,1.6,2.8,6
2000/07/02 00:00:00,34.1700,139.3250,20,4.5,15.6,0.8,2.5,4
2000/07/01 16:02:00,34.2050,139.2220,15,6.4,233.1,17.4,4.9,78
2000/07/01 12:49:00,34.2070,139.2830,18,4.6,9.4,0.5,1.9,3
2000/07/01 05:34:00,37.3000,141.6900,46,5.1,44.3,1.5,2.7,66
2000/07/01 03:57:00,34.1970,139.2730,18,4.5,33.1,1.6,2.7,5
2000/07/01 02:41:00,34.2350,139.2820,16,4.8,52.1,1.5,2.9,9
2000/06/30 20:42:00,34.1870,139.2820,19,4.5,19.8,0.9,2.6,11
2000/06/30 01:28:00,34.1470,139.3400,19,4.5,34.5,1.6,2.6,9
2000/06/30 01:04:00,34.1520,139.3270,19,4.7,35.0,1.5,3.0,11
2000/06/29 23:26:00,34.1000,139.3000,10,4.5,19.6,0.5,1.9,8
2000/06/29 22:07:00,34.0920,139.3350,23,4.7,43.0,2.9,3.0,9
2000/06/29 18:53:00,34.1330,139.3330,21,4.8,42.9,3.5,3.1,17
2000/06/29 17:59:00,34.1170,139.3530,21,4.5,39.0,1.5,2.7,7
2000/06/29 15:30:00,34.1280,139.3500,20,5.6,73.8,3.7,3.4,34
2000/06/29 14:54:00,34.1250,139.3600,20,4.7,43.3,1.6,2.7,8
2000/06/29 13:53:00,34.1250,139.3570,17,5.1,42.1,3.5,3.2,12
2000/06/29 13:02:00,34.1430,139.3580,17,5.4,55.4,3.0,3.4,35
2000/06/29 12:34:00,34.2430,139.1900,11,5.0,72.1,2.9,3.5,5
2000/06/29 12:11:00,34.2470,139.1770,7,5.2,63.3,4.2,3.8,12
2000/06/29 11:56:00,34.2300,139.1950,12,5.0,4.5,0.4,1.6,5
2000/06/29 10:16:00,34.1130,139.3650,17,4.6,37.2,1.8,2.8,10
2000/06/29 01:21:00,34.1220,139.3370,12,4.6,23.7,1.1,2.7,15
2000/06/29 01:15:00,34.1120,139.3620,16,5.1,33.1,1.4,2.8,9
2000/06/28 18:25:00,34.1800,139.3620,14,5.0,74.9,3.5,3.6,11
2000/06/28 15:38:00,34.1000,139.4000,0,4.5,33.7,1.8,2.8,9
2000/06/28 12:40:00,34.0920,139.4030,17,4.5,88.3,4.0,3.5,8
2000/06/27 15:11:00,34.0830,139.4030,14,4.6,71.1,1.7,3.1,7
2000/06/27 14:25:00,34.0820,139.4100,15,4.5,47.6,2.1,2.9,11
2000/06/25 15:34:00,31.0230,131.6100,48,5.9,105.4,7.3,4.3,110
2000/06/22 20:36:00,36.8450,135.5200,13,4.6,18.2,0.4,1.8,42
2000/06/15 20:11:00,29.3320,132.1100,89,5.8,25.7,0.6,2.3,88
2000/06/13 01:54:00,42.8780,144.7200,59,4.6,67.0,4.1,3.8,39
2000/06/10 08:32:00,30.4320,138.2350,528,6.5,8.5,0.5,2.0,89
2000/06/08 09:32:00,32.6950,130.7550,10,4.8,267.5,10.6,4.7,164
2000/06/07 06:16:00,36.8370,135.5500,22,6.1,213.0,7.3,4.3,268
2000/06/06 23:57:00,29.3670,131.5370,88,6.1,64.2,1.3,3.0,173
2000/06/05 09:54:00,35.7180,136.1120,10,4.7,145.7,4.0,3.4,144
2000/06/04 20:40:00,37.8820,141.7770,61,4.6,89.3,1.8,3.1,53
2000/06/03 17:54:00,35.6770,140.7180,48,6.0,149.1,10.0,4.4,162
2000/05/24 19:23:00,41.3170,142.6780,49,4.5,13.6,0.4,2.0,18
2000/05/16 19:40:00,36.4420,140.7120,51,4.6,184.3,5.4,4.0,95
2000/04/21 20:07:00,35.7320,135.7400,350,5.7,11.4,0.2,1.5,97
2000/04/15 02:41:00,33.6220,135.3870,46,4.8,126.9,3.7,3.6,139
2000/04/13 06:51:00,40.1270,142.4470,37,4.8,29.7,0.8,2.4,26
2000/04/10 06:30:00,36.2000,140.1000,55,4.6,217.6,6.9,4.2,132
2000/04/02 21:25:00,32.5100,131.1430,146,4.5,90.4,1.5,3.2,217
2000/04/01 03:12:00,42.5050,140.8280,8,4.6,328.1,13.5,4.6,31
2000/03/20 06:26:00,37.9870,141.5050,78,5.0,200.1,5.4,4.0,117
2000/02/25 15:13:00,25.2650,123.9550,126,5.2,22.7,0.6,2.1,5
2000/02/20 22:58:00,42.5800,144.1070,56,4.5,29.7,1.1,2.0,18
2000/02/19 22:33:00,42.3200,143.0530,55,4.6,63.0,1.5,3.1,24
2000/02/11 22:29:00,37.2870,141.6870,45,4.5,34.2,0.8,2.4,33
2000/02/11 16:08:00,39.0220,140.9120,13,5.0,65.4,1.9,3.1,52
2000/01/29 01:39:00,26.1220,124.5580,160,5.9,16.7,0.6,1.8,6
2000/01/28 23:21:00,42.9800,146.7150,56,6.8,415.7,18.6,5.1,160
2000/01/28 20:28:00,36.6000,141.0000,40,4.8,76.8,2.4,3.4,48
2000/01/25 18:02:00,43.4550,145.8300,71,4.7,51.6,1.2,2.7,23
2000/01/24 21:50:00,37.1280,141.5670,46,4.5,36.9,1.0,2.3,43
2000/01/23 16:40:00,30.2620,131.0230,22,5.2,97.7,5.9,3.8,21
2000/01/15 16:29:00,37.8180,142.6220,34,4.6,7.6,0.3,1.6,9
2000/01/09 13:02:00,37.2730,141.7030,46,5.0,47.1,1.2,2.9,83
